[Licensing::Module] Trying to connect to existing licensing client channel...
Built from '6000.3/staging' branch; Version is '6000.3.9f1 (7a9955a4f2fa) revision 8034645'; Using compiler version '194234433'; Build Type 'Release'
OS: 'Windows 11  (10.0.26200) Core' Language: 'en' Physical Memory: 15743 MB
BatchMode: 1, IsHumanControllingUs: 0, StartBugReporterOnCrash: 0, Is64bit: 1
System  architecture: x64
[Licensing::IpcConnector] Successfully connected to: "LicenseClient-Mehran" at "2026-09-09T13:59:52.0614164Z"
Process architecture: x64
Date: 2026-09-09T13:59:52Z
[Licensing::Client] Code 10 while verifying Licensing Client signature (process Id: 11380, path: "C:/Program Files/Unity Hub/UnityLicensingClient_V1/Unity.Licensing.Client.exe")
[Licensing::Module] LicensingClient has failed validation; ignoring
[Licensing::Client] Handshaking with LicensingClient:
  Version:                 1.18.3+d7ffd15
  Session Id:              5ec99ad400a84ef49fb4d4d08299bd92
  Correlation Id:          43817759048f46e5ba48ca5501f664c0
  External correlation Id: 1255170125207883920
  Machine Id:              DK+L0caBMZTr5YsxNxL4HGi2ATY=
[Licensing::Module] Successfully connected to LicensingClient on channel: "LicenseClient-Mehran" (connect: 0.00s, validation: 0.00s, handshake: 0.06s)
[Licensing::IpcConnector] Successfully connected to: "LicenseClient-Mehran-notifications" at "2026-09-09T13:59:52.1270955Z"
[Licensing::Module] Licensing Background thread has ended after 0.07s

COMMAND LINE ARGUMENTS:
C:\Program Files\Unity\Hub\Editor\6000.3.9f1\Editor\Unity.exe
-adb2
-batchMode
-noUpm
-name
AssetImportWorker0
-projectPath
C:/Users/Mehran/unitygames/SMRITICARE APP/SmritiCare_App
-logFile
Logs/AssetImportWorker0.log
-srvPort
55967
-licensingIpc
LicenseClient-Mehran
-job-worker-count
5
-background-job-worker-count
8
-gc-helper-count
1
-name
AssetImport
Successfully changed project path to: C:/Users/Mehran/unitygames/SMRITICARE APP/SmritiCare_App
C:/Users/Mehran/unitygames/SMRITICARE APP/SmritiCare_App
[UnityMemory] Configuration Parameters - Can be set up in boot.config
    "memorysetup-temp-allocator-size-nav-mesh-worker=65536"
    "memorysetup-temp-allocator-size-audio-worker=65536"
    "memorysetup-temp-allocator-size-gfx=262144"
    "memorysetup-allocator-temp-initial-block-size-main=262144"
    "memorysetup-allocator-temp-initial-block-size-worker=262144"
    "memorysetup-temp-allocator-size-background-worker=32768"
    "memorysetup-temp-allocator-size-job-worker=262144"
    "memorysetup-temp-allocator-size-preload-manager=33554432"
    "memorysetup-temp-allocator-size-gi-baking-worker=262144"
    "memorysetup-temp-allocator-size-gi-baking-worker=262144"
    "memorysetup-temp-allocator-size-gi-baking-worker=262144"
    "memorysetup-temp-allocator-size-gi-baking-worker=262144"
    "memorysetup-temp-allocator-size-gi-baking-worker=262144"
    "memorysetup-bucket-allocator-granularity=16"
    "memorysetup-bucket-allocator-bucket-count=8"
    "memorysetup-bucket-allocator-block-size=33554432"
    "memorysetup-bucket-allocator-block-count=8"
    "memorysetup-main-allocator-block-size=16777216"
    "memorysetup-thread-allocator-block-size=16777216"
    "memorysetup-gfx-main-allocator-block-size=16777216"
    "memorysetup-gfx-thread-allocator-block-size=16777216"
    "memorysetup-cache-allocator-block-size=4194304"
    "memorysetup-typetree-allocator-block-size=2097152"
    "memorysetup-profiler-bucket-allocator-granularity=16"
    "memorysetup-profiler-bucket-allocator-bucket-count=8"
    "memorysetup-profiler-bucket-allocator-block-size=33554432"
    "memorysetup-profiler-bucket-allocator-block-count=8"
    "memorysetup-profiler-allocator-block-size=16777216"
    "memorysetup-profiler-editor-allocator-block-size=1048576"
    "memorysetup-temp-allocator-size-main=16777216"
    "memorysetup-job-temp-allocator-block-size=2097152"
    "memorysetup-job-temp-allocator-block-size-background=1048576"
    "memorysetup-job-temp-allocator-reduction-small-platforms=262144"
    "memorysetup-temp-allocator-size-cloud-worker=32768"
Player connection [13520]  Target information:

Player connection [13520]  * "[IP] 192.168.1.2 [Port] 0 [Flags] 2 [Guid] 4194847235 [EditorId] 4194847235 [Version] 1048832 [Id] WindowsEditor(7,DESKTOP-FKC2D1R) [Debug] 1 [PackageName] WindowsEditor [ProjectName] Editor" 

Player connection [13520] Host joined multi-casting on [225.0.0.222:54997]...
Player connection [13520] Host joined alternative multi-casting on [225.0.0.222:34997]...
JobSystem: Creating JobQueue using job-worker-count value 5
Input System module state changed to: Initialized.
[Physics::Module] Initialized fallback backend.
[Physics::Module] Id: 0xdecafbad
Library Redirect Path: Library/
[Physics::Module] Selected backend.
[Physics::Module] Name: PhysX
[Physics::Module] Id: 0xf2b8ea05
[Physics::Module] SDK Version: 4.1.2
[Physics::Module] Integration Version: 1.0.0
[Physics::Module] Threading Mode: Multi-Threaded
Refreshing native plugins compatible for Editor in 6.31 ms, found 4 plugins.
Preloading 0 native plugins for Editor in 0.00 ms.
Initialize engine version: 6000.3.9f1 (7a9955a4f2fa)
[Subsystems] Discovering subsystems at path C:/Program Files/Unity/Hub/Editor/6000.3.9f1/Editor/Data/Resources/UnitySubsystems
[Subsystems] Discovering subsystems at path C:/Users/Mehran/unitygames/SMRITICARE APP/SmritiCare_App/Assets
GfxDevice: creating device client; kGfxThreadingModeNonThreaded
Direct3D:
    Version:  Direct3D 11.0 [level 11.1]
    Renderer: AMD Radeon(TM) Graphics (ID=0x1638)
    Vendor:   ATI
    VRAM:     7871 MB
    Driver:   31.0.21923.11000
Initialize mono
Mono path[0] = 'C:/Program Files/Unity/Hub/Editor/6000.3.9f1/Editor/Data/Managed'
Mono path[1] = 'C:/Program Files/Unity/Hub/Editor/6000.3.9f1/Editor/Data/MonoBleedingEdge/lib/mono/unityjit-win32'
Mono config path = 'C:/Program Files/Unity/Hub/Editor/6000.3.9f1/Editor/Data/MonoBleedingEdge/etc'
Using monoOptions --debugger-agent=transport=dt_socket,embedding=1,server=y,suspend=n,address=127.0.0.1:56288
Begin MonoManager ReloadAssembly
Registering precompiled unity dll's ...
Register platform support module: C:/Program Files/Unity/Hub/Editor/6000.3.9f1/Editor/Data/PlaybackEngines/WebGLSupport/UnityEditor.WebGL.Extensions.dll
Register platform support module: C:/Program Files/Unity/Hub/Editor/6000.3.9f1/Editor/Data/PlaybackEngines/WindowsStandaloneSupport/UnityEditor.WindowsStandalone.Extensions.dll
Registered in 0.002895 seconds.
- Loaded All Assemblies, in  0.546 seconds
Native extension for WindowsStandalone target not found
Native extension for WebGL target not found
ScheduleIndexationOnStartup MainProcess:False IndexOnStartup:True
Mono: successfully reloaded assembly
- Finished resetting the current domain, in  0.568 seconds
Domain Reload Profiling: 1111ms
	BeginReloadAssembly (205ms)
		ExecutionOrderSort (0ms)
		DisableScriptedObjects (0ms)
		BackupInstance (0ms)
		ReleaseScriptingObjects (0ms)
		CreateAndSetChildDomain (1ms)
	RebuildCommonClasses (42ms)
	RebuildNativeTypeToScriptingClass (12ms)
	initialDomainReloadingComplete (65ms)
	LoadAllAssembliesAndSetupDomain (219ms)
		LoadAssemblies (199ms)
		RebuildTransferFunctionScriptingTraits (0ms)
		AnalyzeDomain (212ms)
			TypeCache.Refresh (209ms)
				TypeCache.ScanAssembly (191ms)
			BuildScriptInfoCaches (0ms)
			ResolveRequiredComponents (1ms)
	FinalizeReload (569ms)
		ReleaseScriptCaches (0ms)
		RebuildScriptCaches (0ms)
		SetupLoadedEditorAssemblies (514ms)
			LogAssemblyErrors (0ms)
			InitializePlatformSupportModulesInManaged (73ms)
			SetLoadedEditorAssemblies (10ms)
			BeforeProcessingInitializeOnLoad (129ms)
			ProcessInitializeOnLoadAttributes (212ms)
			ProcessInitializeOnLoadMethodAttributes (90ms)
			AfterProcessingInitializeOnLoad (0ms)
			EditorAssembliesLoaded (0ms)
		ExecutionOrderSort2 (0ms)
		AwakeInstancesAfterBackupRestoration (0ms)
========================================================================
Worker process is ready to serve import requests
Import Worker Mode flag is 0x00
Begin MonoManager ReloadAssembly
[Licensing::Client] Successfully resolved entitlement details
[Licensing::Module] License group:
  Id: 13469805414795-UnityPersXXXX
  Product: Unity Personal
  Type: Assigned
  Expiration: Unlimited
- Loaded All Assemblies, in  1.236 seconds
Refreshing native plugins compatible for Editor in 1.94 ms, found 4 plugins.
Native extension for WindowsStandalone target not found
Native extension for WebGL target not found
Package Manager log level set to [2]
[Package Manager] Failed to launch server process. Reason: Unity was launched with the -noUpm command-line argument
[Package Manager] Unable to send message (not connected to server process).
[Package Manager] Cannot connect to Unity Package Manager local server
ScheduleIndexationOnStartup MainProcess:False IndexOnStartup:True
Mono: successfully reloaded assembly
- Finished resetting the current domain, in  1.170 seconds
Domain Reload Profiling: 2398ms
	BeginReloadAssembly (265ms)
		ExecutionOrderSort (0ms)
		DisableScriptedObjects (9ms)
		BackupInstance (0ms)
		ReleaseScriptingObjects (0ms)
		CreateAndSetChildDomain (46ms)
	RebuildCommonClasses (50ms)
	RebuildNativeTypeToScriptingClass (15ms)
	initialDomainReloadingComplete (57ms)
	LoadAllAssembliesAndSetupDomain (840ms)
		LoadAssemblies (625ms)
		RebuildTransferFunctionScriptingTraits (0ms)
		AnalyzeDomain (365ms)
			TypeCache.Refresh (259ms)
				TypeCache.ScanAssembly (233ms)
			BuildScriptInfoCaches (87ms)
			ResolveRequiredComponents (13ms)
	FinalizeReload (1171ms)
		ReleaseScriptCaches (0ms)
		RebuildScriptCaches (0ms)
		SetupLoadedEditorAssemblies (958ms)
			LogAssemblyErrors (0ms)
			InitializePlatformSupportModulesInManaged (3ms)
			SetLoadedEditorAssemblies (7ms)
			BeforeProcessingInitializeOnLoad (278ms)
			ProcessInitializeOnLoadAttributes (465ms)
			ProcessInitializeOnLoadMethodAttributes (191ms)
			AfterProcessingInitializeOnLoad (13ms)
			EditorAssembliesLoaded (1ms)
		ExecutionOrderSort2 (0ms)
		AwakeInstancesAfterBackupRestoration (11ms)
Launched and connected shader compiler UnityShaderCompiler.exe after 0.02 seconds
Refreshing native plugins compatible for Editor in 3.08 ms, found 4 plugins.
Preloading 0 native plugins for Editor in 0.00 ms.
Unloading 16 Unused Serialized files (Serialized files now loaded: 0)
Unloading 7004 unused Assets / (4.6 MB). Loaded Objects now: 7836.
Memory consumption went from 158.1 MB to 153.6 MB.
Total: 15.140500 ms (FindLiveObjects: 1.617500 ms CreateObjectMapping: 1.665800 ms MarkObjects: 8.051200 ms  DeleteObjects: 3.804200 ms)

========================================================================
Received Import Request.
  Time since last request: 16607.586566 seconds.
  path: Assets/Cartoon UI/Icons/Chocolate.png
  artifactKey: Guid(7b6d3c433893d5f42a834c96076573d4) Importer(2089858483,b0f066a214c2f5e87bad3c948f4d605d)
Start importing Assets/Cartoon UI/Icons/Chocolate.png using Guid(7b6d3c433893d5f42a834c96076573d4) Importer(2089858483,b0f066a214c2f5e87bad3c948f4d605d) (ScriptedImporter) -> (artifact id: 'cc5ae8a3a670c0d8383837a2eb394df6') in 0.1441812 seconds
Number of updated asset objects reloaded before import = 0Number of asset objects unloaded after import = 3

========================================================================
Received Import Request.
  Time since last request: 0.000019 seconds.
  path: Assets/Cartoon UI/Icons/Gem4 Orange.png
  artifactKey: Guid(fc0b22d1cbfe6224da55a00ce64759d4) Importer(2089858483,b0f066a214c2f5e87bad3c948f4d605d)
Start importing Assets/Cartoon UI/Icons/Gem4 Orange.png using Guid(fc0b22d1cbfe6224da55a00ce64759d4) Importer(2089858483,b0f066a214c2f5e87bad3c948f4d605d) (ScriptedImporter) -> (artifact id: '504d8043f17f4193be790d0dde0bfaf1') in 0.0151595 seconds
Number of updated asset objects reloaded before import = 0Number of asset objects unloaded after import = 3

========================================================================
Received Import Request.
  Time since last request: 0.000030 seconds.
  path: Assets/Cartoon UI/Icons/Gem5 Orange.png
  artifactKey: Guid(63aa37d9c8fd5284d830f115ad13ac63) Importer(2089858483,b0f066a214c2f5e87bad3c948f4d605d)
Start importing Assets/Cartoon UI/Icons/Gem5 Orange.png using Guid(63aa37d9c8fd5284d830f115ad13ac63) Importer(2089858483,b0f066a214c2f5e87bad3c948f4d605d) (ScriptedImporter) -> (artifact id: '42c7c5fb07b554a35016a625f978c371') in 0.015825 seconds
Number of updated asset objects reloaded before import = 0Number of asset objects unloaded after import = 3

========================================================================
Received Import Request.
  Time since last request: 0.000014 seconds.
  path: Assets/Cartoon UI/Icons/Dog.png
  artifactKey: Guid(1168b5953fb709f49af9ba3d96390b0d) Importer(2089858483,b0f066a214c2f5e87bad3c948f4d605d)
Start importing Assets/Cartoon UI/Icons/Dog.png using Guid(1168b5953fb709f49af9ba3d96390b0d) Importer(2089858483,b0f066a214c2f5e87bad3c948f4d605d) (ScriptedImporter) -> (artifact id: '2027590ce1b0e88f337dbd377e4a74b4') in 0.0217546 seconds
Number of updated asset objects reloaded before import = 0Number of asset objects unloaded after import = 3

========================================================================
Received Import Request.
  Time since last request: 0.000015 seconds.
  path: Assets/Cartoon UI/Icons/Apple.png
  artifactKey: Guid(ab49bbaa30282c44b83a75b908f742d1) Importer(2089858483,b0f066a214c2f5e87bad3c948f4d605d)
Start importing Assets/Cartoon UI/Icons/Apple.png using Guid(ab49bbaa30282c44b83a75b908f742d1) Importer(2089858483,b0f066a214c2f5e87bad3c948f4d605d) (ScriptedImporter) -> (artifact id: '417e07e8828823b655d235204fda1468') in 0.021598 seconds
Number of updated asset objects reloaded before import = 0Number of asset objects unloaded after import = 3

========================================================================
Received Import Request.
  Time since last request: 0.000018 seconds.
  path: Assets/Cartoon UI/Icons/Gem2 Red.png
  artifactKey: Guid(bd7fe93f609ce4648a5c8ea1d95cc99e) Importer(2089858483,b0f066a214c2f5e87bad3c948f4d605d)
Start importing Assets/Cartoon UI/Icons/Gem2 Red.png using Guid(bd7fe93f609ce4648a5c8ea1d95cc99e) Importer(2089858483,b0f066a214c2f5e87bad3c948f4d605d) (ScriptedImporter) -> (artifact id: '90c4853842313dd5d0bbcc1f76f16c42') in 0.0188607 seconds
Number of updated asset objects reloaded before import = 0Number of asset objects unloaded after import = 3

========================================================================
Received Import Request.
  Time since last request: 0.000026 seconds.
  path: Assets/Prefabs/Tile.prefab
  artifactKey: Guid(c488e8e2f6826774f97ba8bf05512e8b) Importer(2089858483,b0f066a214c2f5e87bad3c948f4d605d)
Start importing Assets/Prefabs/Tile.prefab using Guid(c488e8e2f6826774f97ba8bf05512e8b) Importer(2089858483,b0f066a214c2f5e87bad3c948f4d605d) (ScriptedImporter) -> (artifact id: '666f6cb2ed27e96243146ab1a4ca8022') in 0.0696311 seconds
Number of updated asset objects reloaded before import = 0Number of asset objects unloaded after import = 8

========================================================================
Received Import Request.
  Time since last request: 0.000027 seconds.
  path: Assets/Cartoon UI/Icons/Badge.png
  artifactKey: Guid(466dfc3f408bb7f48996df9ca2213897) Importer(2089858483,b0f066a214c2f5e87bad3c948f4d605d)
Start importing Assets/Cartoon UI/Icons/Badge.png using Guid(466dfc3f408bb7f48996df9ca2213897) Importer(2089858483,b0f066a214c2f5e87bad3c948f4d605d) (ScriptedImporter) -> (artifact id: '5ca67a1e37914d98d0ba1e406aa39d8e') in 0.0152367 seconds
Number of updated asset objects reloaded before import = 0Number of asset objects unloaded after import = 3

========================================================================
Received Import Request.
  Time since last request: 0.000021 seconds.
  path: Assets/Cartoon UI/Icons/Bottle.png
  artifactKey: Guid(af3ce18394be1b448a9e38602526eb80) Importer(2089858483,b0f066a214c2f5e87bad3c948f4d605d)
Start importing Assets/Cartoon UI/Icons/Bottle.png using Guid(af3ce18394be1b448a9e38602526eb80) Importer(2089858483,b0f066a214c2f5e87bad3c948f4d605d) (ScriptedImporter) -> (artifact id: '5bba196c05c85387bb80771b62f1b79d') in 0.0139668 seconds
Number of updated asset objects reloaded before import = 0Number of asset objects unloaded after import = 3

========================================================================
Received Import Request.
  Time since last request: 0.000025 seconds.
  path: Assets/Prefabs/DigitImage.prefab
  artifactKey: Guid(d88dcfe55c7f1fd438bf6017ab830692) Importer(2089858483,b0f066a214c2f5e87bad3c948f4d605d)
Start importing Assets/Prefabs/DigitImage.prefab using Guid(d88dcfe55c7f1fd438bf6017ab830692) Importer(2089858483,b0f066a214c2f5e87bad3c948f4d605d) (ScriptedImporter) -> (artifact id: '6daae6e2417c18f1e9b1eb320beed710') in 0.0213722 seconds
Number of updated asset objects reloaded before import = 0Number of asset objects unloaded after import = 6

========================================================================
Received Import Request.
  Time since last request: 0.000033 seconds.
  path: Assets/Cartoon UI/Icons/Berry.png
  artifactKey: Guid(09ee0477085c48b4c9aff9837c4c28bd) Importer(2089858483,b0f066a214c2f5e87bad3c948f4d605d)
Start importing Assets/Cartoon UI/Icons/Berry.png using Guid(09ee0477085c48b4c9aff9837c4c28bd) Importer(2089858483,b0f066a214c2f5e87bad3c948f4d605d) (ScriptedImporter) -> (artifact id: '629047513424d6f1c433b55722cdaba0') in 0.0179216 seconds
Number of updated asset objects reloaded before import = 0Number of asset objects unloaded after import = 3

========================================================================
Received Import Request.
  Time since last request: 0.000017 seconds.
  path: Assets/Cartoon UI/Icons/Axe.png
  artifactKey: Guid(62c9fafe55084e647ae3b85dbc15ed8b) Importer(2089858483,b0f066a214c2f5e87bad3c948f4d605d)
Start importing Assets/Cartoon UI/Icons/Axe.png using Guid(62c9fafe55084e647ae3b85dbc15ed8b) Importer(2089858483,b0f066a214c2f5e87bad3c948f4d605d) (ScriptedImporter) -> (artifact id: '5699ab0b22ab3758306b482eafb28296') in 0.0154379 seconds
Number of updated asset objects reloaded before import = 0Number of asset objects unloaded after import = 3

========================================================================
Received Import Request.
  Time since last request: 0.000055 seconds.
  path: Assets/Cartoon UI/Icons/Gem1 Green.png
  artifactKey: Guid(4e102a170b516214d9b837426d33db3a) Importer(2089858483,b0f066a214c2f5e87bad3c948f4d605d)
Start importing Assets/Cartoon UI/Icons/Gem1 Green.png using Guid(4e102a170b516214d9b837426d33db3a) Importer(2089858483,b0f066a214c2f5e87bad3c948f4d605d) (ScriptedImporter) -> (artifact id: 'ee0dc103232eb8ad52856374979a7f95') in 0.023567 seconds
Number of updated asset objects reloaded before import = 0Number of asset objects unloaded after import = 3

========================================================================
Received Import Request.
  Time since last request: 0.000030 seconds.
  path: Assets/Cartoon UI/Customizable/Custom ProgressBar 1.prefab
  artifactKey: Guid(3c4156a3e7331844b9fca7c521518e16) Importer(2089858483,b0f066a214c2f5e87bad3c948f4d605d)
Start importing Assets/Cartoon UI/Customizable/Custom ProgressBar 1.prefab using Guid(3c4156a3e7331844b9fca7c521518e16) Importer(2089858483,b0f066a214c2f5e87bad3c948f4d605d) (ScriptedImporter) -> (artifact id: 'eab7fb87738019376bed86fe509c0da5') in 0.0490703 seconds
Number of updated asset objects reloaded before import = 0Number of asset objects unloaded after import = 21

========================================================================
Received Import Request.
  Time since last request: 0.000030 seconds.
  path: Assets/Cartoon UI/Icons/Candy.png
  artifactKey: Guid(60e06d7a141a6e54a931276a01e52708) Importer(2089858483,b0f066a214c2f5e87bad3c948f4d605d)
Start importing Assets/Cartoon UI/Icons/Candy.png using Guid(60e06d7a141a6e54a931276a01e52708) Importer(2089858483,b0f066a214c2f5e87bad3c948f4d605d) (ScriptedImporter) -> (artifact id: '6d8d3bf29a3dd6a7e60e976a137ea636') in 0.0196631 seconds
Number of updated asset objects reloaded before import = 0Number of asset objects unloaded after import = 3

========================================================================
Received Import Request.
  Time since last request: 0.000017 seconds.
  path: Assets/Cartoon UI/Icons/Bow.png
  artifactKey: Guid(ac11f876de4dc6243a967d4f293541a2) Importer(2089858483,b0f066a214c2f5e87bad3c948f4d605d)
Start importing Assets/Cartoon UI/Icons/Bow.png using Guid(ac11f876de4dc6243a967d4f293541a2) Importer(2089858483,b0f066a214c2f5e87bad3c948f4d605d) (ScriptedImporter) -> (artifact id: '63fca802f5adaf9974563bd50fb139a5') in 0.0175189 seconds
Number of updated asset objects reloaded before import = 0Number of asset objects unloaded after import = 3

========================================================================
Received Import Request.
  Time since last request: 0.000018 seconds.
  path: Assets/Prefabs/card.prefab
  artifactKey: Guid(9640568e0fba7744fa4687cb1ec79243) Importer(2089858483,b0f066a214c2f5e87bad3c948f4d605d)
Start importing Assets/Prefabs/card.prefab using Guid(9640568e0fba7744fa4687cb1ec79243) Importer(2089858483,b0f066a214c2f5e87bad3c948f4d605d) (ScriptedImporter) -> (artifact id: 'ea64a24ba05f5d0742f0f07e87f12524') in 0.03361 seconds
Number of updated asset objects reloaded before import = 0Number of asset objects unloaded after import = 14

========================================================================
Received Import Request.
  Time since last request: 0.000022 seconds.
  path: Assets/Cartoon UI/Icons/Banana.png
  artifactKey: Guid(26bfc7c607cf6df469af8b09e8252f30) Importer(2089858483,b0f066a214c2f5e87bad3c948f4d605d)
Start importing Assets/Cartoon UI/Icons/Banana.png using Guid(26bfc7c607cf6df469af8b09e8252f30) Importer(2089858483,b0f066a214c2f5e87bad3c948f4d605d) (ScriptedImporter) -> (artifact id: '019c2fb7922f7c29b2b9a85ff731c2ab') in 0.0152534 seconds
Number of updated asset objects reloaded before import = 0Number of asset objects unloaded after import = 3

========================================================================
Received Import Request.
  Time since last request: 0.000024 seconds.
  path: Assets/Cartoon UI/Icons/Fish Meat.png
  artifactKey: Guid(87b81d8fa1dd315488c94ed68b55306c) Importer(2089858483,b0f066a214c2f5e87bad3c948f4d605d)
Start importing Assets/Cartoon UI/Icons/Fish Meat.png using Guid(87b81d8fa1dd315488c94ed68b55306c) Importer(2089858483,b0f066a214c2f5e87bad3c948f4d605d) (ScriptedImporter) -> (artifact id: '9c09e96eda0451dc3a2da8784e2a9867') in 0.0181346 seconds
Number of updated asset objects reloaded before import = 0Number of asset objects unloaded after import = 3

========================================================================
Received Import Request.
  Time since last request: 0.000039 seconds.
  path: Assets/Cartoon UI/Icons/Egg.png
  artifactKey: Guid(b5eb4d6ca4419004d8aab32494a7eca2) Importer(2089858483,b0f066a214c2f5e87bad3c948f4d605d)
Start importing Assets/Cartoon UI/Icons/Egg.png using Guid(b5eb4d6ca4419004d8aab32494a7eca2) Importer(2089858483,b0f066a214c2f5e87bad3c948f4d605d) (ScriptedImporter) -> (artifact id: '268dd8cf2b3243e44cea760eb0d84ad5') in 0.0155172 seconds
Number of updated asset objects reloaded before import = 0Number of asset objects unloaded after import = 3

========================================================================
Received Import Request.
  Time since last request: 0.000032 seconds.
  path: Assets/Settings/UniversalRP.asset
  artifactKey: Guid(681886c5eb7344803b6206f758bf0b1c) Importer(2089858483,b0f066a214c2f5e87bad3c948f4d605d)
Start importing Assets/Settings/UniversalRP.asset using Guid(681886c5eb7344803b6206f758bf0b1c) Importer(2089858483,b0f066a214c2f5e87bad3c948f4d605d) (ScriptedImporter) -> (artifact id: '20ee47ee26bb88330d90fde031e59026') in 0.0653569 seconds
Number of updated asset objects reloaded before import = 0Number of asset objects unloaded after import = 1

========================================================================
Received Import Request.
  Time since last request: 0.000023 seconds.
  path: Assets/InputSystem_Actions.inputactions
  artifactKey: Guid(2bcd2660ca9b64942af0de543d8d7100) Importer(2089858483,b0f066a214c2f5e87bad3c948f4d605d)
Start importing Assets/InputSystem_Actions.inputactions using Guid(2bcd2660ca9b64942af0de543d8d7100) Importer(2089858483,b0f066a214c2f5e87bad3c948f4d605d) (ScriptedImporter) -> (artifact id: '64f29b9d9b2c2be890cbd65a16201a72') in 0.2038743 seconds
Number of updated asset objects reloaded before import = 0Number of asset objects unloaded after import = 21

========================================================================
Received Import Request.
  Time since last request: 0.000020 seconds.
  path: Assets/Cartoon UI/Icons/Gold Crown.png
  artifactKey: Guid(c251b1e019cb4d249ad8a2a4767b8986) Importer(2089858483,b0f066a214c2f5e87bad3c948f4d605d)
Start importing Assets/Cartoon UI/Icons/Gold Crown.png using Guid(c251b1e019cb4d249ad8a2a4767b8986) Importer(2089858483,b0f066a214c2f5e87bad3c948f4d605d) (ScriptedImporter) -> (artifact id: '8071bb335c01da6dbb774ecd24496cf5') in 0.1603855 seconds
Number of updated asset objects reloaded before import = 0Number of asset objects unloaded after import = 3

========================================================================
Received Import Request.
  Time since last request: 0.000034 seconds.
  path: Assets/Cartoon UI/Icons/Medic.png
  artifactKey: Guid(a8ede03fc59e6a74399a00b3dcbf6b55) Importer(2089858483,b0f066a214c2f5e87bad3c948f4d605d)
Start importing Assets/Cartoon UI/Icons/Medic.png using Guid(a8ede03fc59e6a74399a00b3dcbf6b55) Importer(2089858483,b0f066a214c2f5e87bad3c948f4d605d) (ScriptedImporter) -> (artifact id: 'a75dff0811c8a159fb574dd75fb80b22') in 0.0186974 seconds
Number of updated asset objects reloaded before import = 0Number of asset objects unloaded after import = 3

========================================================================
Received Import Request.
  Time since last request: 0.000024 seconds.
  path: Assets/Cartoon UI/Icons/Gem7 Yellow.png
  artifactKey: Guid(d9f7fdd585ec269408f26c3a03b1e0c9) Importer(2089858483,b0f066a214c2f5e87bad3c948f4d605d)
Start importing Assets/Cartoon UI/Icons/Gem7 Yellow.png using Guid(d9f7fdd585ec269408f26c3a03b1e0c9) Importer(2089858483,b0f066a214c2f5e87bad3c948f4d605d) (ScriptedImporter) -> (artifact id: 'd8872482bc71b3343f08514b0515051d') in 0.0215016 seconds
Number of updated asset objects reloaded before import = 0Number of asset objects unloaded after import = 3

========================================================================
Received Import Request.
  Time since last request: 0.000016 seconds.
  path: Assets/Cartoon UI/Icons/Notes.png
  artifactKey: Guid(13defd8dd07b6e543bbd9ad990df893e) Importer(2089858483,b0f066a214c2f5e87bad3c948f4d605d)
Start importing Assets/Cartoon UI/Icons/Notes.png using Guid(13defd8dd07b6e543bbd9ad990df893e) Importer(2089858483,b0f066a214c2f5e87bad3c948f4d605d) (ScriptedImporter) -> (artifact id: 'a35477170e1924cc7adf6f703dca0b55') in 0.0191497 seconds
Number of updated asset objects reloaded before import = 0Number of asset objects unloaded after import = 3

========================================================================
Received Import Request.
  Time since last request: 0.000021 seconds.
  path: Assets/Cartoon UI/Icons/Not Available White.png
  artifactKey: Guid(184ed377e024073499e5b970d8d0e50d) Importer(2089858483,b0f066a214c2f5e87bad3c948f4d605d)
Start importing Assets/Cartoon UI/Icons/Not Available White.png using Guid(184ed377e024073499e5b970d8d0e50d) Importer(2089858483,b0f066a214c2f5e87bad3c948f4d605d) (ScriptedImporter) -> (artifact id: '2e53ca2974449c19c28d18c559de0abf') in 0.0184731 seconds
Number of updated asset objects reloaded before import = 0Number of asset objects unloaded after import = 3

========================================================================
Received Import Request.
  Time since last request: 0.000027 seconds.
  path: Assets/Cartoon UI/Icons/Gold Coin.png
  artifactKey: Guid(4f6a847b3880da4419e0f12ec9c900da) Importer(2089858483,b0f066a214c2f5e87bad3c948f4d605d)
Start importing Assets/Cartoon UI/Icons/Gold Coin.png using Guid(4f6a847b3880da4419e0f12ec9c900da) Importer(2089858483,b0f066a214c2f5e87bad3c948f4d605d) (ScriptedImporter) -> (artifact id: 'c8015cec60a31da06b6e997759d9b903') in 0.0203904 seconds
Number of updated asset objects reloaded before import = 0Number of asset objects unloaded after import = 3

========================================================================
Received Import Request.
  Time since last request: 0.000014 seconds.
  path: Assets/Cartoon UI/Icons/Male.png
  artifactKey: Guid(02ba40a9f87d6c2458b0579f9f7c4024) Importer(2089858483,b0f066a214c2f5e87bad3c948f4d605d)
Start importing Assets/Cartoon UI/Icons/Male.png using Guid(02ba40a9f87d6c2458b0579f9f7c4024) Importer(2089858483,b0f066a214c2f5e87bad3c948f4d605d) (ScriptedImporter) -> (artifact id: 'e5c44a4774dc60fba2480e26a7406295') in 0.0217281 seconds
Number of updated asset objects reloaded before import = 0Number of asset objects unloaded after import = 3

========================================================================
Received Import Request.
  Time since last request: 0.000029 seconds.
  path: Assets/Cartoon UI/Icons/Home.png
  artifactKey: Guid(dec969bdf4beba4428cc6e55d61b2d03) Importer(2089858483,b0f066a214c2f5e87bad3c948f4d605d)
Start importing Assets/Cartoon UI/Icons/Home.png using Guid(dec969bdf4beba4428cc6e55d61b2d03) Importer(2089858483,b0f066a214c2f5e87bad3c948f4d605d) (ScriptedImporter) -> (artifact id: '78c2f27d37cbfbc9f0a903a912082475') in 0.0349101 seconds
Number of updated asset objects reloaded before import = 0Number of asset objects unloaded after import = 3

========================================================================
Received Import Request.
  Time since last request: 0.000021 seconds.
  path: Assets/Cartoon UI/Icons/Potion 2.png
  artifactKey: Guid(87cabf9e6e7b0bb409e9bac671427811) Importer(2089858483,b0f066a214c2f5e87bad3c948f4d605d)
Start importing Assets/Cartoon UI/Icons/Potion 2.png using Guid(87cabf9e6e7b0bb409e9bac671427811) Importer(2089858483,b0f066a214c2f5e87bad3c948f4d605d) (ScriptedImporter) -> (artifact id: '67d9c3f1f95ab5d2e7eaa382a0330372') in 0.01873 seconds
Number of updated asset objects reloaded before import = 0Number of asset objects unloaded after import = 3

========================================================================
Received Import Request.
  Time since last request: 0.000024 seconds.
  path: Assets/Cartoon UI/Icons/Gift Grey.png
  artifactKey: Guid(17f3455809bcc5e4b8cb2398e1ca92a4) Importer(2089858483,b0f066a214c2f5e87bad3c948f4d605d)
Start importing Assets/Cartoon UI/Icons/Gift Grey.png using Guid(17f3455809bcc5e4b8cb2398e1ca92a4) Importer(2089858483,b0f066a214c2f5e87bad3c948f4d605d) (ScriptedImporter) -> (artifact id: 'c96052b7f16a0812e41a792439c2eb47') in 0.0550764 seconds
Number of updated asset objects reloaded before import = 0Number of asset objects unloaded after import = 3

========================================================================
Received Import Request.
  Time since last request: 0.000014 seconds.
  path: Assets/Cartoon UI/Icons/Pill.png
  artifactKey: Guid(31386f8ef53e6d3458a85ce7ea83bf64) Importer(2089858483,b0f066a214c2f5e87bad3c948f4d605d)
Start importing Assets/Cartoon UI/Icons/Pill.png using Guid(31386f8ef53e6d3458a85ce7ea83bf64) Importer(2089858483,b0f066a214c2f5e87bad3c948f4d605d) (ScriptedImporter) -> (artifact id: 'a777b6b99382e64a26966a0e08aaf5d2') in 0.0365752 seconds
Number of updated asset objects reloaded before import = 0Number of asset objects unloaded after import = 3

========================================================================
Received Import Request.
  Time since last request: 0.000020 seconds.
  path: Assets/Cartoon UI/Icons/Gem6 Yellow.png
  artifactKey: Guid(c3cad6b9624fce048bd9eb56bc187b1a) Importer(2089858483,b0f066a214c2f5e87bad3c948f4d605d)
Start importing Assets/Cartoon UI/Icons/Gem6 Yellow.png using Guid(c3cad6b9624fce048bd9eb56bc187b1a) Importer(2089858483,b0f066a214c2f5e87bad3c948f4d605d) (ScriptedImporter) -> (artifact id: 'c16542879f2be6bd97bb12875257c544') in 0.0176492 seconds
Number of updated asset objects reloaded before import = 0Number of asset objects unloaded after import = 3

========================================================================
Received Import Request.
  Time since last request: 0.000018 seconds.
  path: Assets/Cartoon UI/Icons/frog.png
  artifactKey: Guid(989137097efcdab4d8aa67993faba310) Importer(2089858483,b0f066a214c2f5e87bad3c948f4d605d)
Start importing Assets/Cartoon UI/Icons/frog.png using Guid(989137097efcdab4d8aa67993faba310) Importer(2089858483,b0f066a214c2f5e87bad3c948f4d605d) (ScriptedImporter) -> (artifact id: '3295587feef493bd0583a6443604f702') in 0.0208157 seconds
Number of updated asset objects reloaded before import = 0Number of asset objects unloaded after import = 3

========================================================================
Received Import Request.
  Time since last request: 0.000028 seconds.
  path: Assets/Cartoon UI/Icons/Silver Crown.png
  artifactKey: Guid(b24b9906aaab41f40be01f45f84d6dd2) Importer(2089858483,b0f066a214c2f5e87bad3c948f4d605d)
Start importing Assets/Cartoon UI/Icons/Silver Crown.png using Guid(b24b9906aaab41f40be01f45f84d6dd2) Importer(2089858483,b0f066a214c2f5e87bad3c948f4d605d) (ScriptedImporter) -> (artifact id: '6d224ae195b6d809dc1143181f4b9ef9') in 0.0194241 seconds
Number of updated asset objects reloaded before import = 0Number of asset objects unloaded after import = 3

========================================================================
Received Import Request.
  Time since last request: 0.000031 seconds.
  path: Assets/Cartoon UI/Icons/Ranking.png
  artifactKey: Guid(b1837fa3a02bc7f43888b051f048e065) Importer(2089858483,b0f066a214c2f5e87bad3c948f4d605d)
Start importing Assets/Cartoon UI/Icons/Ranking.png using Guid(b1837fa3a02bc7f43888b051f048e065) Importer(2089858483,b0f066a214c2f5e87bad3c948f4d605d) (ScriptedImporter) -> (artifact id: 'ff60ecbaa2a0837135f077c6db9cfa34') in 0.0153964 seconds
Number of updated asset objects reloaded before import = 0Number of asset objects unloaded after import = 3

========================================================================
Received Import Request.
  Time since last request: 0.000021 seconds.
  path: Assets/Cartoon UI/Icons/Sun.png
  artifactKey: Guid(bcb6d6e8882948e4e86fb06dfb68f4f6) Importer(2089858483,b0f066a214c2f5e87bad3c948f4d605d)
Start importing Assets/Cartoon UI/Icons/Sun.png using Guid(bcb6d6e8882948e4e86fb06dfb68f4f6) Importer(2089858483,b0f066a214c2f5e87bad3c948f4d605d) (ScriptedImporter) -> (artifact id: '602bf43e739edaa1be19ab3dfc4762c2') in 0.0417526 seconds
Number of updated asset objects reloaded before import = 0Number of asset objects unloaded after import = 3

========================================================================
Received Import Request.
  Time since last request: 0.000025 seconds.
  path: Assets/Cartoon UI/Icons/Silver Key.png
  artifactKey: Guid(ad722b3844134f8418a5fcc1fb03a896) Importer(2089858483,b0f066a214c2f5e87bad3c948f4d605d)
Start importing Assets/Cartoon UI/Icons/Silver Key.png using Guid(ad722b3844134f8418a5fcc1fb03a896) Importer(2089858483,b0f066a214c2f5e87bad3c948f4d605d) (ScriptedImporter) -> (artifact id: '425e8d9e39f6d27af24330dc010d6ab6') in 0.0165937 seconds
Number of updated asset objects reloaded before import = 0Number of asset objects unloaded after import = 3

========================================================================
Received Import Request.
  Time since last request: 0.000026 seconds.
  path: Assets/Cartoon UI/Icons/Skull.png
  artifactKey: Guid(22aef49de91524547a49002f4c3dd639) Importer(2089858483,b0f066a214c2f5e87bad3c948f4d605d)
Start importing Assets/Cartoon UI/Icons/Skull.png using Guid(22aef49de91524547a49002f4c3dd639) Importer(2089858483,b0f066a214c2f5e87bad3c948f4d605d) (ScriptedImporter) -> (artifact id: '46b13d07eebdbf1ddee9fddefbc57151') in 0.0272917 seconds
Number of updated asset objects reloaded before import = 0Number of asset objects unloaded after import = 3

========================================================================
Received Import Request.
  Time since last request: 0.000019 seconds.
  path: Assets/Cartoon UI/Panels/Store Purple.png
  artifactKey: Guid(a1284d71ab07fd64b9a8cc2fb0f0281d) Importer(2089858483,b0f066a214c2f5e87bad3c948f4d605d)
Start importing Assets/Cartoon UI/Panels/Store Purple.png using Guid(a1284d71ab07fd64b9a8cc2fb0f0281d) Importer(2089858483,b0f066a214c2f5e87bad3c948f4d605d) (ScriptedImporter) -> (artifact id: '64a24dea1c83ddd5989531bd2e7b49ed') in 0.0246404 seconds
Number of updated asset objects reloaded before import = 0Number of asset objects unloaded after import = 3

========================================================================
Received Import Request.
  Time since last request: 0.000016 seconds.
  path: Assets/Cartoon UI/Icons/Silver Badge.png
  artifactKey: Guid(54afd58c4d3807f47b620c1711ceff66) Importer(2089858483,b0f066a214c2f5e87bad3c948f4d605d)
Start importing Assets/Cartoon UI/Icons/Silver Badge.png using Guid(54afd58c4d3807f47b620c1711ceff66) Importer(2089858483,b0f066a214c2f5e87bad3c948f4d605d) (ScriptedImporter) -> (artifact id: '75dc8b794ce8065757342429ac222660') in 0.0222743 seconds
Number of updated asset objects reloaded before import = 0Number of asset objects unloaded after import = 3

========================================================================
Received Import Request.
  Time since last request: 0.000017 seconds.
  path: Assets/Cartoon UI/Icons/Gem6 Blue.png
  artifactKey: Guid(d1ac7b9f4dab4cd469e4bb4bda169771) Importer(2089858483,b0f066a214c2f5e87bad3c948f4d605d)
Start importing Assets/Cartoon UI/Icons/Gem6 Blue.png using Guid(d1ac7b9f4dab4cd469e4bb4bda169771) Importer(2089858483,b0f066a214c2f5e87bad3c948f4d605d) (ScriptedImporter) -> (artifact id: 'cdd423b4c71ad04ff265eb5a7a949f16') in 0.0166631 seconds
Number of updated asset objects reloaded before import = 0Number of asset objects unloaded after import = 3

========================================================================
Received Import Request.
  Time since last request: 0.000025 seconds.
  path: Assets/Cartoon UI/Icons/Medal.png
  artifactKey: Guid(1d28fe98cbdf5264d8230ceb91e7086e) Importer(2089858483,b0f066a214c2f5e87bad3c948f4d605d)
Start importing Assets/Cartoon UI/Icons/Medal.png using Guid(1d28fe98cbdf5264d8230ceb91e7086e) Importer(2089858483,b0f066a214c2f5e87bad3c948f4d605d) (ScriptedImporter) -> (artifact id: '4cf623274a11d3787d49441fbeffc4a6') in 0.0237787 seconds
Number of updated asset objects reloaded before import = 0Number of asset objects unloaded after import = 3

========================================================================
Received Import Request.
  Time since last request: 0.000015 seconds.
  path: Assets/Cartoon UI/Icons/Chest.png
  artifactKey: Guid(ab26d8748342fcb4dbd5efa0d0ed2193) Importer(2089858483,b0f066a214c2f5e87bad3c948f4d605d)
Start importing Assets/Cartoon UI/Icons/Chest.png using Guid(ab26d8748342fcb4dbd5efa0d0ed2193) Importer(2089858483,b0f066a214c2f5e87bad3c948f4d605d) (ScriptedImporter) -> (artifact id: 'e47e960ef5fde0f455f4b82e5a7be916') in 0.0245507 seconds
Number of updated asset objects reloaded before import = 0Number of asset objects unloaded after import = 3

========================================================================
Received Import Request.
  Time since last request: 0.000018 seconds.
  path: Assets/Cartoon UI/Icons/Unlock Gold.png
  artifactKey: Guid(af455ab61d6d6bb4aa0932a3aa50e9a9) Importer(2089858483,b0f066a214c2f5e87bad3c948f4d605d)
Start importing Assets/Cartoon UI/Icons/Unlock Gold.png using Guid(af455ab61d6d6bb4aa0932a3aa50e9a9) Importer(2089858483,b0f066a214c2f5e87bad3c948f4d605d) (ScriptedImporter) -> (artifact id: '7e269fee8b291e05cf26ffc42876053f') in 0.0181121 seconds
Number of updated asset objects reloaded before import = 0Number of asset objects unloaded after import = 3

========================================================================
Received Import Request.
  Time since last request: 0.000017 seconds.
  path: Assets/Cartoon UI/Icons/Heart.png
  artifactKey: Guid(2cd1e7842f2d29e42ab58a84c4e32fc7) Importer(2089858483,b0f066a214c2f5e87bad3c948f4d605d)
Start importing Assets/Cartoon UI/Icons/Heart.png using Guid(2cd1e7842f2d29e42ab58a84c4e32fc7) Importer(2089858483,b0f066a214c2f5e87bad3c948f4d605d) (ScriptedImporter) -> (artifact id: '1b8d1caacc5e21404e5fff5a0ca7e786') in 0.0184603 seconds
Number of updated asset objects reloaded before import = 0Number of asset objects unloaded after import = 3

========================================================================
Received Import Request.
  Time since last request: 0.000055 seconds.
  path: Assets/Cartoon UI/Icons/Gem2 Blue.png
  artifactKey: Guid(de1739af68092d2478ed972daa5a9820) Importer(2089858483,b0f066a214c2f5e87bad3c948f4d605d)
Start importing Assets/Cartoon UI/Icons/Gem2 Blue.png using Guid(de1739af68092d2478ed972daa5a9820) Importer(2089858483,b0f066a214c2f5e87bad3c948f4d605d) (ScriptedImporter) -> (artifact id: '14dc5bcd6c35548d895b7c44a5095790') in 0.0156561 seconds
Number of updated asset objects reloaded before import = 0Number of asset objects unloaded after import = 3

========================================================================
Received Import Request.
  Time since last request: 0.000018 seconds.
  path: Assets/Cartoon UI/Panels/Store Pink Purple.png
  artifactKey: Guid(fb3e8e36da4e2df42a085072468138be) Importer(2089858483,b0f066a214c2f5e87bad3c948f4d605d)
Start importing Assets/Cartoon UI/Panels/Store Pink Purple.png using Guid(fb3e8e36da4e2df42a085072468138be) Importer(2089858483,b0f066a214c2f5e87bad3c948f4d605d) (ScriptedImporter) -> (artifact id: '48f4a75f41b4f7647d6ddf8e534178d7') in 0.0208023 seconds
Number of updated asset objects reloaded before import = 0Number of asset objects unloaded after import = 3

========================================================================
Received Import Request.
  Time since last request: 0.000021 seconds.
  path: Assets/Cartoon UI/Icons/Gem3 Blue.png
  artifactKey: Guid(8b773aad0d99d1847b96947158b36d72) Importer(2089858483,b0f066a214c2f5e87bad3c948f4d605d)
Start importing Assets/Cartoon UI/Icons/Gem3 Blue.png using Guid(8b773aad0d99d1847b96947158b36d72) Importer(2089858483,b0f066a214c2f5e87bad3c948f4d605d) (ScriptedImporter) -> (artifact id: '0f46f789abfb6ef3f976cfae952aa948') in 0.0190702 seconds
Number of updated asset objects reloaded before import = 0Number of asset objects unloaded after import = 3

========================================================================
Received Import Request.
  Time since last request: 0.000028 seconds.
  path: Assets/Cartoon UI/Icons/Light.png
  artifactKey: Guid(396d80a5e7b0dac44ad13ec2e2d56f44) Importer(2089858483,b0f066a214c2f5e87bad3c948f4d605d)
Start importing Assets/Cartoon UI/Icons/Light.png using Guid(396d80a5e7b0dac44ad13ec2e2d56f44) Importer(2089858483,b0f066a214c2f5e87bad3c948f4d605d) (ScriptedImporter) -> (artifact id: '4ee6974f99bc7a85c1afb5bb00cf1ec7') in 0.0175679 seconds
Number of updated asset objects reloaded before import = 0Number of asset objects unloaded after import = 3

========================================================================
Received Import Request.
  Time since last request: 0.000067 seconds.
  path: Assets/Cartoon UI/Panels/Store Green.png
  artifactKey: Guid(8cc3042b66b939240a81e89a54c3d3b1) Importer(2089858483,b0f066a214c2f5e87bad3c948f4d605d)
Start importing Assets/Cartoon UI/Panels/Store Green.png using Guid(8cc3042b66b939240a81e89a54c3d3b1) Importer(2089858483,b0f066a214c2f5e87bad3c948f4d605d) (ScriptedImporter) -> (artifact id: '7cd5542ef19074c164cdd08ec5261b8f') in 0.0275866 seconds
Number of updated asset objects reloaded before import = 0Number of asset objects unloaded after import = 3

========================================================================
Received Import Request.
  Time since last request: 0.000023 seconds.
  path: Assets/Cartoon UI/Panels/Title Bar Pink.png
  artifactKey: Guid(db15f160318cddf43bdeb74c8415fe25) Importer(2089858483,b0f066a214c2f5e87bad3c948f4d605d)
Start importing Assets/Cartoon UI/Panels/Title Bar Pink.png using Guid(db15f160318cddf43bdeb74c8415fe25) Importer(2089858483,b0f066a214c2f5e87bad3c948f4d605d) (ScriptedImporter) -> (artifact id: 'c77dafd0db358998f383f65c68d19b70') in 0.0279011 seconds
Number of updated asset objects reloaded before import = 0Number of asset objects unloaded after import = 3

========================================================================
Received Import Request.
  Time since last request: 0.000090 seconds.
  path: Assets/Cartoon UI/Panels/Victory title bar Red.png
  artifactKey: Guid(02147017afdf391429b6e616b61688fb) Importer(2089858483,b0f066a214c2f5e87bad3c948f4d605d)
Start importing Assets/Cartoon UI/Panels/Victory title bar Red.png using Guid(02147017afdf391429b6e616b61688fb) Importer(2089858483,b0f066a214c2f5e87bad3c948f4d605d) (ScriptedImporter) -> (artifact id: '9d2ef2ecb112054b78a434c0eed6af26') in 0.0288158 seconds
Number of updated asset objects reloaded before import = 0Number of asset objects unloaded after import = 3

========================================================================
Received Import Request.
  Time since last request: 0.000023 seconds.
  path: Assets/Cartoon UI/Prefabs/Ranking Panel.prefab
  artifactKey: Guid(19c7290fd1429034886a668da5ec2749) Importer(2089858483,b0f066a214c2f5e87bad3c948f4d605d)
Start importing Assets/Cartoon UI/Prefabs/Ranking Panel.prefab using Guid(19c7290fd1429034886a668da5ec2749) Importer(2089858483,b0f066a214c2f5e87bad3c948f4d605d) (ScriptedImporter) -> (artifact id: '1084fc3080a9d5b7c5766d5ec292b519') in 0.040782 seconds
Number of updated asset objects reloaded before import = 0Number of asset objects unloaded after import = 219

========================================================================
Received Import Request.
  Time since last request: 0.000108 seconds.
  path: Assets/Cartoon UI/Panels/Victory title bar Skyblue.png
  artifactKey: Guid(a917da205e5ca16449cdb4894fa442f7) Importer(2089858483,b0f066a214c2f5e87bad3c948f4d605d)
Start importing Assets/Cartoon UI/Panels/Victory title bar Skyblue.png using Guid(a917da205e5ca16449cdb4894fa442f7) Importer(2089858483,b0f066a214c2f5e87bad3c948f4d605d) (ScriptedImporter) -> (artifact id: '129eac8262cf6e41aa804aaca3d6dce4') in 0.0219086 seconds
Number of updated asset objects reloaded before import = 0Number of asset objects unloaded after import = 3

========================================================================
Received Import Request.
  Time since last request: 0.000027 seconds.
  path: Assets/Cartoon UI/Panels/Title Bar Grey.png
  artifactKey: Guid(23e505644c79d7f40996dea00a91ac39) Importer(2089858483,b0f066a214c2f5e87bad3c948f4d605d)
Start importing Assets/Cartoon UI/Panels/Title Bar Grey.png using Guid(23e505644c79d7f40996dea00a91ac39) Importer(2089858483,b0f066a214c2f5e87bad3c948f4d605d) (ScriptedImporter) -> (artifact id: 'beb4a9b98872ece2f45538e5d93df9d7') in 0.0214221 seconds
Number of updated asset objects reloaded before import = 0Number of asset objects unloaded after import = 3

========================================================================
Received Import Request.
  Time since last request: 0.000107 seconds.
  path: Assets/Cartoon UI/Prefabs/Mission Panel.prefab
  artifactKey: Guid(07b30cdc8082b6b4b90fbadcd7306c2c) Importer(2089858483,b0f066a214c2f5e87bad3c948f4d605d)
Start importing Assets/Cartoon UI/Prefabs/Mission Panel.prefab using Guid(07b30cdc8082b6b4b90fbadcd7306c2c) Importer(2089858483,b0f066a214c2f5e87bad3c948f4d605d) (ScriptedImporter) -> (artifact id: '8bf6f4dbe449f41a8ccd95beefbba7cc') in 0.022182 seconds
Number of updated asset objects reloaded before import = 0Number of asset objects unloaded after import = 165

========================================================================
Received Import Request.
  Time since last request: 0.000045 seconds.
  path: Assets/Cartoon UI/Scene/Demo.unity
  artifactKey: Guid(8dfdb80ba12edc440b0b017e523d6ec1) Importer(2089858483,b0f066a214c2f5e87bad3c948f4d605d)
Start importing Assets/Cartoon UI/Scene/Demo.unity using Guid(8dfdb80ba12edc440b0b017e523d6ec1) Importer(2089858483,b0f066a214c2f5e87bad3c948f4d605d) (ScriptedImporter) -> (artifact id: 'ad84f331c8569a444bf0a5d58ad197a5') in 0.0251211 seconds
Number of updated asset objects reloaded before import = 0Number of asset objects unloaded after import = 1

========================================================================
Received Import Request.
  Time since last request: 0.000057 seconds.
  path: Assets/Cartoon UI/Sliders/Handle Grey.png
  artifactKey: Guid(b950ca52b21691347805094d9cbcf055) Importer(2089858483,b0f066a214c2f5e87bad3c948f4d605d)
Start importing Assets/Cartoon UI/Sliders/Handle Grey.png using Guid(b950ca52b21691347805094d9cbcf055) Importer(2089858483,b0f066a214c2f5e87bad3c948f4d605d) (ScriptedImporter) -> (artifact id: 'f59f30cc72b37348fbf9527609df29ae') in 0.019421 seconds
Number of updated asset objects reloaded before import = 0Number of asset objects unloaded after import = 3

========================================================================
Received Import Request.
  Time since last request: 0.000018 seconds.
  path: Assets/Cartoon UI/Panels/Top Bar.png
  artifactKey: Guid(9b47779d8d8430a41b689e5e6cfd7e2b) Importer(2089858483,b0f066a214c2f5e87bad3c948f4d605d)
Start importing Assets/Cartoon UI/Panels/Top Bar.png using Guid(9b47779d8d8430a41b689e5e6cfd7e2b) Importer(2089858483,b0f066a214c2f5e87bad3c948f4d605d) (ScriptedImporter) -> (artifact id: 'ef1fca97717b398add6095c497cde71b') in 0.0183077 seconds
Number of updated asset objects reloaded before import = 0Number of asset objects unloaded after import = 3

========================================================================
Received Import Request.
  Time since last request: 0.000023 seconds.
  path: Assets/Cartoon UI/Panels/Victory title bar Blue.png
  artifactKey: Guid(edc222dcf36df694aabcaf469cec3022) Importer(2089858483,b0f066a214c2f5e87bad3c948f4d605d)
Start importing Assets/Cartoon UI/Panels/Victory title bar Blue.png using Guid(edc222dcf36df694aabcaf469cec3022) Importer(2089858483,b0f066a214c2f5e87bad3c948f4d605d) (ScriptedImporter) -> (artifact id: '919f33588d24b5bfa324abd071bb35b8') in 0.2176972 seconds
Number of updated asset objects reloaded before import = 0Number of asset objects unloaded after import = 3

========================================================================
Received Import Request.
  Time since last request: 0.000031 seconds.
  path: Assets/Cartoon UI/Panels/Panel Brown.png
  artifactKey: Guid(68a7bd402e7bf8e47b5725bd06574a7a) Importer(2089858483,b0f066a214c2f5e87bad3c948f4d605d)
Start importing Assets/Cartoon UI/Panels/Panel Brown.png using Guid(68a7bd402e7bf8e47b5725bd06574a7a) Importer(2089858483,b0f066a214c2f5e87bad3c948f4d605d) (ScriptedImporter) -> (artifact id: '39333ff77b5f94835c562fbbe3a6939e') in 0.0241193 seconds
Number of updated asset objects reloaded before import = 0Number of asset objects unloaded after import = 3

========================================================================
Received Import Request.
  Time since last request: 0.000029 seconds.
  path: Assets/Cartoon UI/Icons/Target.png
  artifactKey: Guid(17edd2b12077be84c84a00b99b88754b) Importer(2089858483,b0f066a214c2f5e87bad3c948f4d605d)
Start importing Assets/Cartoon UI/Icons/Target.png using Guid(17edd2b12077be84c84a00b99b88754b) Importer(2089858483,b0f066a214c2f5e87bad3c948f4d605d) (ScriptedImporter) -> (artifact id: '692a63e0204959e0eb1ec354f740463e') in 0.0152974 seconds
Number of updated asset objects reloaded before import = 0Number of asset objects unloaded after import = 3

========================================================================
Received Import Request.
  Time since last request: 0.000020 seconds.
  path: Assets/Cartoon UI/Panels/Top Bar Slot.png
  artifactKey: Guid(099aedae9fa8a684899326e620b4aa89) Importer(2089858483,b0f066a214c2f5e87bad3c948f4d605d)
Start importing Assets/Cartoon UI/Panels/Top Bar Slot.png using Guid(099aedae9fa8a684899326e620b4aa89) Importer(2089858483,b0f066a214c2f5e87bad3c948f4d605d) (ScriptedImporter) -> (artifact id: '3124656a4828f733ee7a2bb8b03816cd') in 0.0195535 seconds
Number of updated asset objects reloaded before import = 0Number of asset objects unloaded after import = 3

========================================================================
Received Import Request.
  Time since last request: 0.000025 seconds.
  path: Assets/Cartoon UI/Toggles/Round Fill Grey.png
  artifactKey: Guid(57b33191655a439478c9bdc92da83685) Importer(2089858483,b0f066a214c2f5e87bad3c948f4d605d)
Start importing Assets/Cartoon UI/Toggles/Round Fill Grey.png using Guid(57b33191655a439478c9bdc92da83685) Importer(2089858483,b0f066a214c2f5e87bad3c948f4d605d) (ScriptedImporter) -> (artifact id: '14e7690fc7121c4dc6ce14696ec798ba') in 0.0163983 seconds
Number of updated asset objects reloaded before import = 0Number of asset objects unloaded after import = 3

========================================================================
Received Import Request.
  Time since last request: 0.000021 seconds.
  path: Assets/Cartoon UI/Toggles/Check Fill Skyblue.png
  artifactKey: Guid(f97cf9fa4a9eabe4aa39ae5ef8e7f65d) Importer(2089858483,b0f066a214c2f5e87bad3c948f4d605d)
Start importing Assets/Cartoon UI/Toggles/Check Fill Skyblue.png using Guid(f97cf9fa4a9eabe4aa39ae5ef8e7f65d) Importer(2089858483,b0f066a214c2f5e87bad3c948f4d605d) (ScriptedImporter) -> (artifact id: '4f4e4c42204d0a546f42eda44232a38e') in 0.0198174 seconds
Number of updated asset objects reloaded before import = 0Number of asset objects unloaded after import = 3

========================================================================
Received Import Request.
  Time since last request: 0.000044 seconds.
  path: Assets/Cartoon UI/Sliders/Slider Fill Red.png
  artifactKey: Guid(4f92e7d7d2cba2f40aed8c21bdd6dd54) Importer(2089858483,b0f066a214c2f5e87bad3c948f4d605d)
Start importing Assets/Cartoon UI/Sliders/Slider Fill Red.png using Guid(4f92e7d7d2cba2f40aed8c21bdd6dd54) Importer(2089858483,b0f066a214c2f5e87bad3c948f4d605d) (ScriptedImporter) -> (artifact id: '86866e54ea4fb163f23d30020a14411d') in 0.0181984 seconds
Number of updated asset objects reloaded before import = 0Number of asset objects unloaded after import = 3

========================================================================
Received Import Request.
  Time since last request: 0.000059 seconds.
  path: Assets/Cartoon UI/Toggles/Check Fill Pink Purple.png
  artifactKey: Guid(924807ac27eb72c4bbd3bcf0be29588b) Importer(2089858483,b0f066a214c2f5e87bad3c948f4d605d)
Start importing Assets/Cartoon UI/Toggles/Check Fill Pink Purple.png using Guid(924807ac27eb72c4bbd3bcf0be29588b) Importer(2089858483,b0f066a214c2f5e87bad3c948f4d605d) (ScriptedImporter) -> (artifact id: '8bdcbe3610d84713d1ed1e11be365ff7') in 0.0186852 seconds
Number of updated asset objects reloaded before import = 0Number of asset objects unloaded after import = 3

========================================================================
Received Import Request.
  Time since last request: 0.000073 seconds.
  path: Assets/Cartoon UI/Toggles/Round Fill Blue.png
  artifactKey: Guid(9693e3714bf9d0446a56fe0e77429c85) Importer(2089858483,b0f066a214c2f5e87bad3c948f4d605d)
Start importing Assets/Cartoon UI/Toggles/Round Fill Blue.png using Guid(9693e3714bf9d0446a56fe0e77429c85) Importer(2089858483,b0f066a214c2f5e87bad3c948f4d605d) (ScriptedImporter) -> (artifact id: '6ea8f937cd85e2afa5c58592b0cea73d') in 0.0170484 seconds
Number of updated asset objects reloaded before import = 0Number of asset objects unloaded after import = 3

========================================================================
Received Import Request.
  Time since last request: 0.000025 seconds.
  path: Assets/Cartoon UI/Toggles/Round Toggle Background.png
  artifactKey: Guid(a981629dcff4abd4b8f8f37e70668e57) Importer(2089858483,b0f066a214c2f5e87bad3c948f4d605d)
Start importing Assets/Cartoon UI/Toggles/Round Toggle Background.png using Guid(a981629dcff4abd4b8f8f37e70668e57) Importer(2089858483,b0f066a214c2f5e87bad3c948f4d605d) (ScriptedImporter) -> (artifact id: '86320bd97360387d0fd3e94ba3c6e6d6') in 0.0178054 seconds
Number of updated asset objects reloaded before import = 0Number of asset objects unloaded after import = 3

========================================================================
Received Import Request.
  Time since last request: 0.000042 seconds.
  path: Assets/Cartoon UI/Toggles/Check Fill Pink.png
  artifactKey: Guid(c9d46066e8b50104b84766dcb9d978ec) Importer(2089858483,b0f066a214c2f5e87bad3c948f4d605d)
Start importing Assets/Cartoon UI/Toggles/Check Fill Pink.png using Guid(c9d46066e8b50104b84766dcb9d978ec) Importer(2089858483,b0f066a214c2f5e87bad3c948f4d605d) (ScriptedImporter) -> (artifact id: '0d9c7d18b254e7173c5fb03839c55279') in 0.0218817 seconds
Number of updated asset objects reloaded before import = 0Number of asset objects unloaded after import = 3

========================================================================
Received Import Request.
  Time since last request: 0.000020 seconds.
  path: Assets/Cartoon UI/Toggles/Round Fill Green.png
  artifactKey: Guid(41cf1aa849104374d9412af925495326) Importer(2089858483,b0f066a214c2f5e87bad3c948f4d605d)
Start importing Assets/Cartoon UI/Toggles/Round Fill Green.png using Guid(41cf1aa849104374d9412af925495326) Importer(2089858483,b0f066a214c2f5e87bad3c948f4d605d) (ScriptedImporter) -> (artifact id: 'bb7074bbf5f10e21974a0bb4eb494862') in 0.0186574 seconds
Number of updated asset objects reloaded before import = 0Number of asset objects unloaded after import = 3

========================================================================
Received Import Request.
  Time since last request: 0.000019 seconds.
  path: Assets/Cartoon UI/Sliders/Slider Fill Orange.png
  artifactKey: Guid(7df40d8d21a99f04b810ecb670f6c1a6) Importer(2089858483,b0f066a214c2f5e87bad3c948f4d605d)
Start importing Assets/Cartoon UI/Sliders/Slider Fill Orange.png using Guid(7df40d8d21a99f04b810ecb670f6c1a6) Importer(2089858483,b0f066a214c2f5e87bad3c948f4d605d) (ScriptedImporter) -> (artifact id: '543c9f02ad44c635a16e240bf968a4d2') in 0.0169647 seconds
Number of updated asset objects reloaded before import = 0Number of asset objects unloaded after import = 3

========================================================================
Received Import Request.
  Time since last request: 0.000022 seconds.
  path: Assets/Cartoon UI/Sliders/Handle Red.png
  artifactKey: Guid(64a6fb0f0721a5a4592580a5d491a228) Importer(2089858483,b0f066a214c2f5e87bad3c948f4d605d)
Start importing Assets/Cartoon UI/Sliders/Handle Red.png using Guid(64a6fb0f0721a5a4592580a5d491a228) Importer(2089858483,b0f066a214c2f5e87bad3c948f4d605d) (ScriptedImporter) -> (artifact id: '853e61e08a5846e6d3933c6a7352336a') in 0.0203746 seconds
Number of updated asset objects reloaded before import = 0Number of asset objects unloaded after import = 3

========================================================================
Received Import Request.
  Time since last request: 0.000038 seconds.
  path: Assets/Cartoon UI/Prefabs/Purchase Panel.prefab
  artifactKey: Guid(df1da667ab3c419429b78174e4cc643b) Importer(2089858483,b0f066a214c2f5e87bad3c948f4d605d)
Start importing Assets/Cartoon UI/Prefabs/Purchase Panel.prefab using Guid(df1da667ab3c419429b78174e4cc643b) Importer(2089858483,b0f066a214c2f5e87bad3c948f4d605d) (ScriptedImporter) -> (artifact id: 'cac4fc5775a4a25e098d1051833ac040') in 0.0234513 seconds
Number of updated asset objects reloaded before import = 0Number of asset objects unloaded after import = 35

========================================================================
Received Import Request.
  Time since last request: 0.000019 seconds.
  path: Assets/Cartoon UI/Sliders/Handle Pink Purple.png
  artifactKey: Guid(9e6f6ce28a1f92c4e98d136e769ca3b3) Importer(2089858483,b0f066a214c2f5e87bad3c948f4d605d)
Start importing Assets/Cartoon UI/Sliders/Handle Pink Purple.png using Guid(9e6f6ce28a1f92c4e98d136e769ca3b3) Importer(2089858483,b0f066a214c2f5e87bad3c948f4d605d) (ScriptedImporter) -> (artifact id: '84d461527ab662db2d60c1ad475dea35') in 0.0222661 seconds
Number of updated asset objects reloaded before import = 0Number of asset objects unloaded after import = 3

========================================================================
Received Import Request.
  Time since last request: 0.000029 seconds.
  path: Assets/Cartoon UI/Sliders/Slider Fill Grey.png
  artifactKey: Guid(2be4e27baffb3f745bf9cb4ac08cee91) Importer(2089858483,b0f066a214c2f5e87bad3c948f4d605d)
Start importing Assets/Cartoon UI/Sliders/Slider Fill Grey.png using Guid(2be4e27baffb3f745bf9cb4ac08cee91) Importer(2089858483,b0f066a214c2f5e87bad3c948f4d605d) (ScriptedImporter) -> (artifact id: '772f9b71c442eef15b5291e6b3d2aad1') in 0.0518722 seconds
Number of updated asset objects reloaded before import = 0Number of asset objects unloaded after import = 3

========================================================================
Received Import Request.
  Time since last request: 0.000050 seconds.
  path: Assets/Cartoon UI/Icons/Torch.png
  artifactKey: Guid(323b9b2d37520d74691c63aa51571c1f) Importer(2089858483,b0f066a214c2f5e87bad3c948f4d605d)
Start importing Assets/Cartoon UI/Icons/Torch.png using Guid(323b9b2d37520d74691c63aa51571c1f) Importer(2089858483,b0f066a214c2f5e87bad3c948f4d605d) (ScriptedImporter) -> (artifact id: '34cfc6d66bc8b863ff363311552a0807') in 0.0159132 seconds
Number of updated asset objects reloaded before import = 0Number of asset objects unloaded after import = 3

========================================================================
Received Import Request.
  Time since last request: 0.000035 seconds.
  path: Assets/Cartoon UI/Icons/Sack Of Gem.png
  artifactKey: Guid(a470194d6b54e8848b0b338c688da9ed) Importer(2089858483,b0f066a214c2f5e87bad3c948f4d605d)
Start importing Assets/Cartoon UI/Icons/Sack Of Gem.png using Guid(a470194d6b54e8848b0b338c688da9ed) Importer(2089858483,b0f066a214c2f5e87bad3c948f4d605d) (ScriptedImporter) -> (artifact id: '617bc8a6f614f76d75528dd415865981') in 0.0211661 seconds
Number of updated asset objects reloaded before import = 0Number of asset objects unloaded after import = 3

========================================================================
Received Import Request.
  Time since last request: 0.000020 seconds.
  path: Assets/Cartoon UI/Icons/Silver Lock.png
  artifactKey: Guid(329dadd94a05d2840bc122db69610fd2) Importer(2089858483,b0f066a214c2f5e87bad3c948f4d605d)
Start importing Assets/Cartoon UI/Icons/Silver Lock.png using Guid(329dadd94a05d2840bc122db69610fd2) Importer(2089858483,b0f066a214c2f5e87bad3c948f4d605d) (ScriptedImporter) -> (artifact id: 'f7408c8263966ff043f6bfee3f9a8145') in 0.0176293 seconds
Number of updated asset objects reloaded before import = 0Number of asset objects unloaded after import = 3

========================================================================
Received Import Request.
  Time since last request: 0.000021 seconds.
  path: Assets/Scripts/Pattern/PatternTile.cs
  artifactKey: Guid(6d8010408b2182a46a96e743d96056fc) Importer(2089858483,b0f066a214c2f5e87bad3c948f4d605d)
Start importing Assets/Scripts/Pattern/PatternTile.cs using Guid(6d8010408b2182a46a96e743d96056fc) Importer(2089858483,b0f066a214c2f5e87bad3c948f4d605d) (ScriptedImporter) -> (artifact id: '357dff78b47a1ca6b9ee1967b0a3156d') in 0.0150641 seconds
Number of updated asset objects reloaded before import = 0Number of asset objects unloaded after import = 0

========================================================================
Received Import Request.
  Time since last request: 0.000022 seconds.
  path: Assets/Scripts/prakritiSpotter/PrakritiSpotter.cs
  artifactKey: Guid(cc11d368628168a45b382edd90fbd792) Importer(2089858483,b0f066a214c2f5e87bad3c948f4d605d)
Start importing Assets/Scripts/prakritiSpotter/PrakritiSpotter.cs using Guid(cc11d368628168a45b382edd90fbd792) Importer(2089858483,b0f066a214c2f5e87bad3c948f4d605d) (ScriptedImporter) -> (artifact id: '67ac5507519e1274d6f6f65593ef3daf') in 0.0464089 seconds
Number of updated asset objects reloaded before import = 0Number of asset objects unloaded after import = 0

========================================================================
Received Import Request.
  Time since last request: 0.000054 seconds.
  path: Assets/TextMesh Pro/Fonts/LiberationSans - OFL.txt
  artifactKey: Guid(6e59c59b81ab47f9b6ec5781fa725d2c) Importer(2089858483,b0f066a214c2f5e87bad3c948f4d605d)
Start importing Assets/TextMesh Pro/Fonts/LiberationSans - OFL.txt using Guid(6e59c59b81ab47f9b6ec5781fa725d2c) Importer(2089858483,b0f066a214c2f5e87bad3c948f4d605d) (ScriptedImporter) -> (artifact id: '041e85ec67961e93825b32e1237a3f9b') in 0.0106671 seconds
Number of updated asset objects reloaded before import = 0Number of asset objects unloaded after import = 1

========================================================================
Received Import Request.
  Time since last request: 0.000029 seconds.
  path: Assets/Scripts/prakritiSpotter/Prakriti.cs
  artifactKey: Guid(7d37c464bc09db34c9825279a8ada16f) Importer(2089858483,b0f066a214c2f5e87bad3c948f4d605d)
Start importing Assets/Scripts/prakritiSpotter/Prakriti.cs using Guid(7d37c464bc09db34c9825279a8ada16f) Importer(2089858483,b0f066a214c2f5e87bad3c948f4d605d) (ScriptedImporter) -> (artifact id: '874ad9a2c3a3009a6bad61981d03a1ed') in 0.010227 seconds
Number of updated asset objects reloaded before import = 0Number of asset objects unloaded after import = 0

========================================================================
Received Import Request.
  Time since last request: 0.000041 seconds.
  path: Assets/Plugins/PrimeTween/PrimeTweenInstaller.asset
  artifactKey: Guid(aafeeef745bb4406db1b2cd166853022) Importer(2089858483,b0f066a214c2f5e87bad3c948f4d605d)
Start importing Assets/Plugins/PrimeTween/PrimeTweenInstaller.asset using Guid(aafeeef745bb4406db1b2cd166853022) Importer(2089858483,b0f066a214c2f5e87bad3c948f4d605d) (ScriptedImporter) -> (artifact id: 'daf7e3aa5089d0f4e3ec23caaafb8eed') in 0.0202582 seconds
Number of updated asset objects reloaded before import = 0Number of asset objects unloaded after import = 1

========================================================================
Received Import Request.
  Time since last request: 0.000023 seconds.
  path: Assets/Scripts/nomber seq/NumberSequenceController.cs
  artifactKey: Guid(cdcb4e601214bc540ac4b103a9644ed9) Importer(2089858483,b0f066a214c2f5e87bad3c948f4d605d)
Start importing Assets/Scripts/nomber seq/NumberSequenceController.cs using Guid(cdcb4e601214bc540ac4b103a9644ed9) Importer(2089858483,b0f066a214c2f5e87bad3c948f4d605d) (ScriptedImporter) -> (artifact id: '4b84d8069186690d8e8e01d5c503ee6d') in 0.0131654 seconds
Number of updated asset objects reloaded before import = 0Number of asset objects unloaded after import = 0

========================================================================
Received Import Request.
  Time since last request: 0.000053 seconds.
  path: Assets/Scripts/nomber seq/NumberDigitDisplay.cs
  artifactKey: Guid(7515bfc13a210da42953e8bdcc1060a6) Importer(2089858483,b0f066a214c2f5e87bad3c948f4d605d)
Start importing Assets/Scripts/nomber seq/NumberDigitDisplay.cs using Guid(7515bfc13a210da42953e8bdcc1060a6) Importer(2089858483,b0f066a214c2f5e87bad3c948f4d605d) (ScriptedImporter) -> (artifact id: 'ef8a49765b13fb705c3a1088418aa80f') in 0.0139715 seconds
Number of updated asset objects reloaded before import = 0Number of asset objects unloaded after import = 0

========================================================================
Received Import Request.
  Time since last request: 0.000023 seconds.
  path: Assets/Scripts/Pattern/PatternRecallController.cs
  artifactKey: Guid(57fe687117321df41a7fac725f7f49a4) Importer(2089858483,b0f066a214c2f5e87bad3c948f4d605d)
Start importing Assets/Scripts/Pattern/PatternRecallController.cs using Guid(57fe687117321df41a7fac725f7f49a4) Importer(2089858483,b0f066a214c2f5e87bad3c948f4d605d) (ScriptedImporter) -> (artifact id: '00a3aea08b02fed743074aea99e7776e') in 0.015178 seconds
Number of updated asset objects reloaded before import = 0Number of asset objects unloaded after import = 0

========================================================================
Received Import Request.
  Time since last request: 0.000018 seconds.
  path: Assets/TextMesh Pro/Shaders/TMPro_Surface.cginc
  artifactKey: Guid(d930090c0cd643c7b55f19a38538c162) Importer(2089858483,b0f066a214c2f5e87bad3c948f4d605d)
Start importing Assets/TextMesh Pro/Shaders/TMPro_Surface.cginc using Guid(d930090c0cd643c7b55f19a38538c162) Importer(2089858483,b0f066a214c2f5e87bad3c948f4d605d) (ScriptedImporter) -> (artifact id: '45e8044852c92c8af575072493dfc593') in 0.0165581 seconds
Number of updated asset objects reloaded before import = 0Number of asset objects unloaded after import = 1

========================================================================
Received Import Request.
  Time since last request: 0.000040 seconds.
  path: Assets/Scripts/nomber seq/selected.asset
  artifactKey: Guid(d276b215564a3a74cb9fc72291ed911d) Importer(2089858483,b0f066a214c2f5e87bad3c948f4d605d)
Start importing Assets/Scripts/nomber seq/selected.asset using Guid(d276b215564a3a74cb9fc72291ed911d) Importer(2089858483,b0f066a214c2f5e87bad3c948f4d605d) (ScriptedImporter) -> (artifact id: '1920c43e90448142cefe125eb26b9eaf') in 0.0217755 seconds
Number of updated asset objects reloaded before import = 0Number of asset objects unloaded after import = 12

========================================================================
Received Import Request.
  Time since last request: 0.000038 seconds.
  path: Assets/Cartoon UI/Sliders/Handle Purple.png
  artifactKey: Guid(96f3c5de759e88e429294c1923ab01b8) Importer(2089858483,b0f066a214c2f5e87bad3c948f4d605d)
Start importing Assets/Cartoon UI/Sliders/Handle Purple.png using Guid(96f3c5de759e88e429294c1923ab01b8) Importer(2089858483,b0f066a214c2f5e87bad3c948f4d605d) (ScriptedImporter) -> (artifact id: 'db454f1c753ccd7fd679e82aa620e926') in 0.0278883 seconds
Number of updated asset objects reloaded before import = 0Number of asset objects unloaded after import = 3

========================================================================
Received Import Request.
  Time since last request: 0.000021 seconds.
  path: Assets/Scripts/nomber seq/corerct.asset
  artifactKey: Guid(3e8d5c0b67463b94f80a48c62fc93147) Importer(2089858483,b0f066a214c2f5e87bad3c948f4d605d)
Start importing Assets/Scripts/nomber seq/corerct.asset using Guid(3e8d5c0b67463b94f80a48c62fc93147) Importer(2089858483,b0f066a214c2f5e87bad3c948f4d605d) (ScriptedImporter) -> (artifact id: 'a05684fd145c978fc4cf8545e1333b30') in 0.0152506 seconds
Number of updated asset objects reloaded before import = 0Number of asset objects unloaded after import = 12

========================================================================
Received Import Request.
  Time since last request: 0.000015 seconds.
  path: Assets/Cartoon UI/Icons/Yellow Book.png
  artifactKey: Guid(0e49040a09779cf41ac8d7ec3ec7bbe7) Importer(2089858483,b0f066a214c2f5e87bad3c948f4d605d)
Start importing Assets/Cartoon UI/Icons/Yellow Book.png using Guid(0e49040a09779cf41ac8d7ec3ec7bbe7) Importer(2089858483,b0f066a214c2f5e87bad3c948f4d605d) (ScriptedImporter) -> (artifact id: 'aa1d8ee77d20f28853564660047a8521') in 0.0193904 seconds
Number of updated asset objects reloaded before import = 0Number of asset objects unloaded after import = 3

========================================================================
Received Import Request.
  Time since last request: 0.000024 seconds.
  path: Assets/TextMesh Pro/Shaders/TMP_SDF-Mobile-2-Pass.shader
  artifactKey: Guid(0178fcb869bafef4690d177d31d17db8) Importer(2089858483,b0f066a214c2f5e87bad3c948f4d605d)
Start importing Assets/TextMesh Pro/Shaders/TMP_SDF-Mobile-2-Pass.shader using Guid(0178fcb869bafef4690d177d31d17db8) Importer(2089858483,b0f066a214c2f5e87bad3c948f4d605d) (ScriptedImporter) -> (artifact id: '2e66d2724b3bdaa7c28a37d02fe4a6a2') in 0.0246578 seconds
Number of updated asset objects reloaded before import = 0Number of asset objects unloaded after import = 1

========================================================================
Received Import Request.
  Time since last request: 0.000028 seconds.
  path: Assets/Cartoon UI/Sliders/Slider Fill Green.png
  artifactKey: Guid(3a1b0bd88fb86354ca4653df9ba22315) Importer(2089858483,b0f066a214c2f5e87bad3c948f4d605d)
Start importing Assets/Cartoon UI/Sliders/Slider Fill Green.png using Guid(3a1b0bd88fb86354ca4653df9ba22315) Importer(2089858483,b0f066a214c2f5e87bad3c948f4d605d) (ScriptedImporter) -> (artifact id: '5046d6b4a1133e2807c94baa1ca74562') in 0.018592 seconds
Number of updated asset objects reloaded before import = 0Number of asset objects unloaded after import = 3

========================================================================
Received Import Request.
  Time since last request: 0.000018 seconds.
  path: Assets/Cartoon UI/Panels/Victory title bar Pink Purple.png
  artifactKey: Guid(d6e44db3d29f89449ba6a5592793c422) Importer(2089858483,b0f066a214c2f5e87bad3c948f4d605d)
Start importing Assets/Cartoon UI/Panels/Victory title bar Pink Purple.png using Guid(d6e44db3d29f89449ba6a5592793c422) Importer(2089858483,b0f066a214c2f5e87bad3c948f4d605d) (ScriptedImporter) -> (artifact id: '701f6d97aabe4178479e45ad3599ffdb') in 0.0197849 seconds
Number of updated asset objects reloaded before import = 0Number of asset objects unloaded after import = 3

========================================================================
Received Import Request.
  Time since last request: 0.000016 seconds.
  path: Assets/Aztech Games/PC&ConsoleButtonsIcons/Keyboard/capslock.png
  artifactKey: Guid(2f05265a4e205194d80a263776e2631a) Importer(2089858483,b0f066a214c2f5e87bad3c948f4d605d)
Start importing Assets/Aztech Games/PC&ConsoleButtonsIcons/Keyboard/capslock.png using Guid(2f05265a4e205194d80a263776e2631a) Importer(2089858483,b0f066a214c2f5e87bad3c948f4d605d) (ScriptedImporter) -> (artifact id: '6a899483244da9b1c0176e8be0d38f73') in 0.0191132 seconds
Number of updated asset objects reloaded before import = 0Number of asset objects unloaded after import = 3

========================================================================
Received Import Request.
  Time since last request: 0.000020 seconds.
  path: Assets/Aztech Games/PC&ConsoleButtonsIcons/Keyboard/1.png
  artifactKey: Guid(f763c6672bbcca641ac50ef4ea4b33ee) Importer(2089858483,b0f066a214c2f5e87bad3c948f4d605d)
Start importing Assets/Aztech Games/PC&ConsoleButtonsIcons/Keyboard/1.png using Guid(f763c6672bbcca641ac50ef4ea4b33ee) Importer(2089858483,b0f066a214c2f5e87bad3c948f4d605d) (ScriptedImporter) -> (artifact id: 'adf1b97141bf4fc30f06c40daf478389') in 0.0228653 seconds
Number of updated asset objects reloaded before import = 0Number of asset objects unloaded after import = 3

========================================================================
Received Import Request.
  Time since last request: 0.000030 seconds.
  path: Assets/Aztech Games/PC&ConsoleButtonsIcons/Keyboard/arrowR.png
  artifactKey: Guid(ef9f1ea596fe27c47a2d2d3958654f6c) Importer(2089858483,b0f066a214c2f5e87bad3c948f4d605d)
Start importing Assets/Aztech Games/PC&ConsoleButtonsIcons/Keyboard/arrowR.png using Guid(ef9f1ea596fe27c47a2d2d3958654f6c) Importer(2089858483,b0f066a214c2f5e87bad3c948f4d605d) (ScriptedImporter) -> (artifact id: 'bb36d3ccb0b2de0e226dfcfa0533d2dc') in 0.0197285 seconds
Number of updated asset objects reloaded before import = 0Number of asset objects unloaded after import = 3

========================================================================
Received Import Request.
  Time since last request: 0.000038 seconds.
  path: Assets/Aztech Games/PC&ConsoleButtonsIcons/Keyboard/7.png
  artifactKey: Guid(05a90348adc419d4288e1168666ce850) Importer(2089858483,b0f066a214c2f5e87bad3c948f4d605d)
Start importing Assets/Aztech Games/PC&ConsoleButtonsIcons/Keyboard/7.png using Guid(05a90348adc419d4288e1168666ce850) Importer(2089858483,b0f066a214c2f5e87bad3c948f4d605d) (ScriptedImporter) -> (artifact id: '2197e82f7d5f69e379ea79419eb07ac2') in 0.02699 seconds
Number of updated asset objects reloaded before import = 0Number of asset objects unloaded after import = 3

========================================================================
Received Import Request.
  Time since last request: 0.000019 seconds.
  path: Assets/Aztech Games/PC&ConsoleButtonsIcons/Keyboard/3.png
  artifactKey: Guid(06a9d7531060fa844a694aba9c722f2d) Importer(2089858483,b0f066a214c2f5e87bad3c948f4d605d)
Start importing Assets/Aztech Games/PC&ConsoleButtonsIcons/Keyboard/3.png using Guid(06a9d7531060fa844a694aba9c722f2d) Importer(2089858483,b0f066a214c2f5e87bad3c948f4d605d) (ScriptedImporter) -> (artifact id: '5328e283b215a13208c1d37b0e250602') in 0.0208547 seconds
Number of updated asset objects reloaded before import = 0Number of asset objects unloaded after import = 3

========================================================================
Received Import Request.
  Time since last request: 0.000032 seconds.
  path: Assets/TextMesh Pro/Sprites/EmojiOne Attribution.txt
  artifactKey: Guid(381dcb09d5029d14897e55f98031fca5) Importer(2089858483,b0f066a214c2f5e87bad3c948f4d605d)
Start importing Assets/TextMesh Pro/Sprites/EmojiOne Attribution.txt using Guid(381dcb09d5029d14897e55f98031fca5) Importer(2089858483,b0f066a214c2f5e87bad3c948f4d605d) (ScriptedImporter) -> (artifact id: 'f7c3138d75c08e9bb6457eb8ff6fc03c') in 0.0140199 seconds
Number of updated asset objects reloaded before import = 0Number of asset objects unloaded after import = 1

========================================================================
Received Import Request.
  Time since last request: 0.000036 seconds.
  path: Assets/Aztech Games/PC&ConsoleButtonsIcons/Keyboard/colon.png
  artifactKey: Guid(57f517df2b54ec64ea9382cbeb84878e) Importer(2089858483,b0f066a214c2f5e87bad3c948f4d605d)
Start importing Assets/Aztech Games/PC&ConsoleButtonsIcons/Keyboard/colon.png using Guid(57f517df2b54ec64ea9382cbeb84878e) Importer(2089858483,b0f066a214c2f5e87bad3c948f4d605d) (ScriptedImporter) -> (artifact id: 'b5af18225d84509fc42cb473e9b71e36') in 0.0295324 seconds
Number of updated asset objects reloaded before import = 0Number of asset objects unloaded after import = 3

========================================================================
Received Import Request.
  Time since last request: 0.000026 seconds.
  path: Assets/Aztech Games/PC&ConsoleButtonsIcons/Keyboard/6.png
  artifactKey: Guid(275976e0abf2b1f4182fdac6c2fa3239) Importer(2089858483,b0f066a214c2f5e87bad3c948f4d605d)
Start importing Assets/Aztech Games/PC&ConsoleButtonsIcons/Keyboard/6.png using Guid(275976e0abf2b1f4182fdac6c2fa3239) Importer(2089858483,b0f066a214c2f5e87bad3c948f4d605d) (ScriptedImporter) -> (artifact id: '9ed9f94b237192f1489f0cc30039c0f3') in 0.0213877 seconds
Number of updated asset objects reloaded before import = 0Number of asset objects unloaded after import = 3

========================================================================
Received Import Request.
  Time since last request: 0.000052 seconds.
  path: Assets/Aztech Games/PC&ConsoleButtonsIcons/Keyboard/dollar.png
  artifactKey: Guid(a94788ab49ac7cd4b9449633be981d1a) Importer(2089858483,b0f066a214c2f5e87bad3c948f4d605d)
Start importing Assets/Aztech Games/PC&ConsoleButtonsIcons/Keyboard/dollar.png using Guid(a94788ab49ac7cd4b9449633be981d1a) Importer(2089858483,b0f066a214c2f5e87bad3c948f4d605d) (ScriptedImporter) -> (artifact id: '5540f2f44dd9e9b49433bfeaf12de69b') in 0.0200338 seconds
Number of updated asset objects reloaded before import = 0Number of asset objects unloaded after import = 3

========================================================================
Received Import Request.
  Time since last request: 0.000029 seconds.
  path: Assets/Aztech Games/PC&ConsoleButtonsIcons/Keyboard/d.png
  artifactKey: Guid(1776ac41d91387546af27228e20643cf) Importer(2089858483,b0f066a214c2f5e87bad3c948f4d605d)
Start importing Assets/Aztech Games/PC&ConsoleButtonsIcons/Keyboard/d.png using Guid(1776ac41d91387546af27228e20643cf) Importer(2089858483,b0f066a214c2f5e87bad3c948f4d605d) (ScriptedImporter) -> (artifact id: '019a52b0836e391c06e2d31385644d5f') in 0.0257756 seconds
Number of updated asset objects reloaded before import = 0Number of asset objects unloaded after import = 3

========================================================================
Received Import Request.
  Time since last request: 0.000060 seconds.
  path: Assets/Aztech Games/PC&ConsoleButtonsIcons/Keyboard/doublelessthan.png
  artifactKey: Guid(b2b41fc02735c1e43bab82eeff31e0c1) Importer(2089858483,b0f066a214c2f5e87bad3c948f4d605d)
Start importing Assets/Aztech Games/PC&ConsoleButtonsIcons/Keyboard/doublelessthan.png using Guid(b2b41fc02735c1e43bab82eeff31e0c1) Importer(2089858483,b0f066a214c2f5e87bad3c948f4d605d) (ScriptedImporter) -> (artifact id: '96ec4653a164562aed77e3f4d527e3f1') in 0.0201477 seconds
Number of updated asset objects reloaded before import = 0Number of asset objects unloaded after import = 3

========================================================================
Received Import Request.
  Time since last request: 0.000082 seconds.
  path: Assets/Aztech Games/PC&ConsoleButtonsIcons/Keyboard/doublequotes.png
  artifactKey: Guid(edab70be8f29a864a853bc1bc8f57739) Importer(2089858483,b0f066a214c2f5e87bad3c948f4d605d)
Start importing Assets/Aztech Games/PC&ConsoleButtonsIcons/Keyboard/doublequotes.png using Guid(edab70be8f29a864a853bc1bc8f57739) Importer(2089858483,b0f066a214c2f5e87bad3c948f4d605d) (ScriptedImporter) -> (artifact id: '9ddedc317c36527bee7b8fa5114a4d9a') in 0.0260753 seconds
Number of updated asset objects reloaded before import = 0Number of asset objects unloaded after import = 3

========================================================================
Received Import Request.
  Time since last request: 0.000033 seconds.
  path: Assets/Aztech Games/PC&ConsoleButtonsIcons/Keyboard/angleBracketL (2).png
  artifactKey: Guid(118cff6925c194c4ab9bc6375d68655f) Importer(2089858483,b0f066a214c2f5e87bad3c948f4d605d)
Start importing Assets/Aztech Games/PC&ConsoleButtonsIcons/Keyboard/angleBracketL (2).png using Guid(118cff6925c194c4ab9bc6375d68655f) Importer(2089858483,b0f066a214c2f5e87bad3c948f4d605d) (ScriptedImporter) -> (artifact id: 'ac344381d4c6cf5a2d4ff1d2d7861830') in 0.0231801 seconds
Number of updated asset objects reloaded before import = 0Number of asset objects unloaded after import = 3

========================================================================
Received Import Request.
  Time since last request: 0.000024 seconds.
  path: Assets/game assets/Number Sequence/damage.png
  artifactKey: Guid(f8150b798f627ab41b27936bcf69fd58) Importer(2089858483,b0f066a214c2f5e87bad3c948f4d605d)
Start importing Assets/game assets/Number Sequence/damage.png using Guid(f8150b798f627ab41b27936bcf69fd58) Importer(2089858483,b0f066a214c2f5e87bad3c948f4d605d) (ScriptedImporter) -> (artifact id: '869acef27014bfe10927ae2e01495df4') in 0.0893098 seconds
Number of updated asset objects reloaded before import = 0Number of asset objects unloaded after import = 43

========================================================================
Received Import Request.
  Time since last request: 0.000042 seconds.
  path: Assets/Aztech Games/PC&ConsoleButtonsIcons/Keyboard/f12.png
  artifactKey: Guid(7c5b2033e9732094095fb6785b7648b9) Importer(2089858483,b0f066a214c2f5e87bad3c948f4d605d)
Start importing Assets/Aztech Games/PC&ConsoleButtonsIcons/Keyboard/f12.png using Guid(7c5b2033e9732094095fb6785b7648b9) Importer(2089858483,b0f066a214c2f5e87bad3c948f4d605d) (ScriptedImporter) -> (artifact id: '34408044bca27dc299d2982e495f2e07') in 0.0218798 seconds
Number of updated asset objects reloaded before import = 0Number of asset objects unloaded after import = 3

========================================================================
Received Import Request.
  Time since last request: 0.000016 seconds.
  path: Assets/Aztech Games/PC&ConsoleButtonsIcons/Keyboard/s.png
  artifactKey: Guid(98f30b52b8c870f49a502422f5b5a817) Importer(2089858483,b0f066a214c2f5e87bad3c948f4d605d)
Start importing Assets/Aztech Games/PC&ConsoleButtonsIcons/Keyboard/s.png using Guid(98f30b52b8c870f49a502422f5b5a817) Importer(2089858483,b0f066a214c2f5e87bad3c948f4d605d) (ScriptedImporter) -> (artifact id: 'ba7e92028cfd06c950790fc11a9a2aa3') in 0.0180935 seconds
Number of updated asset objects reloaded before import = 0Number of asset objects unloaded after import = 3

========================================================================
Received Import Request.
  Time since last request: 0.000017 seconds.
  path: Assets/Aztech Games/PC&ConsoleButtonsIcons/Keyboard/r.png
  artifactKey: Guid(403c0b74b02bcd5419a610abae1a7a6b) Importer(2089858483,b0f066a214c2f5e87bad3c948f4d605d)
Start importing Assets/Aztech Games/PC&ConsoleButtonsIcons/Keyboard/r.png using Guid(403c0b74b02bcd5419a610abae1a7a6b) Importer(2089858483,b0f066a214c2f5e87bad3c948f4d605d) (ScriptedImporter) -> (artifact id: '004fb23fa3b9325000e830fa96addc2d') in 0.0153056 seconds
Number of updated asset objects reloaded before import = 0Number of asset objects unloaded after import = 3

========================================================================
Received Import Request.
  Time since last request: 0.000025 seconds.
  path: Assets/Aztech Games/PC&ConsoleButtonsIcons/Keyboard/lessthan.png
  artifactKey: Guid(9bb013d18d3f12941bb5aaf975e59e77) Importer(2089858483,b0f066a214c2f5e87bad3c948f4d605d)
Start importing Assets/Aztech Games/PC&ConsoleButtonsIcons/Keyboard/lessthan.png using Guid(9bb013d18d3f12941bb5aaf975e59e77) Importer(2089858483,b0f066a214c2f5e87bad3c948f4d605d) (ScriptedImporter) -> (artifact id: '1ebf56c413ecff4ed07e46812274d6c5') in 0.0150776 seconds
Number of updated asset objects reloaded before import = 0Number of asset objects unloaded after import = 3

========================================================================
Received Import Request.
  Time since last request: 0.000032 seconds.
  path: Assets/Aztech Games/PC&ConsoleButtonsIcons/Keyboard/greaterthan.png
  artifactKey: Guid(3480a60a1e8c6364b86eda1fe7db735b) Importer(2089858483,b0f066a214c2f5e87bad3c948f4d605d)
Start importing Assets/Aztech Games/PC&ConsoleButtonsIcons/Keyboard/greaterthan.png using Guid(3480a60a1e8c6364b86eda1fe7db735b) Importer(2089858483,b0f066a214c2f5e87bad3c948f4d605d) (ScriptedImporter) -> (artifact id: 'c9500ce75a396b30c294e1d161ac04e3') in 0.0182758 seconds
Number of updated asset objects reloaded before import = 0Number of asset objects unloaded after import = 3

========================================================================
Received Import Request.
  Time since last request: 0.000021 seconds.
  path: Assets/Aztech Games/PC&ConsoleButtonsIcons/Keyboard/p.png
  artifactKey: Guid(f4caca80438325e448f9ff714c626580) Importer(2089858483,b0f066a214c2f5e87bad3c948f4d605d)
Start importing Assets/Aztech Games/PC&ConsoleButtonsIcons/Keyboard/p.png using Guid(f4caca80438325e448f9ff714c626580) Importer(2089858483,b0f066a214c2f5e87bad3c948f4d605d) (ScriptedImporter) -> (artifact id: '221f48d2521da4813add2bf7a417cc65') in 0.0163064 seconds
Number of updated asset objects reloaded before import = 0Number of asset objects unloaded after import = 3

========================================================================
Received Import Request.
  Time since last request: 0.000022 seconds.
  path: Assets/Aztech Games/PC&ConsoleButtonsIcons/Keyboard/k.png
  artifactKey: Guid(2e92db978ff7be44cbf55738539fed72) Importer(2089858483,b0f066a214c2f5e87bad3c948f4d605d)
Start importing Assets/Aztech Games/PC&ConsoleButtonsIcons/Keyboard/k.png using Guid(2e92db978ff7be44cbf55738539fed72) Importer(2089858483,b0f066a214c2f5e87bad3c948f4d605d) (ScriptedImporter) -> (artifact id: 'a5cc05c952f8dc2a9c1ad005e4559b7e') in 0.0251887 seconds
Number of updated asset objects reloaded before import = 0Number of asset objects unloaded after import = 3

========================================================================
Received Import Request.
  Time since last request: 0.000019 seconds.
  path: Assets/Aztech Games/PC&ConsoleButtonsIcons/Keyboard/pageUp.png
  artifactKey: Guid(637b5b84ba065b34880315d556dce89d) Importer(2089858483,b0f066a214c2f5e87bad3c948f4d605d)
Start importing Assets/Aztech Games/PC&ConsoleButtonsIcons/Keyboard/pageUp.png using Guid(637b5b84ba065b34880315d556dce89d) Importer(2089858483,b0f066a214c2f5e87bad3c948f4d605d) (ScriptedImporter) -> (artifact id: 'cf7a33910f2b8eeb4402db15ab2af3a7') in 0.0372894 seconds
Number of updated asset objects reloaded before import = 0Number of asset objects unloaded after import = 3

========================================================================
Received Import Request.
  Time since last request: 0.000035 seconds.
  path: Assets/Aztech Games/PC&ConsoleButtonsIcons/Keyboard/o.png
  artifactKey: Guid(b978de9daa7062d4a9f708dbfbf190d5) Importer(2089858483,b0f066a214c2f5e87bad3c948f4d605d)
Start importing Assets/Aztech Games/PC&ConsoleButtonsIcons/Keyboard/o.png using Guid(b978de9daa7062d4a9f708dbfbf190d5) Importer(2089858483,b0f066a214c2f5e87bad3c948f4d605d) (ScriptedImporter) -> (artifact id: '427925119b8564c9fe3d6564537010af') in 0.0243427 seconds
Number of updated asset objects reloaded before import = 0Number of asset objects unloaded after import = 3

========================================================================
Received Import Request.
  Time since last request: 0.000023 seconds.
  path: Assets/Aztech Games/PC&ConsoleButtonsIcons/Keyboard/f2.png
  artifactKey: Guid(c675dd7407bc0cc4790011986574ef2f) Importer(2089858483,b0f066a214c2f5e87bad3c948f4d605d)
Start importing Assets/Aztech Games/PC&ConsoleButtonsIcons/Keyboard/f2.png using Guid(c675dd7407bc0cc4790011986574ef2f) Importer(2089858483,b0f066a214c2f5e87bad3c948f4d605d) (ScriptedImporter) -> (artifact id: 'c874e51bd17ceb55f64fbe0d4345e113') in 0.0207174 seconds
Number of updated asset objects reloaded before import = 0Number of asset objects unloaded after import = 3

========================================================================
Received Import Request.
  Time since last request: 0.000018 seconds.
  path: Assets/Aztech Games/PC&ConsoleButtonsIcons/Keyboard/f.png
  artifactKey: Guid(d2fb17bdd8165c14db2ff76446f1bba4) Importer(2089858483,b0f066a214c2f5e87bad3c948f4d605d)
Start importing Assets/Aztech Games/PC&ConsoleButtonsIcons/Keyboard/f.png using Guid(d2fb17bdd8165c14db2ff76446f1bba4) Importer(2089858483,b0f066a214c2f5e87bad3c948f4d605d) (ScriptedImporter) -> (artifact id: '90a78095ef3d403f4fd8bba82178563b') in 0.0206819 seconds
Number of updated asset objects reloaded before import = 0Number of asset objects unloaded after import = 3

========================================================================
Received Import Request.
  Time since last request: 0.000017 seconds.
  path: Assets/Aztech Games/PC&ConsoleButtonsIcons/Keyboard/n.png
  artifactKey: Guid(19caefc16ea44bd4e80ca32552d4f2b8) Importer(2089858483,b0f066a214c2f5e87bad3c948f4d605d)
Start importing Assets/Aztech Games/PC&ConsoleButtonsIcons/Keyboard/n.png using Guid(19caefc16ea44bd4e80ca32552d4f2b8) Importer(2089858483,b0f066a214c2f5e87bad3c948f4d605d) (ScriptedImporter) -> (artifact id: 'd830717febce3abd1eb0ba1ffcb4899e') in 0.0176023 seconds
Number of updated asset objects reloaded before import = 0Number of asset objects unloaded after import = 3

========================================================================
Received Import Request.
  Time since last request: 0.000031 seconds.
  path: Assets/Aztech Games/PC&ConsoleButtonsIcons/Keyboard/ç.png
  artifactKey: Guid(ab049bceaea42b44d816cdb09fb2aa7b) Importer(2089858483,b0f066a214c2f5e87bad3c948f4d605d)
Start importing Assets/Aztech Games/PC&ConsoleButtonsIcons/Keyboard/ç.png using Guid(ab049bceaea42b44d816cdb09fb2aa7b) Importer(2089858483,b0f066a214c2f5e87bad3c948f4d605d) (ScriptedImporter) -> (artifact id: '9d5317f80806fb5c600a0e754df33e73') in 0.0203902 seconds
Number of updated asset objects reloaded before import = 0Number of asset objects unloaded after import = 3

========================================================================
Received Import Request.
  Time since last request: 0.000019 seconds.
  path: Assets/Aztech Games/PC&ConsoleButtonsIcons/Keyboard_White/9.png
  artifactKey: Guid(fb9a17bcd68d1cc4ea73365434676bdf) Importer(2089858483,b0f066a214c2f5e87bad3c948f4d605d)
Start importing Assets/Aztech Games/PC&ConsoleButtonsIcons/Keyboard_White/9.png using Guid(fb9a17bcd68d1cc4ea73365434676bdf) Importer(2089858483,b0f066a214c2f5e87bad3c948f4d605d) (ScriptedImporter) -> (artifact id: '2d20f2d5523fc6983ef76f1721615b35') in 0.0292176 seconds
Number of updated asset objects reloaded before import = 0Number of asset objects unloaded after import = 3

========================================================================
Received Import Request.
  Time since last request: 0.000017 seconds.
  path: Assets/Aztech Games/PC&ConsoleButtonsIcons/Keyboard_White/2.png
  artifactKey: Guid(424def0d77e493a4fb8c7a539ffd48e5) Importer(2089858483,b0f066a214c2f5e87bad3c948f4d605d)
Start importing Assets/Aztech Games/PC&ConsoleButtonsIcons/Keyboard_White/2.png using Guid(424def0d77e493a4fb8c7a539ffd48e5) Importer(2089858483,b0f066a214c2f5e87bad3c948f4d605d) (ScriptedImporter) -> (artifact id: 'f185a47a8cdc46c576d692742bc767dd') in 0.0237676 seconds
Number of updated asset objects reloaded before import = 0Number of asset objects unloaded after import = 3

========================================================================
Received Import Request.
  Time since last request: 0.000021 seconds.
  path: Assets/Aztech Games/PC&ConsoleButtonsIcons/Keyboard_White/7.png
  artifactKey: Guid(afc70e2f210d74b49ac8768599b1d9fa) Importer(2089858483,b0f066a214c2f5e87bad3c948f4d605d)
Start importing Assets/Aztech Games/PC&ConsoleButtonsIcons/Keyboard_White/7.png using Guid(afc70e2f210d74b49ac8768599b1d9fa) Importer(2089858483,b0f066a214c2f5e87bad3c948f4d605d) (ScriptedImporter) -> (artifact id: '19ecb9712e904cf4a0668def3289f218') in 0.0180937 seconds
Number of updated asset objects reloaded before import = 0Number of asset objects unloaded after import = 3

========================================================================
Received Import Request.
  Time since last request: 0.000032 seconds.
  path: Assets/Aztech Games/PC&ConsoleButtonsIcons/Keyboard/ş.png
  artifactKey: Guid(2243f3c9095fa85409099940795c455f) Importer(2089858483,b0f066a214c2f5e87bad3c948f4d605d)
Start importing Assets/Aztech Games/PC&ConsoleButtonsIcons/Keyboard/ş.png using Guid(2243f3c9095fa85409099940795c455f) Importer(2089858483,b0f066a214c2f5e87bad3c948f4d605d) (ScriptedImporter) -> (artifact id: '3ac4889f63b47f1a9d4edc65ab163d8b') in 0.0220872 seconds
Number of updated asset objects reloaded before import = 0Number of asset objects unloaded after import = 3

========================================================================
Received Import Request.
  Time since last request: 0.000019 seconds.
  path: Assets/Aztech Games/PC&ConsoleButtonsIcons/Keyboard_White/1.png
  artifactKey: Guid(dd2e422defd8d1846b511fe50792e78d) Importer(2089858483,b0f066a214c2f5e87bad3c948f4d605d)
Start importing Assets/Aztech Games/PC&ConsoleButtonsIcons/Keyboard_White/1.png using Guid(dd2e422defd8d1846b511fe50792e78d) Importer(2089858483,b0f066a214c2f5e87bad3c948f4d605d) (ScriptedImporter) -> (artifact id: '56f21ec3b56a35dced65c92d2f374d60') in 0.0181143 seconds
Number of updated asset objects reloaded before import = 0Number of asset objects unloaded after import = 3

========================================================================
Received Import Request.
  Time since last request: 0.000021 seconds.
  path: Assets/Aztech Games/PC&ConsoleButtonsIcons/Keyboard/slash.png
  artifactKey: Guid(32ddf34883cb05e4682d636698d5bae5) Importer(2089858483,b0f066a214c2f5e87bad3c948f4d605d)
Start importing Assets/Aztech Games/PC&ConsoleButtonsIcons/Keyboard/slash.png using Guid(32ddf34883cb05e4682d636698d5bae5) Importer(2089858483,b0f066a214c2f5e87bad3c948f4d605d) (ScriptedImporter) -> (artifact id: '41e7f6ec319031c8fed0ce3342aac123') in 0.0203295 seconds
Number of updated asset objects reloaded before import = 0Number of asset objects unloaded after import = 3

========================================================================
Received Import Request.
  Time since last request: 0.000022 seconds.
  path: Assets/Aztech Games/PC&ConsoleButtonsIcons/Keyboard_White/a.png
  artifactKey: Guid(e3b8117d1c2e7fa44aed95a2468e7d52) Importer(2089858483,b0f066a214c2f5e87bad3c948f4d605d)
Start importing Assets/Aztech Games/PC&ConsoleButtonsIcons/Keyboard_White/a.png using Guid(e3b8117d1c2e7fa44aed95a2468e7d52) Importer(2089858483,b0f066a214c2f5e87bad3c948f4d605d) (ScriptedImporter) -> (artifact id: 'e69bdacb42f38d97ab733c3dfdf08d2f') in 0.0206063 seconds
Number of updated asset objects reloaded before import = 0Number of asset objects unloaded after import = 3

========================================================================
Received Import Request.
  Time since last request: 0.000049 seconds.
  path: Assets/Aztech Games/PC&ConsoleButtonsIcons/Keyboard/y.png
  artifactKey: Guid(0359662c004330c47891593fc8fdbcdc) Importer(2089858483,b0f066a214c2f5e87bad3c948f4d605d)
Start importing Assets/Aztech Games/PC&ConsoleButtonsIcons/Keyboard/y.png using Guid(0359662c004330c47891593fc8fdbcdc) Importer(2089858483,b0f066a214c2f5e87bad3c948f4d605d) (ScriptedImporter) -> (artifact id: 'ba8cd19ed53d4a7e9dfd67e46dcf10b4') in 0.0206324 seconds
Number of updated asset objects reloaded before import = 0Number of asset objects unloaded after import = 3

========================================================================
Received Import Request.
  Time since last request: 0.000023 seconds.
  path: Assets/Aztech Games/PC&ConsoleButtonsIcons/Keyboard/u.png
  artifactKey: Guid(b221e0749574bc14b9106d0574fce65d) Importer(2089858483,b0f066a214c2f5e87bad3c948f4d605d)
Start importing Assets/Aztech Games/PC&ConsoleButtonsIcons/Keyboard/u.png using Guid(b221e0749574bc14b9106d0574fce65d) Importer(2089858483,b0f066a214c2f5e87bad3c948f4d605d) (ScriptedImporter) -> (artifact id: '607239bc37250f47757acbf45fd374b9') in 0.0205043 seconds
Number of updated asset objects reloaded before import = 0Number of asset objects unloaded after import = 3

========================================================================
Received Import Request.
  Time since last request: 0.000019 seconds.
  path: Assets/Aztech Games/PC&ConsoleButtonsIcons/Keyboard_White/ampersand.png
  artifactKey: Guid(e1434d8020e617d4ba7258b21b2f071d) Importer(2089858483,b0f066a214c2f5e87bad3c948f4d605d)
Start importing Assets/Aztech Games/PC&ConsoleButtonsIcons/Keyboard_White/ampersand.png using Guid(e1434d8020e617d4ba7258b21b2f071d) Importer(2089858483,b0f066a214c2f5e87bad3c948f4d605d) (ScriptedImporter) -> (artifact id: '55b1b5d21513bb390e2860a020f62ee8') in 0.0188224 seconds
Number of updated asset objects reloaded before import = 0Number of asset objects unloaded after import = 3

========================================================================
Received Import Request.
  Time since last request: 0.000020 seconds.
  path: Assets/Aztech Games/PC&ConsoleButtonsIcons/Keyboard/v.png
  artifactKey: Guid(6d3e73ca374c1d6489493dd6d287643d) Importer(2089858483,b0f066a214c2f5e87bad3c948f4d605d)
Start importing Assets/Aztech Games/PC&ConsoleButtonsIcons/Keyboard/v.png using Guid(6d3e73ca374c1d6489493dd6d287643d) Importer(2089858483,b0f066a214c2f5e87bad3c948f4d605d) (ScriptedImporter) -> (artifact id: 'a7085e36a41337e24956392e5803355d') in 0.0235599 seconds
Number of updated asset objects reloaded before import = 0Number of asset objects unloaded after import = 3

========================================================================
Received Import Request.
  Time since last request: 0.000027 seconds.
  path: Assets/Cartoon UI/Icons/Box.png
  artifactKey: Guid(8505140710fbc9a4da6894b64f4a0120) Importer(2089858483,b0f066a214c2f5e87bad3c948f4d605d)
Start importing Assets/Cartoon UI/Icons/Box.png using Guid(8505140710fbc9a4da6894b64f4a0120) Importer(2089858483,b0f066a214c2f5e87bad3c948f4d605d) (ScriptedImporter) -> (artifact id: '9112b68f3396f1387a0b81e16e5bd785') in 0.0266327 seconds
Number of updated asset objects reloaded before import = 0Number of asset objects unloaded after import = 3

========================================================================
Received Import Request.
  Time since last request: 0.000021 seconds.
  path: Assets/Cartoon UI/Toggles/Check Fill Green.png
  artifactKey: Guid(e31301704cef93b43ab6e5b9d4c96249) Importer(2089858483,b0f066a214c2f5e87bad3c948f4d605d)
Start importing Assets/Cartoon UI/Toggles/Check Fill Green.png using Guid(e31301704cef93b43ab6e5b9d4c96249) Importer(2089858483,b0f066a214c2f5e87bad3c948f4d605d) (ScriptedImporter) -> (artifact id: 'ebcb95673ff42147a57672e7048b529e') in 0.0224699 seconds
Number of updated asset objects reloaded before import = 0Number of asset objects unloaded after import = 3

========================================================================
Received Import Request.
  Time since last request: 0.000034 seconds.
  path: Assets/Aztech Games/PC&ConsoleButtonsIcons/Keyboard_White/doublelessthan.png
  artifactKey: Guid(628eff7921206054c84551976838cdb2) Importer(2089858483,b0f066a214c2f5e87bad3c948f4d605d)
Start importing Assets/Aztech Games/PC&ConsoleButtonsIcons/Keyboard_White/doublelessthan.png using Guid(628eff7921206054c84551976838cdb2) Importer(2089858483,b0f066a214c2f5e87bad3c948f4d605d) (ScriptedImporter) -> (artifact id: '9859edd2898ef07b807394c254ea12ee') in 0.0242071 seconds
Number of updated asset objects reloaded before import = 0Number of asset objects unloaded after import = 3

========================================================================
Received Import Request.
  Time since last request: 0.000018 seconds.
  path: Assets/Aztech Games/PC&ConsoleButtonsIcons/Keyboard_White/curlybracketL.png
  artifactKey: Guid(4c136b4ae00b21442a9fbd8b29eef37b) Importer(2089858483,b0f066a214c2f5e87bad3c948f4d605d)
Start importing Assets/Aztech Games/PC&ConsoleButtonsIcons/Keyboard_White/curlybracketL.png using Guid(4c136b4ae00b21442a9fbd8b29eef37b) Importer(2089858483,b0f066a214c2f5e87bad3c948f4d605d) (ScriptedImporter) -> (artifact id: '3b351a4752d71f442e74aa8f9f36ba4a') in 0.0216775 seconds
Number of updated asset objects reloaded before import = 0Number of asset objects unloaded after import = 3

========================================================================
Received Import Request.
  Time since last request: 0.000025 seconds.
  path: Assets/Aztech Games/PC&ConsoleButtonsIcons/Keyboard_White/g.png
  artifactKey: Guid(65e9e2abcb2f1004d88dd1868b457afd) Importer(2089858483,b0f066a214c2f5e87bad3c948f4d605d)
Start importing Assets/Aztech Games/PC&ConsoleButtonsIcons/Keyboard_White/g.png using Guid(65e9e2abcb2f1004d88dd1868b457afd) Importer(2089858483,b0f066a214c2f5e87bad3c948f4d605d) (ScriptedImporter) -> (artifact id: '1adf20644d9551178b14af199f980ef9') in 0.0284634 seconds
Number of updated asset objects reloaded before import = 0Number of asset objects unloaded after import = 3

========================================================================
Received Import Request.
  Time since last request: 0.000018 seconds.
  path: Assets/Aztech Games/PC&ConsoleButtonsIcons/Keyboard_White/f1.png
  artifactKey: Guid(c7763c362afe63c4389194fb4767ed27) Importer(2089858483,b0f066a214c2f5e87bad3c948f4d605d)
Start importing Assets/Aztech Games/PC&ConsoleButtonsIcons/Keyboard_White/f1.png using Guid(c7763c362afe63c4389194fb4767ed27) Importer(2089858483,b0f066a214c2f5e87bad3c948f4d605d) (ScriptedImporter) -> (artifact id: 'bfe1e8790fa202f9568167a49831b053') in 0.019789 seconds
Number of updated asset objects reloaded before import = 0Number of asset objects unloaded after import = 3

========================================================================
Received Import Request.
  Time since last request: 0.000016 seconds.
  path: Assets/Aztech Games/PC&ConsoleButtonsIcons/Keyboard_White/esc.png
  artifactKey: Guid(014ccd279f54c0848a76145ace827575) Importer(2089858483,b0f066a214c2f5e87bad3c948f4d605d)
Start importing Assets/Aztech Games/PC&ConsoleButtonsIcons/Keyboard_White/esc.png using Guid(014ccd279f54c0848a76145ace827575) Importer(2089858483,b0f066a214c2f5e87bad3c948f4d605d) (ScriptedImporter) -> (artifact id: '80bc20a6289255473ecf2bae50784651') in 0.0179055 seconds
Number of updated asset objects reloaded before import = 0Number of asset objects unloaded after import = 3

========================================================================
Received Import Request.
  Time since last request: 0.000023 seconds.
  path: Assets/Aztech Games/PC&ConsoleButtonsIcons/Keyboard_White/arrowL.png
  artifactKey: Guid(77f082b3445381f499dc55aa8afa3ca0) Importer(2089858483,b0f066a214c2f5e87bad3c948f4d605d)
Start importing Assets/Aztech Games/PC&ConsoleButtonsIcons/Keyboard_White/arrowL.png using Guid(77f082b3445381f499dc55aa8afa3ca0) Importer(2089858483,b0f066a214c2f5e87bad3c948f4d605d) (ScriptedImporter) -> (artifact id: '7152c2fd5ba5fa062886dffda2ba2522') in 0.0180959 seconds
Number of updated asset objects reloaded before import = 0Number of asset objects unloaded after import = 3

========================================================================
Received Import Request.
  Time since last request: 0.000032 seconds.
  path: Assets/Aztech Games/PC&ConsoleButtonsIcons/Keyboard_White/capslock.png
  artifactKey: Guid(160bfa112b9dbe641bf5a8174c5e8732) Importer(2089858483,b0f066a214c2f5e87bad3c948f4d605d)
Start importing Assets/Aztech Games/PC&ConsoleButtonsIcons/Keyboard_White/capslock.png using Guid(160bfa112b9dbe641bf5a8174c5e8732) Importer(2089858483,b0f066a214c2f5e87bad3c948f4d605d) (ScriptedImporter) -> (artifact id: 'eed881e9341c180c80aebc1de96b71db') in 0.0185244 seconds
Number of updated asset objects reloaded before import = 0Number of asset objects unloaded after import = 3

========================================================================
Received Import Request.
  Time since last request: 0.000017 seconds.
  path: Assets/Aztech Games/PC&ConsoleButtonsIcons/Keyboard_White/asterisk.png
  artifactKey: Guid(715211b09044e44419e64ec1eca36f3f) Importer(2089858483,b0f066a214c2f5e87bad3c948f4d605d)
Start importing Assets/Aztech Games/PC&ConsoleButtonsIcons/Keyboard_White/asterisk.png using Guid(715211b09044e44419e64ec1eca36f3f) Importer(2089858483,b0f066a214c2f5e87bad3c948f4d605d) (ScriptedImporter) -> (artifact id: 'cfc0ed8c99861318a4fb051fa87bbc12') in 0.0175229 seconds
Number of updated asset objects reloaded before import = 0Number of asset objects unloaded after import = 3

========================================================================
Received Import Request.
  Time since last request: 0.000022 seconds.
  path: Assets/Aztech Games/PC&ConsoleButtonsIcons/Keyboard_White/delete.png
  artifactKey: Guid(57e2eee90f90b8b45a5a0dc53a2e40cc) Importer(2089858483,b0f066a214c2f5e87bad3c948f4d605d)
Start importing Assets/Aztech Games/PC&ConsoleButtonsIcons/Keyboard_White/delete.png using Guid(57e2eee90f90b8b45a5a0dc53a2e40cc) Importer(2089858483,b0f066a214c2f5e87bad3c948f4d605d) (ScriptedImporter) -> (artifact id: '3b9fcf516f302578a98880ac8e45a6aa') in 0.0165941 seconds
Number of updated asset objects reloaded before import = 0Number of asset objects unloaded after import = 3

========================================================================
Received Import Request.
  Time since last request: 0.000038 seconds.
  path: Assets/Aztech Games/PC&ConsoleButtonsIcons/Keyboard_White/at.png
  artifactKey: Guid(7a658989f68b222439647f1e3c14e246) Importer(2089858483,b0f066a214c2f5e87bad3c948f4d605d)
Start importing Assets/Aztech Games/PC&ConsoleButtonsIcons/Keyboard_White/at.png using Guid(7a658989f68b222439647f1e3c14e246) Importer(2089858483,b0f066a214c2f5e87bad3c948f4d605d) (ScriptedImporter) -> (artifact id: 'a798232e2da94228ec04574e385f621e') in 0.0173618 seconds
Number of updated asset objects reloaded before import = 0Number of asset objects unloaded after import = 3

========================================================================
Received Import Request.
  Time since last request: 0.000075 seconds.
  path: Assets/Aztech Games/PC&ConsoleButtonsIcons/Keyboard_White/f5.png
  artifactKey: Guid(5afa3f48d03ce644bb1ba0e1b85aaac0) Importer(2089858483,b0f066a214c2f5e87bad3c948f4d605d)
Start importing Assets/Aztech Games/PC&ConsoleButtonsIcons/Keyboard_White/f5.png using Guid(5afa3f48d03ce644bb1ba0e1b85aaac0) Importer(2089858483,b0f066a214c2f5e87bad3c948f4d605d) (ScriptedImporter) -> (artifact id: '5a58a70072e06d438961c4612a36c93b') in 0.0162418 seconds
Number of updated asset objects reloaded before import = 0Number of asset objects unloaded after import = 3

========================================================================
Received Import Request.
  Time since last request: 0.000018 seconds.
  path: Assets/Aztech Games/PC&ConsoleButtonsIcons/Keyboard_White/dollar.png
  artifactKey: Guid(197208206283f41469e214aeb39f186a) Importer(2089858483,b0f066a214c2f5e87bad3c948f4d605d)
Start importing Assets/Aztech Games/PC&ConsoleButtonsIcons/Keyboard_White/dollar.png using Guid(197208206283f41469e214aeb39f186a) Importer(2089858483,b0f066a214c2f5e87bad3c948f4d605d) (ScriptedImporter) -> (artifact id: '6df1cd285837b28742151061d0c1fb08') in 0.0195933 seconds
Number of updated asset objects reloaded before import = 0Number of asset objects unloaded after import = 3

========================================================================
Received Import Request.
  Time since last request: 0.000023 seconds.
  path: Assets/Aztech Games/PC&ConsoleButtonsIcons/Keyboard_White/apostrophe.png
  artifactKey: Guid(7d916f9640133b943a9c7584c9c6489a) Importer(2089858483,b0f066a214c2f5e87bad3c948f4d605d)
Start importing Assets/Aztech Games/PC&ConsoleButtonsIcons/Keyboard_White/apostrophe.png using Guid(7d916f9640133b943a9c7584c9c6489a) Importer(2089858483,b0f066a214c2f5e87bad3c948f4d605d) (ScriptedImporter) -> (artifact id: 'b262bd4728506996e450e27e8c54da0a') in 0.0176763 seconds
Number of updated asset objects reloaded before import = 0Number of asset objects unloaded after import = 3

========================================================================
Received Import Request.
  Time since last request: 0.000048 seconds.
  path: Assets/Aztech Games/PC&ConsoleButtonsIcons/Keyboard_White/shift (2).png
  artifactKey: Guid(13f0735b431a97948a581c32118bb739) Importer(2089858483,b0f066a214c2f5e87bad3c948f4d605d)
Start importing Assets/Aztech Games/PC&ConsoleButtonsIcons/Keyboard_White/shift (2).png using Guid(13f0735b431a97948a581c32118bb739) Importer(2089858483,b0f066a214c2f5e87bad3c948f4d605d) (ScriptedImporter) -> (artifact id: 'b5ab96095e77ce21b94329c6cb2ccfc8') in 0.0157356 seconds
Number of updated asset objects reloaded before import = 0Number of asset objects unloaded after import = 3

========================================================================
Received Import Request.
  Time since last request: 0.000033 seconds.
  path: Assets/Aztech Games/PC&ConsoleButtonsIcons/Keyboard_White/questionMark.png
  artifactKey: Guid(8f73b88786f909243b6079f642cc0d5c) Importer(2089858483,b0f066a214c2f5e87bad3c948f4d605d)
Start importing Assets/Aztech Games/PC&ConsoleButtonsIcons/Keyboard_White/questionMark.png using Guid(8f73b88786f909243b6079f642cc0d5c) Importer(2089858483,b0f066a214c2f5e87bad3c948f4d605d) (ScriptedImporter) -> (artifact id: '395edda511ad9a2562f6f681fead10d7') in 0.0188577 seconds
Number of updated asset objects reloaded before import = 0Number of asset objects unloaded after import = 3

========================================================================
Received Import Request.
  Time since last request: 0.000021 seconds.
  path: Assets/Aztech Games/PC&ConsoleButtonsIcons/Keyboard_White/u.png
  artifactKey: Guid(b355b1e81635e984ab5315ef4df937c1) Importer(2089858483,b0f066a214c2f5e87bad3c948f4d605d)
Start importing Assets/Aztech Games/PC&ConsoleButtonsIcons/Keyboard_White/u.png using Guid(b355b1e81635e984ab5315ef4df937c1) Importer(2089858483,b0f066a214c2f5e87bad3c948f4d605d) (ScriptedImporter) -> (artifact id: 'eee0967289a8ae96090648bb01e9b925') in 0.017004 seconds
Number of updated asset objects reloaded before import = 0Number of asset objects unloaded after import = 3

========================================================================
Received Import Request.
  Time since last request: 0.000017 seconds.
  path: Assets/Aztech Games/PC&ConsoleButtonsIcons/Keyboard_White/percent.png
  artifactKey: Guid(11e739be3595985449098efa245fc5f7) Importer(2089858483,b0f066a214c2f5e87bad3c948f4d605d)
Start importing Assets/Aztech Games/PC&ConsoleButtonsIcons/Keyboard_White/percent.png using Guid(11e739be3595985449098efa245fc5f7) Importer(2089858483,b0f066a214c2f5e87bad3c948f4d605d) (ScriptedImporter) -> (artifact id: '312844977bdda51c0344dd4fbbc1eac8') in 0.0181968 seconds
Number of updated asset objects reloaded before import = 0Number of asset objects unloaded after import = 3

========================================================================
Received Import Request.
  Time since last request: 0.000022 seconds.
  path: Assets/Aztech Games/PC&ConsoleButtonsIcons/Keyboard_White/r.png
  artifactKey: Guid(eaa8545602058974c978b8fe4b3a7a3f) Importer(2089858483,b0f066a214c2f5e87bad3c948f4d605d)
Start importing Assets/Aztech Games/PC&ConsoleButtonsIcons/Keyboard_White/r.png using Guid(eaa8545602058974c978b8fe4b3a7a3f) Importer(2089858483,b0f066a214c2f5e87bad3c948f4d605d) (ScriptedImporter) -> (artifact id: '803d5e8476dfcfe9b3f665e31c34d45b') in 0.0194128 seconds
Number of updated asset objects reloaded before import = 0Number of asset objects unloaded after import = 3

========================================================================
Received Import Request.
  Time since last request: 0.000026 seconds.
  path: Assets/Aztech Games/PC&ConsoleButtonsIcons/Keyboard_White/q.png
  artifactKey: Guid(ccd5db0c5bfa6f14f862c8a12cbfe3fc) Importer(2089858483,b0f066a214c2f5e87bad3c948f4d605d)
Start importing Assets/Aztech Games/PC&ConsoleButtonsIcons/Keyboard_White/q.png using Guid(ccd5db0c5bfa6f14f862c8a12cbfe3fc) Importer(2089858483,b0f066a214c2f5e87bad3c948f4d605d) (ScriptedImporter) -> (artifact id: '9af965c7e027c58d28e0769033cff34a') in 0.02535 seconds
Number of updated asset objects reloaded before import = 0Number of asset objects unloaded after import = 3

========================================================================
Received Import Request.
  Time since last request: 0.000018 seconds.
  path: Assets/Aztech Games/PC&ConsoleButtonsIcons/Keyboard_White/tab.png
  artifactKey: Guid(2dd80df457af2a3459331bbc6d85918f) Importer(2089858483,b0f066a214c2f5e87bad3c948f4d605d)
Start importing Assets/Aztech Games/PC&ConsoleButtonsIcons/Keyboard_White/tab.png using Guid(2dd80df457af2a3459331bbc6d85918f) Importer(2089858483,b0f066a214c2f5e87bad3c948f4d605d) (ScriptedImporter) -> (artifact id: '5a87d0a7e87f4e39c38f2ab292b011d3') in 0.0299345 seconds
Number of updated asset objects reloaded before import = 0Number of asset objects unloaded after import = 3

========================================================================
Received Import Request.
  Time since last request: 0.000018 seconds.
  path: Assets/Aztech Games/PC&ConsoleButtonsIcons/Keyboard_White/hyphen.png
  artifactKey: Guid(5476cf5e558a7ab41ad897078a4c7e45) Importer(2089858483,b0f066a214c2f5e87bad3c948f4d605d)
Start importing Assets/Aztech Games/PC&ConsoleButtonsIcons/Keyboard_White/hyphen.png using Guid(5476cf5e558a7ab41ad897078a4c7e45) Importer(2089858483,b0f066a214c2f5e87bad3c948f4d605d) (ScriptedImporter) -> (artifact id: 'a878a24d9e30aa24acb04b2eada2baec') in 0.018382 seconds
Number of updated asset objects reloaded before import = 0Number of asset objects unloaded after import = 3

========================================================================
Received Import Request.
  Time since last request: 0.000028 seconds.
  path: Assets/Aztech Games/PC&ConsoleButtonsIcons/Keyboard_White/insert.png
  artifactKey: Guid(785557598239ac34eaeb65e814f25f9f) Importer(2089858483,b0f066a214c2f5e87bad3c948f4d605d)
Start importing Assets/Aztech Games/PC&ConsoleButtonsIcons/Keyboard_White/insert.png using Guid(785557598239ac34eaeb65e814f25f9f) Importer(2089858483,b0f066a214c2f5e87bad3c948f4d605d) (ScriptedImporter) -> (artifact id: '303ad4e18363bfbba9772caf1dd5962e') in 0.0181524 seconds
Number of updated asset objects reloaded before import = 0Number of asset objects unloaded after import = 3

========================================================================
Received Import Request.
  Time since last request: 0.000029 seconds.
  path: Assets/Aztech Games/PC&ConsoleButtonsIcons/Keyboard_White/space.png
  artifactKey: Guid(8a9d55081fa0913419ad4adcc0a0c108) Importer(2089858483,b0f066a214c2f5e87bad3c948f4d605d)
Start importing Assets/Aztech Games/PC&ConsoleButtonsIcons/Keyboard_White/space.png using Guid(8a9d55081fa0913419ad4adcc0a0c108) Importer(2089858483,b0f066a214c2f5e87bad3c948f4d605d) (ScriptedImporter) -> (artifact id: '854305ed3d79988895b1c6f7588520c5') in 0.0175128 seconds
Number of updated asset objects reloaded before import = 0Number of asset objects unloaded after import = 3

========================================================================
Received Import Request.
  Time since last request: 0.000019 seconds.
  path: Assets/Aztech Games/PC&ConsoleButtonsIcons/Keyboard_White/mouse.png
  artifactKey: Guid(92d98713fd6c0694bb01775dbe601cf7) Importer(2089858483,b0f066a214c2f5e87bad3c948f4d605d)
Start importing Assets/Aztech Games/PC&ConsoleButtonsIcons/Keyboard_White/mouse.png using Guid(92d98713fd6c0694bb01775dbe601cf7) Importer(2089858483,b0f066a214c2f5e87bad3c948f4d605d) (ScriptedImporter) -> (artifact id: 'e33eadb0ae7a6ebe84e1583d1d43e242') in 0.0174183 seconds
Number of updated asset objects reloaded before import = 0Number of asset objects unloaded after import = 3

========================================================================
Received Import Request.
  Time since last request: 0.000016 seconds.
  path: Assets/Aztech Games/PC&ConsoleButtonsIcons/Keyboard_White/f8.png
  artifactKey: Guid(59ddefcaa0a36244cb54ce3e23bcf454) Importer(2089858483,b0f066a214c2f5e87bad3c948f4d605d)
Start importing Assets/Aztech Games/PC&ConsoleButtonsIcons/Keyboard_White/f8.png using Guid(59ddefcaa0a36244cb54ce3e23bcf454) Importer(2089858483,b0f066a214c2f5e87bad3c948f4d605d) (ScriptedImporter) -> (artifact id: 'a6a2ae885d540ee7c0c1607ec3504626') in 0.0226356 seconds
Number of updated asset objects reloaded before import = 0Number of asset objects unloaded after import = 3

========================================================================
Received Import Request.
  Time since last request: 0.000021 seconds.
  path: Assets/Aztech Games/PC&ConsoleButtonsIcons/Keyboard_White/ü.png
  artifactKey: Guid(8f8d1dccb28abd64b8b2078f69bbd8f7) Importer(2089858483,b0f066a214c2f5e87bad3c948f4d605d)
Start importing Assets/Aztech Games/PC&ConsoleButtonsIcons/Keyboard_White/ü.png using Guid(8f8d1dccb28abd64b8b2078f69bbd8f7) Importer(2089858483,b0f066a214c2f5e87bad3c948f4d605d) (ScriptedImporter) -> (artifact id: 'e9a5092ffcd86dd6197135861c938db0') in 0.0255159 seconds
Number of updated asset objects reloaded before import = 0Number of asset objects unloaded after import = 3

========================================================================
Received Import Request.
  Time since last request: 0.000051 seconds.
  path: Assets/Aztech Games/PC&ConsoleButtonsIcons/Mockups/ps5.png
  artifactKey: Guid(a260d473ae11f974398ac0f72f0933d3) Importer(2089858483,b0f066a214c2f5e87bad3c948f4d605d)
Start importing Assets/Aztech Games/PC&ConsoleButtonsIcons/Mockups/ps5.png using Guid(a260d473ae11f974398ac0f72f0933d3) Importer(2089858483,b0f066a214c2f5e87bad3c948f4d605d) (ScriptedImporter) -> (artifact id: '94c56ed550e21d06c673314b69f9be62') in 0.0208495 seconds
Number of updated asset objects reloaded before import = 0Number of asset objects unloaded after import = 3

========================================================================
Received Import Request.
  Time since last request: 0.000021 seconds.
  path: Assets/Aztech Games/PC&ConsoleButtonsIcons/Mockups/keyboard 2.png
  artifactKey: Guid(b4acac96d7f2b5f4c858fb3e506c1b7f) Importer(2089858483,b0f066a214c2f5e87bad3c948f4d605d)
Start importing Assets/Aztech Games/PC&ConsoleButtonsIcons/Mockups/keyboard 2.png using Guid(b4acac96d7f2b5f4c858fb3e506c1b7f) Importer(2089858483,b0f066a214c2f5e87bad3c948f4d605d) (ScriptedImporter) -> (artifact id: '17708638a25d207ff611e5c8509e6822') in 0.0219439 seconds
Number of updated asset objects reloaded before import = 0Number of asset objects unloaded after import = 3

========================================================================
Received Import Request.
  Time since last request: 0.000022 seconds.
  path: Assets/Aztech Games/PC&ConsoleButtonsIcons/Mockups/ps5_White.png
  artifactKey: Guid(6d120a06241046840a21b26f2812faa3) Importer(2089858483,b0f066a214c2f5e87bad3c948f4d605d)
Start importing Assets/Aztech Games/PC&ConsoleButtonsIcons/Mockups/ps5_White.png using Guid(6d120a06241046840a21b26f2812faa3) Importer(2089858483,b0f066a214c2f5e87bad3c948f4d605d) (ScriptedImporter) -> (artifact id: 'a548b2d6a5027f7f5da8fb8b9989172e') in 0.0225233 seconds
Number of updated asset objects reloaded before import = 0Number of asset objects unloaded after import = 3

========================================================================
Received Import Request.
  Time since last request: 0.000017 seconds.
  path: Assets/Aztech Games/PC&ConsoleButtonsIcons/Keyboard_White/y.png
  artifactKey: Guid(1d201aa95e8598a41b60d005a8bae758) Importer(2089858483,b0f066a214c2f5e87bad3c948f4d605d)
Start importing Assets/Aztech Games/PC&ConsoleButtonsIcons/Keyboard_White/y.png using Guid(1d201aa95e8598a41b60d005a8bae758) Importer(2089858483,b0f066a214c2f5e87bad3c948f4d605d) (ScriptedImporter) -> (artifact id: '98754b82314eb4856e26c3b8328db852') in 0.0185045 seconds
Number of updated asset objects reloaded before import = 0Number of asset objects unloaded after import = 3

========================================================================
Received Import Request.
  Time since last request: 0.000033 seconds.
  path: Assets/Aztech Games/PC&ConsoleButtonsIcons/Keyboard_White/vertical.png
  artifactKey: Guid(5e56d512ce1205f45a63d9f5833dbbf7) Importer(2089858483,b0f066a214c2f5e87bad3c948f4d605d)
Start importing Assets/Aztech Games/PC&ConsoleButtonsIcons/Keyboard_White/vertical.png using Guid(5e56d512ce1205f45a63d9f5833dbbf7) Importer(2089858483,b0f066a214c2f5e87bad3c948f4d605d) (ScriptedImporter) -> (artifact id: 'b1bbe45a25f4fbae631937fa50c19893') in 0.0202427 seconds
Number of updated asset objects reloaded before import = 0Number of asset objects unloaded after import = 3

========================================================================
Received Import Request.
  Time since last request: 0.000016 seconds.
  path: Assets/Aztech Games/PC&ConsoleButtonsIcons/Ps5/L3.png
  artifactKey: Guid(070797fa0c351884fa4417efea164c3d) Importer(2089858483,b0f066a214c2f5e87bad3c948f4d605d)
Start importing Assets/Aztech Games/PC&ConsoleButtonsIcons/Ps5/L3.png using Guid(070797fa0c351884fa4417efea164c3d) Importer(2089858483,b0f066a214c2f5e87bad3c948f4d605d) (ScriptedImporter) -> (artifact id: 'fd03a6b3bcb72a9a4cfa52c1b4eecea3') in 0.0202285 seconds
Number of updated asset objects reloaded before import = 0Number of asset objects unloaded after import = 3

========================================================================
Received Import Request.
  Time since last request: 0.000038 seconds.
  path: Assets/Aztech Games/PC&ConsoleButtonsIcons/Ps5/Cross.png
  artifactKey: Guid(3855d7d3c75cbaf4ba716637b35350d9) Importer(2089858483,b0f066a214c2f5e87bad3c948f4d605d)
Start importing Assets/Aztech Games/PC&ConsoleButtonsIcons/Ps5/Cross.png using Guid(3855d7d3c75cbaf4ba716637b35350d9) Importer(2089858483,b0f066a214c2f5e87bad3c948f4d605d) (ScriptedImporter) -> (artifact id: '61fbf3d2931efb3b94eb9c984ceca19b') in 0.0205746 seconds
Number of updated asset objects reloaded before import = 0Number of asset objects unloaded after import = 3

========================================================================
Received Import Request.
  Time since last request: 0.000039 seconds.
  path: Assets/Aztech Games/PC&ConsoleButtonsIcons/Ps5/Up.png
  artifactKey: Guid(96cf6e33e5072aa43aba66e21a9559d1) Importer(2089858483,b0f066a214c2f5e87bad3c948f4d605d)
Start importing Assets/Aztech Games/PC&ConsoleButtonsIcons/Ps5/Up.png using Guid(96cf6e33e5072aa43aba66e21a9559d1) Importer(2089858483,b0f066a214c2f5e87bad3c948f4d605d) (ScriptedImporter) -> (artifact id: '82dba39dfd844e5baa997f9bca26fac4') in 0.0211484 seconds
Number of updated asset objects reloaded before import = 0Number of asset objects unloaded after import = 3

========================================================================
Received Import Request.
  Time since last request: 0.000029 seconds.
  path: Assets/Aztech Games/PC&ConsoleButtonsIcons/Ps5/Right.png
  artifactKey: Guid(1c02c0913a1d0fa409d3e1140fc73716) Importer(2089858483,b0f066a214c2f5e87bad3c948f4d605d)
Start importing Assets/Aztech Games/PC&ConsoleButtonsIcons/Ps5/Right.png using Guid(1c02c0913a1d0fa409d3e1140fc73716) Importer(2089858483,b0f066a214c2f5e87bad3c948f4d605d) (ScriptedImporter) -> (artifact id: '8db51ff3ea2a8bc84fcf40d1f334eda4') in 0.0211356 seconds
Number of updated asset objects reloaded before import = 0Number of asset objects unloaded after import = 3

========================================================================
Received Import Request.
  Time since last request: 0.000048 seconds.
  path: Assets/Aztech Games/PC&ConsoleButtonsIcons/Keyboard_White/ş.png
  artifactKey: Guid(120959cc6d297df40a75cfe1e45b8ef7) Importer(2089858483,b0f066a214c2f5e87bad3c948f4d605d)
Start importing Assets/Aztech Games/PC&ConsoleButtonsIcons/Keyboard_White/ş.png using Guid(120959cc6d297df40a75cfe1e45b8ef7) Importer(2089858483,b0f066a214c2f5e87bad3c948f4d605d) (ScriptedImporter) -> (artifact id: '305dabe4681ff9578cbedde5abfaffab') in 0.0186904 seconds
Number of updated asset objects reloaded before import = 0Number of asset objects unloaded after import = 3

========================================================================
Received Import Request.
  Time since last request: 0.000018 seconds.
  path: Assets/Aztech Games/PC&ConsoleButtonsIcons/Ps5/L2.png
  artifactKey: Guid(f54f6580cc9b34d4c94bd4686f1e47c6) Importer(2089858483,b0f066a214c2f5e87bad3c948f4d605d)
Start importing Assets/Aztech Games/PC&ConsoleButtonsIcons/Ps5/L2.png using Guid(f54f6580cc9b34d4c94bd4686f1e47c6) Importer(2089858483,b0f066a214c2f5e87bad3c948f4d605d) (ScriptedImporter) -> (artifact id: '9a4cae7d6fb99b9ab5ae15fe466b08c6') in 0.016563 seconds
Number of updated asset objects reloaded before import = 0Number of asset objects unloaded after import = 3

========================================================================
Received Import Request.
  Time since last request: 0.000019 seconds.
  path: Assets/Cartoon UI/Icons/Gem4 Purple.png
  artifactKey: Guid(e7ee6370f4a7e5d4eb490ea19d751f5a) Importer(2089858483,b0f066a214c2f5e87bad3c948f4d605d)
Start importing Assets/Cartoon UI/Icons/Gem4 Purple.png using Guid(e7ee6370f4a7e5d4eb490ea19d751f5a) Importer(2089858483,b0f066a214c2f5e87bad3c948f4d605d) (ScriptedImporter) -> (artifact id: 'c6fd16862f308b4ba0e84d894a59316d') in 0.0191301 seconds
Number of updated asset objects reloaded before import = 0Number of asset objects unloaded after import = 3

========================================================================
Received Import Request.
  Time since last request: 0.000030 seconds.
  path: Assets/Aztech Games/PC&ConsoleButtonsIcons/Ps5_White/Down.png
  artifactKey: Guid(200846884a20e8042afcd831fffaf576) Importer(2089858483,b0f066a214c2f5e87bad3c948f4d605d)
Start importing Assets/Aztech Games/PC&ConsoleButtonsIcons/Ps5_White/Down.png using Guid(200846884a20e8042afcd831fffaf576) Importer(2089858483,b0f066a214c2f5e87bad3c948f4d605d) (ScriptedImporter) -> (artifact id: '76de2b664ecdec56405d111069e85f6a') in 0.0344485 seconds
Number of updated asset objects reloaded before import = 0Number of asset objects unloaded after import = 3

========================================================================
Received Import Request.
  Time since last request: 0.000018 seconds.
  path: Assets/Aztech Games/PC&ConsoleButtonsIcons/XConsole/Left.png
  artifactKey: Guid(d0eb948f38e6d104e90d14b8560c02b7) Importer(2089858483,b0f066a214c2f5e87bad3c948f4d605d)
Start importing Assets/Aztech Games/PC&ConsoleButtonsIcons/XConsole/Left.png using Guid(d0eb948f38e6d104e90d14b8560c02b7) Importer(2089858483,b0f066a214c2f5e87bad3c948f4d605d) (ScriptedImporter) -> (artifact id: '9804a2fdf84ae2966ceaf7a32f7ec44c') in 0.0167415 seconds
Number of updated asset objects reloaded before import = 0Number of asset objects unloaded after import = 3

========================================================================
Received Import Request.
  Time since last request: 0.000022 seconds.
  path: Assets/Aztech Games/PC&ConsoleButtonsIcons/XConsole/LLeft.png
  artifactKey: Guid(7e0b4497917d29d468a26e5ad6bfcf4b) Importer(2089858483,b0f066a214c2f5e87bad3c948f4d605d)
Start importing Assets/Aztech Games/PC&ConsoleButtonsIcons/XConsole/LLeft.png using Guid(7e0b4497917d29d468a26e5ad6bfcf4b) Importer(2089858483,b0f066a214c2f5e87bad3c948f4d605d) (ScriptedImporter) -> (artifact id: 'fbd5b5641040c9d81381cf90f830a5ff') in 0.0192507 seconds
Number of updated asset objects reloaded before import = 0Number of asset objects unloaded after import = 3

========================================================================
Received Import Request.
  Time since last request: 0.000043 seconds.
  path: Assets/Aztech Games/PC&ConsoleButtonsIcons/XConsole/LRight.png
  artifactKey: Guid(f4659b2f749b9a34abb9e88dd219d8ac) Importer(2089858483,b0f066a214c2f5e87bad3c948f4d605d)
Start importing Assets/Aztech Games/PC&ConsoleButtonsIcons/XConsole/LRight.png using Guid(f4659b2f749b9a34abb9e88dd219d8ac) Importer(2089858483,b0f066a214c2f5e87bad3c948f4d605d) (ScriptedImporter) -> (artifact id: 'b9d55d6d9257382164e21b1c798f805e') in 0.0139906 seconds
Number of updated asset objects reloaded before import = 0Number of asset objects unloaded after import = 3

========================================================================
Received Import Request.
  Time since last request: 0.000067 seconds.
  path: Assets/Aztech Games/PC&ConsoleButtonsIcons/Ps5_White/L2.png
  artifactKey: Guid(5b012a2312f1e4b4eaa4158086ecd44e) Importer(2089858483,b0f066a214c2f5e87bad3c948f4d605d)
Start importing Assets/Aztech Games/PC&ConsoleButtonsIcons/Ps5_White/L2.png using Guid(5b012a2312f1e4b4eaa4158086ecd44e) Importer(2089858483,b0f066a214c2f5e87bad3c948f4d605d) (ScriptedImporter) -> (artifact id: '02eecb6f398cce6030cf9af2096de91c') in 0.0143493 seconds
Number of updated asset objects reloaded before import = 0Number of asset objects unloaded after import = 3

========================================================================
Received Import Request.
  Time since last request: 0.000018 seconds.
  path: Assets/Aztech Games/PC&ConsoleButtonsIcons/Ps5_White/Triangle.png
  artifactKey: Guid(eefaa46e6250ecf4eaf98f7cdfa5c5a3) Importer(2089858483,b0f066a214c2f5e87bad3c948f4d605d)
Start importing Assets/Aztech Games/PC&ConsoleButtonsIcons/Ps5_White/Triangle.png using Guid(eefaa46e6250ecf4eaf98f7cdfa5c5a3) Importer(2089858483,b0f066a214c2f5e87bad3c948f4d605d) (ScriptedImporter) -> (artifact id: '271bc42f929a195a88f0449d67171b8c') in 0.0188077 seconds
Number of updated asset objects reloaded before import = 0Number of asset objects unloaded after import = 3

========================================================================
Received Import Request.
  Time since last request: 0.000019 seconds.
  path: Assets/Aztech Games/PC&ConsoleButtonsIcons/XConsole/L.png
  artifactKey: Guid(49d08027cbe75de42b89534b25c55756) Importer(2089858483,b0f066a214c2f5e87bad3c948f4d605d)
Start importing Assets/Aztech Games/PC&ConsoleButtonsIcons/XConsole/L.png using Guid(49d08027cbe75de42b89534b25c55756) Importer(2089858483,b0f066a214c2f5e87bad3c948f4d605d) (ScriptedImporter) -> (artifact id: 'b85ac315b59652c7ecd3b97cd83ddb2c') in 0.0242852 seconds
Number of updated asset objects reloaded before import = 0Number of asset objects unloaded after import = 3

========================================================================
Received Import Request.
  Time since last request: 0.000027 seconds.
  path: Assets/Aztech Games/PC&ConsoleButtonsIcons/XConsole/colorY.png
  artifactKey: Guid(41f648ba2b5c4674f953c56bc64f8843) Importer(2089858483,b0f066a214c2f5e87bad3c948f4d605d)
Start importing Assets/Aztech Games/PC&ConsoleButtonsIcons/XConsole/colorY.png using Guid(41f648ba2b5c4674f953c56bc64f8843) Importer(2089858483,b0f066a214c2f5e87bad3c948f4d605d) (ScriptedImporter) -> (artifact id: '48ef10303097b0a41c4f5805589a7c05') in 0.0188822 seconds
Number of updated asset objects reloaded before import = 0Number of asset objects unloaded after import = 3

========================================================================
Received Import Request.
  Time since last request: 0.000028 seconds.
  path: Assets/Aztech Games/PC&ConsoleButtonsIcons/XConsole/B.png
  artifactKey: Guid(2d093bfe691c77643ba189d39704b9e5) Importer(2089858483,b0f066a214c2f5e87bad3c948f4d605d)
Start importing Assets/Aztech Games/PC&ConsoleButtonsIcons/XConsole/B.png using Guid(2d093bfe691c77643ba189d39704b9e5) Importer(2089858483,b0f066a214c2f5e87bad3c948f4d605d) (ScriptedImporter) -> (artifact id: '2fa8f8a42c458a13f4debf6e317a00ac') in 0.025902 seconds
Number of updated asset objects reloaded before import = 0Number of asset objects unloaded after import = 3

========================================================================
Received Import Request.
  Time since last request: 0.000019 seconds.
  path: Assets/Aztech Games/PC&ConsoleButtonsIcons/Mockups/keyboard 2_White.png
  artifactKey: Guid(b80adde9ae2558740b598a83604796f9) Importer(2089858483,b0f066a214c2f5e87bad3c948f4d605d)
Start importing Assets/Aztech Games/PC&ConsoleButtonsIcons/Mockups/keyboard 2_White.png using Guid(b80adde9ae2558740b598a83604796f9) Importer(2089858483,b0f066a214c2f5e87bad3c948f4d605d) (ScriptedImporter) -> (artifact id: 'e594d3c2ace567f93390a907cd455fbc') in 0.0191578 seconds
Number of updated asset objects reloaded before import = 0Number of asset objects unloaded after import = 3

========================================================================
Received Import Request.
  Time since last request: 0.000021 seconds.
  path: Assets/Aztech Games/PC&ConsoleButtonsIcons/Keyboard_White/w.png
  artifactKey: Guid(5383ea93539c16e478800c76137bd582) Importer(2089858483,b0f066a214c2f5e87bad3c948f4d605d)
Start importing Assets/Aztech Games/PC&ConsoleButtonsIcons/Keyboard_White/w.png using Guid(5383ea93539c16e478800c76137bd582) Importer(2089858483,b0f066a214c2f5e87bad3c948f4d605d) (ScriptedImporter) -> (artifact id: '1f84786c2cec1c679543218454f44c93') in 0.0178167 seconds
Number of updated asset objects reloaded before import = 0Number of asset objects unloaded after import = 3

========================================================================
Received Import Request.
  Time since last request: 0.000029 seconds.
  path: Assets/Aztech Games/PC&ConsoleButtonsIcons/XConsole/RB.png
  artifactKey: Guid(3c3c60795120192469306aae99e4159c) Importer(2089858483,b0f066a214c2f5e87bad3c948f4d605d)
Start importing Assets/Aztech Games/PC&ConsoleButtonsIcons/XConsole/RB.png using Guid(3c3c60795120192469306aae99e4159c) Importer(2089858483,b0f066a214c2f5e87bad3c948f4d605d) (ScriptedImporter) -> (artifact id: 'b6cd948f89b44e599c7e5b6c575a3135') in 0.0193835 seconds
Number of updated asset objects reloaded before import = 0Number of asset objects unloaded after import = 3

========================================================================
Received Import Request.
  Time since last request: 0.000035 seconds.
  path: Assets/Aztech Games/PC&ConsoleButtonsIcons/XConsole_White/LB.png
  artifactKey: Guid(8faf4038ca751b34fa3b9e34a073cbfc) Importer(2089858483,b0f066a214c2f5e87bad3c948f4d605d)
Start importing Assets/Aztech Games/PC&ConsoleButtonsIcons/XConsole_White/LB.png using Guid(8faf4038ca751b34fa3b9e34a073cbfc) Importer(2089858483,b0f066a214c2f5e87bad3c948f4d605d) (ScriptedImporter) -> (artifact id: 'fcdaef94f8f14637e22ed9454a1ff9a9') in 0.0164128 seconds
Number of updated asset objects reloaded before import = 0Number of asset objects unloaded after import = 3

========================================================================
Received Import Request.
  Time since last request: 0.000039 seconds.
  path: Assets/Aztech Games/PC&ConsoleButtonsIcons/XConsole/RT.png
  artifactKey: Guid(a442d57cfcc882940bdde045097c3acc) Importer(2089858483,b0f066a214c2f5e87bad3c948f4d605d)
Start importing Assets/Aztech Games/PC&ConsoleButtonsIcons/XConsole/RT.png using Guid(a442d57cfcc882940bdde045097c3acc) Importer(2089858483,b0f066a214c2f5e87bad3c948f4d605d) (ScriptedImporter) -> (artifact id: '4dfaa1dc8ab43aeef6b8fac282c2d1fd') in 0.0204144 seconds
Number of updated asset objects reloaded before import = 0Number of asset objects unloaded after import = 3

========================================================================
Received Import Request.
  Time since last request: 0.000017 seconds.
  path: Assets/Aztech Games/PC&ConsoleButtonsIcons/XConsole_White/Right.png
  artifactKey: Guid(a7b90499505e9074a9ce831e2409be4a) Importer(2089858483,b0f066a214c2f5e87bad3c948f4d605d)
Start importing Assets/Aztech Games/PC&ConsoleButtonsIcons/XConsole_White/Right.png using Guid(a7b90499505e9074a9ce831e2409be4a) Importer(2089858483,b0f066a214c2f5e87bad3c948f4d605d) (ScriptedImporter) -> (artifact id: 'ed021fbe59c9e92098a5f0ab4f5cf96e') in 0.019174 seconds
Number of updated asset objects reloaded before import = 0Number of asset objects unloaded after import = 3

========================================================================
Received Import Request.
  Time since last request: 0.000037 seconds.
  path: Assets/Aztech Games/PC&ConsoleButtonsIcons/XConsole_White/Left.png
  artifactKey: Guid(d4678a8f6573d9b4e806329b57eec399) Importer(2089858483,b0f066a214c2f5e87bad3c948f4d605d)
Start importing Assets/Aztech Games/PC&ConsoleButtonsIcons/XConsole_White/Left.png using Guid(d4678a8f6573d9b4e806329b57eec399) Importer(2089858483,b0f066a214c2f5e87bad3c948f4d605d) (ScriptedImporter) -> (artifact id: 'e95da5e27ab80abf3c7f423a6587d945') in 0.019841 seconds
Number of updated asset objects reloaded before import = 0Number of asset objects unloaded after import = 3

========================================================================
Received Import Request.
  Time since last request: 0.000047 seconds.
  path: Assets/Aztech Games/PC&ConsoleButtonsIcons/XConsole_White/LLeft.png
  artifactKey: Guid(d59aa3055d490d543ab70e7b388cae79) Importer(2089858483,b0f066a214c2f5e87bad3c948f4d605d)
Start importing Assets/Aztech Games/PC&ConsoleButtonsIcons/XConsole_White/LLeft.png using Guid(d59aa3055d490d543ab70e7b388cae79) Importer(2089858483,b0f066a214c2f5e87bad3c948f4d605d) (ScriptedImporter) -> (artifact id: '69a4b5bd42987c0bec264291640a7b4d') in 0.0183405 seconds
Number of updated asset objects reloaded before import = 0Number of asset objects unloaded after import = 3

========================================================================
Received Import Request.
  Time since last request: 0.000026 seconds.
  path: Assets/Aztech Games/PC&ConsoleButtonsIcons/XConsole/RRightLeft.png
  artifactKey: Guid(0ad73a5b4dfdf6c458d2d2a151eb21e9) Importer(2089858483,b0f066a214c2f5e87bad3c948f4d605d)
Start importing Assets/Aztech Games/PC&ConsoleButtonsIcons/XConsole/RRightLeft.png using Guid(0ad73a5b4dfdf6c458d2d2a151eb21e9) Importer(2089858483,b0f066a214c2f5e87bad3c948f4d605d) (ScriptedImporter) -> (artifact id: 'b5c6a96913a68893350900e5de81240c') in 0.0171672 seconds
Number of updated asset objects reloaded before import = 0Number of asset objects unloaded after import = 3

========================================================================
Received Import Request.
  Time since last request: 0.000028 seconds.
  path: Assets/Aztech Games/PC&ConsoleButtonsIcons/XConsole/RUpDown.png
  artifactKey: Guid(bece027e6e9b492489c24d9cf015a08a) Importer(2089858483,b0f066a214c2f5e87bad3c948f4d605d)
Start importing Assets/Aztech Games/PC&ConsoleButtonsIcons/XConsole/RUpDown.png using Guid(bece027e6e9b492489c24d9cf015a08a) Importer(2089858483,b0f066a214c2f5e87bad3c948f4d605d) (ScriptedImporter) -> (artifact id: '7ee235ef8b242f5c2331a0a40d7e9512') in 0.0191762 seconds
Number of updated asset objects reloaded before import = 0Number of asset objects unloaded after import = 3

========================================================================
Received Import Request.
  Time since last request: 0.000027 seconds.
  path: Assets/Aztech Games/PC&ConsoleButtonsIcons/XConsole_White/LUp.png
  artifactKey: Guid(e2067342a9aa1144387179cdb4f37e64) Importer(2089858483,b0f066a214c2f5e87bad3c948f4d605d)
Start importing Assets/Aztech Games/PC&ConsoleButtonsIcons/XConsole_White/LUp.png using Guid(e2067342a9aa1144387179cdb4f37e64) Importer(2089858483,b0f066a214c2f5e87bad3c948f4d605d) (ScriptedImporter) -> (artifact id: '94cd723fa34ad084b5224c98337b00d5') in 0.0180272 seconds
Number of updated asset objects reloaded before import = 0Number of asset objects unloaded after import = 3

========================================================================
Received Import Request.
  Time since last request: 0.000042 seconds.
  path: Assets/Aztech Games/PC&ConsoleButtonsIcons/XConsole/RLeft.png
  artifactKey: Guid(0b5c9ac07f5e3ce43a0cec0ba2360274) Importer(2089858483,b0f066a214c2f5e87bad3c948f4d605d)
Start importing Assets/Aztech Games/PC&ConsoleButtonsIcons/XConsole/RLeft.png using Guid(0b5c9ac07f5e3ce43a0cec0ba2360274) Importer(2089858483,b0f066a214c2f5e87bad3c948f4d605d) (ScriptedImporter) -> (artifact id: '1550178385abd50486134be6d2110db4') in 0.0200978 seconds
Number of updated asset objects reloaded before import = 0Number of asset objects unloaded after import = 3

========================================================================
Received Import Request.
  Time since last request: 0.000058 seconds.
  path: Assets/Aztech Games/PC&ConsoleButtonsIcons/XConsole_White/RightLeft.png
  artifactKey: Guid(57180e2ae2bb52b408d37417d3e71549) Importer(2089858483,b0f066a214c2f5e87bad3c948f4d605d)
Start importing Assets/Aztech Games/PC&ConsoleButtonsIcons/XConsole_White/RightLeft.png using Guid(57180e2ae2bb52b408d37417d3e71549) Importer(2089858483,b0f066a214c2f5e87bad3c948f4d605d) (ScriptedImporter) -> (artifact id: '7cce111ca34022e7613461c58fc98af8') in 0.0172856 seconds
Number of updated asset objects reloaded before import = 0Number of asset objects unloaded after import = 3

========================================================================
Received Import Request.
  Time since last request: 0.000021 seconds.
  path: Assets/Cartoon UI/Buttons/Long Square/Long Square Red.png
  artifactKey: Guid(4fc463417c4d0ec41bdf527e6f4aa8f2) Importer(2089858483,b0f066a214c2f5e87bad3c948f4d605d)
Start importing Assets/Cartoon UI/Buttons/Long Square/Long Square Red.png using Guid(4fc463417c4d0ec41bdf527e6f4aa8f2) Importer(2089858483,b0f066a214c2f5e87bad3c948f4d605d) (ScriptedImporter) -> (artifact id: 'd25c882609269177214c59434c21b737') in 0.0161199 seconds
Number of updated asset objects reloaded before import = 0Number of asset objects unloaded after import = 3

========================================================================
Received Import Request.
  Time since last request: 0.000016 seconds.
  path: Assets/Cartoon UI/Buttons/Long Round/Long Round Pink.png
  artifactKey: Guid(492b08f39f232d64e9ce8eb248b5daea) Importer(2089858483,b0f066a214c2f5e87bad3c948f4d605d)
Start importing Assets/Cartoon UI/Buttons/Long Round/Long Round Pink.png using Guid(492b08f39f232d64e9ce8eb248b5daea) Importer(2089858483,b0f066a214c2f5e87bad3c948f4d605d) (ScriptedImporter) -> (artifact id: '22cf6a63adef8484b0e28a15d8a9ec9a') in 0.0201584 seconds
Number of updated asset objects reloaded before import = 0Number of asset objects unloaded after import = 3

========================================================================
Received Import Request.
  Time since last request: 0.000027 seconds.
  path: Assets/Cartoon UI/Buttons/Long Square/Long Square Yellow.png
  artifactKey: Guid(b968714a152efaf4694d52f020fbbc14) Importer(2089858483,b0f066a214c2f5e87bad3c948f4d605d)
Start importing Assets/Cartoon UI/Buttons/Long Square/Long Square Yellow.png using Guid(b968714a152efaf4694d52f020fbbc14) Importer(2089858483,b0f066a214c2f5e87bad3c948f4d605d) (ScriptedImporter) -> (artifact id: '423dc651d6748702201ffe0fdd170b63') in 0.0178157 seconds
Number of updated asset objects reloaded before import = 0Number of asset objects unloaded after import = 3

========================================================================
Received Import Request.
  Time since last request: 0.000017 seconds.
  path: Assets/Cartoon UI/Buttons/Long Square/Long Square Skyblue.png
  artifactKey: Guid(f445ff0df8ed7514abbae2f4eb863386) Importer(2089858483,b0f066a214c2f5e87bad3c948f4d605d)
Start importing Assets/Cartoon UI/Buttons/Long Square/Long Square Skyblue.png using Guid(f445ff0df8ed7514abbae2f4eb863386) Importer(2089858483,b0f066a214c2f5e87bad3c948f4d605d) (ScriptedImporter) -> (artifact id: 'cbf22c14b6c06ec5906fc299f0fb2d7d') in 0.0227996 seconds
Number of updated asset objects reloaded before import = 0Number of asset objects unloaded after import = 3

========================================================================
Received Import Request.
  Time since last request: 0.000020 seconds.
  path: Assets/Cartoon UI/Buttons/Long Round/Long Round Orange.png
  artifactKey: Guid(8c2ffc4510f9e6e409d84a644d2e62c9) Importer(2089858483,b0f066a214c2f5e87bad3c948f4d605d)
Start importing Assets/Cartoon UI/Buttons/Long Round/Long Round Orange.png using Guid(8c2ffc4510f9e6e409d84a644d2e62c9) Importer(2089858483,b0f066a214c2f5e87bad3c948f4d605d) (ScriptedImporter) -> (artifact id: 'ed917edb7d34c126a0bf13e9f0aa8106') in 0.0237685 seconds
Number of updated asset objects reloaded before import = 0Number of asset objects unloaded after import = 3

========================================================================
Received Import Request.
  Time since last request: 0.000048 seconds.
  path: Assets/Cartoon UI/Buttons/Long Square/Long Square Purple.png
  artifactKey: Guid(2c415ab0844bca34084cac6eb2b6acf5) Importer(2089858483,b0f066a214c2f5e87bad3c948f4d605d)
Start importing Assets/Cartoon UI/Buttons/Long Square/Long Square Purple.png using Guid(2c415ab0844bca34084cac6eb2b6acf5) Importer(2089858483,b0f066a214c2f5e87bad3c948f4d605d) (ScriptedImporter) -> (artifact id: 'ac2563b265dd727ea517f9d16e62d32c') in 0.0236943 seconds
Number of updated asset objects reloaded before import = 0Number of asset objects unloaded after import = 3

========================================================================
Received Import Request.
  Time since last request: 0.000032 seconds.
  path: Assets/Aztech Games/PC&ConsoleButtonsIcons/XConsole_White/RRightLeft.png
  artifactKey: Guid(504a56d6373ddcf438a826935ea50c17) Importer(2089858483,b0f066a214c2f5e87bad3c948f4d605d)
Start importing Assets/Aztech Games/PC&ConsoleButtonsIcons/XConsole_White/RRightLeft.png using Guid(504a56d6373ddcf438a826935ea50c17) Importer(2089858483,b0f066a214c2f5e87bad3c948f4d605d) (ScriptedImporter) -> (artifact id: '0ac6f88e80160bb73f2fa08c8bb7179b') in 0.0202844 seconds
Number of updated asset objects reloaded before import = 0Number of asset objects unloaded after import = 3

========================================================================
Received Import Request.
  Time since last request: 0.000038 seconds.
  path: Assets/Cartoon UI/Buttons/Long Square/Long Square Green.png
  artifactKey: Guid(7b11500804418974ab0bd07a1c66f07b) Importer(2089858483,b0f066a214c2f5e87bad3c948f4d605d)
Start importing Assets/Cartoon UI/Buttons/Long Square/Long Square Green.png using Guid(7b11500804418974ab0bd07a1c66f07b) Importer(2089858483,b0f066a214c2f5e87bad3c948f4d605d) (ScriptedImporter) -> (artifact id: '985c0a13ec39f5b37700f8dafd398b78') in 0.0171223 seconds
Number of updated asset objects reloaded before import = 0Number of asset objects unloaded after import = 3

========================================================================
Received Import Request.
  Time since last request: 0.000021 seconds.
  path: Assets/Aztech Games/PC&ConsoleButtonsIcons/XConsole_White/UpDown.png
  artifactKey: Guid(0ff8bdea371d8194881df486f3fed368) Importer(2089858483,b0f066a214c2f5e87bad3c948f4d605d)
Start importing Assets/Aztech Games/PC&ConsoleButtonsIcons/XConsole_White/UpDown.png using Guid(0ff8bdea371d8194881df486f3fed368) Importer(2089858483,b0f066a214c2f5e87bad3c948f4d605d) (ScriptedImporter) -> (artifact id: '0bf4cba07e525a76b44275bac4d541f2') in 0.0179229 seconds
Number of updated asset objects reloaded before import = 0Number of asset objects unloaded after import = 3

========================================================================
Received Import Request.
  Time since last request: 0.000020 seconds.
  path: Assets/Aztech Games/PC&ConsoleButtonsIcons/XConsole_White/Y.png
  artifactKey: Guid(5d2e8a4c59b534b479db2418e07c5ca0) Importer(2089858483,b0f066a214c2f5e87bad3c948f4d605d)
Start importing Assets/Aztech Games/PC&ConsoleButtonsIcons/XConsole_White/Y.png using Guid(5d2e8a4c59b534b479db2418e07c5ca0) Importer(2089858483,b0f066a214c2f5e87bad3c948f4d605d) (ScriptedImporter) -> (artifact id: '6b6e3c790d88a10de1b010d33849dc5e') in 0.0211508 seconds
Number of updated asset objects reloaded before import = 0Number of asset objects unloaded after import = 3

========================================================================
Received Import Request.
  Time since last request: 0.000027 seconds.
  path: Assets/Aztech Games/PC&ConsoleButtonsIcons/XConsole/X.png
  artifactKey: Guid(c3b8d0c4283605247aa221f5ddd1d9c1) Importer(2089858483,b0f066a214c2f5e87bad3c948f4d605d)
Start importing Assets/Aztech Games/PC&ConsoleButtonsIcons/XConsole/X.png using Guid(c3b8d0c4283605247aa221f5ddd1d9c1) Importer(2089858483,b0f066a214c2f5e87bad3c948f4d605d) (ScriptedImporter) -> (artifact id: '32de5e64ec9e87131bbd22b4c6f4c676') in 0.0288371 seconds
Number of updated asset objects reloaded before import = 0Number of asset objects unloaded after import = 3

========================================================================
Received Import Request.
  Time since last request: 0.000016 seconds.
  path: Assets/Cartoon UI/Customizable/Sprites/Check Fill.png
  artifactKey: Guid(752389ad00ce16c4f8f26bbe7c8f7f0b) Importer(2089858483,b0f066a214c2f5e87bad3c948f4d605d)
Start importing Assets/Cartoon UI/Customizable/Sprites/Check Fill.png using Guid(752389ad00ce16c4f8f26bbe7c8f7f0b) Importer(2089858483,b0f066a214c2f5e87bad3c948f4d605d) (ScriptedImporter) -> (artifact id: 'b3e6913fd398e8bda622e1c9e6a2c462') in 0.0166039 seconds
Number of updated asset objects reloaded before import = 0Number of asset objects unloaded after import = 3

========================================================================
Received Import Request.
  Time since last request: 0.000018 seconds.
  path: Assets/Cartoon UI/Buttons/Round Big/Circle Skyblue.png
  artifactKey: Guid(866566b4e59258847a5d028639ec6b9d) Importer(2089858483,b0f066a214c2f5e87bad3c948f4d605d)
Start importing Assets/Cartoon UI/Buttons/Round Big/Circle Skyblue.png using Guid(866566b4e59258847a5d028639ec6b9d) Importer(2089858483,b0f066a214c2f5e87bad3c948f4d605d) (ScriptedImporter) -> (artifact id: '49ae4cf9979ad51d09a974d432849ed1') in 0.0199624 seconds
Number of updated asset objects reloaded before import = 0Number of asset objects unloaded after import = 3

========================================================================
Received Import Request.
  Time since last request: 0.000023 seconds.
  path: Assets/Cartoon UI/Customizable/Sprites/Panel Back.png
  artifactKey: Guid(aabf90faa69812b41a567a050bd45e64) Importer(2089858483,b0f066a214c2f5e87bad3c948f4d605d)
Start importing Assets/Cartoon UI/Customizable/Sprites/Panel Back.png using Guid(aabf90faa69812b41a567a050bd45e64) Importer(2089858483,b0f066a214c2f5e87bad3c948f4d605d) (ScriptedImporter) -> (artifact id: 'ff73538380040485580205ee8b534894') in 0.0239712 seconds
Number of updated asset objects reloaded before import = 0Number of asset objects unloaded after import = 3

========================================================================
Received Import Request.
  Time since last request: 0.000030 seconds.
  path: Assets/Cartoon UI/Buttons/Round/Circle Pink Purple.png
  artifactKey: Guid(1578eeebf2ccbbe459af4c7541539d36) Importer(2089858483,b0f066a214c2f5e87bad3c948f4d605d)
Start importing Assets/Cartoon UI/Buttons/Round/Circle Pink Purple.png using Guid(1578eeebf2ccbbe459af4c7541539d36) Importer(2089858483,b0f066a214c2f5e87bad3c948f4d605d) (ScriptedImporter) -> (artifact id: '325f1069b9649fc4d4afae1b17c31ef3') in 0.0153829 seconds
Number of updated asset objects reloaded before import = 0Number of asset objects unloaded after import = 3

========================================================================
Received Import Request.
  Time since last request: 0.000033 seconds.
  path: Assets/Cartoon UI/Buttons/Round Big/Circle Red.png
  artifactKey: Guid(e7c8d1ed0c332ef4b88e8657ae70281e) Importer(2089858483,b0f066a214c2f5e87bad3c948f4d605d)
Start importing Assets/Cartoon UI/Buttons/Round Big/Circle Red.png using Guid(e7c8d1ed0c332ef4b88e8657ae70281e) Importer(2089858483,b0f066a214c2f5e87bad3c948f4d605d) (ScriptedImporter) -> (artifact id: 'e21690cdd4a1686c9745b5cc236c9d37') in 0.0173886 seconds
Number of updated asset objects reloaded before import = 0Number of asset objects unloaded after import = 3

========================================================================
Received Import Request.
  Time since last request: 0.000022 seconds.
  path: Assets/Cartoon UI/Buttons/Round Big/Circle Pink.png
  artifactKey: Guid(419fce17d86c6bc499d095aa4a62c4e6) Importer(2089858483,b0f066a214c2f5e87bad3c948f4d605d)
Start importing Assets/Cartoon UI/Buttons/Round Big/Circle Pink.png using Guid(419fce17d86c6bc499d095aa4a62c4e6) Importer(2089858483,b0f066a214c2f5e87bad3c948f4d605d) (ScriptedImporter) -> (artifact id: '83354d9253ff8e5202d3530ac0bdc16c') in 0.0185157 seconds
Number of updated asset objects reloaded before import = 0Number of asset objects unloaded after import = 3

========================================================================
Received Import Request.
  Time since last request: 0.000050 seconds.
  path: Assets/Cartoon UI/Buttons/Round/Circle Pink.png
  artifactKey: Guid(aac079b4323b533498b3cc5fdd8d48fa) Importer(2089858483,b0f066a214c2f5e87bad3c948f4d605d)
Start importing Assets/Cartoon UI/Buttons/Round/Circle Pink.png using Guid(aac079b4323b533498b3cc5fdd8d48fa) Importer(2089858483,b0f066a214c2f5e87bad3c948f4d605d) (ScriptedImporter) -> (artifact id: 'ac39f537d5093e73a03c2a150893562b') in 0.0159029 seconds
Number of updated asset objects reloaded before import = 0Number of asset objects unloaded after import = 3

========================================================================
Received Import Request.
  Time since last request: 0.000040 seconds.
  path: Assets/Cartoon UI/Customizable/Sprites/Long Round Back.png
  artifactKey: Guid(bf4da67f05ffd6849a544410b2090314) Importer(2089858483,b0f066a214c2f5e87bad3c948f4d605d)
Start importing Assets/Cartoon UI/Customizable/Sprites/Long Round Back.png using Guid(bf4da67f05ffd6849a544410b2090314) Importer(2089858483,b0f066a214c2f5e87bad3c948f4d605d) (ScriptedImporter) -> (artifact id: 'bd01acb8aee7c21c327693d975f28a91') in 0.0196929 seconds
Number of updated asset objects reloaded before import = 0Number of asset objects unloaded after import = 3

========================================================================
Received Import Request.
  Time since last request: 0.000035 seconds.
  path: Assets/Cartoon UI/Customizable/Sprites/Circle Back.png
  artifactKey: Guid(e8eeb25a388a8ec4faf52b6d6ed37454) Importer(2089858483,b0f066a214c2f5e87bad3c948f4d605d)
Start importing Assets/Cartoon UI/Customizable/Sprites/Circle Back.png using Guid(e8eeb25a388a8ec4faf52b6d6ed37454) Importer(2089858483,b0f066a214c2f5e87bad3c948f4d605d) (ScriptedImporter) -> (artifact id: 'ce982b3dc858449978547520622592b8') in 0.023765 seconds
Number of updated asset objects reloaded before import = 0Number of asset objects unloaded after import = 3

========================================================================
Received Import Request.
  Time since last request: 0.000038 seconds.
  path: Assets/Cartoon UI/Buttons/Round/Circle Red.png
  artifactKey: Guid(bef5646fb83a6a54f9b2720dc36259f3) Importer(2089858483,b0f066a214c2f5e87bad3c948f4d605d)
Start importing Assets/Cartoon UI/Buttons/Round/Circle Red.png using Guid(bef5646fb83a6a54f9b2720dc36259f3) Importer(2089858483,b0f066a214c2f5e87bad3c948f4d605d) (ScriptedImporter) -> (artifact id: 'b9cbaedf04bc2504b8a547afda618906') in 0.0236673 seconds
Number of updated asset objects reloaded before import = 0Number of asset objects unloaded after import = 3

========================================================================
Received Import Request.
  Time since last request: 0.000019 seconds.
  path: Assets/Cartoon UI/Prefabs/Toggles CheckMark/Toggle CheckMark Pink.prefab
  artifactKey: Guid(9bd43df6a8b32d545b5fb5f021e9c1b2) Importer(2089858483,b0f066a214c2f5e87bad3c948f4d605d)
Start importing Assets/Cartoon UI/Prefabs/Toggles CheckMark/Toggle CheckMark Pink.prefab using Guid(9bd43df6a8b32d545b5fb5f021e9c1b2) Importer(2089858483,b0f066a214c2f5e87bad3c948f4d605d) (ScriptedImporter) -> (artifact id: 'dc30742b6b9971394525334d93750f5a') in 0.0379388 seconds
Number of updated asset objects reloaded before import = 0Number of asset objects unloaded after import = 15

========================================================================
Received Import Request.
  Time since last request: 0.000034 seconds.
  path: Assets/Cartoon UI/Prefabs/Toggles Dot/Toggle Dot Blue.prefab
  artifactKey: Guid(7a3a7e800a6318f449a81b0767a496dd) Importer(2089858483,b0f066a214c2f5e87bad3c948f4d605d)
Start importing Assets/Cartoon UI/Prefabs/Toggles Dot/Toggle Dot Blue.prefab using Guid(7a3a7e800a6318f449a81b0767a496dd) Importer(2089858483,b0f066a214c2f5e87bad3c948f4d605d) (ScriptedImporter) -> (artifact id: '77a2bd0fbc1e9dabde0724d5ff8ab55b') in 0.0247794 seconds
Number of updated asset objects reloaded before import = 0Number of asset objects unloaded after import = 15

========================================================================
Received Import Request.
  Time since last request: 0.000033 seconds.
  path: Assets/Cartoon UI/Prefabs/Sliders/Slider Grey.prefab
  artifactKey: Guid(bc397e32b07e1754fb251d1937aff2f9) Importer(2089858483,b0f066a214c2f5e87bad3c948f4d605d)
Start importing Assets/Cartoon UI/Prefabs/Sliders/Slider Grey.prefab using Guid(bc397e32b07e1754fb251d1937aff2f9) Importer(2089858483,b0f066a214c2f5e87bad3c948f4d605d) (ScriptedImporter) -> (artifact id: 'bdf06e119d97d0290773773a37e1cb11') in 0.0268219 seconds
Number of updated asset objects reloaded before import = 0Number of asset objects unloaded after import = 24

========================================================================
Received Import Request.
  Time since last request: 0.000044 seconds.
  path: Assets/Cartoon UI/Customizable/Sprites/Round Fill.png
  artifactKey: Guid(a3c77fccdd07ead4f9c23609116517cc) Importer(2089858483,b0f066a214c2f5e87bad3c948f4d605d)
Start importing Assets/Cartoon UI/Customizable/Sprites/Round Fill.png using Guid(a3c77fccdd07ead4f9c23609116517cc) Importer(2089858483,b0f066a214c2f5e87bad3c948f4d605d) (ScriptedImporter) -> (artifact id: '031d5627cda675eadfad3b5ce493b646') in 0.0232378 seconds
Number of updated asset objects reloaded before import = 0Number of asset objects unloaded after import = 3

========================================================================
Received Import Request.
  Time since last request: 0.000029 seconds.
  path: Assets/Cartoon UI/Prefabs/Sliders/Slider Yellow.prefab
  artifactKey: Guid(3a54a68c51c312444beb4a66f738a4f0) Importer(2089858483,b0f066a214c2f5e87bad3c948f4d605d)
Start importing Assets/Cartoon UI/Prefabs/Sliders/Slider Yellow.prefab using Guid(3a54a68c51c312444beb4a66f738a4f0) Importer(2089858483,b0f066a214c2f5e87bad3c948f4d605d) (ScriptedImporter) -> (artifact id: '2b46262d739b852ba9b2006b1f05ea8d') in 0.0294057 seconds
Number of updated asset objects reloaded before import = 0Number of asset objects unloaded after import = 24

========================================================================
Received Import Request.
  Time since last request: 0.000080 seconds.
  path: Assets/Cartoon UI/Prefabs/Sliders/Slider Pink.prefab
  artifactKey: Guid(6e8ab2d4c6b489d468eed4c0b35e976d) Importer(2089858483,b0f066a214c2f5e87bad3c948f4d605d)
Start importing Assets/Cartoon UI/Prefabs/Sliders/Slider Pink.prefab using Guid(6e8ab2d4c6b489d468eed4c0b35e976d) Importer(2089858483,b0f066a214c2f5e87bad3c948f4d605d) (ScriptedImporter) -> (artifact id: 'aad2474963b4eeeccdc876acbee7dc74') in 0.0231296 seconds
Number of updated asset objects reloaded before import = 0Number of asset objects unloaded after import = 24

========================================================================
Received Import Request.
  Time since last request: 0.000027 seconds.
  path: Assets/Cartoon UI/Prefabs/Toggles Dot/Toggle Dot Orange.prefab
  artifactKey: Guid(eebf09dc06f226c42a190f79d5d861c3) Importer(2089858483,b0f066a214c2f5e87bad3c948f4d605d)
Start importing Assets/Cartoon UI/Prefabs/Toggles Dot/Toggle Dot Orange.prefab using Guid(eebf09dc06f226c42a190f79d5d861c3) Importer(2089858483,b0f066a214c2f5e87bad3c948f4d605d) (ScriptedImporter) -> (artifact id: '7b9ececd82147a7a9f363a791ff24bbd') in 0.0213011 seconds
Number of updated asset objects reloaded before import = 0Number of asset objects unloaded after import = 15

========================================================================
Received Import Request.
  Time since last request: 0.000042 seconds.
  path: Assets/Cartoon UI/Prefabs/Toggles Dot/Toggle Dot Pink Purple.prefab
  artifactKey: Guid(ecbf9327e3bbcf848a0f3047da2e24d2) Importer(2089858483,b0f066a214c2f5e87bad3c948f4d605d)
Start importing Assets/Cartoon UI/Prefabs/Toggles Dot/Toggle Dot Pink Purple.prefab using Guid(ecbf9327e3bbcf848a0f3047da2e24d2) Importer(2089858483,b0f066a214c2f5e87bad3c948f4d605d) (ScriptedImporter) -> (artifact id: '3b131aa8c5d2ae3a19fed7b0dacfc5ac') in 0.0231131 seconds
Number of updated asset objects reloaded before import = 0Number of asset objects unloaded after import = 15

========================================================================
Received Import Request.
  Time since last request: 0.000027 seconds.
  path: Assets/Cartoon UI/Customizable/Sprites/Slider Fill White.png
  artifactKey: Guid(71a86176f11e2054482299808247e1aa) Importer(2089858483,b0f066a214c2f5e87bad3c948f4d605d)
Start importing Assets/Cartoon UI/Customizable/Sprites/Slider Fill White.png using Guid(71a86176f11e2054482299808247e1aa) Importer(2089858483,b0f066a214c2f5e87bad3c948f4d605d) (ScriptedImporter) -> (artifact id: '3f03904ec4903e23f5dacb538a5deab7') in 0.0183594 seconds
Number of updated asset objects reloaded before import = 0Number of asset objects unloaded after import = 3

========================================================================
Received Import Request.
  Time since last request: 0.000025 seconds.
  path: Assets/Cartoon UI/Progress Bar/Type 1/Progress Bar Fill Pink.png
  artifactKey: Guid(e630b494dcc02c94693bb20db703197f) Importer(2089858483,b0f066a214c2f5e87bad3c948f4d605d)
Start importing Assets/Cartoon UI/Progress Bar/Type 1/Progress Bar Fill Pink.png using Guid(e630b494dcc02c94693bb20db703197f) Importer(2089858483,b0f066a214c2f5e87bad3c948f4d605d) (ScriptedImporter) -> (artifact id: '02c5b6bd4bee1bd41715084435ed3fa5') in 0.1284676 seconds
Number of updated asset objects reloaded before import = 0Number of asset objects unloaded after import = 3

========================================================================
Received Import Request.
  Time since last request: 0.000015 seconds.
  path: Assets/Cartoon UI/Progress Bar/Type 2/ProgressBar Fill Red.png
  artifactKey: Guid(5fcb5263dbe727f419ae46aa7d9a05fd) Importer(2089858483,b0f066a214c2f5e87bad3c948f4d605d)
Start importing Assets/Cartoon UI/Progress Bar/Type 2/ProgressBar Fill Red.png using Guid(5fcb5263dbe727f419ae46aa7d9a05fd) Importer(2089858483,b0f066a214c2f5e87bad3c948f4d605d) (ScriptedImporter) -> (artifact id: '0b50cf46a1b0ef947de5cd6ef814fd72') in 0.0172657 seconds
Number of updated asset objects reloaded before import = 0Number of asset objects unloaded after import = 3

========================================================================
Received Import Request.
  Time since last request: 0.000029 seconds.
  path: Assets/Cartoon UI/Progress Bar/Type 2/ProgressBar Fill Grey.png
  artifactKey: Guid(31aed0a1002effa42845ce557fd4a827) Importer(2089858483,b0f066a214c2f5e87bad3c948f4d605d)
Start importing Assets/Cartoon UI/Progress Bar/Type 2/ProgressBar Fill Grey.png using Guid(31aed0a1002effa42845ce557fd4a827) Importer(2089858483,b0f066a214c2f5e87bad3c948f4d605d) (ScriptedImporter) -> (artifact id: 'c5bfd76ab78f564f4b5cb72051e63167') in 0.0196428 seconds
Number of updated asset objects reloaded before import = 0Number of asset objects unloaded after import = 3

========================================================================
Received Import Request.
  Time since last request: 0.000026 seconds.
  path: Assets/Cartoon UI/Progress Bar/Type 2/ProgressBar Fill Purple.png
  artifactKey: Guid(061173be7fcc6c14091c3f0be1459945) Importer(2089858483,b0f066a214c2f5e87bad3c948f4d605d)
Start importing Assets/Cartoon UI/Progress Bar/Type 2/ProgressBar Fill Purple.png using Guid(061173be7fcc6c14091c3f0be1459945) Importer(2089858483,b0f066a214c2f5e87bad3c948f4d605d) (ScriptedImporter) -> (artifact id: 'db7360706814b7d943447d72325b44ae') in 0.0186274 seconds
Number of updated asset objects reloaded before import = 0Number of asset objects unloaded after import = 3

========================================================================
Received Import Request.
  Time since last request: 0.000015 seconds.
  path: Assets/Cartoon UI/Progress Bar/Type 1/Progress Bar Fill Blue.png
  artifactKey: Guid(d84889afd64a7634fa2716068ac1d034) Importer(2089858483,b0f066a214c2f5e87bad3c948f4d605d)
Start importing Assets/Cartoon UI/Progress Bar/Type 1/Progress Bar Fill Blue.png using Guid(d84889afd64a7634fa2716068ac1d034) Importer(2089858483,b0f066a214c2f5e87bad3c948f4d605d) (ScriptedImporter) -> (artifact id: 'dc11bfff65b18d5ff761c7660ab23f3c') in 0.0255144 seconds
Number of updated asset objects reloaded before import = 0Number of asset objects unloaded after import = 3

========================================================================
Received Import Request.
  Time since last request: 0.000020 seconds.
  path: Assets/Cartoon UI/Prefabs/Toggles Dot/Toggle Dot Red.prefab
  artifactKey: Guid(d5db50b3cc73d414ba5ec351e2e3065c) Importer(2089858483,b0f066a214c2f5e87bad3c948f4d605d)
Start importing Assets/Cartoon UI/Prefabs/Toggles Dot/Toggle Dot Red.prefab using Guid(d5db50b3cc73d414ba5ec351e2e3065c) Importer(2089858483,b0f066a214c2f5e87bad3c948f4d605d) (ScriptedImporter) -> (artifact id: '91bca7607acd32b930b1121411db220d') in 0.0300721 seconds
Number of updated asset objects reloaded before import = 0Number of asset objects unloaded after import = 15

========================================================================
Received Import Request.
  Time since last request: 0.000017 seconds.
  path: Assets/Cartoon UI/Progress Bar/Type 1/Progress Bar Background.png
  artifactKey: Guid(e54ed0b56aa7c194080b4bddb777c1be) Importer(2089858483,b0f066a214c2f5e87bad3c948f4d605d)
Start importing Assets/Cartoon UI/Progress Bar/Type 1/Progress Bar Background.png using Guid(e54ed0b56aa7c194080b4bddb777c1be) Importer(2089858483,b0f066a214c2f5e87bad3c948f4d605d) (ScriptedImporter) -> (artifact id: '6a63b69258d35654654ea6dcb60c50c8') in 0.023059 seconds
Number of updated asset objects reloaded before import = 0Number of asset objects unloaded after import = 3

========================================================================
Received Import Request.
  Time since last request: 0.000039 seconds.
  path: Assets/Cartoon UI/Prefabs/Toggles Dot/Toggle Dot Skyblue.prefab
  artifactKey: Guid(dc818f0df0e4987499c33ee11f8211ad) Importer(2089858483,b0f066a214c2f5e87bad3c948f4d605d)
Start importing Assets/Cartoon UI/Prefabs/Toggles Dot/Toggle Dot Skyblue.prefab using Guid(dc818f0df0e4987499c33ee11f8211ad) Importer(2089858483,b0f066a214c2f5e87bad3c948f4d605d) (ScriptedImporter) -> (artifact id: '6763e639dec3d42c249477e4583e01e3') in 0.0211017 seconds
Number of updated asset objects reloaded before import = 0Number of asset objects unloaded after import = 15

========================================================================
Received Import Request.
  Time since last request: 0.000026 seconds.
  path: Assets/Clouded Studio/2D Simple Nature Pack/FX/FallingLeavesBackground.prefab
  artifactKey: Guid(1abb4f56a53fdca409928233f81ee210) Importer(2089858483,b0f066a214c2f5e87bad3c948f4d605d)
Start importing Assets/Clouded Studio/2D Simple Nature Pack/FX/FallingLeavesBackground.prefab using Guid(1abb4f56a53fdca409928233f81ee210) Importer(2089858483,b0f066a214c2f5e87bad3c948f4d605d) (ScriptedImporter) -> (artifact id: '1afaca8e9baede0b5d95ee6a776afb55') in 0.1302519 seconds
Number of updated asset objects reloaded before import = 0Number of asset objects unloaded after import = 6

========================================================================
Received Import Request.
  Time since last request: 0.000039 seconds.
  path: Assets/Cartoon UI/Progress Bar/Type 2/ProgressBar Fill.png
  artifactKey: Guid(fbc5d0c50e4132e4ca5ffd66bbde34c4) Importer(2089858483,b0f066a214c2f5e87bad3c948f4d605d)
Start importing Assets/Cartoon UI/Progress Bar/Type 2/ProgressBar Fill.png using Guid(fbc5d0c50e4132e4ca5ffd66bbde34c4) Importer(2089858483,b0f066a214c2f5e87bad3c948f4d605d) (ScriptedImporter) -> (artifact id: '70550e9d8c78665830cce330e619a9a0') in 0.0193419 seconds
Number of updated asset objects reloaded before import = 0Number of asset objects unloaded after import = 3

========================================================================
Received Import Request.
  Time since last request: 0.000029 seconds.
  path: Assets/Plugins/PrimeTween/internal/PrimeTweenInstaller.cs
  artifactKey: Guid(118450fad714b420684eb5f984268b5c) Importer(2089858483,b0f066a214c2f5e87bad3c948f4d605d)
Start importing Assets/Plugins/PrimeTween/internal/PrimeTweenInstaller.cs using Guid(118450fad714b420684eb5f984268b5c) Importer(2089858483,b0f066a214c2f5e87bad3c948f4d605d) (ScriptedImporter) -> (artifact id: '389431d1c5fdc1c6f4752e8c4cd3e4b3') in 0.0126148 seconds
Number of updated asset objects reloaded before import = 0Number of asset objects unloaded after import = 0

========================================================================
Received Import Request.
  Time since last request: 0.000031 seconds.
  path: Assets/Plugins/PrimeTween/internal/PrimeTween.Installer.asmdef
  artifactKey: Guid(090d70c1ebac0421985bd70fa7f561ef) Importer(2089858483,b0f066a214c2f5e87bad3c948f4d605d)
Start importing Assets/Plugins/PrimeTween/internal/PrimeTween.Installer.asmdef using Guid(090d70c1ebac0421985bd70fa7f561ef) Importer(2089858483,b0f066a214c2f5e87bad3c948f4d605d) (ScriptedImporter) -> (artifact id: '31877c6b624334c3eac1796d04338ec4') in 0.0171786 seconds
Number of updated asset objects reloaded before import = 0Number of asset objects unloaded after import = 1

========================================================================
Received Import Request.
  Time since last request: 0.000015 seconds.
  path: Assets/Clouded Studio/2D Simple Nature Pack/ShaderGraphs/ShaderGraph_Vegetation_Wind_Lit.shadergraph
  artifactKey: Guid(1494439a404a12244a3f32afd410a4f7) Importer(2089858483,b0f066a214c2f5e87bad3c948f4d605d)
Start importing Assets/Clouded Studio/2D Simple Nature Pack/ShaderGraphs/ShaderGraph_Vegetation_Wind_Lit.shadergraph using Guid(1494439a404a12244a3f32afd410a4f7) Importer(2089858483,b0f066a214c2f5e87bad3c948f4d605d) (ScriptedImporter) -> (artifact id: '9d1f044ab6dc6edb9cede1c3e6603e2c') in 0.0582306 seconds
Number of updated asset objects reloaded before import = 0Number of asset objects unloaded after import = 4

========================================================================
Received Import Request.
  Time since last request: 0.000022 seconds.
  path: Assets/TextMesh Pro/Resources/Fonts & Materials/LiberationSans SDF.asset
  artifactKey: Guid(8f586378b4e144a9851e7b34d9b748ee) Importer(2089858483,b0f066a214c2f5e87bad3c948f4d605d)
Start importing Assets/TextMesh Pro/Resources/Fonts & Materials/LiberationSans SDF.asset using Guid(8f586378b4e144a9851e7b34d9b748ee) Importer(2089858483,b0f066a214c2f5e87bad3c948f4d605d) (ScriptedImporter) -> (artifact id: 'f3a429216a9199e7b420216896425e0e') in 0.0676063 seconds
Number of updated asset objects reloaded before import = 0Number of asset objects unloaded after import = 8

========================================================================
Received Import Request.
  Time since last request: 0.000060 seconds.
  path: Assets/Cartoon UI/Progress Bar/Type 1/Progress Bar Fill Purple.png
  artifactKey: Guid(2ba190f4e96dad04dbca6f6aeb018494) Importer(2089858483,b0f066a214c2f5e87bad3c948f4d605d)
Start importing Assets/Cartoon UI/Progress Bar/Type 1/Progress Bar Fill Purple.png using Guid(2ba190f4e96dad04dbca6f6aeb018494) Importer(2089858483,b0f066a214c2f5e87bad3c948f4d605d) (ScriptedImporter) -> (artifact id: '691187a2f04b8e1916a72d952cb28f23') in 0.024117 seconds
Number of updated asset objects reloaded before import = 0Number of asset objects unloaded after import = 3

========================================================================
Received Import Request.
  Time since last request: 0.000021 seconds.
  path: Assets/TextMesh Pro/Resources/Style Sheets/Default Style Sheet.asset
  artifactKey: Guid(f952c082cb03451daed3ee968ac6c63e) Importer(2089858483,b0f066a214c2f5e87bad3c948f4d605d)
Start importing Assets/TextMesh Pro/Resources/Style Sheets/Default Style Sheet.asset using Guid(f952c082cb03451daed3ee968ac6c63e) Importer(2089858483,b0f066a214c2f5e87bad3c948f4d605d) (ScriptedImporter) -> (artifact id: 'e0afb34a525118629795b23320babe5b') in 0.0151066 seconds
Number of updated asset objects reloaded before import = 0Number of asset objects unloaded after import = 1

========================================================================
Received Import Request.
  Time since last request: 0.000023 seconds.
  path: Assets/Cartoon UI/Prefabs/Progress Bars/Type 1/ProgressBar Purple.prefab
  artifactKey: Guid(c980109e549ecfa4c817d0cad4aa7f5d) Importer(2089858483,b0f066a214c2f5e87bad3c948f4d605d)
Start importing Assets/Cartoon UI/Prefabs/Progress Bars/Type 1/ProgressBar Purple.prefab using Guid(c980109e549ecfa4c817d0cad4aa7f5d) Importer(2089858483,b0f066a214c2f5e87bad3c948f4d605d) (ScriptedImporter) -> (artifact id: 'df06ea0c5637009488c5b5876939c2ba') in 0.0168121 seconds
Number of updated asset objects reloaded before import = 0Number of asset objects unloaded after import = 21

========================================================================
Received Import Request.
  Time since last request: 0.000039 seconds.
  path: Assets/Cartoon UI/Prefabs/Progress Bars/Type 2/ProgressBar 2 Orange.prefab
  artifactKey: Guid(32c4fdc1a1d378a4d9212c37f4b091e5) Importer(2089858483,b0f066a214c2f5e87bad3c948f4d605d)
Start importing Assets/Cartoon UI/Prefabs/Progress Bars/Type 2/ProgressBar 2 Orange.prefab using Guid(32c4fdc1a1d378a4d9212c37f4b091e5) Importer(2089858483,b0f066a214c2f5e87bad3c948f4d605d) (ScriptedImporter) -> (artifact id: '0fa664a49ea6e8194f1e87a667d99836') in 0.0173363 seconds
Number of updated asset objects reloaded before import = 0Number of asset objects unloaded after import = 20

========================================================================
Received Import Request.
  Time since last request: 0.000028 seconds.
  path: Assets/Cartoon UI/Prefabs/Progress Bars/Type 2/ProgressBar 2 Grey.prefab
  artifactKey: Guid(013fe0050eacc4742bcb87c2af372c5a) Importer(2089858483,b0f066a214c2f5e87bad3c948f4d605d)
Start importing Assets/Cartoon UI/Prefabs/Progress Bars/Type 2/ProgressBar 2 Grey.prefab using Guid(013fe0050eacc4742bcb87c2af372c5a) Importer(2089858483,b0f066a214c2f5e87bad3c948f4d605d) (ScriptedImporter) -> (artifact id: '87f9aa9fa52022f45a8021ee55eb89a2') in 0.0169413 seconds
Number of updated asset objects reloaded before import = 0Number of asset objects unloaded after import = 21

========================================================================
Received Import Request.
  Time since last request: 0.000023 seconds.
  path: Assets/Cartoon UI/Prefabs/Progress Bars/Type 1/ProgressBar Green.prefab
  artifactKey: Guid(f3fecb2c9fbd68f458dc847b77091104) Importer(2089858483,b0f066a214c2f5e87bad3c948f4d605d)
Start importing Assets/Cartoon UI/Prefabs/Progress Bars/Type 1/ProgressBar Green.prefab using Guid(f3fecb2c9fbd68f458dc847b77091104) Importer(2089858483,b0f066a214c2f5e87bad3c948f4d605d) (ScriptedImporter) -> (artifact id: '0515ff7db893ba4c0a5b1eb7eaf5773d') in 0.019713 seconds
Number of updated asset objects reloaded before import = 0Number of asset objects unloaded after import = 21

========================================================================
Received Import Request.
  Time since last request: 0.000029 seconds.
  path: Assets/Cartoon UI/Prefabs/Progress Bars/Type 1/ProgressBar Pink Purple.prefab
  artifactKey: Guid(a8bc354daa3bc29408b16316325b6544) Importer(2089858483,b0f066a214c2f5e87bad3c948f4d605d)
Start importing Assets/Cartoon UI/Prefabs/Progress Bars/Type 1/ProgressBar Pink Purple.prefab using Guid(a8bc354daa3bc29408b16316325b6544) Importer(2089858483,b0f066a214c2f5e87bad3c948f4d605d) (ScriptedImporter) -> (artifact id: 'f5d75648abd77f66f0dd5ccd9eabc45c') in 0.019815 seconds
Number of updated asset objects reloaded before import = 0Number of asset objects unloaded after import = 21

========================================================================
Received Import Request.
  Time since last request: 0.000028 seconds.
  path: Assets/Cartoon UI/Progress Bar/Type 1/Progress Bar Fill Orange.png
  artifactKey: Guid(d17868e991b6bd24c80960698d057ac2) Importer(2089858483,b0f066a214c2f5e87bad3c948f4d605d)
Start importing Assets/Cartoon UI/Progress Bar/Type 1/Progress Bar Fill Orange.png using Guid(d17868e991b6bd24c80960698d057ac2) Importer(2089858483,b0f066a214c2f5e87bad3c948f4d605d) (ScriptedImporter) -> (artifact id: 'e43111f075d126bf680a9c42a7b8f5a5') in 0.0345006 seconds
Number of updated asset objects reloaded before import = 0Number of asset objects unloaded after import = 3

========================================================================
Received Import Request.
  Time since last request: 0.000056 seconds.
  path: Assets/Cartoon UI/Prefabs/Toggles Dot/Toggle Dot Yellow.prefab
  artifactKey: Guid(be7d2a7e1145e23458d44fb44dfcf269) Importer(2089858483,b0f066a214c2f5e87bad3c948f4d605d)
Start importing Assets/Cartoon UI/Prefabs/Toggles Dot/Toggle Dot Yellow.prefab using Guid(be7d2a7e1145e23458d44fb44dfcf269) Importer(2089858483,b0f066a214c2f5e87bad3c948f4d605d) (ScriptedImporter) -> (artifact id: '67c049f5d2960d41298cae68c7d7031a') in 0.0172652 seconds
Number of updated asset objects reloaded before import = 0Number of asset objects unloaded after import = 15

========================================================================
Received Import Request.
  Time since last request: 0.000018 seconds.
  path: Assets/Cartoon UI/White Icons/White Icons/UI Icons/Crown.png
  artifactKey: Guid(62a7a0c133c670d42ad49412711f3deb) Importer(2089858483,b0f066a214c2f5e87bad3c948f4d605d)
Start importing Assets/Cartoon UI/White Icons/White Icons/UI Icons/Crown.png using Guid(62a7a0c133c670d42ad49412711f3deb) Importer(2089858483,b0f066a214c2f5e87bad3c948f4d605d) (ScriptedImporter) -> (artifact id: 'd8f1be98069bf90846c7596d13b312b2') in 0.0158475 seconds
Number of updated asset objects reloaded before import = 0Number of asset objects unloaded after import = 3

========================================================================
Received Import Request.
  Time since last request: 0.000044 seconds.
  path: Assets/Cartoon UI/White Icons/White Icons/UI Icons/Gift.png
  artifactKey: Guid(a58b01c3c045d8043ae832432491d339) Importer(2089858483,b0f066a214c2f5e87bad3c948f4d605d)
Start importing Assets/Cartoon UI/White Icons/White Icons/UI Icons/Gift.png using Guid(a58b01c3c045d8043ae832432491d339) Importer(2089858483,b0f066a214c2f5e87bad3c948f4d605d) (ScriptedImporter) -> (artifact id: '50caae226586957b22b61ea798dad29b') in 0.0181461 seconds
Number of updated asset objects reloaded before import = 0Number of asset objects unloaded after import = 3

========================================================================
Received Import Request.
  Time since last request: 0.000021 seconds.
  path: Assets/Cartoon UI/White Icons/White Icons/UI Icons/Arrow Up.png
  artifactKey: Guid(72e18fd488eddfd4bbcf496acaf6f70d) Importer(2089858483,b0f066a214c2f5e87bad3c948f4d605d)
Start importing Assets/Cartoon UI/White Icons/White Icons/UI Icons/Arrow Up.png using Guid(72e18fd488eddfd4bbcf496acaf6f70d) Importer(2089858483,b0f066a214c2f5e87bad3c948f4d605d) (ScriptedImporter) -> (artifact id: 'c0c356bef0eaa74ef0d42521593bde95') in 0.0156171 seconds
Number of updated asset objects reloaded before import = 0Number of asset objects unloaded after import = 3

========================================================================
Received Import Request.
  Time since last request: 0.000028 seconds.
  path: Assets/Cartoon UI/White Icons/White Icons/UI Icons/Left 2.png
  artifactKey: Guid(32073bd577d6e3444bbdae14eac3b1ee) Importer(2089858483,b0f066a214c2f5e87bad3c948f4d605d)
Start importing Assets/Cartoon UI/White Icons/White Icons/UI Icons/Left 2.png using Guid(32073bd577d6e3444bbdae14eac3b1ee) Importer(2089858483,b0f066a214c2f5e87bad3c948f4d605d) (ScriptedImporter) -> (artifact id: '909c1f86b4603809e880b97d386f3f38') in 0.0176291 seconds
Number of updated asset objects reloaded before import = 0Number of asset objects unloaded after import = 3

========================================================================
Received Import Request.
  Time since last request: 0.000017 seconds.
  path: Assets/Cartoon UI/White Icons/White Icons/UI Icons/Chat.png
  artifactKey: Guid(6d0763a674b465d4aa15be9aaa711f12) Importer(2089858483,b0f066a214c2f5e87bad3c948f4d605d)
Start importing Assets/Cartoon UI/White Icons/White Icons/UI Icons/Chat.png using Guid(6d0763a674b465d4aa15be9aaa711f12) Importer(2089858483,b0f066a214c2f5e87bad3c948f4d605d) (ScriptedImporter) -> (artifact id: 'e466873a12d0170e5951506d5daaef2e') in 0.019241 seconds
Number of updated asset objects reloaded before import = 0Number of asset objects unloaded after import = 3

========================================================================
Received Import Request.
  Time since last request: 0.000019 seconds.
  path: Assets/Cartoon UI/White Icons/White Icons/UI Icons/Calendar.png
  artifactKey: Guid(eb544d26a5dc7ef49b28d723af566493) Importer(2089858483,b0f066a214c2f5e87bad3c948f4d605d)
Start importing Assets/Cartoon UI/White Icons/White Icons/UI Icons/Calendar.png using Guid(eb544d26a5dc7ef49b28d723af566493) Importer(2089858483,b0f066a214c2f5e87bad3c948f4d605d) (ScriptedImporter) -> (artifact id: 'bf1f7ba3c0e48f3649355be88d78e41a') in 0.0202487 seconds
Number of updated asset objects reloaded before import = 0Number of asset objects unloaded after import = 3

========================================================================
Received Import Request.
  Time since last request: 0.000030 seconds.
  path: Assets/Cartoon UI/White Icons/White Icons/UI Icons/Drop Down.png
  artifactKey: Guid(8c24b845fb167de4aadd17ca1de6bd75) Importer(2089858483,b0f066a214c2f5e87bad3c948f4d605d)
Start importing Assets/Cartoon UI/White Icons/White Icons/UI Icons/Drop Down.png using Guid(8c24b845fb167de4aadd17ca1de6bd75) Importer(2089858483,b0f066a214c2f5e87bad3c948f4d605d) (ScriptedImporter) -> (artifact id: '2c6718a77995429a1c7079009c31cdab') in 0.0278141 seconds
Number of updated asset objects reloaded before import = 0Number of asset objects unloaded after import = 3

========================================================================
Received Import Request.
  Time since last request: 0.000029 seconds.
  path: Assets/Cartoon UI/Buttons/Round Big/Circle Green.png
  artifactKey: Guid(160e2ffeed0794f42ae0221047e49687) Importer(2089858483,b0f066a214c2f5e87bad3c948f4d605d)
Start importing Assets/Cartoon UI/Buttons/Round Big/Circle Green.png using Guid(160e2ffeed0794f42ae0221047e49687) Importer(2089858483,b0f066a214c2f5e87bad3c948f4d605d) (ScriptedImporter) -> (artifact id: '97fdeae13904a5b82d7faa140fa224ad') in 0.0268011 seconds
Number of updated asset objects reloaded before import = 0Number of asset objects unloaded after import = 3

========================================================================
Received Import Request.
  Time since last request: 0.000018 seconds.
  path: Assets/Cartoon UI/Prefabs/Toggles CheckMark/Toggle CheckMark Orange.prefab
  artifactKey: Guid(6004f410d66eff14cb991bac4b6cb4d8) Importer(2089858483,b0f066a214c2f5e87bad3c948f4d605d)
Start importing Assets/Cartoon UI/Prefabs/Toggles CheckMark/Toggle CheckMark Orange.prefab using Guid(6004f410d66eff14cb991bac4b6cb4d8) Importer(2089858483,b0f066a214c2f5e87bad3c948f4d605d) (ScriptedImporter) -> (artifact id: 'e90675ae2435c6d42430c6f71a463608') in 0.02469 seconds
Number of updated asset objects reloaded before import = 0Number of asset objects unloaded after import = 15

========================================================================
Received Import Request.
  Time since last request: 0.000016 seconds.
  path: Assets/Cartoon UI/White Icons/White Icons/UI Icons/Menu 2.png
  artifactKey: Guid(a6b906ba4067c4a44880d33eb5d1af3d) Importer(2089858483,b0f066a214c2f5e87bad3c948f4d605d)
Start importing Assets/Cartoon UI/White Icons/White Icons/UI Icons/Menu 2.png using Guid(a6b906ba4067c4a44880d33eb5d1af3d) Importer(2089858483,b0f066a214c2f5e87bad3c948f4d605d) (ScriptedImporter) -> (artifact id: 'e155b379ff186d6554a4e95faf26cf68') in 0.0167625 seconds
Number of updated asset objects reloaded before import = 0Number of asset objects unloaded after import = 3

========================================================================
Received Import Request.
  Time since last request: 0.000025 seconds.
  path: Assets/Cartoon UI/White Icons/White Icons/UI Icons/Skull.png
  artifactKey: Guid(4ee1328c7d9a550458429342acd160a2) Importer(2089858483,b0f066a214c2f5e87bad3c948f4d605d)
Start importing Assets/Cartoon UI/White Icons/White Icons/UI Icons/Skull.png using Guid(4ee1328c7d9a550458429342acd160a2) Importer(2089858483,b0f066a214c2f5e87bad3c948f4d605d) (ScriptedImporter) -> (artifact id: '07921e7c2de9e6970a5a9961d7b89384') in 0.0155812 seconds
Number of updated asset objects reloaded before import = 0Number of asset objects unloaded after import = 3

========================================================================
Received Import Request.
  Time since last request: 0.000034 seconds.
  path: Assets/Cartoon UI/White Icons/White Icons/UI Icons/Thumbs Up.png
  artifactKey: Guid(4d2cd7a2ba9845341a31731fb3adb6c1) Importer(2089858483,b0f066a214c2f5e87bad3c948f4d605d)
Start importing Assets/Cartoon UI/White Icons/White Icons/UI Icons/Thumbs Up.png using Guid(4d2cd7a2ba9845341a31731fb3adb6c1) Importer(2089858483,b0f066a214c2f5e87bad3c948f4d605d) (ScriptedImporter) -> (artifact id: '4954332c710f10965c177dbb426b2dd2') in 0.0188597 seconds
Number of updated asset objects reloaded before import = 0Number of asset objects unloaded after import = 3

========================================================================
Received Import Request.
  Time since last request: 0.000020 seconds.
  path: Assets/Cartoon UI/White Icons/White Icons/UI Icons/Menu.png
  artifactKey: Guid(07dac5f99f811b64a8cb482efc6d1de6) Importer(2089858483,b0f066a214c2f5e87bad3c948f4d605d)
Start importing Assets/Cartoon UI/White Icons/White Icons/UI Icons/Menu.png using Guid(07dac5f99f811b64a8cb482efc6d1de6) Importer(2089858483,b0f066a214c2f5e87bad3c948f4d605d) (ScriptedImporter) -> (artifact id: 'd23c612c430a39de6dae1b09f3d9bc75') in 0.015705 seconds
Number of updated asset objects reloaded before import = 0Number of asset objects unloaded after import = 3

========================================================================
Received Import Request.
  Time since last request: 0.000021 seconds.
  path: Assets/Cartoon UI/White Icons/White Icons/UI Icons/Up 2.png
  artifactKey: Guid(98af093a81bdc8546b0da597bff077a0) Importer(2089858483,b0f066a214c2f5e87bad3c948f4d605d)
Start importing Assets/Cartoon UI/White Icons/White Icons/UI Icons/Up 2.png using Guid(98af093a81bdc8546b0da597bff077a0) Importer(2089858483,b0f066a214c2f5e87bad3c948f4d605d) (ScriptedImporter) -> (artifact id: '32cb8a68ed36cd0aeee9c3d69381de7b') in 0.0219405 seconds
Number of updated asset objects reloaded before import = 0Number of asset objects unloaded after import = 3

========================================================================
Received Import Request.
  Time since last request: 0.000019 seconds.
  path: Assets/Cartoon UI/White Icons/White Icons/UI Icons/Pin.png
  artifactKey: Guid(b3d14143727a07f4db75a53c6020c943) Importer(2089858483,b0f066a214c2f5e87bad3c948f4d605d)
Start importing Assets/Cartoon UI/White Icons/White Icons/UI Icons/Pin.png using Guid(b3d14143727a07f4db75a53c6020c943) Importer(2089858483,b0f066a214c2f5e87bad3c948f4d605d) (ScriptedImporter) -> (artifact id: 'a9b4b7a583913f97548706cbd8feb6f3') in 0.0173366 seconds
Number of updated asset objects reloaded before import = 0Number of asset objects unloaded after import = 3

========================================================================
Received Import Request.
  Time since last request: 0.000033 seconds.
  path: Assets/Cartoon UI/White Icons/White Icons/UI Icons/Return.png
  artifactKey: Guid(ac4a84fd1b88d254493e83ddbb77ca2d) Importer(2089858483,b0f066a214c2f5e87bad3c948f4d605d)
Start importing Assets/Cartoon UI/White Icons/White Icons/UI Icons/Return.png using Guid(ac4a84fd1b88d254493e83ddbb77ca2d) Importer(2089858483,b0f066a214c2f5e87bad3c948f4d605d) (ScriptedImporter) -> (artifact id: '4eafb9ce8a798273a6cb50f53201f20c') in 0.0245293 seconds
Number of updated asset objects reloaded before import = 0Number of asset objects unloaded after import = 3

========================================================================
Received Import Request.
  Time since last request: 0.000020 seconds.
  path: Assets/Cartoon UI/White Icons/White Icons/UI Icons/Potion.png
  artifactKey: Guid(60abeff30876f38438b23d5df67f3b29) Importer(2089858483,b0f066a214c2f5e87bad3c948f4d605d)
Start importing Assets/Cartoon UI/White Icons/White Icons/UI Icons/Potion.png using Guid(60abeff30876f38438b23d5df67f3b29) Importer(2089858483,b0f066a214c2f5e87bad3c948f4d605d) (ScriptedImporter) -> (artifact id: '743e2d2c1f2570990693972dfb53a8a6') in 0.0166468 seconds
Number of updated asset objects reloaded before import = 0Number of asset objects unloaded after import = 3

========================================================================
Received Import Request.
  Time since last request: 0.000017 seconds.
  path: Assets/Cartoon UI/White Icons/White Icons/White Icons 1/Add.png
  artifactKey: Guid(d576ca33339d8e447b7e1bab73e08b75) Importer(2089858483,b0f066a214c2f5e87bad3c948f4d605d)
Start importing Assets/Cartoon UI/White Icons/White Icons/White Icons 1/Add.png using Guid(d576ca33339d8e447b7e1bab73e08b75) Importer(2089858483,b0f066a214c2f5e87bad3c948f4d605d) (ScriptedImporter) -> (artifact id: '2eb818a72851f3c8a710c3002905863c') in 0.0167845 seconds
Number of updated asset objects reloaded before import = 0Number of asset objects unloaded after import = 3

========================================================================
Received Import Request.
  Time since last request: 0.000023 seconds.
  path: Assets/Cartoon UI/White Icons/White Icons/White Icons 1/Chat 2.png
  artifactKey: Guid(e5577d482ed668d4ca05b37b36bdd540) Importer(2089858483,b0f066a214c2f5e87bad3c948f4d605d)
Start importing Assets/Cartoon UI/White Icons/White Icons/White Icons 1/Chat 2.png using Guid(e5577d482ed668d4ca05b37b36bdd540) Importer(2089858483,b0f066a214c2f5e87bad3c948f4d605d) (ScriptedImporter) -> (artifact id: '52ea82e791b7e1cb8764ad0ea8e67ebc') in 0.0222263 seconds
Number of updated asset objects reloaded before import = 0Number of asset objects unloaded after import = 3

========================================================================
Received Import Request.
  Time since last request: 0.000047 seconds.
  path: Assets/Cartoon UI/White Icons/White Icons/White Icons 1/Cam.png
  artifactKey: Guid(c6c76a4af3674414f9db3882b4470038) Importer(2089858483,b0f066a214c2f5e87bad3c948f4d605d)
Start importing Assets/Cartoon UI/White Icons/White Icons/White Icons 1/Cam.png using Guid(c6c76a4af3674414f9db3882b4470038) Importer(2089858483,b0f066a214c2f5e87bad3c948f4d605d) (ScriptedImporter) -> (artifact id: 'aa7335b843741ecf55603d3418557eea') in 0.0148099 seconds
Number of updated asset objects reloaded before import = 0Number of asset objects unloaded after import = 3

========================================================================
Received Import Request.
  Time since last request: 0.000016 seconds.
  path: Assets/Cartoon UI/White Icons/White Icons/White Icons 1/Arrow Up 2.png
  artifactKey: Guid(7a8001be04860344d939550a3b5d72a2) Importer(2089858483,b0f066a214c2f5e87bad3c948f4d605d)
Start importing Assets/Cartoon UI/White Icons/White Icons/White Icons 1/Arrow Up 2.png using Guid(7a8001be04860344d939550a3b5d72a2) Importer(2089858483,b0f066a214c2f5e87bad3c948f4d605d) (ScriptedImporter) -> (artifact id: '70672a83cec68778f42018aef0772ddc') in 0.017434 seconds
Number of updated asset objects reloaded before import = 0Number of asset objects unloaded after import = 3

========================================================================
Received Import Request.
  Time since last request: 0.000017 seconds.
  path: Assets/Cartoon UI/White Icons/White Icons/White Icons 1/Badge 2.png
  artifactKey: Guid(21a2ada3a3b47d143be2492b2a86cca4) Importer(2089858483,b0f066a214c2f5e87bad3c948f4d605d)
Start importing Assets/Cartoon UI/White Icons/White Icons/White Icons 1/Badge 2.png using Guid(21a2ada3a3b47d143be2492b2a86cca4) Importer(2089858483,b0f066a214c2f5e87bad3c948f4d605d) (ScriptedImporter) -> (artifact id: 'e3bb1b0a9291b8568bf5d7b9e0fec032') in 0.0219868 seconds
Number of updated asset objects reloaded before import = 0Number of asset objects unloaded after import = 3

========================================================================
Received Import Request.
  Time since last request: 0.000023 seconds.
  path: Assets/Cartoon UI/White Icons/White Icons/White Icons 1/Badge 1.png
  artifactKey: Guid(d38227b7d96da1146b3077d0cae19acc) Importer(2089858483,b0f066a214c2f5e87bad3c948f4d605d)
Start importing Assets/Cartoon UI/White Icons/White Icons/White Icons 1/Badge 1.png using Guid(d38227b7d96da1146b3077d0cae19acc) Importer(2089858483,b0f066a214c2f5e87bad3c948f4d605d) (ScriptedImporter) -> (artifact id: '51ed19a6f0269f3ec95686775199ea64') in 0.0212003 seconds
Number of updated asset objects reloaded before import = 0Number of asset objects unloaded after import = 3

========================================================================
Received Import Request.
  Time since last request: 0.000029 seconds.
  path: Assets/Cartoon UI/White Icons/White Icons/White Icons 1/asterisk.png
  artifactKey: Guid(468fde978b45f6e4daee0ea9917fc6f2) Importer(2089858483,b0f066a214c2f5e87bad3c948f4d605d)
Start importing Assets/Cartoon UI/White Icons/White Icons/White Icons 1/asterisk.png using Guid(468fde978b45f6e4daee0ea9917fc6f2) Importer(2089858483,b0f066a214c2f5e87bad3c948f4d605d) (ScriptedImporter) -> (artifact id: '74f655d65be19c02289a2fe4762f0397') in 0.0221896 seconds
Number of updated asset objects reloaded before import = 0Number of asset objects unloaded after import = 3

========================================================================
Received Import Request.
  Time since last request: 0.000017 seconds.
  path: Assets/Cartoon UI/White Icons/White Icons/UI Icons/Rank.png
  artifactKey: Guid(5f3ebdbb2bd1cfd41971eda36e40e81d) Importer(2089858483,b0f066a214c2f5e87bad3c948f4d605d)
Start importing Assets/Cartoon UI/White Icons/White Icons/UI Icons/Rank.png using Guid(5f3ebdbb2bd1cfd41971eda36e40e81d) Importer(2089858483,b0f066a214c2f5e87bad3c948f4d605d) (ScriptedImporter) -> (artifact id: 'f1c2fc17a85dd3fed05d9ee5702f6c0f') in 0.0224504 seconds
Number of updated asset objects reloaded before import = 0Number of asset objects unloaded after import = 3

========================================================================
Received Import Request.
  Time since last request: 0.000042 seconds.
  path: Assets/Cartoon UI/Prefabs/Settings Panel.prefab
  artifactKey: Guid(ce76a96295a7d6f4283a2eacab1f76a4) Importer(2089858483,b0f066a214c2f5e87bad3c948f4d605d)
Start importing Assets/Cartoon UI/Prefabs/Settings Panel.prefab using Guid(ce76a96295a7d6f4283a2eacab1f76a4) Importer(2089858483,b0f066a214c2f5e87bad3c948f4d605d) (ScriptedImporter) -> (artifact id: 'dfddec8f43b0917fffc2d4bce9d00676') in 0.0320454 seconds
Number of updated asset objects reloaded before import = 0Number of asset objects unloaded after import = 146

========================================================================
Received Import Request.
  Time since last request: 0.000046 seconds.
  path: Assets/Cartoon UI/White Icons/White Icons/White Icons 1/Cloud.png
  artifactKey: Guid(741e59d86b49b5d4997f4f56f662e9b6) Importer(2089858483,b0f066a214c2f5e87bad3c948f4d605d)
Start importing Assets/Cartoon UI/White Icons/White Icons/White Icons 1/Cloud.png using Guid(741e59d86b49b5d4997f4f56f662e9b6) Importer(2089858483,b0f066a214c2f5e87bad3c948f4d605d) (ScriptedImporter) -> (artifact id: 'df540748bb40fec68b9fb7c9131c03eb') in 0.0189188 seconds
Number of updated asset objects reloaded before import = 0Number of asset objects unloaded after import = 3

========================================================================
Received Import Request.
  Time since last request: 0.000027 seconds.
  path: Assets/Cartoon UI/White Icons/White Icons/White Icons 1/Compact.png
  artifactKey: Guid(59fe5ab32d04bc84788dd04cfe95117d) Importer(2089858483,b0f066a214c2f5e87bad3c948f4d605d)
Start importing Assets/Cartoon UI/White Icons/White Icons/White Icons 1/Compact.png using Guid(59fe5ab32d04bc84788dd04cfe95117d) Importer(2089858483,b0f066a214c2f5e87bad3c948f4d605d) (ScriptedImporter) -> (artifact id: 'c6bd65ab5bd3836225598d91f7a6c8e6') in 0.0228807 seconds
Number of updated asset objects reloaded before import = 0Number of asset objects unloaded after import = 3

========================================================================
Received Import Request.
  Time since last request: 0.000015 seconds.
  path: Assets/Cartoon UI/White Icons/White Icons/White Icons 1/Close.png
  artifactKey: Guid(b5aedbc446718b94c8b1eea1ca853cec) Importer(2089858483,b0f066a214c2f5e87bad3c948f4d605d)
Start importing Assets/Cartoon UI/White Icons/White Icons/White Icons 1/Close.png using Guid(b5aedbc446718b94c8b1eea1ca853cec) Importer(2089858483,b0f066a214c2f5e87bad3c948f4d605d) (ScriptedImporter) -> (artifact id: 'e20ef217e71787158e5508b79eaf49bb') in 0.0198066 seconds
Number of updated asset objects reloaded before import = 0Number of asset objects unloaded after import = 3

========================================================================
Received Import Request.
  Time since last request: 0.000017 seconds.
  path: Assets/Cartoon UI/White Icons/White Icons/White Icons 1/Flower.png
  artifactKey: Guid(604c2e4312367d846a8ff379323e82b3) Importer(2089858483,b0f066a214c2f5e87bad3c948f4d605d)
Start importing Assets/Cartoon UI/White Icons/White Icons/White Icons 1/Flower.png using Guid(604c2e4312367d846a8ff379323e82b3) Importer(2089858483,b0f066a214c2f5e87bad3c948f4d605d) (ScriptedImporter) -> (artifact id: '2b8ac2f2e282eaad94a712d1dd60548b') in 0.0184733 seconds
Number of updated asset objects reloaded before import = 0Number of asset objects unloaded after import = 3

========================================================================
Received Import Request.
  Time since last request: 0.000017 seconds.
  path: Assets/Cartoon UI/White Icons/White Icons/White Icons 1/Left 2.png
  artifactKey: Guid(2aa1717e222dc8b47a678fe1316d61b8) Importer(2089858483,b0f066a214c2f5e87bad3c948f4d605d)
Start importing Assets/Cartoon UI/White Icons/White Icons/White Icons 1/Left 2.png using Guid(2aa1717e222dc8b47a678fe1316d61b8) Importer(2089858483,b0f066a214c2f5e87bad3c948f4d605d) (ScriptedImporter) -> (artifact id: '02756c138a19c662e4e43c1dcee6b73b') in 0.0187342 seconds
Number of updated asset objects reloaded before import = 0Number of asset objects unloaded after import = 3

========================================================================
Received Import Request.
  Time since last request: 0.000030 seconds.
  path: Assets/Cartoon UI/White Icons/White Icons/White Icons 1/Gift.png
  artifactKey: Guid(b880b28c3fd93fe4e832f07156b98216) Importer(2089858483,b0f066a214c2f5e87bad3c948f4d605d)
Start importing Assets/Cartoon UI/White Icons/White Icons/White Icons 1/Gift.png using Guid(b880b28c3fd93fe4e832f07156b98216) Importer(2089858483,b0f066a214c2f5e87bad3c948f4d605d) (ScriptedImporter) -> (artifact id: '206ace1471317936eaa9e03a57fbaff8') in 0.0214887 seconds
Number of updated asset objects reloaded before import = 0Number of asset objects unloaded after import = 3

========================================================================
Received Import Request.
  Time since last request: 0.000019 seconds.
  path: Assets/Cartoon UI/White Icons/White Icons/UI Icons/Wrench.png
  artifactKey: Guid(5ab834f3265d05d4497f98bb5cd6a2b9) Importer(2089858483,b0f066a214c2f5e87bad3c948f4d605d)
Start importing Assets/Cartoon UI/White Icons/White Icons/UI Icons/Wrench.png using Guid(5ab834f3265d05d4497f98bb5cd6a2b9) Importer(2089858483,b0f066a214c2f5e87bad3c948f4d605d) (ScriptedImporter) -> (artifact id: '8f6fb453d03c54595694bcbcc6198c6e') in 0.0218895 seconds
Number of updated asset objects reloaded before import = 0Number of asset objects unloaded after import = 3

========================================================================
Received Import Request.
  Time since last request: 0.000015 seconds.
  path: Assets/Cartoon UI/White Icons/White Icons/White Icons 1/Repair.png
  artifactKey: Guid(209ded85e47fb534b9778ce6991f3119) Importer(2089858483,b0f066a214c2f5e87bad3c948f4d605d)
Start importing Assets/Cartoon UI/White Icons/White Icons/White Icons 1/Repair.png using Guid(209ded85e47fb534b9778ce6991f3119) Importer(2089858483,b0f066a214c2f5e87bad3c948f4d605d) (ScriptedImporter) -> (artifact id: 'd9ff0426f6f3e76c00d6e5d327662abf') in 0.0181837 seconds
Number of updated asset objects reloaded before import = 0Number of asset objects unloaded after import = 3

========================================================================
Received Import Request.
  Time since last request: 0.000044 seconds.
  path: Assets/Cartoon UI/White Icons/White Icons/White Icons 1/Recycle Bin.png
  artifactKey: Guid(f7ef4d4dc7ec6634d9b19bf77c32503d) Importer(2089858483,b0f066a214c2f5e87bad3c948f4d605d)
Start importing Assets/Cartoon UI/White Icons/White Icons/White Icons 1/Recycle Bin.png using Guid(f7ef4d4dc7ec6634d9b19bf77c32503d) Importer(2089858483,b0f066a214c2f5e87bad3c948f4d605d) (ScriptedImporter) -> (artifact id: '4017390fb4c1058fdde716ed1081f958') in 0.0181975 seconds
Number of updated asset objects reloaded before import = 0Number of asset objects unloaded after import = 3

========================================================================
Received Import Request.
  Time since last request: 0.000064 seconds.
  path: Assets/Cartoon UI/White Icons/White Icons/White Icons 1/Person.png
  artifactKey: Guid(41ea9578b42326249940bddf38111e4f) Importer(2089858483,b0f066a214c2f5e87bad3c948f4d605d)
Start importing Assets/Cartoon UI/White Icons/White Icons/White Icons 1/Person.png using Guid(41ea9578b42326249940bddf38111e4f) Importer(2089858483,b0f066a214c2f5e87bad3c948f4d605d) (ScriptedImporter) -> (artifact id: '92d75bae07d716bb76bd3645ec1a2ebc') in 0.0181574 seconds
Number of updated asset objects reloaded before import = 0Number of asset objects unloaded after import = 3

========================================================================
Received Import Request.
  Time since last request: 0.000019 seconds.
  path: Assets/Cartoon UI/White Icons/White Icons/White Icons 1/Lock.png
  artifactKey: Guid(5e0d964a564ad614fb51ddbe1423010a) Importer(2089858483,b0f066a214c2f5e87bad3c948f4d605d)
Start importing Assets/Cartoon UI/White Icons/White Icons/White Icons 1/Lock.png using Guid(5e0d964a564ad614fb51ddbe1423010a) Importer(2089858483,b0f066a214c2f5e87bad3c948f4d605d) (ScriptedImporter) -> (artifact id: 'f8bccbedf337a65a279368a85ade69f1') in 0.0217321 seconds
Number of updated asset objects reloaded before import = 0Number of asset objects unloaded after import = 3

========================================================================
Received Import Request.
  Time since last request: 0.000045 seconds.
  path: Assets/Cartoon UI/White Icons/White Icons/White Icons 1/Magnet.png
  artifactKey: Guid(ef5e55aa7e861b64b94848eee710ce58) Importer(2089858483,b0f066a214c2f5e87bad3c948f4d605d)
Start importing Assets/Cartoon UI/White Icons/White Icons/White Icons 1/Magnet.png using Guid(ef5e55aa7e861b64b94848eee710ce58) Importer(2089858483,b0f066a214c2f5e87bad3c948f4d605d) (ScriptedImporter) -> (artifact id: 'bbfc2494f85d0893139db40a3347efe7') in 0.0179349 seconds
Number of updated asset objects reloaded before import = 0Number of asset objects unloaded after import = 3

========================================================================
Received Import Request.
  Time since last request: 0.000020 seconds.
  path: Assets/Cartoon UI/White Icons/White Icons/White Icons 1/List.png
  artifactKey: Guid(ef03e3dbad43bbe42a57f3179532cb92) Importer(2089858483,b0f066a214c2f5e87bad3c948f4d605d)
Start importing Assets/Cartoon UI/White Icons/White Icons/White Icons 1/List.png using Guid(ef03e3dbad43bbe42a57f3179532cb92) Importer(2089858483,b0f066a214c2f5e87bad3c948f4d605d) (ScriptedImporter) -> (artifact id: 'b3216edadb39c3d5873ddb5fcb768443') in 0.0172518 seconds
Number of updated asset objects reloaded before import = 0Number of asset objects unloaded after import = 3

========================================================================
Received Import Request.
  Time since last request: 0.000039 seconds.
  path: Assets/Cartoon UI/White Icons/White Icons/White Icons 1/Location.png
  artifactKey: Guid(9b89c47d4ad8a8a4e8ce802530f914c0) Importer(2089858483,b0f066a214c2f5e87bad3c948f4d605d)
Start importing Assets/Cartoon UI/White Icons/White Icons/White Icons 1/Location.png using Guid(9b89c47d4ad8a8a4e8ce802530f914c0) Importer(2089858483,b0f066a214c2f5e87bad3c948f4d605d) (ScriptedImporter) -> (artifact id: '5fce351b346ed9e10b646719c632693d') in 0.0166434 seconds
Number of updated asset objects reloaded before import = 0Number of asset objects unloaded after import = 3

========================================================================
Received Import Request.
  Time since last request: 0.000017 seconds.
  path: Assets/Cartoon UI/White Icons/White Icons/White Icons 2/White Airplane.png
  artifactKey: Guid(45d21310576992c499f17a61dcef1e19) Importer(2089858483,b0f066a214c2f5e87bad3c948f4d605d)
Start importing Assets/Cartoon UI/White Icons/White Icons/White Icons 2/White Airplane.png using Guid(45d21310576992c499f17a61dcef1e19) Importer(2089858483,b0f066a214c2f5e87bad3c948f4d605d) (ScriptedImporter) -> (artifact id: 'd1b9025a563b09194876907c87db3c2a') in 0.0153475 seconds
Number of updated asset objects reloaded before import = 0Number of asset objects unloaded after import = 3

========================================================================
Received Import Request.
  Time since last request: 0.000017 seconds.
  path: Assets/Cartoon UI/White Icons/White Icons/White Icons 2/White Alarm 2.png
  artifactKey: Guid(01c20456d49a1254fa21803fb4601c04) Importer(2089858483,b0f066a214c2f5e87bad3c948f4d605d)
Start importing Assets/Cartoon UI/White Icons/White Icons/White Icons 2/White Alarm 2.png using Guid(01c20456d49a1254fa21803fb4601c04) Importer(2089858483,b0f066a214c2f5e87bad3c948f4d605d) (ScriptedImporter) -> (artifact id: 'f05f6e9d9dfc8554e8d35570a0c4e43b') in 0.0168997 seconds
Number of updated asset objects reloaded before import = 0Number of asset objects unloaded after import = 3

========================================================================
Received Import Request.
  Time since last request: 0.000021 seconds.
  path: Assets/Cartoon UI/White Icons/White Icons/White Icons 1/Up.png
  artifactKey: Guid(7f8fcb28771893a4d8a4e8b100152736) Importer(2089858483,b0f066a214c2f5e87bad3c948f4d605d)
Start importing Assets/Cartoon UI/White Icons/White Icons/White Icons 1/Up.png using Guid(7f8fcb28771893a4d8a4e8b100152736) Importer(2089858483,b0f066a214c2f5e87bad3c948f4d605d) (ScriptedImporter) -> (artifact id: '2584dfcd04311ce44107cadaf190d367') in 0.0180953 seconds
Number of updated asset objects reloaded before import = 0Number of asset objects unloaded after import = 3

========================================================================
Received Import Request.
  Time since last request: 0.000027 seconds.
  path: Assets/Cartoon UI/White Icons/White Icons/White Icons 2/White A1.png
  artifactKey: Guid(d620e3395c9787a4d83bcd7eb5d8ac8a) Importer(2089858483,b0f066a214c2f5e87bad3c948f4d605d)
Start importing Assets/Cartoon UI/White Icons/White Icons/White Icons 2/White A1.png using Guid(d620e3395c9787a4d83bcd7eb5d8ac8a) Importer(2089858483,b0f066a214c2f5e87bad3c948f4d605d) (ScriptedImporter) -> (artifact id: '928d674db4b758bbd756ffa4c1abbe4d') in 0.0189422 seconds
Number of updated asset objects reloaded before import = 0Number of asset objects unloaded after import = 3

========================================================================
Received Import Request.
  Time since last request: 0.000017 seconds.
  path: Assets/Cartoon UI/White Icons/White Icons/White Icons 1/Stop.png
  artifactKey: Guid(08d9480b83be673408d50f86f25f2304) Importer(2089858483,b0f066a214c2f5e87bad3c948f4d605d)
Start importing Assets/Cartoon UI/White Icons/White Icons/White Icons 1/Stop.png using Guid(08d9480b83be673408d50f86f25f2304) Importer(2089858483,b0f066a214c2f5e87bad3c948f4d605d) (ScriptedImporter) -> (artifact id: '33eb6b0dbaff08e319c6cc5167288487') in 0.020564 seconds
Number of updated asset objects reloaded before import = 0Number of asset objects unloaded after import = 3

========================================================================
Received Import Request.
  Time since last request: 0.000017 seconds.
  path: Assets/Cartoon UI/White Icons/White Icons/White Icons 2/PowerUp1.png
  artifactKey: Guid(217f46c7599ed8d45818e8b9868da9c1) Importer(2089858483,b0f066a214c2f5e87bad3c948f4d605d)
Start importing Assets/Cartoon UI/White Icons/White Icons/White Icons 2/PowerUp1.png using Guid(217f46c7599ed8d45818e8b9868da9c1) Importer(2089858483,b0f066a214c2f5e87bad3c948f4d605d) (ScriptedImporter) -> (artifact id: '571f0f5af758fadd60e29d708701dec5') in 0.0177911 seconds
Number of updated asset objects reloaded before import = 0Number of asset objects unloaded after import = 3

========================================================================
Received Import Request.
  Time since last request: 0.000035 seconds.
  path: Assets/Cartoon UI/White Icons/White Icons/White Icons 1/Speaker.png
  artifactKey: Guid(0201014051f745141af776363a810ccb) Importer(2089858483,b0f066a214c2f5e87bad3c948f4d605d)
Start importing Assets/Cartoon UI/White Icons/White Icons/White Icons 1/Speaker.png using Guid(0201014051f745141af776363a810ccb) Importer(2089858483,b0f066a214c2f5e87bad3c948f4d605d) (ScriptedImporter) -> (artifact id: '68db70e8a38346ae640aef63d42c5d3f') in 0.0142738 seconds
Number of updated asset objects reloaded before import = 0Number of asset objects unloaded after import = 3

========================================================================
Received Import Request.
  Time since last request: 0.000034 seconds.
  path: Assets/Cartoon UI/White Icons/White Icons/White Icons 2/White Bag 2.png
  artifactKey: Guid(e9be420609208bf4cbf12e39f2b8b690) Importer(2089858483,b0f066a214c2f5e87bad3c948f4d605d)
Start importing Assets/Cartoon UI/White Icons/White Icons/White Icons 2/White Bag 2.png using Guid(e9be420609208bf4cbf12e39f2b8b690) Importer(2089858483,b0f066a214c2f5e87bad3c948f4d605d) (ScriptedImporter) -> (artifact id: 'a4d94baa623b919b261d636c51a14f71') in 0.0167937 seconds
Number of updated asset objects reloaded before import = 0Number of asset objects unloaded after import = 3

========================================================================
Received Import Request.
  Time since last request: 0.000015 seconds.
  path: Assets/Cartoon UI/White Icons/White Icons/White Icons 2/White At.png
  artifactKey: Guid(9c2e4c1fa8ac0334e8451df1958ac5ba) Importer(2089858483,b0f066a214c2f5e87bad3c948f4d605d)
Start importing Assets/Cartoon UI/White Icons/White Icons/White Icons 2/White At.png using Guid(9c2e4c1fa8ac0334e8451df1958ac5ba) Importer(2089858483,b0f066a214c2f5e87bad3c948f4d605d) (ScriptedImporter) -> (artifact id: '03ec68049b222e83fa9103f4fd46f441') in 0.0162342 seconds
Number of updated asset objects reloaded before import = 0Number of asset objects unloaded after import = 3

========================================================================
Received Import Request.
  Time since last request: 0.000019 seconds.
  path: Assets/Cartoon UI/White Icons/White Icons/White Icons 2/White Basket.png
  artifactKey: Guid(5bc4e46cbcfb1bc4095304c036882693) Importer(2089858483,b0f066a214c2f5e87bad3c948f4d605d)
Start importing Assets/Cartoon UI/White Icons/White Icons/White Icons 2/White Basket.png using Guid(5bc4e46cbcfb1bc4095304c036882693) Importer(2089858483,b0f066a214c2f5e87bad3c948f4d605d) (ScriptedImporter) -> (artifact id: '212184415d02fcad1a1bf67cb3ba3c2e') in 0.0167372 seconds
Number of updated asset objects reloaded before import = 0Number of asset objects unloaded after import = 3

========================================================================
Received Import Request.
  Time since last request: 0.000018 seconds.
  path: Assets/Cartoon UI/White Icons/White Icons/White Icons 2/White Battery Half.png
  artifactKey: Guid(eaa76be7dca697840b4eb9a3ac4776e1) Importer(2089858483,b0f066a214c2f5e87bad3c948f4d605d)
Start importing Assets/Cartoon UI/White Icons/White Icons/White Icons 2/White Battery Half.png using Guid(eaa76be7dca697840b4eb9a3ac4776e1) Importer(2089858483,b0f066a214c2f5e87bad3c948f4d605d) (ScriptedImporter) -> (artifact id: 'b0c8a54aed09d7845b480ba69ba381bf') in 0.0186756 seconds
Number of updated asset objects reloaded before import = 0Number of asset objects unloaded after import = 3

========================================================================
Received Import Request.
  Time since last request: 0.000029 seconds.
  path: Assets/Cartoon UI/White Icons/White Icons/White Icons 2/White Backward.png
  artifactKey: Guid(5bf81d029d44a7648ba6141a6a048df5) Importer(2089858483,b0f066a214c2f5e87bad3c948f4d605d)
Start importing Assets/Cartoon UI/White Icons/White Icons/White Icons 2/White Backward.png using Guid(5bf81d029d44a7648ba6141a6a048df5) Importer(2089858483,b0f066a214c2f5e87bad3c948f4d605d) (ScriptedImporter) -> (artifact id: '3913a9f4df1ec15da8f630edf40ef057') in 0.0214766 seconds
Number of updated asset objects reloaded before import = 0Number of asset objects unloaded after import = 3

========================================================================
Received Import Request.
  Time since last request: 0.000018 seconds.
  path: Assets/Cartoon UI/White Icons/White Icons/White Icons 2/White Bag 1.png
  artifactKey: Guid(e5e778b1d75e7f7499cf96e94fb3c548) Importer(2089858483,b0f066a214c2f5e87bad3c948f4d605d)
Start importing Assets/Cartoon UI/White Icons/White Icons/White Icons 2/White Bag 1.png using Guid(e5e778b1d75e7f7499cf96e94fb3c548) Importer(2089858483,b0f066a214c2f5e87bad3c948f4d605d) (ScriptedImporter) -> (artifact id: 'c433d963a1cf3ae514bf38f1699f6951') in 0.0178665 seconds
Number of updated asset objects reloaded before import = 0Number of asset objects unloaded after import = 3

========================================================================
Received Import Request.
  Time since last request: 0.000020 seconds.
  path: Assets/Cartoon UI/White Icons/White Icons/White Icons 2/White Banner.png
  artifactKey: Guid(00dd30bb82dff274c8c6b62042f8ec6c) Importer(2089858483,b0f066a214c2f5e87bad3c948f4d605d)
Start importing Assets/Cartoon UI/White Icons/White Icons/White Icons 2/White Banner.png using Guid(00dd30bb82dff274c8c6b62042f8ec6c) Importer(2089858483,b0f066a214c2f5e87bad3c948f4d605d) (ScriptedImporter) -> (artifact id: '55fd460c4d7493300d6a6d35d2ba9dfe') in 0.0169071 seconds
Number of updated asset objects reloaded before import = 0Number of asset objects unloaded after import = 3

========================================================================
Received Import Request.
  Time since last request: 0.000025 seconds.
  path: Assets/Cartoon UI/White Icons/White Icons/White Icons 2/White Bluetooth Off.png
  artifactKey: Guid(a0f2a02b0b07dc44db90837a02e20479) Importer(2089858483,b0f066a214c2f5e87bad3c948f4d605d)
Start importing Assets/Cartoon UI/White Icons/White Icons/White Icons 2/White Bluetooth Off.png using Guid(a0f2a02b0b07dc44db90837a02e20479) Importer(2089858483,b0f066a214c2f5e87bad3c948f4d605d) (ScriptedImporter) -> (artifact id: 'b6f13a51bf925f40d325b126ad0ae46d') in 0.0208655 seconds
Number of updated asset objects reloaded before import = 0Number of asset objects unloaded after import = 3

========================================================================
Received Import Request.
  Time since last request: 0.000028 seconds.
  path: Assets/Cartoon UI/White Icons/White Icons/White Icons 2/White Bug 2.png
  artifactKey: Guid(dff9c8e995e83c74e97f1685dde94b84) Importer(2089858483,b0f066a214c2f5e87bad3c948f4d605d)
Start importing Assets/Cartoon UI/White Icons/White Icons/White Icons 2/White Bug 2.png using Guid(dff9c8e995e83c74e97f1685dde94b84) Importer(2089858483,b0f066a214c2f5e87bad3c948f4d605d) (ScriptedImporter) -> (artifact id: 'b81745f6c174f14175dc9421010edfec') in 0.0183003 seconds
Number of updated asset objects reloaded before import = 0Number of asset objects unloaded after import = 3

========================================================================
Received Import Request.
  Time since last request: 0.000019 seconds.
  path: Assets/Cartoon UI/White Icons/White Icons/White Icons 2/White Bomb 1.png
  artifactKey: Guid(7651782bbefcfb44eb2f881d528b2ba0) Importer(2089858483,b0f066a214c2f5e87bad3c948f4d605d)
Start importing Assets/Cartoon UI/White Icons/White Icons/White Icons 2/White Bomb 1.png using Guid(7651782bbefcfb44eb2f881d528b2ba0) Importer(2089858483,b0f066a214c2f5e87bad3c948f4d605d) (ScriptedImporter) -> (artifact id: '30bb7a8a27c7e0174ea858c03dc68b10') in 0.0164022 seconds
Number of updated asset objects reloaded before import = 0Number of asset objects unloaded after import = 3

========================================================================
Received Import Request.
  Time since last request: 0.000016 seconds.
  path: Assets/Cartoon UI/White Icons/White Icons/White Icons 2/White Building.png
  artifactKey: Guid(c0d4a41dec0c4a2448b07cee4cc58dc8) Importer(2089858483,b0f066a214c2f5e87bad3c948f4d605d)
Start importing Assets/Cartoon UI/White Icons/White Icons/White Icons 2/White Building.png using Guid(c0d4a41dec0c4a2448b07cee4cc58dc8) Importer(2089858483,b0f066a214c2f5e87bad3c948f4d605d) (ScriptedImporter) -> (artifact id: '7016cef3bbfca2c589bb4f4577731977') in 0.01903 seconds
Number of updated asset objects reloaded before import = 0Number of asset objects unloaded after import = 3

========================================================================
Received Import Request.
  Time since last request: 0.000019 seconds.
  path: Assets/Cartoon UI/White Icons/White Icons/White Icons 2/White Bomb 2.png
  artifactKey: Guid(0fd23bf101c465f4c9d22e42601f857d) Importer(2089858483,b0f066a214c2f5e87bad3c948f4d605d)
Start importing Assets/Cartoon UI/White Icons/White Icons/White Icons 2/White Bomb 2.png using Guid(0fd23bf101c465f4c9d22e42601f857d) Importer(2089858483,b0f066a214c2f5e87bad3c948f4d605d) (ScriptedImporter) -> (artifact id: 'c1e99a63b3dcaaa3197628ee6b2fe1c0') in 0.0180441 seconds
Number of updated asset objects reloaded before import = 0Number of asset objects unloaded after import = 3

========================================================================
Received Import Request.
  Time since last request: 0.000031 seconds.
  path: Assets/Cartoon UI/White Icons/White Icons/White Icons 2/White Bitcoin.png
  artifactKey: Guid(32001170ed8c1c6478df7d77c8327202) Importer(2089858483,b0f066a214c2f5e87bad3c948f4d605d)
Start importing Assets/Cartoon UI/White Icons/White Icons/White Icons 2/White Bitcoin.png using Guid(32001170ed8c1c6478df7d77c8327202) Importer(2089858483,b0f066a214c2f5e87bad3c948f4d605d) (ScriptedImporter) -> (artifact id: '25cc15a596f7a4d3d55d34ee7dd40727') in 0.0199347 seconds
Number of updated asset objects reloaded before import = 0Number of asset objects unloaded after import = 3

========================================================================
Received Import Request.
  Time since last request: 0.000018 seconds.
  path: Assets/Cartoon UI/White Icons/White Icons/White Icons 2/White Building 2.png
  artifactKey: Guid(07c3575c1a86c2148bb10705688a63d1) Importer(2089858483,b0f066a214c2f5e87bad3c948f4d605d)
Start importing Assets/Cartoon UI/White Icons/White Icons/White Icons 2/White Building 2.png using Guid(07c3575c1a86c2148bb10705688a63d1) Importer(2089858483,b0f066a214c2f5e87bad3c948f4d605d) (ScriptedImporter) -> (artifact id: 'f301d14ab765c24d943851f75ff1a881') in 0.026874 seconds
Number of updated asset objects reloaded before import = 0Number of asset objects unloaded after import = 3

========================================================================
Received Import Request.
  Time since last request: 0.000029 seconds.
  path: Assets/Cartoon UI/White Icons/White Icons/White Icons 2/White Check.png
  artifactKey: Guid(32a4e02e1b2bf3f44b73459b3f736f8c) Importer(2089858483,b0f066a214c2f5e87bad3c948f4d605d)
Start importing Assets/Cartoon UI/White Icons/White Icons/White Icons 2/White Check.png using Guid(32a4e02e1b2bf3f44b73459b3f736f8c) Importer(2089858483,b0f066a214c2f5e87bad3c948f4d605d) (ScriptedImporter) -> (artifact id: '127d795a28680fdd09b78895ac7b6b17') in 0.0246279 seconds
Number of updated asset objects reloaded before import = 0Number of asset objects unloaded after import = 3

========================================================================
Received Import Request.
  Time since last request: 0.000026 seconds.
  path: Assets/Cartoon UI/White Icons/White Icons/White Icons 2/White Cash Bag.png
  artifactKey: Guid(2948a7cabadf4a046a558f76ffc3b389) Importer(2089858483,b0f066a214c2f5e87bad3c948f4d605d)
Start importing Assets/Cartoon UI/White Icons/White Icons/White Icons 2/White Cash Bag.png using Guid(2948a7cabadf4a046a558f76ffc3b389) Importer(2089858483,b0f066a214c2f5e87bad3c948f4d605d) (ScriptedImporter) -> (artifact id: '9f36995d724b2a89f5f995a50e223f26') in 0.0205597 seconds
Number of updated asset objects reloaded before import = 0Number of asset objects unloaded after import = 3

========================================================================
Received Import Request.
  Time since last request: 0.000028 seconds.
  path: Assets/Cartoon UI/White Icons/White Icons/White Icons 2/White Castle 2.png
  artifactKey: Guid(bcdd0823af1ee174db61104f01e0dd80) Importer(2089858483,b0f066a214c2f5e87bad3c948f4d605d)
Start importing Assets/Cartoon UI/White Icons/White Icons/White Icons 2/White Castle 2.png using Guid(bcdd0823af1ee174db61104f01e0dd80) Importer(2089858483,b0f066a214c2f5e87bad3c948f4d605d) (ScriptedImporter) -> (artifact id: 'b2f3c499a6ea9c5e2a4a6d3154b5fd64') in 0.0188252 seconds
Number of updated asset objects reloaded before import = 0Number of asset objects unloaded after import = 3

========================================================================
Received Import Request.
  Time since last request: 0.000023 seconds.
  path: Assets/Cartoon UI/White Icons/White Icons/White Icons 2/White Chat.png
  artifactKey: Guid(65aff88f436ccbb4abdb4713bbc68814) Importer(2089858483,b0f066a214c2f5e87bad3c948f4d605d)
Start importing Assets/Cartoon UI/White Icons/White Icons/White Icons 2/White Chat.png using Guid(65aff88f436ccbb4abdb4713bbc68814) Importer(2089858483,b0f066a214c2f5e87bad3c948f4d605d) (ScriptedImporter) -> (artifact id: '011f1066abaabfd969daf46eeeb34fdb') in 0.020211 seconds
Number of updated asset objects reloaded before import = 0Number of asset objects unloaded after import = 3

========================================================================
Received Import Request.
  Time since last request: 0.000018 seconds.
  path: Assets/Cartoon UI/White Icons/White Icons/White Icons 2/White Cauldron.png
  artifactKey: Guid(b389632401537954fb14868f05badf21) Importer(2089858483,b0f066a214c2f5e87bad3c948f4d605d)
Start importing Assets/Cartoon UI/White Icons/White Icons/White Icons 2/White Cauldron.png using Guid(b389632401537954fb14868f05badf21) Importer(2089858483,b0f066a214c2f5e87bad3c948f4d605d) (ScriptedImporter) -> (artifact id: '3939f49221c39540a1a8066f1ca1f8f7') in 0.0215884 seconds
Number of updated asset objects reloaded before import = 0Number of asset objects unloaded after import = 3

========================================================================
Received Import Request.
  Time since last request: 0.000023 seconds.
  path: Assets/Cartoon UI/White Icons/White Icons/White Icons 2/White Chat 4.png
  artifactKey: Guid(e71e18e7516ad7c4facc5e057022bed5) Importer(2089858483,b0f066a214c2f5e87bad3c948f4d605d)
Start importing Assets/Cartoon UI/White Icons/White Icons/White Icons 2/White Chat 4.png using Guid(e71e18e7516ad7c4facc5e057022bed5) Importer(2089858483,b0f066a214c2f5e87bad3c948f4d605d) (ScriptedImporter) -> (artifact id: 'c3effe512a0f1f7f9f5eb33d8e659bac') in 0.0184877 seconds
Number of updated asset objects reloaded before import = 0Number of asset objects unloaded after import = 3

========================================================================
Received Import Request.
  Time since last request: 0.000031 seconds.
  path: Assets/Cartoon UI/White Icons/White Icons/White Icons 2/White Cycle.png
  artifactKey: Guid(962c0eeb9e5c5c744aca77bf1bd800f3) Importer(2089858483,b0f066a214c2f5e87bad3c948f4d605d)
Start importing Assets/Cartoon UI/White Icons/White Icons/White Icons 2/White Cycle.png using Guid(962c0eeb9e5c5c744aca77bf1bd800f3) Importer(2089858483,b0f066a214c2f5e87bad3c948f4d605d) (ScriptedImporter) -> (artifact id: 'db0933778fc2e19b1a13115a01714212') in 0.0155243 seconds
Number of updated asset objects reloaded before import = 0Number of asset objects unloaded after import = 3

========================================================================
Received Import Request.
  Time since last request: 0.000022 seconds.
  path: Assets/Cartoon UI/White Icons/White Icons/White Icons 2/White Compress.png
  artifactKey: Guid(70da45421caeb1244b7ad2fe7bee086a) Importer(2089858483,b0f066a214c2f5e87bad3c948f4d605d)
Start importing Assets/Cartoon UI/White Icons/White Icons/White Icons 2/White Compress.png using Guid(70da45421caeb1244b7ad2fe7bee086a) Importer(2089858483,b0f066a214c2f5e87bad3c948f4d605d) (ScriptedImporter) -> (artifact id: 'f93ed9e474c9a8fb8ff48b9c88a34cc7') in 0.0178446 seconds
Number of updated asset objects reloaded before import = 0Number of asset objects unloaded after import = 3

========================================================================
Received Import Request.
  Time since last request: 0.000018 seconds.
  path: Assets/Cartoon UI/White Icons/White Icons/White Icons 1/Timer.png
  artifactKey: Guid(b24cb1f19e0e77f45b66e1c7cffc778e) Importer(2089858483,b0f066a214c2f5e87bad3c948f4d605d)
Start importing Assets/Cartoon UI/White Icons/White Icons/White Icons 1/Timer.png using Guid(b24cb1f19e0e77f45b66e1c7cffc778e) Importer(2089858483,b0f066a214c2f5e87bad3c948f4d605d) (ScriptedImporter) -> (artifact id: 'ac3214b023f15117111abe0c08245166') in 0.017005 seconds
Number of updated asset objects reloaded before import = 0Number of asset objects unloaded after import = 3

========================================================================
Received Import Request.
  Time since last request: 0.000031 seconds.
  path: Assets/Cartoon UI/White Icons/White Icons/UI Icons/Badge 2.png
  artifactKey: Guid(4bccf5fc82e92e44caf7da7c7d36cddb) Importer(2089858483,b0f066a214c2f5e87bad3c948f4d605d)
Start importing Assets/Cartoon UI/White Icons/White Icons/UI Icons/Badge 2.png using Guid(4bccf5fc82e92e44caf7da7c7d36cddb) Importer(2089858483,b0f066a214c2f5e87bad3c948f4d605d) (ScriptedImporter) -> (artifact id: '9e80b7c8c4348673c642c8cb07d3dd02') in 0.0174153 seconds
Number of updated asset objects reloaded before import = 0Number of asset objects unloaded after import = 3

========================================================================
Received Import Request.
  Time since last request: 0.000065 seconds.
  path: Assets/Aztech Games/PC&ConsoleButtonsIcons/XConsole/LDown.png
  artifactKey: Guid(331d04e3e24e497458cc6f4b04e43f4a) Importer(2089858483,b0f066a214c2f5e87bad3c948f4d605d)
Start importing Assets/Aztech Games/PC&ConsoleButtonsIcons/XConsole/LDown.png using Guid(331d04e3e24e497458cc6f4b04e43f4a) Importer(2089858483,b0f066a214c2f5e87bad3c948f4d605d) (ScriptedImporter) -> (artifact id: 'd92611363088e047062b27757ad86f08') in 0.0215859 seconds
Number of updated asset objects reloaded before import = 0Number of asset objects unloaded after import = 3

========================================================================
Received Import Request.
  Time since last request: 0.000044 seconds.
  path: Assets/Cartoon UI/White Icons/White Icons/White Icons 1/Clover.png
  artifactKey: Guid(3aff156d0e9e2094aa571716a578f1a8) Importer(2089858483,b0f066a214c2f5e87bad3c948f4d605d)
Start importing Assets/Cartoon UI/White Icons/White Icons/White Icons 1/Clover.png using Guid(3aff156d0e9e2094aa571716a578f1a8) Importer(2089858483,b0f066a214c2f5e87bad3c948f4d605d) (ScriptedImporter) -> (artifact id: '3f5bb98c2cfeed6d2820d07cab2f5d43') in 0.0248521 seconds
Number of updated asset objects reloaded before import = 0Number of asset objects unloaded after import = 3

========================================================================
Received Import Request.
  Time since last request: 0.000021 seconds.
  path: Assets/Cartoon UI/White Icons/White Icons/White Icons 2/White Energy 2.png
  artifactKey: Guid(ed6242da8af6d524d948e1e0a73db99a) Importer(2089858483,b0f066a214c2f5e87bad3c948f4d605d)
Start importing Assets/Cartoon UI/White Icons/White Icons/White Icons 2/White Energy 2.png using Guid(ed6242da8af6d524d948e1e0a73db99a) Importer(2089858483,b0f066a214c2f5e87bad3c948f4d605d) (ScriptedImporter) -> (artifact id: '086d109a36c4514b42facb0badf2abbf') in 0.0179305 seconds
Number of updated asset objects reloaded before import = 0Number of asset objects unloaded after import = 3

========================================================================
Received Import Request.
  Time since last request: 0.000047 seconds.
  path: Assets/Cartoon UI/White Icons/White Icons/White Icons 2/White Find.png
  artifactKey: Guid(567864b6a3d635b4e995ab5323cf1b51) Importer(2089858483,b0f066a214c2f5e87bad3c948f4d605d)
Start importing Assets/Cartoon UI/White Icons/White Icons/White Icons 2/White Find.png using Guid(567864b6a3d635b4e995ab5323cf1b51) Importer(2089858483,b0f066a214c2f5e87bad3c948f4d605d) (ScriptedImporter) -> (artifact id: '0f5cf6fcc148b06b5dde8ea732ff4c38') in 0.0255378 seconds
Number of updated asset objects reloaded before import = 0Number of asset objects unloaded after import = 3

========================================================================
Received Import Request.
  Time since last request: 0.000033 seconds.
  path: Assets/Cartoon UI/White Icons/White Icons/White Icons 2/White Feather.png
  artifactKey: Guid(64c11f8104e6e5f4fa7b4ade8dc83beb) Importer(2089858483,b0f066a214c2f5e87bad3c948f4d605d)
Start importing Assets/Cartoon UI/White Icons/White Icons/White Icons 2/White Feather.png using Guid(64c11f8104e6e5f4fa7b4ade8dc83beb) Importer(2089858483,b0f066a214c2f5e87bad3c948f4d605d) (ScriptedImporter) -> (artifact id: '8cbd715b50d9762ec828ae5a031f09c5') in 0.0246631 seconds
Number of updated asset objects reloaded before import = 0Number of asset objects unloaded after import = 3

========================================================================
Received Import Request.
  Time since last request: 0.000037 seconds.
  path: Assets/Aztech Games/PC&ConsoleButtonsIcons/Ps5_White/Circle.png
  artifactKey: Guid(731185d945476b0428cb2c0c996f9b98) Importer(2089858483,b0f066a214c2f5e87bad3c948f4d605d)
Start importing Assets/Aztech Games/PC&ConsoleButtonsIcons/Ps5_White/Circle.png using Guid(731185d945476b0428cb2c0c996f9b98) Importer(2089858483,b0f066a214c2f5e87bad3c948f4d605d) (ScriptedImporter) -> (artifact id: 'c6ab1347cb9c4753159f312ab18acb5a') in 0.0329695 seconds
Number of updated asset objects reloaded before import = 0Number of asset objects unloaded after import = 3

========================================================================
Received Import Request.
  Time since last request: 0.000025 seconds.
  path: Assets/Cartoon UI/White Icons/White Icons/White Icons 2/White Crown 1.png
  artifactKey: Guid(bfe889649aacc2a4daa0128451bedb56) Importer(2089858483,b0f066a214c2f5e87bad3c948f4d605d)
Start importing Assets/Cartoon UI/White Icons/White Icons/White Icons 2/White Crown 1.png using Guid(bfe889649aacc2a4daa0128451bedb56) Importer(2089858483,b0f066a214c2f5e87bad3c948f4d605d) (ScriptedImporter) -> (artifact id: 'cec4ca2811a04b0f4462bda49a61a071') in 0.0921055 seconds
Number of updated asset objects reloaded before import = 0Number of asset objects unloaded after import = 3

========================================================================
Received Import Request.
  Time since last request: 0.000036 seconds.
  path: Assets/Cartoon UI/White Icons/White Icons/White Icons 2/White Gift.png
  artifactKey: Guid(805d764edd9c10a47803d35e7de7d6d6) Importer(2089858483,b0f066a214c2f5e87bad3c948f4d605d)
Start importing Assets/Cartoon UI/White Icons/White Icons/White Icons 2/White Gift.png using Guid(805d764edd9c10a47803d35e7de7d6d6) Importer(2089858483,b0f066a214c2f5e87bad3c948f4d605d) (ScriptedImporter) -> (artifact id: '248f822ad253c789fd32d8e4753d2aa3') in 0.0297039 seconds
Number of updated asset objects reloaded before import = 0Number of asset objects unloaded after import = 3

========================================================================
Received Import Request.
  Time since last request: 0.000019 seconds.
  path: Assets/Cartoon UI/White Icons/White Icons/White Icons 2/White Folder.png
  artifactKey: Guid(8fa1866677e35a3418e4ecf04c94ab89) Importer(2089858483,b0f066a214c2f5e87bad3c948f4d605d)
Start importing Assets/Cartoon UI/White Icons/White Icons/White Icons 2/White Folder.png using Guid(8fa1866677e35a3418e4ecf04c94ab89) Importer(2089858483,b0f066a214c2f5e87bad3c948f4d605d) (ScriptedImporter) -> (artifact id: 'ea899283323f213956762569ca77a64a') in 0.0265832 seconds
Number of updated asset objects reloaded before import = 0Number of asset objects unloaded after import = 3

========================================================================
Received Import Request.
  Time since last request: 0.000039 seconds.
  path: Assets/Cartoon UI/White Icons/White Icons/White Icons 2/White Friends.png
  artifactKey: Guid(ba1703e7f82473d4f9361b49f4569e68) Importer(2089858483,b0f066a214c2f5e87bad3c948f4d605d)
Start importing Assets/Cartoon UI/White Icons/White Icons/White Icons 2/White Friends.png using Guid(ba1703e7f82473d4f9361b49f4569e68) Importer(2089858483,b0f066a214c2f5e87bad3c948f4d605d) (ScriptedImporter) -> (artifact id: '6951849bb8ef752a3836d8885dfd33ed') in 0.05165 seconds
Number of updated asset objects reloaded before import = 0Number of asset objects unloaded after import = 3

========================================================================
Received Import Request.
  Time since last request: 0.000044 seconds.
  path: Assets/Cartoon UI/White Icons/White Icons/White Icons 2/White Headphones.png
  artifactKey: Guid(e4c6bfaeadddc6b4b8391e67a2daa015) Importer(2089858483,b0f066a214c2f5e87bad3c948f4d605d)
Start importing Assets/Cartoon UI/White Icons/White Icons/White Icons 2/White Headphones.png using Guid(e4c6bfaeadddc6b4b8391e67a2daa015) Importer(2089858483,b0f066a214c2f5e87bad3c948f4d605d) (ScriptedImporter) -> (artifact id: '10ef17c3a0fd75f07a02746640efee9c') in 0.025892 seconds
Number of updated asset objects reloaded before import = 0Number of asset objects unloaded after import = 3

========================================================================
Received Import Request.
  Time since last request: 0.000026 seconds.
  path: Assets/Cartoon UI/White Icons/White Icons/White Icons 2/White Gasoline.png
  artifactKey: Guid(44dd4891d5d97ec49b6ceee95b7c17aa) Importer(2089858483,b0f066a214c2f5e87bad3c948f4d605d)
Start importing Assets/Cartoon UI/White Icons/White Icons/White Icons 2/White Gasoline.png using Guid(44dd4891d5d97ec49b6ceee95b7c17aa) Importer(2089858483,b0f066a214c2f5e87bad3c948f4d605d) (ScriptedImporter) -> (artifact id: '36eecbd0f6f45cf46477b7518913f8ab') in 0.0194347 seconds
Number of updated asset objects reloaded before import = 0Number of asset objects unloaded after import = 3

========================================================================
Received Import Request.
  Time since last request: 0.000049 seconds.
  path: Assets/Cartoon UI/White Icons/White Icons/White Icons 2/White Google.png
  artifactKey: Guid(d5c9517953486ab449e103377bb0f7ff) Importer(2089858483,b0f066a214c2f5e87bad3c948f4d605d)
Start importing Assets/Cartoon UI/White Icons/White Icons/White Icons 2/White Google.png using Guid(d5c9517953486ab449e103377bb0f7ff) Importer(2089858483,b0f066a214c2f5e87bad3c948f4d605d) (ScriptedImporter) -> (artifact id: '6b254bb1e90ab4fd094b423bd884cbfe') in 0.0376616 seconds
Number of updated asset objects reloaded before import = 0Number of asset objects unloaded after import = 3

========================================================================
Received Import Request.
  Time since last request: 0.000032 seconds.
  path: Assets/Cartoon UI/White Icons/White Icons/White Icons 2/White Home 3.png
  artifactKey: Guid(8474b4c95b4f9eb48a724bc1e497c545) Importer(2089858483,b0f066a214c2f5e87bad3c948f4d605d)
Start importing Assets/Cartoon UI/White Icons/White Icons/White Icons 2/White Home 3.png using Guid(8474b4c95b4f9eb48a724bc1e497c545) Importer(2089858483,b0f066a214c2f5e87bad3c948f4d605d) (ScriptedImporter) -> (artifact id: 'da7451f0f2f1f5c6ea6bd18c43be0d12') in 0.039384 seconds
Number of updated asset objects reloaded before import = 0Number of asset objects unloaded after import = 3

========================================================================
Received Import Request.
  Time since last request: 0.000037 seconds.
  path: Assets/Cartoon UI/White Icons/White Icons/White Icons 2/White Home 2.png
  artifactKey: Guid(13b67a4ce57707646b0af7e46ea48baa) Importer(2089858483,b0f066a214c2f5e87bad3c948f4d605d)
Start importing Assets/Cartoon UI/White Icons/White Icons/White Icons 2/White Home 2.png using Guid(13b67a4ce57707646b0af7e46ea48baa) Importer(2089858483,b0f066a214c2f5e87bad3c948f4d605d) (ScriptedImporter) -> (artifact id: '3971638710dbccaa992588b25363b9eb') in 0.0244423 seconds
Number of updated asset objects reloaded before import = 0Number of asset objects unloaded after import = 3

========================================================================
Received Import Request.
  Time since last request: 0.000023 seconds.
  path: Assets/Cartoon UI/White Icons/White Icons/White Icons 2/White Folder 2.png
  artifactKey: Guid(2ef10f26e1cef4847ae73a1d9062274b) Importer(2089858483,b0f066a214c2f5e87bad3c948f4d605d)
Start importing Assets/Cartoon UI/White Icons/White Icons/White Icons 2/White Folder 2.png using Guid(2ef10f26e1cef4847ae73a1d9062274b) Importer(2089858483,b0f066a214c2f5e87bad3c948f4d605d) (ScriptedImporter) -> (artifact id: '8588c1f0aeeacd403dd7b712ac19d995') in 0.0237377 seconds
Number of updated asset objects reloaded before import = 0Number of asset objects unloaded after import = 3

========================================================================
Received Import Request.
  Time since last request: 0.000076 seconds.
  path: Assets/Cartoon UI/White Icons/White Icons/White Icons 2/White Explosion.png
  artifactKey: Guid(6f1f799138a8c394aa5e69934743f218) Importer(2089858483,b0f066a214c2f5e87bad3c948f4d605d)
Start importing Assets/Cartoon UI/White Icons/White Icons/White Icons 2/White Explosion.png using Guid(6f1f799138a8c394aa5e69934743f218) Importer(2089858483,b0f066a214c2f5e87bad3c948f4d605d) (ScriptedImporter) -> (artifact id: 'ab7ceb4e9b583f24e3f9e308a70acc6e') in 0.0288284 seconds
Number of updated asset objects reloaded before import = 0Number of asset objects unloaded after import = 3

========================================================================
Received Import Request.
  Time since last request: 0.000096 seconds.
  path: Assets/Cartoon UI/White Icons/White Icons/White Icons 2/White Key.png
  artifactKey: Guid(c606540c22dc5a24e91f2b888c01cbb5) Importer(2089858483,b0f066a214c2f5e87bad3c948f4d605d)
Start importing Assets/Cartoon UI/White Icons/White Icons/White Icons 2/White Key.png using Guid(c606540c22dc5a24e91f2b888c01cbb5) Importer(2089858483,b0f066a214c2f5e87bad3c948f4d605d) (ScriptedImporter) -> (artifact id: 'c8aa3f47ef8bd65147325ec73032e9cd') in 0.0309452 seconds
Number of updated asset objects reloaded before import = 0Number of asset objects unloaded after import = 3

========================================================================
Received Import Request.
  Time since last request: 0.000022 seconds.
  path: Assets/Cartoon UI/White Icons/White Icons/White Icons 2/White Level 2.png
  artifactKey: Guid(405b64727cfc47646a1999817dbdbece) Importer(2089858483,b0f066a214c2f5e87bad3c948f4d605d)
Start importing Assets/Cartoon UI/White Icons/White Icons/White Icons 2/White Level 2.png using Guid(405b64727cfc47646a1999817dbdbece) Importer(2089858483,b0f066a214c2f5e87bad3c948f4d605d) (ScriptedImporter) -> (artifact id: 'dbcbdebac45ea8ec4baa42eb156db652') in 0.030836 seconds
Number of updated asset objects reloaded before import = 0Number of asset objects unloaded after import = 3

========================================================================
Received Import Request.
  Time since last request: 0.000022 seconds.
  path: Assets/Cartoon UI/White Icons/White Icons/White Icons 2/White Info 1.png
  artifactKey: Guid(cea6777a48e1c3a408da6b6de3d123b2) Importer(2089858483,b0f066a214c2f5e87bad3c948f4d605d)
Start importing Assets/Cartoon UI/White Icons/White Icons/White Icons 2/White Info 1.png using Guid(cea6777a48e1c3a408da6b6de3d123b2) Importer(2089858483,b0f066a214c2f5e87bad3c948f4d605d) (ScriptedImporter) -> (artifact id: '1575647bb0d46b9adfde583c3d6c2eb7') in 0.0456894 seconds
Number of updated asset objects reloaded before import = 0Number of asset objects unloaded after import = 3

========================================================================
Received Import Request.
  Time since last request: 0.000093 seconds.
  path: Assets/Cartoon UI/White Icons/White Icons/White Icons 2/White Gem 1.png
  artifactKey: Guid(debb836f23bb7294e9fb551f2cc909c4) Importer(2089858483,b0f066a214c2f5e87bad3c948f4d605d)
Start importing Assets/Cartoon UI/White Icons/White Icons/White Icons 2/White Gem 1.png using Guid(debb836f23bb7294e9fb551f2cc909c4) Importer(2089858483,b0f066a214c2f5e87bad3c948f4d605d) (ScriptedImporter) -> (artifact id: 'dc9277cddb0511e874995a32d927da34') in 0.035966 seconds
Number of updated asset objects reloaded before import = 0Number of asset objects unloaded after import = 3

========================================================================
Received Import Request.
  Time since last request: 0.000036 seconds.
  path: Assets/Cartoon UI/White Icons/White Icons/White Icons 2/White Gear 2.png
  artifactKey: Guid(ae8a00435f3845a4484569e4d1c28a82) Importer(2089858483,b0f066a214c2f5e87bad3c948f4d605d)
Start importing Assets/Cartoon UI/White Icons/White Icons/White Icons 2/White Gear 2.png using Guid(ae8a00435f3845a4484569e4d1c28a82) Importer(2089858483,b0f066a214c2f5e87bad3c948f4d605d) (ScriptedImporter) -> (artifact id: '36fc6f36621ff8f1d4d0561d14384357') in 0.0376526 seconds
Number of updated asset objects reloaded before import = 0Number of asset objects unloaded after import = 3

========================================================================
Received Import Request.
  Time since last request: 0.000028 seconds.
  path: Assets/Cartoon UI/White Icons/White Icons/White Icons 2/White Link.png
  artifactKey: Guid(67df7bf0f9c1c45419b0faafa300f6ec) Importer(2089858483,b0f066a214c2f5e87bad3c948f4d605d)
Start importing Assets/Cartoon UI/White Icons/White Icons/White Icons 2/White Link.png using Guid(67df7bf0f9c1c45419b0faafa300f6ec) Importer(2089858483,b0f066a214c2f5e87bad3c948f4d605d) (ScriptedImporter) -> (artifact id: '9edc64c2ba82f17f224c33c0ce57e121') in 0.0858674 seconds
Number of updated asset objects reloaded before import = 0Number of asset objects unloaded after import = 3

========================================================================
Received Import Request.
  Time since last request: 0.000046 seconds.
  path: Assets/Cartoon UI/White Icons/White Icons/White Icons 2/White Menu 2.png
  artifactKey: Guid(e0ad6942cd32b4b48a68e29024b722f4) Importer(2089858483,b0f066a214c2f5e87bad3c948f4d605d)
Start importing Assets/Cartoon UI/White Icons/White Icons/White Icons 2/White Menu 2.png using Guid(e0ad6942cd32b4b48a68e29024b722f4) Importer(2089858483,b0f066a214c2f5e87bad3c948f4d605d) (ScriptedImporter) -> (artifact id: 'e9f0888e7667efe1a6ef8a245ac49f85') in 0.0390814 seconds
Number of updated asset objects reloaded before import = 0Number of asset objects unloaded after import = 3

========================================================================
Received Import Request.
  Time since last request: 0.000039 seconds.
  path: Assets/Cartoon UI/White Icons/White Icons/White Icons 2/White Menu 1.png
  artifactKey: Guid(b53c0c55222229e48bea33ef48995e9c) Importer(2089858483,b0f066a214c2f5e87bad3c948f4d605d)
Start importing Assets/Cartoon UI/White Icons/White Icons/White Icons 2/White Menu 1.png using Guid(b53c0c55222229e48bea33ef48995e9c) Importer(2089858483,b0f066a214c2f5e87bad3c948f4d605d) (ScriptedImporter) -> (artifact id: 'dbeebf82c66de0716e8d9027469d9e1d') in 0.0625238 seconds
Number of updated asset objects reloaded before import = 0Number of asset objects unloaded after import = 3

========================================================================
Received Import Request.
  Time since last request: 0.000105 seconds.
  path: Assets/Cartoon UI/White Icons/White Icons/White Icons 2/White Monitor.png
  artifactKey: Guid(48fcdebb12c77664c908090554fbee8e) Importer(2089858483,b0f066a214c2f5e87bad3c948f4d605d)
Start importing Assets/Cartoon UI/White Icons/White Icons/White Icons 2/White Monitor.png using Guid(48fcdebb12c77664c908090554fbee8e) Importer(2089858483,b0f066a214c2f5e87bad3c948f4d605d) (ScriptedImporter) -> (artifact id: 'aacb6f733450a351f28527debe47c018') in 0.0446819 seconds
Number of updated asset objects reloaded before import = 0Number of asset objects unloaded after import = 3

========================================================================
Received Import Request.
  Time since last request: 0.000029 seconds.
  path: Assets/Cartoon UI/White Icons/White Icons/White Icons 2/White Magnet.png
  artifactKey: Guid(c6d174341581cc646bb299852c62ebd6) Importer(2089858483,b0f066a214c2f5e87bad3c948f4d605d)
Start importing Assets/Cartoon UI/White Icons/White Icons/White Icons 2/White Magnet.png using Guid(c6d174341581cc646bb299852c62ebd6) Importer(2089858483,b0f066a214c2f5e87bad3c948f4d605d) (ScriptedImporter) -> (artifact id: '1e8efc9463d9d77b3eed7b7da5ceab2e') in 0.0370816 seconds
Number of updated asset objects reloaded before import = 0Number of asset objects unloaded after import = 3

========================================================================
Received Import Request.
  Time since last request: 0.000039 seconds.
  path: Assets/Cartoon UI/White Icons/White Icons/White Icons 2/White Cross.png
  artifactKey: Guid(780e76cfb8c682b479e79379e187f06c) Importer(2089858483,b0f066a214c2f5e87bad3c948f4d605d)
Start importing Assets/Cartoon UI/White Icons/White Icons/White Icons 2/White Cross.png using Guid(780e76cfb8c682b479e79379e187f06c) Importer(2089858483,b0f066a214c2f5e87bad3c948f4d605d) (ScriptedImporter) -> (artifact id: '192f077a6dfa04eca4cdcfc7b354f26f') in 0.0320624 seconds
Number of updated asset objects reloaded before import = 0Number of asset objects unloaded after import = 3

========================================================================
Received Import Request.
  Time since last request: 0.000031 seconds.
  path: Assets/Cartoon UI/White Icons/White Icons/White Icons 2/White Japanese Yen.png
  artifactKey: Guid(5a7fd340c39027047b7edb79842e3a35) Importer(2089858483,b0f066a214c2f5e87bad3c948f4d605d)
Start importing Assets/Cartoon UI/White Icons/White Icons/White Icons 2/White Japanese Yen.png using Guid(5a7fd340c39027047b7edb79842e3a35) Importer(2089858483,b0f066a214c2f5e87bad3c948f4d605d) (ScriptedImporter) -> (artifact id: '5e322e8db6298abed6474b47997efb69') in 0.0393809 seconds
Number of updated asset objects reloaded before import = 0Number of asset objects unloaded after import = 3

========================================================================
Received Import Request.
  Time since last request: 0.000030 seconds.
  path: Assets/Cartoon UI/White Icons/White Icons/White Icons 2/White Number Sign.png
  artifactKey: Guid(590edb753611a424093055a752c7cefc) Importer(2089858483,b0f066a214c2f5e87bad3c948f4d605d)
Start importing Assets/Cartoon UI/White Icons/White Icons/White Icons 2/White Number Sign.png using Guid(590edb753611a424093055a752c7cefc) Importer(2089858483,b0f066a214c2f5e87bad3c948f4d605d) (ScriptedImporter) -> (artifact id: '677d55b7da88c370a957288b02b3b892') in 0.0220046 seconds
Number of updated asset objects reloaded before import = 0Number of asset objects unloaded after import = 3

========================================================================
Received Import Request.
  Time since last request: 0.000025 seconds.
  path: Assets/Cartoon UI/White Icons/White Icons/White Icons 2/White Move LeftRight.png
  artifactKey: Guid(dc1bb68c8cb118d4790609a042062efe) Importer(2089858483,b0f066a214c2f5e87bad3c948f4d605d)
Start importing Assets/Cartoon UI/White Icons/White Icons/White Icons 2/White Move LeftRight.png using Guid(dc1bb68c8cb118d4790609a042062efe) Importer(2089858483,b0f066a214c2f5e87bad3c948f4d605d) (ScriptedImporter) -> (artifact id: 'd0c59d5a455b5aca6d0238f5a3087112') in 0.0223528 seconds
Number of updated asset objects reloaded before import = 0Number of asset objects unloaded after import = 3

========================================================================
Received Import Request.
  Time since last request: 0.000081 seconds.
  path: Assets/Cartoon UI/White Icons/White Icons/White Icons 2/White Move Left.png
  artifactKey: Guid(6c15b903310c8314797463b8f29e995c) Importer(2089858483,b0f066a214c2f5e87bad3c948f4d605d)
Start importing Assets/Cartoon UI/White Icons/White Icons/White Icons 2/White Move Left.png using Guid(6c15b903310c8314797463b8f29e995c) Importer(2089858483,b0f066a214c2f5e87bad3c948f4d605d) (ScriptedImporter) -> (artifact id: 'bc4f48b1ca6d6af58d55a4b674da9e66') in 0.0246411 seconds
Number of updated asset objects reloaded before import = 0Number of asset objects unloaded after import = 3

========================================================================
Received Import Request.
  Time since last request: 0.000041 seconds.
  path: Assets/Cartoon UI/White Icons/White Icons/White Icons 2/White Misc 1.png
  artifactKey: Guid(7542d7269e0a71446bcd8264ad40b38d) Importer(2089858483,b0f066a214c2f5e87bad3c948f4d605d)
Start importing Assets/Cartoon UI/White Icons/White Icons/White Icons 2/White Misc 1.png using Guid(7542d7269e0a71446bcd8264ad40b38d) Importer(2089858483,b0f066a214c2f5e87bad3c948f4d605d) (ScriptedImporter) -> (artifact id: 'f799374bc18013cf3ee6ce89395c9219') in 0.0293874 seconds
Number of updated asset objects reloaded before import = 0Number of asset objects unloaded after import = 3

========================================================================
Received Import Request.
  Time since last request: 0.000037 seconds.
  path: Assets/Cartoon UI/White Icons/White Icons/White Icons 2/White Message.png
  artifactKey: Guid(851c21f5cc91a174f9673bdc6eab8d6a) Importer(2089858483,b0f066a214c2f5e87bad3c948f4d605d)
Start importing Assets/Cartoon UI/White Icons/White Icons/White Icons 2/White Message.png using Guid(851c21f5cc91a174f9673bdc6eab8d6a) Importer(2089858483,b0f066a214c2f5e87bad3c948f4d605d) (ScriptedImporter) -> (artifact id: 'd5477371217fa654da09ff9d0760067e') in 0.0227276 seconds
Number of updated asset objects reloaded before import = 0Number of asset objects unloaded after import = 3

========================================================================
Received Import Request.
  Time since last request: 0.000024 seconds.
  path: Assets/Cartoon UI/White Icons/White Icons/White Icons 2/White Person 2.png
  artifactKey: Guid(521f46ebc12ba934da241aaae422b4bd) Importer(2089858483,b0f066a214c2f5e87bad3c948f4d605d)
Start importing Assets/Cartoon UI/White Icons/White Icons/White Icons 2/White Person 2.png using Guid(521f46ebc12ba934da241aaae422b4bd) Importer(2089858483,b0f066a214c2f5e87bad3c948f4d605d) (ScriptedImporter) -> (artifact id: '82f0391108b635d0fac28074decc03c3') in 0.0231757 seconds
Number of updated asset objects reloaded before import = 0Number of asset objects unloaded after import = 3

========================================================================
Received Import Request.
  Time since last request: 0.000036 seconds.
  path: Assets/Cartoon UI/White Icons/White Icons/White Icons 2/White Pilar.png
  artifactKey: Guid(6ecd1889b53cfdc4e852431c696893d4) Importer(2089858483,b0f066a214c2f5e87bad3c948f4d605d)
Start importing Assets/Cartoon UI/White Icons/White Icons/White Icons 2/White Pilar.png using Guid(6ecd1889b53cfdc4e852431c696893d4) Importer(2089858483,b0f066a214c2f5e87bad3c948f4d605d) (ScriptedImporter) -> (artifact id: '6115d377a5771f533b53514e74989ab9') in 0.0306441 seconds
Number of updated asset objects reloaded before import = 0Number of asset objects unloaded after import = 3

========================================================================
Received Import Request.
  Time since last request: 0.000026 seconds.
  path: Assets/Cartoon UI/White Icons/White Icons/White Icons 2/White Pause.png
  artifactKey: Guid(e2ddf4aca34469449b5d304eac74e611) Importer(2089858483,b0f066a214c2f5e87bad3c948f4d605d)
Start importing Assets/Cartoon UI/White Icons/White Icons/White Icons 2/White Pause.png using Guid(e2ddf4aca34469449b5d304eac74e611) Importer(2089858483,b0f066a214c2f5e87bad3c948f4d605d) (ScriptedImporter) -> (artifact id: '80672768827639365ba928c47273fe27') in 0.0353563 seconds
Number of updated asset objects reloaded before import = 0Number of asset objects unloaded after import = 3

========================================================================
Received Import Request.
  Time since last request: 0.000029 seconds.
  path: Assets/Cartoon UI/White Icons/White Icons/White Icons 2/White Piggy Bank.png
  artifactKey: Guid(eab400ed99c94ad4ab11c09b254d8e9c) Importer(2089858483,b0f066a214c2f5e87bad3c948f4d605d)
Start importing Assets/Cartoon UI/White Icons/White Icons/White Icons 2/White Piggy Bank.png using Guid(eab400ed99c94ad4ab11c09b254d8e9c) Importer(2089858483,b0f066a214c2f5e87bad3c948f4d605d) (ScriptedImporter) -> (artifact id: '3d3a88e290895022ad8d7e74b1d8f3a3') in 0.0345287 seconds
Number of updated asset objects reloaded before import = 0Number of asset objects unloaded after import = 3

========================================================================
Received Import Request.
  Time since last request: 0.000057 seconds.
  path: Assets/Cartoon UI/White Icons/White Icons/White Icons 2/White Percent.png
  artifactKey: Guid(5c9ec04aee6f1c64ea3fa2d2878b65c4) Importer(2089858483,b0f066a214c2f5e87bad3c948f4d605d)
Start importing Assets/Cartoon UI/White Icons/White Icons/White Icons 2/White Percent.png using Guid(5c9ec04aee6f1c64ea3fa2d2878b65c4) Importer(2089858483,b0f066a214c2f5e87bad3c948f4d605d) (ScriptedImporter) -> (artifact id: '89f09777c6f0e7126334bff3fa45683e') in 0.0479838 seconds
Number of updated asset objects reloaded before import = 0Number of asset objects unloaded after import = 3

========================================================================
Received Import Request.
  Time since last request: 0.000043 seconds.
  path: Assets/Cartoon UI/White Icons/White Icons/White Icons 2/White Pouch.png
  artifactKey: Guid(4205c62f5cfe2ad4685022f9aece8b25) Importer(2089858483,b0f066a214c2f5e87bad3c948f4d605d)
Start importing Assets/Cartoon UI/White Icons/White Icons/White Icons 2/White Pouch.png using Guid(4205c62f5cfe2ad4685022f9aece8b25) Importer(2089858483,b0f066a214c2f5e87bad3c948f4d605d) (ScriptedImporter) -> (artifact id: 'aad4a970e9002a74ce27f151ccaa490a') in 0.0361507 seconds
Number of updated asset objects reloaded before import = 0Number of asset objects unloaded after import = 3

========================================================================
Received Import Request.
  Time since last request: 0.000031 seconds.
  path: Assets/Cartoon UI/White Icons/White Icons/White Icons 2/White Play.png
  artifactKey: Guid(79f50101ed53d044084e7ba7f1485a78) Importer(2089858483,b0f066a214c2f5e87bad3c948f4d605d)
Start importing Assets/Cartoon UI/White Icons/White Icons/White Icons 2/White Play.png using Guid(79f50101ed53d044084e7ba7f1485a78) Importer(2089858483,b0f066a214c2f5e87bad3c948f4d605d) (ScriptedImporter) -> (artifact id: '6f853afff1a28d268996b29044c10d53') in 0.036119 seconds
Number of updated asset objects reloaded before import = 0Number of asset objects unloaded after import = 3

========================================================================
Received Import Request.
  Time since last request: 0.000064 seconds.
  path: Assets/Cartoon UI/White Icons/White Icons/White Icons 2/White Planet.png
  artifactKey: Guid(bed7602ca5c91f54cb731b153a61715c) Importer(2089858483,b0f066a214c2f5e87bad3c948f4d605d)
Start importing Assets/Cartoon UI/White Icons/White Icons/White Icons 2/White Planet.png using Guid(bed7602ca5c91f54cb731b153a61715c) Importer(2089858483,b0f066a214c2f5e87bad3c948f4d605d) (ScriptedImporter) -> (artifact id: 'caaccd9039f149883e3285c73ed6e3cb') in 0.030749 seconds
Number of updated asset objects reloaded before import = 0Number of asset objects unloaded after import = 3

========================================================================
Received Import Request.
  Time since last request: 0.000044 seconds.
  path: Assets/Cartoon UI/White Icons/White Icons/White Icons 2/White Power Button.png
  artifactKey: Guid(30f47b5135a5e4e4492151efed8a0f7a) Importer(2089858483,b0f066a214c2f5e87bad3c948f4d605d)
Start importing Assets/Cartoon UI/White Icons/White Icons/White Icons 2/White Power Button.png using Guid(30f47b5135a5e4e4492151efed8a0f7a) Importer(2089858483,b0f066a214c2f5e87bad3c948f4d605d) (ScriptedImporter) -> (artifact id: 'df0ba1fe171f8fc4e661dc6992c2e98c') in 0.0453607 seconds
Number of updated asset objects reloaded before import = 0Number of asset objects unloaded after import = 3

========================================================================
Received Import Request.
  Time since last request: 0.000029 seconds.
  path: Assets/Cartoon UI/White Icons/White Icons/White Icons 2/White Print.png
  artifactKey: Guid(7ed4abfbddbc80c4c8e8b1a2b21c9d25) Importer(2089858483,b0f066a214c2f5e87bad3c948f4d605d)
Start importing Assets/Cartoon UI/White Icons/White Icons/White Icons 2/White Print.png using Guid(7ed4abfbddbc80c4c8e8b1a2b21c9d25) Importer(2089858483,b0f066a214c2f5e87bad3c948f4d605d) (ScriptedImporter) -> (artifact id: 'f3487bd5ebe06bb3f81ab778d9fba9d0') in 0.0348189 seconds
Number of updated asset objects reloaded before import = 0Number of asset objects unloaded after import = 3

========================================================================
Received Import Request.
  Time since last request: 0.000039 seconds.
  path: Assets/Cartoon UI/White Icons/White Icons/White Icons 2/White Quiver.png
  artifactKey: Guid(0a74b12805847f64e9bca94f8f242a87) Importer(2089858483,b0f066a214c2f5e87bad3c948f4d605d)
Start importing Assets/Cartoon UI/White Icons/White Icons/White Icons 2/White Quiver.png using Guid(0a74b12805847f64e9bca94f8f242a87) Importer(2089858483,b0f066a214c2f5e87bad3c948f4d605d) (ScriptedImporter) -> (artifact id: '04b6ee085470406a798f18ceaa9be9f6') in 0.0318871 seconds
Number of updated asset objects reloaded before import = 0Number of asset objects unloaded after import = 3

========================================================================
Received Import Request.
  Time since last request: 0.000045 seconds.
  path: Assets/Cartoon UI/White Icons/White Icons/White Icons 2/White Return.png
  artifactKey: Guid(c688a17141840c046be21f5af0d52361) Importer(2089858483,b0f066a214c2f5e87bad3c948f4d605d)
Start importing Assets/Cartoon UI/White Icons/White Icons/White Icons 2/White Return.png using Guid(c688a17141840c046be21f5af0d52361) Importer(2089858483,b0f066a214c2f5e87bad3c948f4d605d) (ScriptedImporter) -> (artifact id: 'b79cc9179fb4363c1c2bb3a66697be24') in 0.0225279 seconds
Number of updated asset objects reloaded before import = 0Number of asset objects unloaded after import = 3

========================================================================
Received Import Request.
  Time since last request: 0.000027 seconds.
  path: Assets/Cartoon UI/White Icons/White Icons/White Icons 2/White Return 2.png
  artifactKey: Guid(8e603310892552a4a86f78c94d7410ba) Importer(2089858483,b0f066a214c2f5e87bad3c948f4d605d)
Start importing Assets/Cartoon UI/White Icons/White Icons/White Icons 2/White Return 2.png using Guid(8e603310892552a4a86f78c94d7410ba) Importer(2089858483,b0f066a214c2f5e87bad3c948f4d605d) (ScriptedImporter) -> (artifact id: '3fec5628eb42f63f4fe00f0702e86393') in 0.0325755 seconds
Number of updated asset objects reloaded before import = 0Number of asset objects unloaded after import = 3

========================================================================
Received Import Request.
  Time since last request: 0.000041 seconds.
  path: Assets/Cartoon UI/White Icons/White Icons/White Icons 2/White Ranking.png
  artifactKey: Guid(151531dc514b5af4192ea44b73a5efff) Importer(2089858483,b0f066a214c2f5e87bad3c948f4d605d)
Start importing Assets/Cartoon UI/White Icons/White Icons/White Icons 2/White Ranking.png using Guid(151531dc514b5af4192ea44b73a5efff) Importer(2089858483,b0f066a214c2f5e87bad3c948f4d605d) (ScriptedImporter) -> (artifact id: 'c2e64fc0d863157edd758539ba759709') in 0.0255291 seconds
Number of updated asset objects reloaded before import = 0Number of asset objects unloaded after import = 3

========================================================================
Received Import Request.
  Time since last request: 0.000026 seconds.
  path: Assets/Cartoon UI/White Icons/White Icons/White Icons 2/White Ribbon 4.png
  artifactKey: Guid(e1a31183c76e1b5408887db763ba22aa) Importer(2089858483,b0f066a214c2f5e87bad3c948f4d605d)
Start importing Assets/Cartoon UI/White Icons/White Icons/White Icons 2/White Ribbon 4.png using Guid(e1a31183c76e1b5408887db763ba22aa) Importer(2089858483,b0f066a214c2f5e87bad3c948f4d605d) (ScriptedImporter) -> (artifact id: '89bc99a7c640c034efea08542353d428') in 0.0320186 seconds
Number of updated asset objects reloaded before import = 0Number of asset objects unloaded after import = 3

========================================================================
Received Import Request.
  Time since last request: 0.000024 seconds.
  path: Assets/Cartoon UI/White Icons/White Icons/White Icons 2/White Ribbon.png
  artifactKey: Guid(c21adb60175cdec4094ce580f08b9c41) Importer(2089858483,b0f066a214c2f5e87bad3c948f4d605d)
Start importing Assets/Cartoon UI/White Icons/White Icons/White Icons 2/White Ribbon.png using Guid(c21adb60175cdec4094ce580f08b9c41) Importer(2089858483,b0f066a214c2f5e87bad3c948f4d605d) (ScriptedImporter) -> (artifact id: '1885a8a1b15b981d404ecbd8a0fbe8ed') in 0.0226158 seconds
Number of updated asset objects reloaded before import = 0Number of asset objects unloaded after import = 3

========================================================================
Received Import Request.
  Time since last request: 0.000040 seconds.
  path: Assets/Cartoon UI/White Icons/White Icons/White Icons 2/White Rubble.png
  artifactKey: Guid(3de739d1b41dc6a4b81759f89b6f655f) Importer(2089858483,b0f066a214c2f5e87bad3c948f4d605d)
Start importing Assets/Cartoon UI/White Icons/White Icons/White Icons 2/White Rubble.png using Guid(3de739d1b41dc6a4b81759f89b6f655f) Importer(2089858483,b0f066a214c2f5e87bad3c948f4d605d) (ScriptedImporter) -> (artifact id: 'f856c7274fc2c24731b16b225cdd25a9') in 0.0322446 seconds
Number of updated asset objects reloaded before import = 0Number of asset objects unloaded after import = 3

========================================================================
Received Import Request.
  Time since last request: 0.000043 seconds.
  path: Assets/Cartoon UI/White Icons/White Icons/White Icons 2/White Leaf.png
  artifactKey: Guid(bedd151d9380bea4bb93eae3ace5b01c) Importer(2089858483,b0f066a214c2f5e87bad3c948f4d605d)
Start importing Assets/Cartoon UI/White Icons/White Icons/White Icons 2/White Leaf.png using Guid(bedd151d9380bea4bb93eae3ace5b01c) Importer(2089858483,b0f066a214c2f5e87bad3c948f4d605d) (ScriptedImporter) -> (artifact id: '0eb663634be786904c78a9bc114fb67f') in 0.0243478 seconds
Number of updated asset objects reloaded before import = 0Number of asset objects unloaded after import = 3

========================================================================
Received Import Request.
  Time since last request: 0.000020 seconds.
  path: Assets/Cartoon UI/White Icons/White Icons/White Icons 2/White Files.png
  artifactKey: Guid(1a26ddec47c11fb4dbf196737730110e) Importer(2089858483,b0f066a214c2f5e87bad3c948f4d605d)
Start importing Assets/Cartoon UI/White Icons/White Icons/White Icons 2/White Files.png using Guid(1a26ddec47c11fb4dbf196737730110e) Importer(2089858483,b0f066a214c2f5e87bad3c948f4d605d) (ScriptedImporter) -> (artifact id: 'd437a69566567d3b6c6583a184a2c70e') in 0.0313606 seconds
Number of updated asset objects reloaded before import = 0Number of asset objects unloaded after import = 3

========================================================================
Received Import Request.
  Time since last request: 0.000022 seconds.
  path: Assets/Cartoon UI/White Icons/White Icons/White Icons 2/White Site Off.png
  artifactKey: Guid(1ff6fd00672e8514389bc5df0bd95d3b) Importer(2089858483,b0f066a214c2f5e87bad3c948f4d605d)
Start importing Assets/Cartoon UI/White Icons/White Icons/White Icons 2/White Site Off.png using Guid(1ff6fd00672e8514389bc5df0bd95d3b) Importer(2089858483,b0f066a214c2f5e87bad3c948f4d605d) (ScriptedImporter) -> (artifact id: '8ad102b40d5cdbb9a3ceaf9b5d802c87') in 0.0283254 seconds
Number of updated asset objects reloaded before import = 0Number of asset objects unloaded after import = 3

========================================================================
Received Import Request.
  Time since last request: 0.000064 seconds.
  path: Assets/Cartoon UI/White Icons/White Icons/White Icons 2/White Smiley Happy.png
  artifactKey: Guid(97588b13a5cb1484682b673d45dbb804) Importer(2089858483,b0f066a214c2f5e87bad3c948f4d605d)
Start importing Assets/Cartoon UI/White Icons/White Icons/White Icons 2/White Smiley Happy.png using Guid(97588b13a5cb1484682b673d45dbb804) Importer(2089858483,b0f066a214c2f5e87bad3c948f4d605d) (ScriptedImporter) -> (artifact id: '6465f01302295e659027a666d57fd607') in 0.0314301 seconds
Number of updated asset objects reloaded before import = 0Number of asset objects unloaded after import = 3

========================================================================
Received Import Request.
  Time since last request: 0.000068 seconds.
  path: Assets/Cartoon UI/White Icons/White Icons/White Icons 2/White Skull.png
  artifactKey: Guid(02edfdb38928a8942ae3c9742861162e) Importer(2089858483,b0f066a214c2f5e87bad3c948f4d605d)
Start importing Assets/Cartoon UI/White Icons/White Icons/White Icons 2/White Skull.png using Guid(02edfdb38928a8942ae3c9742861162e) Importer(2089858483,b0f066a214c2f5e87bad3c948f4d605d) (ScriptedImporter) -> (artifact id: '903028f4a23dbfe122e85b5a11c80fb2') in 0.0263601 seconds
Number of updated asset objects reloaded before import = 0Number of asset objects unloaded after import = 3

========================================================================
Received Import Request.
  Time since last request: 0.000027 seconds.
  path: Assets/Cartoon UI/White Icons/White Icons/White Icons 2/White Select.png
  artifactKey: Guid(f50da055190241c4c8ecaf47b712d957) Importer(2089858483,b0f066a214c2f5e87bad3c948f4d605d)
Start importing Assets/Cartoon UI/White Icons/White Icons/White Icons 2/White Select.png using Guid(f50da055190241c4c8ecaf47b712d957) Importer(2089858483,b0f066a214c2f5e87bad3c948f4d605d) (ScriptedImporter) -> (artifact id: '1c2ed52339e739a45799fddade9bfd07') in 0.0290582 seconds
Number of updated asset objects reloaded before import = 0Number of asset objects unloaded after import = 3

========================================================================
Received Import Request.
  Time since last request: 0.000026 seconds.
  path: Assets/Cartoon UI/White Icons/White Icons/White Icons 2/White Slider 1.png
  artifactKey: Guid(0a7f4554bbd42c244a1c123bed8b8d22) Importer(2089858483,b0f066a214c2f5e87bad3c948f4d605d)
Start importing Assets/Cartoon UI/White Icons/White Icons/White Icons 2/White Slider 1.png using Guid(0a7f4554bbd42c244a1c123bed8b8d22) Importer(2089858483,b0f066a214c2f5e87bad3c948f4d605d) (ScriptedImporter) -> (artifact id: '8976ce47de9d00554332383a1593b4dc') in 0.0271565 seconds
Number of updated asset objects reloaded before import = 0Number of asset objects unloaded after import = 3

========================================================================
Received Import Request.
  Time since last request: 0.000032 seconds.
  path: Assets/Cartoon UI/White Icons/White Icons/White Icons 2/White Speed Boost.png
  artifactKey: Guid(d5c56b16a0a67fd4cb632efd02dd3d4a) Importer(2089858483,b0f066a214c2f5e87bad3c948f4d605d)
Start importing Assets/Cartoon UI/White Icons/White Icons/White Icons 2/White Speed Boost.png using Guid(d5c56b16a0a67fd4cb632efd02dd3d4a) Importer(2089858483,b0f066a214c2f5e87bad3c948f4d605d) (ScriptedImporter) -> (artifact id: '2e845f0ec4bdc0acc3fb4c35e2e3581c') in 0.0278163 seconds
Number of updated asset objects reloaded before import = 0Number of asset objects unloaded after import = 3

========================================================================
Received Import Request.
  Time since last request: 0.000027 seconds.
  path: Assets/Cartoon UI/White Icons/White Icons/White Icons 2/White Star Hollow.png
  artifactKey: Guid(f51bc3d1e5d9a8f4cbbeb9c6813897d1) Importer(2089858483,b0f066a214c2f5e87bad3c948f4d605d)
Start importing Assets/Cartoon UI/White Icons/White Icons/White Icons 2/White Star Hollow.png using Guid(f51bc3d1e5d9a8f4cbbeb9c6813897d1) Importer(2089858483,b0f066a214c2f5e87bad3c948f4d605d) (ScriptedImporter) -> (artifact id: '57600f6ba840d9d5a66bc441c9e155da') in 0.0227729 seconds
Number of updated asset objects reloaded before import = 0Number of asset objects unloaded after import = 3

========================================================================
Received Import Request.
  Time since last request: 0.000017 seconds.
  path: Assets/Cartoon UI/White Icons/White Icons/White Icons 2/White Snow.png
  artifactKey: Guid(13e8a38f47cef30428341d9b85372fe2) Importer(2089858483,b0f066a214c2f5e87bad3c948f4d605d)
Start importing Assets/Cartoon UI/White Icons/White Icons/White Icons 2/White Snow.png using Guid(13e8a38f47cef30428341d9b85372fe2) Importer(2089858483,b0f066a214c2f5e87bad3c948f4d605d) (ScriptedImporter) -> (artifact id: '258e884396b557cbec1b054eb7f875e0') in 0.0225474 seconds
Number of updated asset objects reloaded before import = 0Number of asset objects unloaded after import = 3

========================================================================
Received Import Request.
  Time since last request: 0.000022 seconds.
  path: Assets/Cartoon UI/White Icons/White Icons/White Icons 2/White Snow Globe 2.png
  artifactKey: Guid(b6154bff664ff02418d6332734a5eb29) Importer(2089858483,b0f066a214c2f5e87bad3c948f4d605d)
Start importing Assets/Cartoon UI/White Icons/White Icons/White Icons 2/White Snow Globe 2.png using Guid(b6154bff664ff02418d6332734a5eb29) Importer(2089858483,b0f066a214c2f5e87bad3c948f4d605d) (ScriptedImporter) -> (artifact id: '21354883932b15eddacb9ac987d2ca12') in 0.0230088 seconds
Number of updated asset objects reloaded before import = 0Number of asset objects unloaded after import = 3

========================================================================
Received Import Request.
  Time since last request: 0.000051 seconds.
  path: Assets/Cartoon UI/White Icons/White Icons/White Icons 2/White Store.png
  artifactKey: Guid(59cc90eaa4762dc4a8b3285895ca4c25) Importer(2089858483,b0f066a214c2f5e87bad3c948f4d605d)
Start importing Assets/Cartoon UI/White Icons/White Icons/White Icons 2/White Store.png using Guid(59cc90eaa4762dc4a8b3285895ca4c25) Importer(2089858483,b0f066a214c2f5e87bad3c948f4d605d) (ScriptedImporter) -> (artifact id: '81c3fd348332ae9ee026e5495f92864f') in 0.0208218 seconds
Number of updated asset objects reloaded before import = 0Number of asset objects unloaded after import = 3

========================================================================
Received Import Request.
  Time since last request: 0.000035 seconds.
  path: Assets/Cartoon UI/White Icons/White Icons/White Icons 2/White Chat 3.png
  artifactKey: Guid(2677cbd6c490cd141900db3dd17a5684) Importer(2089858483,b0f066a214c2f5e87bad3c948f4d605d)
Start importing Assets/Cartoon UI/White Icons/White Icons/White Icons 2/White Chat 3.png using Guid(2677cbd6c490cd141900db3dd17a5684) Importer(2089858483,b0f066a214c2f5e87bad3c948f4d605d) (ScriptedImporter) -> (artifact id: '36d26bc0a8171173d27f6ba7781561de') in 0.0197444 seconds
Number of updated asset objects reloaded before import = 0Number of asset objects unloaded after import = 3

========================================================================
Received Import Request.
  Time since last request: 0.000020 seconds.
  path: Assets/Cartoon UI/White Icons/White Icons/White Icons 2/White Symbol 2.png
  artifactKey: Guid(43459494ce248c943a26b892fe751acb) Importer(2089858483,b0f066a214c2f5e87bad3c948f4d605d)
Start importing Assets/Cartoon UI/White Icons/White Icons/White Icons 2/White Symbol 2.png using Guid(43459494ce248c943a26b892fe751acb) Importer(2089858483,b0f066a214c2f5e87bad3c948f4d605d) (ScriptedImporter) -> (artifact id: '00cba41db5cb39abbaddca89cb4a0b3d') in 0.0224597 seconds
Number of updated asset objects reloaded before import = 0Number of asset objects unloaded after import = 3

========================================================================
Received Import Request.
  Time since last request: 0.000018 seconds.
  path: Assets/Cartoon UI/White Icons/White Icons/White Icons 2/White Symbol 14.png
  artifactKey: Guid(a5f35f82783eb2146a8275e2717e0109) Importer(2089858483,b0f066a214c2f5e87bad3c948f4d605d)
Start importing Assets/Cartoon UI/White Icons/White Icons/White Icons 2/White Symbol 14.png using Guid(a5f35f82783eb2146a8275e2717e0109) Importer(2089858483,b0f066a214c2f5e87bad3c948f4d605d) (ScriptedImporter) -> (artifact id: 'ab3f6deb29ac5b4c789f5755b01b24c1') in 0.0213531 seconds
Number of updated asset objects reloaded before import = 0Number of asset objects unloaded after import = 3

========================================================================
Received Import Request.
  Time since last request: 0.000018 seconds.
  path: Assets/Cartoon UI/White Icons/White Icons/White Icons 2/White Symbol 13.png
  artifactKey: Guid(db943d54c3f9b8a4cb0219dc3bd8ae44) Importer(2089858483,b0f066a214c2f5e87bad3c948f4d605d)
Start importing Assets/Cartoon UI/White Icons/White Icons/White Icons 2/White Symbol 13.png using Guid(db943d54c3f9b8a4cb0219dc3bd8ae44) Importer(2089858483,b0f066a214c2f5e87bad3c948f4d605d) (ScriptedImporter) -> (artifact id: 'f1454319d57e6987f2f4c9e7ddd676b1') in 0.0236273 seconds
Number of updated asset objects reloaded before import = 0Number of asset objects unloaded after import = 3

========================================================================
Received Import Request.
  Time since last request: 0.000051 seconds.
  path: Assets/Cartoon UI/White Icons/White Icons/White Icons 2/White Subtract.png
  artifactKey: Guid(de9819a92967f68419301dd909510091) Importer(2089858483,b0f066a214c2f5e87bad3c948f4d605d)
Start importing Assets/Cartoon UI/White Icons/White Icons/White Icons 2/White Subtract.png using Guid(de9819a92967f68419301dd909510091) Importer(2089858483,b0f066a214c2f5e87bad3c948f4d605d) (ScriptedImporter) -> (artifact id: '948d7a175be099350dccb847fa1155f6') in 0.0207171 seconds
Number of updated asset objects reloaded before import = 0Number of asset objects unloaded after import = 3

========================================================================
Received Import Request.
  Time since last request: 0.000036 seconds.
  path: Assets/Cartoon UI/White Icons/White Icons/White Icons 2/White Symbol 20.png
  artifactKey: Guid(f3e56548037216c498bc1c9e462741c3) Importer(2089858483,b0f066a214c2f5e87bad3c948f4d605d)
Start importing Assets/Cartoon UI/White Icons/White Icons/White Icons 2/White Symbol 20.png using Guid(f3e56548037216c498bc1c9e462741c3) Importer(2089858483,b0f066a214c2f5e87bad3c948f4d605d) (ScriptedImporter) -> (artifact id: '13eb50a21d462952a6963888f4f017f0') in 0.0208574 seconds
Number of updated asset objects reloaded before import = 0Number of asset objects unloaded after import = 3

========================================================================
Received Import Request.
  Time since last request: 0.000021 seconds.
  path: Assets/Cartoon UI/White Icons/White Icons/White Icons 2/White Symbol 17.png
  artifactKey: Guid(b615334e202d52b4f9d11401c4397c31) Importer(2089858483,b0f066a214c2f5e87bad3c948f4d605d)
Start importing Assets/Cartoon UI/White Icons/White Icons/White Icons 2/White Symbol 17.png using Guid(b615334e202d52b4f9d11401c4397c31) Importer(2089858483,b0f066a214c2f5e87bad3c948f4d605d) (ScriptedImporter) -> (artifact id: '1abb04ecbff5d556af8303e1c1b31524') in 0.0212137 seconds
Number of updated asset objects reloaded before import = 0Number of asset objects unloaded after import = 3

========================================================================
Received Import Request.
  Time since last request: 0.000019 seconds.
  path: Assets/Cartoon UI/White Icons/White Icons/White Icons 2/White Tag.png
  artifactKey: Guid(4bfd1aa45e4093c41a54409501136049) Importer(2089858483,b0f066a214c2f5e87bad3c948f4d605d)
Start importing Assets/Cartoon UI/White Icons/White Icons/White Icons 2/White Tag.png using Guid(4bfd1aa45e4093c41a54409501136049) Importer(2089858483,b0f066a214c2f5e87bad3c948f4d605d) (ScriptedImporter) -> (artifact id: '4b092997bd3501358a54850fc0ac658a') in 0.0196658 seconds
Number of updated asset objects reloaded before import = 0Number of asset objects unloaded after import = 3

========================================================================
Received Import Request.
  Time since last request: 0.000036 seconds.
  path: Assets/Cartoon UI/White Icons/White Icons/White Icons 2/White Ticket 2.png
  artifactKey: Guid(a0a29a937e623454e8b212e31938b603) Importer(2089858483,b0f066a214c2f5e87bad3c948f4d605d)
Start importing Assets/Cartoon UI/White Icons/White Icons/White Icons 2/White Ticket 2.png using Guid(a0a29a937e623454e8b212e31938b603) Importer(2089858483,b0f066a214c2f5e87bad3c948f4d605d) (ScriptedImporter) -> (artifact id: '4c14627c36427bb56b3d22b2a5299427') in 0.0272548 seconds
Number of updated asset objects reloaded before import = 0Number of asset objects unloaded after import = 3

========================================================================
Received Import Request.
  Time since last request: 0.000024 seconds.
  path: Assets/Cartoon UI/White Icons/White Icons/White Icons 2/White Telecom.png
  artifactKey: Guid(7f011a8a63d1a98478521b05564ab815) Importer(2089858483,b0f066a214c2f5e87bad3c948f4d605d)
Start importing Assets/Cartoon UI/White Icons/White Icons/White Icons 2/White Telecom.png using Guid(7f011a8a63d1a98478521b05564ab815) Importer(2089858483,b0f066a214c2f5e87bad3c948f4d605d) (ScriptedImporter) -> (artifact id: 'ae6bdf792cccdb7f762399416dbb07a2') in 0.0197986 seconds
Number of updated asset objects reloaded before import = 0Number of asset objects unloaded after import = 3

========================================================================
Received Import Request.
  Time since last request: 0.000023 seconds.
  path: Assets/Cartoon UI/White Icons/White Icons/White Icons 2/White Symbol 8.png
  artifactKey: Guid(773221d318f633442b328389d82a5cb3) Importer(2089858483,b0f066a214c2f5e87bad3c948f4d605d)
Start importing Assets/Cartoon UI/White Icons/White Icons/White Icons 2/White Symbol 8.png using Guid(773221d318f633442b328389d82a5cb3) Importer(2089858483,b0f066a214c2f5e87bad3c948f4d605d) (ScriptedImporter) -> (artifact id: '2bddaf6f5fa29e07199074c32a3157de') in 0.0214104 seconds
Number of updated asset objects reloaded before import = 0Number of asset objects unloaded after import = 3

========================================================================
Received Import Request.
  Time since last request: 0.000022 seconds.
  path: Assets/Cartoon UI/White Icons/White Icons/White Icons 2/White Time.png
  artifactKey: Guid(4f76676e9ea613b46b1f7e3873ff602a) Importer(2089858483,b0f066a214c2f5e87bad3c948f4d605d)
Start importing Assets/Cartoon UI/White Icons/White Icons/White Icons 2/White Time.png using Guid(4f76676e9ea613b46b1f7e3873ff602a) Importer(2089858483,b0f066a214c2f5e87bad3c948f4d605d) (ScriptedImporter) -> (artifact id: 'bc6807f009411b3271c2440ad3cab607') in 0.0197539 seconds
Number of updated asset objects reloaded before import = 0Number of asset objects unloaded after import = 3

========================================================================
Received Import Request.
  Time since last request: 0.000043 seconds.
  path: Assets/Cartoon UI/White Icons/White Icons/White Icons 2/White Target 2.png
  artifactKey: Guid(a0d9c9ec89b16d44a82b266ce4100db2) Importer(2089858483,b0f066a214c2f5e87bad3c948f4d605d)
Start importing Assets/Cartoon UI/White Icons/White Icons/White Icons 2/White Target 2.png using Guid(a0d9c9ec89b16d44a82b266ce4100db2) Importer(2089858483,b0f066a214c2f5e87bad3c948f4d605d) (ScriptedImporter) -> (artifact id: '10a52323fa53a7ceab77f56dcf3daca9') in 0.0290597 seconds
Number of updated asset objects reloaded before import = 0Number of asset objects unloaded after import = 3

========================================================================
Received Import Request.
  Time since last request: 0.000019 seconds.
  path: Assets/Cartoon UI/White Icons/White Icons/White Icons 2/White Up.png
  artifactKey: Guid(dfb60437977869b4db77f47666db016f) Importer(2089858483,b0f066a214c2f5e87bad3c948f4d605d)
Start importing Assets/Cartoon UI/White Icons/White Icons/White Icons 2/White Up.png using Guid(dfb60437977869b4db77f47666db016f) Importer(2089858483,b0f066a214c2f5e87bad3c948f4d605d) (ScriptedImporter) -> (artifact id: '22fb1caad4bc9d213c6ac384818143a3') in 0.0247113 seconds
Number of updated asset objects reloaded before import = 0Number of asset objects unloaded after import = 3

========================================================================
Received Import Request.
  Time since last request: 0.000017 seconds.
  path: Assets/Cartoon UI/White Icons/White Icons/White Icons 2/White Video.png
  artifactKey: Guid(6fa43818893fa1444a11bdc144ffac3d) Importer(2089858483,b0f066a214c2f5e87bad3c948f4d605d)
Start importing Assets/Cartoon UI/White Icons/White Icons/White Icons 2/White Video.png using Guid(6fa43818893fa1444a11bdc144ffac3d) Importer(2089858483,b0f066a214c2f5e87bad3c948f4d605d) (ScriptedImporter) -> (artifact id: '210eddea686e2528b83bfcea13b14162') in 0.0216882 seconds
Number of updated asset objects reloaded before import = 0Number of asset objects unloaded after import = 3

========================================================================
Received Import Request.
  Time since last request: 0.000029 seconds.
  path: Assets/Cartoon UI/White Icons/White Icons/White Icons 2/White Trash Can.png
  artifactKey: Guid(eb16630cf2de5334096574ae1e14d695) Importer(2089858483,b0f066a214c2f5e87bad3c948f4d605d)
Start importing Assets/Cartoon UI/White Icons/White Icons/White Icons 2/White Trash Can.png using Guid(eb16630cf2de5334096574ae1e14d695) Importer(2089858483,b0f066a214c2f5e87bad3c948f4d605d) (ScriptedImporter) -> (artifact id: '5ec01dffe00ec049304b225e7d5409ba') in 0.0215262 seconds
Number of updated asset objects reloaded before import = 0Number of asset objects unloaded after import = 3

========================================================================
Received Import Request.
  Time since last request: 0.000039 seconds.
  path: Assets/Cartoon UI/White Icons/White Icons/White Icons 2/White Timer 2.png
  artifactKey: Guid(27b1ffab5a67e2545b08f2287b8a4f4c) Importer(2089858483,b0f066a214c2f5e87bad3c948f4d605d)
Start importing Assets/Cartoon UI/White Icons/White Icons/White Icons 2/White Timer 2.png using Guid(27b1ffab5a67e2545b08f2287b8a4f4c) Importer(2089858483,b0f066a214c2f5e87bad3c948f4d605d) (ScriptedImporter) -> (artifact id: '9cd018ca4db82e5267bbede15fbc1d90') in 0.026255 seconds
Number of updated asset objects reloaded before import = 0Number of asset objects unloaded after import = 3

========================================================================
Received Import Request.
  Time since last request: 0.000021 seconds.
  path: Assets/Cartoon UI/White Icons/White Icons/White Icons 2/White Tree.png
  artifactKey: Guid(8e01c9c54688d2b4bb6bbabcf74a7241) Importer(2089858483,b0f066a214c2f5e87bad3c948f4d605d)
Start importing Assets/Cartoon UI/White Icons/White Icons/White Icons 2/White Tree.png using Guid(8e01c9c54688d2b4bb6bbabcf74a7241) Importer(2089858483,b0f066a214c2f5e87bad3c948f4d605d) (ScriptedImporter) -> (artifact id: '19370fee1de09dfe4dcd547a5c9385af') in 0.0232363 seconds
Number of updated asset objects reloaded before import = 0Number of asset objects unloaded after import = 3

========================================================================
Received Import Request.
  Time since last request: 0.000018 seconds.
  path: Assets/Cartoon UI/White Icons/White Icons/White Icons 2/White Tornado.png
  artifactKey: Guid(ed993e938b3a278439142749dd90d886) Importer(2089858483,b0f066a214c2f5e87bad3c948f4d605d)
Start importing Assets/Cartoon UI/White Icons/White Icons/White Icons 2/White Tornado.png using Guid(ed993e938b3a278439142749dd90d886) Importer(2089858483,b0f066a214c2f5e87bad3c948f4d605d) (ScriptedImporter) -> (artifact id: 'e71e6ee6e082f7510a4f060d8b292902') in 0.0240354 seconds
Number of updated asset objects reloaded before import = 0Number of asset objects unloaded after import = 3

========================================================================
Received Import Request.
  Time since last request: 0.000023 seconds.
  path: Assets/Clouded Studio/2D Simple Nature Pack/Prefabs/Bushes/bush_03.prefab
  artifactKey: Guid(97ed430007af7e646a711070b3cb2d63) Importer(2089858483,b0f066a214c2f5e87bad3c948f4d605d)
Start importing Assets/Clouded Studio/2D Simple Nature Pack/Prefabs/Bushes/bush_03.prefab using Guid(97ed430007af7e646a711070b3cb2d63) Importer(2089858483,b0f066a214c2f5e87bad3c948f4d605d) (ScriptedImporter) -> (artifact id: 'f275d797091e1872360c5587e4fcab77') in 0.028996 seconds
Number of updated asset objects reloaded before import = 0Number of asset objects unloaded after import = 9

========================================================================
Received Import Request.
  Time since last request: 0.000059 seconds.
  path: Assets/Cartoon UI/White Icons/White Icons/White Icons 2/White Zoom In.png
  artifactKey: Guid(e1b446408be755d4c96c0558943530c6) Importer(2089858483,b0f066a214c2f5e87bad3c948f4d605d)
Start importing Assets/Cartoon UI/White Icons/White Icons/White Icons 2/White Zoom In.png using Guid(e1b446408be755d4c96c0558943530c6) Importer(2089858483,b0f066a214c2f5e87bad3c948f4d605d) (ScriptedImporter) -> (artifact id: '9f8e707a55df8d19f51d5061ce6e27b5') in 0.0344155 seconds
Number of updated asset objects reloaded before import = 0Number of asset objects unloaded after import = 3

========================================================================
Received Import Request.
  Time since last request: 0.000025 seconds.
  path: Assets/Clouded Studio/2D Simple Nature Pack/Prefabs/Bushes/bush_02.prefab
  artifactKey: Guid(acca7375164a08840b2d38cbc1e1fb55) Importer(2089858483,b0f066a214c2f5e87bad3c948f4d605d)
Start importing Assets/Clouded Studio/2D Simple Nature Pack/Prefabs/Bushes/bush_02.prefab using Guid(acca7375164a08840b2d38cbc1e1fb55) Importer(2089858483,b0f066a214c2f5e87bad3c948f4d605d) (ScriptedImporter) -> (artifact id: '35bc8b24047b7d85afc881a0040254fe') in 0.0248158 seconds
Number of updated asset objects reloaded before import = 0Number of asset objects unloaded after import = 9

========================================================================
Received Import Request.
  Time since last request: 0.000023 seconds.
  path: Assets/Clouded Studio/2D Simple Nature Pack/Prefabs/Bushes/bush_07.prefab
  artifactKey: Guid(00a21f6673882d14da9a3a0ce7cd7622) Importer(2089858483,b0f066a214c2f5e87bad3c948f4d605d)
Start importing Assets/Clouded Studio/2D Simple Nature Pack/Prefabs/Bushes/bush_07.prefab using Guid(00a21f6673882d14da9a3a0ce7cd7622) Importer(2089858483,b0f066a214c2f5e87bad3c948f4d605d) (ScriptedImporter) -> (artifact id: 'c19d0e8dcfa4aabe75f2ab4ea4b7bdb9') in 0.0318071 seconds
Number of updated asset objects reloaded before import = 0Number of asset objects unloaded after import = 9

========================================================================
Received Import Request.
  Time since last request: 0.000020 seconds.
  path: Assets/Clouded Studio/2D Simple Nature Pack/Prefabs/Bushes/bush_04.prefab
  artifactKey: Guid(e33a08c680579454fa44add38baf755d) Importer(2089858483,b0f066a214c2f5e87bad3c948f4d605d)
Start importing Assets/Clouded Studio/2D Simple Nature Pack/Prefabs/Bushes/bush_04.prefab using Guid(e33a08c680579454fa44add38baf755d) Importer(2089858483,b0f066a214c2f5e87bad3c948f4d605d) (ScriptedImporter) -> (artifact id: 'b95758eb2a7c44ddf720d4ebc6b6254a') in 0.0284149 seconds
Number of updated asset objects reloaded before import = 0Number of asset objects unloaded after import = 9

========================================================================
Received Import Request.
  Time since last request: 0.000054 seconds.
  path: Assets/Clouded Studio/2D Simple Nature Pack/Prefabs/Bushes/bush_09.prefab
  artifactKey: Guid(6e9f18a2709e34149b35031d9cc5002f) Importer(2089858483,b0f066a214c2f5e87bad3c948f4d605d)
Start importing Assets/Clouded Studio/2D Simple Nature Pack/Prefabs/Bushes/bush_09.prefab using Guid(6e9f18a2709e34149b35031d9cc5002f) Importer(2089858483,b0f066a214c2f5e87bad3c948f4d605d) (ScriptedImporter) -> (artifact id: 'd2ccc487c1571f69ec50aca31199a3d6') in 0.0350208 seconds
Number of updated asset objects reloaded before import = 0Number of asset objects unloaded after import = 9

========================================================================
Received Import Request.
  Time since last request: 0.000020 seconds.
  path: Assets/Clouded Studio/2D Simple Nature Pack/Sprite Shapes/Sprites/Grass01.png
  artifactKey: Guid(6097a9ef66448e7488bf884de739c21d) Importer(2089858483,b0f066a214c2f5e87bad3c948f4d605d)
Start importing Assets/Clouded Studio/2D Simple Nature Pack/Sprite Shapes/Sprites/Grass01.png using Guid(6097a9ef66448e7488bf884de739c21d) Importer(2089858483,b0f066a214c2f5e87bad3c948f4d605d) (ScriptedImporter) -> (artifact id: '44c8c29b31a063d0f21d0953cc31a4eb') in 0.0321204 seconds
Number of updated asset objects reloaded before import = 0Number of asset objects unloaded after import = 3

========================================================================
Received Import Request.
  Time since last request: 0.000023 seconds.
  path: Assets/Clouded Studio/2D Simple Nature Pack/Prefabs/Sky/SkyGradient.prefab
  artifactKey: Guid(e215075262fddb2478a9e3781926fcfd) Importer(2089858483,b0f066a214c2f5e87bad3c948f4d605d)
Start importing Assets/Clouded Studio/2D Simple Nature Pack/Prefabs/Sky/SkyGradient.prefab using Guid(e215075262fddb2478a9e3781926fcfd) Importer(2089858483,b0f066a214c2f5e87bad3c948f4d605d) (ScriptedImporter) -> (artifact id: '2aa9a22936e42e54ece56d6c852661a2') in 0.028705 seconds
Number of updated asset objects reloaded before import = 0Number of asset objects unloaded after import = 7

========================================================================
Received Import Request.
  Time since last request: 0.000042 seconds.
  path: Assets/Clouded Studio/2D Simple Nature Pack/Prefabs/Trees/TreesBackground.prefab
  artifactKey: Guid(0d83ab78908497c4e84397243463e683) Importer(2089858483,b0f066a214c2f5e87bad3c948f4d605d)
Start importing Assets/Clouded Studio/2D Simple Nature Pack/Prefabs/Trees/TreesBackground.prefab using Guid(0d83ab78908497c4e84397243463e683) Importer(2089858483,b0f066a214c2f5e87bad3c948f4d605d) (ScriptedImporter) -> (artifact id: '548e0ce74ecb30bf76b707d4aaf5f9d4') in 0.1252434 seconds
Number of updated asset objects reloaded before import = 0Number of asset objects unloaded after import = 63

========================================================================
Received Import Request.
  Time since last request: 0.000080 seconds.
  path: Assets/Clouded Studio/2D Simple Nature Pack/Prefabs/Lights/VolumetricLight.prefab
  artifactKey: Guid(4164a5b9e7b580d418a76122f41f46dd) Importer(2089858483,b0f066a214c2f5e87bad3c948f4d605d)
Start importing Assets/Clouded Studio/2D Simple Nature Pack/Prefabs/Lights/VolumetricLight.prefab using Guid(4164a5b9e7b580d418a76122f41f46dd) Importer(2089858483,b0f066a214c2f5e87bad3c948f4d605d) (ScriptedImporter) -> (artifact id: '5679e7ddc5f9f0b7b84b288382ceac6e') in 0.0581432 seconds
Number of updated asset objects reloaded before import = 0Number of asset objects unloaded after import = 5

========================================================================
Received Import Request.
  Time since last request: 0.000106 seconds.
  path: Assets/Clouded Studio/2D Simple Nature Pack/Sprites/Sky/Nuvem01.png
  artifactKey: Guid(3becc641eef5de44385c47f2d155cff7) Importer(2089858483,b0f066a214c2f5e87bad3c948f4d605d)
Start importing Assets/Clouded Studio/2D Simple Nature Pack/Sprites/Sky/Nuvem01.png using Guid(3becc641eef5de44385c47f2d155cff7) Importer(2089858483,b0f066a214c2f5e87bad3c948f4d605d) (ScriptedImporter) -> (artifact id: '205e28e7e167335244c5823bacd5b617') in 0.0429807 seconds
Number of updated asset objects reloaded before import = 0Number of asset objects unloaded after import = 3

========================================================================
Received Import Request.
  Time since last request: 0.000025 seconds.
  path: Assets/Clouded Studio/2D Simple Nature Pack/Sprites/FX/Fog_Gradient.png
  artifactKey: Guid(fc3eae629b8408f4c91338fe673b30da) Importer(2089858483,b0f066a214c2f5e87bad3c948f4d605d)
Start importing Assets/Clouded Studio/2D Simple Nature Pack/Sprites/FX/Fog_Gradient.png using Guid(fc3eae629b8408f4c91338fe673b30da) Importer(2089858483,b0f066a214c2f5e87bad3c948f4d605d) (ScriptedImporter) -> (artifact id: '7d3122d29280d012615ef452d182bb2d') in 0.0317179 seconds
Number of updated asset objects reloaded before import = 0Number of asset objects unloaded after import = 3

========================================================================
Received Import Request.
  Time since last request: 0.000037 seconds.
  path: Assets/Clouded Studio/2D Simple Nature Pack/Prefabs/Lights/Global Light 2D.prefab
  artifactKey: Guid(81e9ec2a5766b8046b73285ddf52ec78) Importer(2089858483,b0f066a214c2f5e87bad3c948f4d605d)
Start importing Assets/Clouded Studio/2D Simple Nature Pack/Prefabs/Lights/Global Light 2D.prefab using Guid(81e9ec2a5766b8046b73285ddf52ec78) Importer(2089858483,b0f066a214c2f5e87bad3c948f4d605d) (ScriptedImporter) -> (artifact id: 'ee82f434f707a82e2089b87142c4ac53') in 0.0833107 seconds
Number of updated asset objects reloaded before import = 0Number of asset objects unloaded after import = 5

========================================================================
Received Import Request.
  Time since last request: 0.000028 seconds.
  path: Assets/Clouded Studio/2D Simple Nature Pack/Sprites/Vegetations/tree_background_foliage_02.png
  artifactKey: Guid(4b56fc3400fa9a74fa61f5160397b876) Importer(2089858483,b0f066a214c2f5e87bad3c948f4d605d)
Start importing Assets/Clouded Studio/2D Simple Nature Pack/Sprites/Vegetations/tree_background_foliage_02.png using Guid(4b56fc3400fa9a74fa61f5160397b876) Importer(2089858483,b0f066a214c2f5e87bad3c948f4d605d) (ScriptedImporter) -> (artifact id: 'd3aedabe773138bfb2cf047125f71c2d') in 0.0524067 seconds
Number of updated asset objects reloaded before import = 0Number of asset objects unloaded after import = 3

========================================================================
Received Import Request.
  Time since last request: 0.000022 seconds.
  path: Assets/Clouded Studio/2D Simple Nature Pack/Sprites/Lights/SunSpots.png
  artifactKey: Guid(ccde9c68366c4c24c82ce3593147c675) Importer(2089858483,b0f066a214c2f5e87bad3c948f4d605d)
Start importing Assets/Clouded Studio/2D Simple Nature Pack/Sprites/Lights/SunSpots.png using Guid(ccde9c68366c4c24c82ce3593147c675) Importer(2089858483,b0f066a214c2f5e87bad3c948f4d605d) (ScriptedImporter) -> (artifact id: 'cadf4cdbde8c2ae582677060045bddda') in 0.1667671 seconds
Number of updated asset objects reloaded before import = 0Number of asset objects unloaded after import = 3

========================================================================
Received Import Request.
  Time since last request: 0.000036 seconds.
  path: Assets/Clouded Studio/2D Simple Nature Pack/Sprite Shapes/Profiles/SS_GrassDetail.asset
  artifactKey: Guid(4b8e3278192ff2e4b8c1d32c60775e79) Importer(2089858483,b0f066a214c2f5e87bad3c948f4d605d)
Start importing Assets/Clouded Studio/2D Simple Nature Pack/Sprite Shapes/Profiles/SS_GrassDetail.asset using Guid(4b8e3278192ff2e4b8c1d32c60775e79) Importer(2089858483,b0f066a214c2f5e87bad3c948f4d605d) (ScriptedImporter) -> (artifact id: '4049e98897011388adbb935708f34f88') in 0.0221915 seconds
Number of updated asset objects reloaded before import = 0Number of asset objects unloaded after import = 2

========================================================================
Received Import Request.
  Time since last request: 0.000060 seconds.
  path: Assets/Plugins/PrimeTween/Demo/Scripts/Headlights.cs
  artifactKey: Guid(7bc81275df8d244a1a7568f9443b5e93) Importer(2089858483,b0f066a214c2f5e87bad3c948f4d605d)
Start importing Assets/Plugins/PrimeTween/Demo/Scripts/Headlights.cs using Guid(7bc81275df8d244a1a7568f9443b5e93) Importer(2089858483,b0f066a214c2f5e87bad3c948f4d605d) (ScriptedImporter) -> (artifact id: '5bc6dda17ae6b5937766373b017ca716') in 0.0221589 seconds
Number of updated asset objects reloaded before import = 0Number of asset objects unloaded after import = 0

========================================================================
Received Import Request.
  Time since last request: 0.000027 seconds.
  path: Assets/Plugins/PrimeTween/Demo/Scripts/Door.cs
  artifactKey: Guid(4efa7d4d94464bb0b3e6ea597eb13637) Importer(2089858483,b0f066a214c2f5e87bad3c948f4d605d)
Start importing Assets/Plugins/PrimeTween/Demo/Scripts/Door.cs using Guid(4efa7d4d94464bb0b3e6ea597eb13637) Importer(2089858483,b0f066a214c2f5e87bad3c948f4d605d) (ScriptedImporter) -> (artifact id: '5a9c709001955a385e444b8761a7fbae') in 0.0219409 seconds
Number of updated asset objects reloaded before import = 0Number of asset objects unloaded after import = 0

========================================================================
Received Import Request.
  Time since last request: 0.000028 seconds.
  path: Assets/Plugins/PrimeTween/Demo/Scripts/Baggage.cs
  artifactKey: Guid(27b542649ab4a463aa343c437387783e) Importer(2089858483,b0f066a214c2f5e87bad3c948f4d605d)
Start importing Assets/Plugins/PrimeTween/Demo/Scripts/Baggage.cs using Guid(27b542649ab4a463aa343c437387783e) Importer(2089858483,b0f066a214c2f5e87bad3c948f4d605d) (ScriptedImporter) -> (artifact id: '0cb0758496db4e4a8b3fdeb629efce82') in 0.0168138 seconds
Number of updated asset objects reloaded before import = 0Number of asset objects unloaded after import = 0

========================================================================
Received Import Request.
  Time since last request: 0.000066 seconds.
  path: Assets/Clouded Studio/2D Simple Nature Pack/Sprites/Vegetations/tree_background_base_01.png
  artifactKey: Guid(ef1c2d1041c487443b9454e9fee0d5da) Importer(2089858483,b0f066a214c2f5e87bad3c948f4d605d)
Start importing Assets/Clouded Studio/2D Simple Nature Pack/Sprites/Vegetations/tree_background_base_01.png using Guid(ef1c2d1041c487443b9454e9fee0d5da) Importer(2089858483,b0f066a214c2f5e87bad3c948f4d605d) (ScriptedImporter) -> (artifact id: 'cd5eb6366ece5722c72d3309bfc2d864') in 0.0458998 seconds
Number of updated asset objects reloaded before import = 0Number of asset objects unloaded after import = 3

========================================================================
Received Import Request.
  Time since last request: 0.000022 seconds.
  path: Assets/Plugins/PrimeTween/Demo/Scripts/HighlightedElementController.cs
  artifactKey: Guid(9e831710f8fb47e4a09c640d573d1358) Importer(2089858483,b0f066a214c2f5e87bad3c948f4d605d)
Start importing Assets/Plugins/PrimeTween/Demo/Scripts/HighlightedElementController.cs using Guid(9e831710f8fb47e4a09c640d573d1358) Importer(2089858483,b0f066a214c2f5e87bad3c948f4d605d) (ScriptedImporter) -> (artifact id: '0407898d16940924994bd0543730c93e') in 0.0133915 seconds
Number of updated asset objects reloaded before import = 0Number of asset objects unloaded after import = 0

========================================================================
Received Import Request.
  Time since last request: 0.000030 seconds.
  path: Assets/Plugins/PrimeTween/Demo/Scripts/SlidingDoor.cs
  artifactKey: Guid(c42977785d1b549d59c346556945e0c5) Importer(2089858483,b0f066a214c2f5e87bad3c948f4d605d)
Start importing Assets/Plugins/PrimeTween/Demo/Scripts/SlidingDoor.cs using Guid(c42977785d1b549d59c346556945e0c5) Importer(2089858483,b0f066a214c2f5e87bad3c948f4d605d) (ScriptedImporter) -> (artifact id: '444b6a7d59ba398d98a108f1be4680c1') in 0.0143017 seconds
Number of updated asset objects reloaded before import = 0Number of asset objects unloaded after import = 0

========================================================================
Received Import Request.
  Time since last request: 0.000020 seconds.
  path: Assets/Plugins/PrimeTween/Demo/Scripts/TypewriterAnimatorExample.cs
  artifactKey: Guid(f62b6e70f1114e5d867a36459e0352bf) Importer(2089858483,b0f066a214c2f5e87bad3c948f4d605d)
Start importing Assets/Plugins/PrimeTween/Demo/Scripts/TypewriterAnimatorExample.cs using Guid(f62b6e70f1114e5d867a36459e0352bf) Importer(2089858483,b0f066a214c2f5e87bad3c948f4d605d) (ScriptedImporter) -> (artifact id: 'e60edf777291c7d7f966200b7075c441') in 0.0131308 seconds
Number of updated asset objects reloaded before import = 0Number of asset objects unloaded after import = 0

========================================================================
Received Import Request.
  Time since last request: 0.000035 seconds.
  path: Assets/Plugins/PrimeTween/Demo/Stylized Cartoon Van by Fero Andezo/CREDITS.txt
  artifactKey: Guid(064ca2a5c3a844e29a2223f62216e16e) Importer(2089858483,b0f066a214c2f5e87bad3c948f4d605d)
Start importing Assets/Plugins/PrimeTween/Demo/Stylized Cartoon Van by Fero Andezo/CREDITS.txt using Guid(064ca2a5c3a844e29a2223f62216e16e) Importer(2089858483,b0f066a214c2f5e87bad3c948f4d605d) (ScriptedImporter) -> (artifact id: '09a0cd2dc7af682cc1f7186a77663768') in 0.0196591 seconds
Number of updated asset objects reloaded before import = 0Number of asset objects unloaded after import = 1

========================================================================
Received Import Request.
  Time since last request: 0.000039 seconds.
  path: Assets/Clouded Studio/2D Simple Nature Pack/Sprites/Vegetations/tree_background_foliage_01.png
  artifactKey: Guid(3ded8bd45fa45c8429481903bc262dd1) Importer(2089858483,b0f066a214c2f5e87bad3c948f4d605d)
Start importing Assets/Clouded Studio/2D Simple Nature Pack/Sprites/Vegetations/tree_background_foliage_01.png using Guid(3ded8bd45fa45c8429481903bc262dd1) Importer(2089858483,b0f066a214c2f5e87bad3c948f4d605d) (ScriptedImporter) -> (artifact id: '80e885633ad34aefcef81da535342bc4') in 0.0930891 seconds
Number of updated asset objects reloaded before import = 0Number of asset objects unloaded after import = 3

========================================================================
Received Import Request.
  Time since last request: 0.000021 seconds.
  path: Assets/Plugins/PrimeTween/Demo/Stylized Sand by Joao Paulo/Stylized_Sand_001_basecolor.jpg
  artifactKey: Guid(4438c948bc895459fa8cb061c3a59f08) Importer(2089858483,b0f066a214c2f5e87bad3c948f4d605d)
Start importing Assets/Plugins/PrimeTween/Demo/Stylized Sand by Joao Paulo/Stylized_Sand_001_basecolor.jpg using Guid(4438c948bc895459fa8cb061c3a59f08) Importer(2089858483,b0f066a214c2f5e87bad3c948f4d605d) (ScriptedImporter) -> (artifact id: '6f580b1d0ae707030128ac5242953af2') in 0.0339872 seconds
Number of updated asset objects reloaded before import = 0Number of asset objects unloaded after import = 1

========================================================================
Received Import Request.
  Time since last request: 0.000044 seconds.
  path: Assets/Plugins/PrimeTween/Demo/Stylized Cartoon Van by Fero Andezo/Van.fbx
  artifactKey: Guid(c9da341d2d3a64cf8b2adc9bba8ec9ec) Importer(2089858483,b0f066a214c2f5e87bad3c948f4d605d)
Start importing Assets/Plugins/PrimeTween/Demo/Stylized Cartoon Van by Fero Andezo/Van.fbx using Guid(c9da341d2d3a64cf8b2adc9bba8ec9ec) Importer(2089858483,b0f066a214c2f5e87bad3c948f4d605d) (ScriptedImporter) -> (artifact id: '899356bb32a7edaf8341acfa31ab9767') in 0.110771 seconds
Number of updated asset objects reloaded before import = 0Number of asset objects unloaded after import = 140

========================================================================
Received Import Request.
  Time since last request: 0.000025 seconds.
  path: Assets/Plugins/PrimeTween/Demo/Stylized Sand by Joao Paulo/Stylized_Sand_001_ambientOcclusion.jpg
  artifactKey: Guid(dbd48884ce5a84f42b722cf62cb95fc3) Importer(2089858483,b0f066a214c2f5e87bad3c948f4d605d)
Start importing Assets/Plugins/PrimeTween/Demo/Stylized Sand by Joao Paulo/Stylized_Sand_001_ambientOcclusion.jpg using Guid(dbd48884ce5a84f42b722cf62cb95fc3) Importer(2089858483,b0f066a214c2f5e87bad3c948f4d605d) (ScriptedImporter) -> (artifact id: 'b3f210da343008a134a31e34c6fa7eda') in 0.0221809 seconds
Number of updated asset objects reloaded before import = 0Number of asset objects unloaded after import = 1

========================================================================
Received Import Request.
  Time since last request: 0.000044 seconds.
  path: Assets/Plugins/PrimeTween/Demo/Stylized Sand by Joao Paulo/CREDITS.txt
  artifactKey: Guid(888c010893c54ac1853f8034ca33eb3a) Importer(2089858483,b0f066a214c2f5e87bad3c948f4d605d)
Start importing Assets/Plugins/PrimeTween/Demo/Stylized Sand by Joao Paulo/CREDITS.txt using Guid(888c010893c54ac1853f8034ca33eb3a) Importer(2089858483,b0f066a214c2f5e87bad3c948f4d605d) (ScriptedImporter) -> (artifact id: '370e4c20464a3467dd3fa9ad8ee65a52') in 0.0152237 seconds
Number of updated asset objects reloaded before import = 0Number of asset objects unloaded after import = 1

========================================================================
Received Import Request.
  Time since last request: 0.000035 seconds.
  path: Assets/Plugins/PrimeTween/Demo/Stylized Cartoon Van by Fero Andezo/Exterior.png
  artifactKey: Guid(f94c989c837ae4db8bd9b10ab17903ce) Importer(2089858483,b0f066a214c2f5e87bad3c948f4d605d)
Start importing Assets/Plugins/PrimeTween/Demo/Stylized Cartoon Van by Fero Andezo/Exterior.png using Guid(f94c989c837ae4db8bd9b10ab17903ce) Importer(2089858483,b0f066a214c2f5e87bad3c948f4d605d) (ScriptedImporter) -> (artifact id: '2bbd754175ec4d6bcde4bcda77b2328f') in 0.0245752 seconds
Number of updated asset objects reloaded before import = 0Number of asset objects unloaded after import = 1

========================================================================
Received Import Request.
  Time since last request: 0.000022 seconds.
  path: Assets/game assets/chess/Chess Pieces/Chess Pieces/Pieces/sprite_02.png
  artifactKey: Guid(663d5276888356d40ba5b2636a45a1ea) Importer(2089858483,b0f066a214c2f5e87bad3c948f4d605d)
Start importing Assets/game assets/chess/Chess Pieces/Chess Pieces/Pieces/sprite_02.png using Guid(663d5276888356d40ba5b2636a45a1ea) Importer(2089858483,b0f066a214c2f5e87bad3c948f4d605d) (ScriptedImporter) -> (artifact id: 'd8e3a0b5f57d2b49d46796204cce5678') in 0.0266899 seconds
Number of updated asset objects reloaded before import = 0Number of asset objects unloaded after import = 3

========================================================================
Received Import Request.
  Time since last request: 0.000019 seconds.
  path: Assets/Clouded Studio/2D Simple Nature Pack/Sprites/Vegetations/Bushes/bush05.png
  artifactKey: Guid(44f89a235035e27468484928350e8507) Importer(2089858483,b0f066a214c2f5e87bad3c948f4d605d)
Start importing Assets/Clouded Studio/2D Simple Nature Pack/Sprites/Vegetations/Bushes/bush05.png using Guid(44f89a235035e27468484928350e8507) Importer(2089858483,b0f066a214c2f5e87bad3c948f4d605d) (ScriptedImporter) -> (artifact id: 'a81367ff456c0f379008edb7551de923') in 0.0374147 seconds
Number of updated asset objects reloaded before import = 0Number of asset objects unloaded after import = 3

========================================================================
Received Import Request.
  Time since last request: 0.000025 seconds.
  path: Assets/Clouded Studio/2D Simple Nature Pack/Sprites/Vegetations/Bushes/bush06.png
  artifactKey: Guid(eceb28687ebe8a243aaec29170207759) Importer(2089858483,b0f066a214c2f5e87bad3c948f4d605d)
Start importing Assets/Clouded Studio/2D Simple Nature Pack/Sprites/Vegetations/Bushes/bush06.png using Guid(eceb28687ebe8a243aaec29170207759) Importer(2089858483,b0f066a214c2f5e87bad3c948f4d605d) (ScriptedImporter) -> (artifact id: 'f330eb2dde7548e88c7f3c0e7f2b9c09') in 0.0412865 seconds
Number of updated asset objects reloaded before import = 0Number of asset objects unloaded after import = 3

========================================================================
Received Import Request.
  Time since last request: 0.000031 seconds.
  path: Assets/Plugins/PrimeTween/Demo/Stylized Sand by Joao Paulo/Stylized_Sand_001_roughness.jpg
  artifactKey: Guid(bec405a93954d4bf78b26a45fa4d1278) Importer(2089858483,b0f066a214c2f5e87bad3c948f4d605d)
Start importing Assets/Plugins/PrimeTween/Demo/Stylized Sand by Joao Paulo/Stylized_Sand_001_roughness.jpg using Guid(bec405a93954d4bf78b26a45fa4d1278) Importer(2089858483,b0f066a214c2f5e87bad3c948f4d605d) (ScriptedImporter) -> (artifact id: 'e810b70e39f571c127e1d6d0d1bf745c') in 0.0253274 seconds
Number of updated asset objects reloaded before import = 0Number of asset objects unloaded after import = 1

========================================================================
Received Import Request.
  Time since last request: 0.000017 seconds.
  path: Assets/Clouded Studio/2D Simple Nature Pack/Sprites/Lights/ShaftsLarge.png
  artifactKey: Guid(2741bed4c64211540938a83905b86f37) Importer(2089858483,b0f066a214c2f5e87bad3c948f4d605d)
Start importing Assets/Clouded Studio/2D Simple Nature Pack/Sprites/Lights/ShaftsLarge.png using Guid(2741bed4c64211540938a83905b86f37) Importer(2089858483,b0f066a214c2f5e87bad3c948f4d605d) (ScriptedImporter) -> (artifact id: '185059800c3a1c98d9bb9fdbc107db8f') in 0.0430337 seconds
Number of updated asset objects reloaded before import = 0Number of asset objects unloaded after import = 3

========================================================================
Received Import Request.
  Time since last request: 0.000018 seconds.
  path: Assets/game assets/Memory card Game/Card Memory Game - Cats/Card Memory Game - Cats/Cards/Blue-Cat.png
  artifactKey: Guid(170eebb81ebf3eb43a3f25fb8b7e9242) Importer(2089858483,b0f066a214c2f5e87bad3c948f4d605d)
Start importing Assets/game assets/Memory card Game/Card Memory Game - Cats/Card Memory Game - Cats/Cards/Blue-Cat.png using Guid(170eebb81ebf3eb43a3f25fb8b7e9242) Importer(2089858483,b0f066a214c2f5e87bad3c948f4d605d) (ScriptedImporter) -> (artifact id: 'd74be15aec9754af685a989ad52bd47a') in 0.0307494 seconds
Number of updated asset objects reloaded before import = 0Number of asset objects unloaded after import = 3

========================================================================
Received Import Request.
  Time since last request: 0.000024 seconds.
  path: Assets/game assets/Memory card Game/Card Memory Game - Cats/Card Memory Game - Cats/Preview/Preview 2.png
  artifactKey: Guid(3ca474dc3645d2c4da61876544c4fb18) Importer(2089858483,b0f066a214c2f5e87bad3c948f4d605d)
Start importing Assets/game assets/Memory card Game/Card Memory Game - Cats/Card Memory Game - Cats/Preview/Preview 2.png using Guid(3ca474dc3645d2c4da61876544c4fb18) Importer(2089858483,b0f066a214c2f5e87bad3c948f4d605d) (ScriptedImporter) -> (artifact id: '59905036b381540f4a1c6f4b27e59ffb') in 0.0302473 seconds
Number of updated asset objects reloaded before import = 0Number of asset objects unloaded after import = 3

========================================================================
Received Import Request.
  Time since last request: 0.000032 seconds.
  path: Assets/game assets/Memory card Game/Card Memory Game - Cats/Card Memory Game - Cats/Cards/Pig-Cat.png
  artifactKey: Guid(3fa28ebd1c090b54b853645742d44ab8) Importer(2089858483,b0f066a214c2f5e87bad3c948f4d605d)
Start importing Assets/game assets/Memory card Game/Card Memory Game - Cats/Card Memory Game - Cats/Cards/Pig-Cat.png using Guid(3fa28ebd1c090b54b853645742d44ab8) Importer(2089858483,b0f066a214c2f5e87bad3c948f4d605d) (ScriptedImporter) -> (artifact id: '02979deeab7d946415fe373ef44d4da5') in 0.0246888 seconds
Number of updated asset objects reloaded before import = 0Number of asset objects unloaded after import = 3

========================================================================
Received Import Request.
  Time since last request: 0.000034 seconds.
  path: Assets/game assets/chess/Chess Pieces/Chess Pieces/Pieces/sprite_07.png
  artifactKey: Guid(d90b598f2c7398c48be45d8f256a743f) Importer(2089858483,b0f066a214c2f5e87bad3c948f4d605d)
Start importing Assets/game assets/chess/Chess Pieces/Chess Pieces/Pieces/sprite_07.png using Guid(d90b598f2c7398c48be45d8f256a743f) Importer(2089858483,b0f066a214c2f5e87bad3c948f4d605d) (ScriptedImporter) -> (artifact id: '1f009ffe4e5c7e25244b7defcd143a43') in 0.0336464 seconds
Number of updated asset objects reloaded before import = 0Number of asset objects unloaded after import = 3

========================================================================
Received Import Request.
  Time since last request: 0.000018 seconds.
  path: Assets/game assets/Memory card Game/Card Memory Game - Cats/Card Memory Game - Cats/Background/Background 1.png
  artifactKey: Guid(6a68472a30ae51c4485a48da0d1ea613) Importer(2089858483,b0f066a214c2f5e87bad3c948f4d605d)
Start importing Assets/game assets/Memory card Game/Card Memory Game - Cats/Card Memory Game - Cats/Background/Background 1.png using Guid(6a68472a30ae51c4485a48da0d1ea613) Importer(2089858483,b0f066a214c2f5e87bad3c948f4d605d) (ScriptedImporter) -> (artifact id: '4dd2dc9bfdc709b3cd7f4ac6eb63d5c7') in 0.0372172 seconds
Number of updated asset objects reloaded before import = 0Number of asset objects unloaded after import = 3

========================================================================
Received Import Request.
  Time since last request: 0.000019 seconds.
  path: Assets/Plugins/PrimeTween/Demo/Stylized Cartoon Van by Fero Andezo/Materials/Window.mat
  artifactKey: Guid(c6826ed5c575c40c58f681e880fad469) Importer(2089858483,b0f066a214c2f5e87bad3c948f4d605d)
Start importing Assets/Plugins/PrimeTween/Demo/Stylized Cartoon Van by Fero Andezo/Materials/Window.mat using Guid(c6826ed5c575c40c58f681e880fad469) Importer(2089858483,b0f066a214c2f5e87bad3c948f4d605d) (ScriptedImporter) -> (artifact id: '6f8874d7ba8609010d69d8ba88fa3f03') in 0.076264 seconds
Number of updated asset objects reloaded before import = 0Number of asset objects unloaded after import = 2

========================================================================
Received Import Request.
  Time since last request: 0.000040 seconds.
  path: Assets/Plugins/PrimeTween/Demo/Stylized Cartoon Van by Fero Andezo/Materials_URP/Wheel.mat
  artifactKey: Guid(b18e327865ce74717850a9fa00d61d6a) Importer(2089858483,b0f066a214c2f5e87bad3c948f4d605d)
Start importing Assets/Plugins/PrimeTween/Demo/Stylized Cartoon Van by Fero Andezo/Materials_URP/Wheel.mat using Guid(b18e327865ce74717850a9fa00d61d6a) Importer(2089858483,b0f066a214c2f5e87bad3c948f4d605d) (ScriptedImporter) -> (artifact id: '112c800bf4b044b8910f4ffa6fa81328') in 0.0433934 seconds
Number of updated asset objects reloaded before import = 0Number of asset objects unloaded after import = 2

========================================================================
Received Import Request.
  Time since last request: 0.000023 seconds.
  path: Assets/Plugins/PrimeTween/Demo/Stylized Cartoon Van by Fero Andezo/Materials_URP/Window.mat
  artifactKey: Guid(1b921feeacddd4a24ba5661d0ce5d33e) Importer(2089858483,b0f066a214c2f5e87bad3c948f4d605d)
Start importing Assets/Plugins/PrimeTween/Demo/Stylized Cartoon Van by Fero Andezo/Materials_URP/Window.mat using Guid(1b921feeacddd4a24ba5661d0ce5d33e) Importer(2089858483,b0f066a214c2f5e87bad3c948f4d605d) (ScriptedImporter) -> (artifact id: '16b54c4207e5da0f422dd4e99ab99869') in 0.021891 seconds
Number of updated asset objects reloaded before import = 0Number of asset objects unloaded after import = 2

========================================================================
Received Import Request.
  Time since last request: 0.000030 seconds.
  path: Assets/game assets/Memory card Game/Card Memory Game - Cats/Card Memory Game - Cats/Preview/Preview 3.png
  artifactKey: Guid(c2da113b5498eed409652e823b57508e) Importer(2089858483,b0f066a214c2f5e87bad3c948f4d605d)
Start importing Assets/game assets/Memory card Game/Card Memory Game - Cats/Card Memory Game - Cats/Preview/Preview 3.png using Guid(c2da113b5498eed409652e823b57508e) Importer(2089858483,b0f066a214c2f5e87bad3c948f4d605d) (ScriptedImporter) -> (artifact id: 'f96f1a145af26d98df13c0fd0ecc3418') in 0.0593437 seconds
Number of updated asset objects reloaded before import = 0Number of asset objects unloaded after import = 3

========================================================================
Received Import Request.
  Time since last request: 0.000049 seconds.
  path: Assets/Plugins/PrimeTween/Demo/Stylized Sand by Joao Paulo/Stylized_Sand_001_normal.jpg
  artifactKey: Guid(1a3bff52702914ae3852de7736bd754d) Importer(2089858483,b0f066a214c2f5e87bad3c948f4d605d)
Start importing Assets/Plugins/PrimeTween/Demo/Stylized Sand by Joao Paulo/Stylized_Sand_001_normal.jpg using Guid(1a3bff52702914ae3852de7736bd754d) Importer(2089858483,b0f066a214c2f5e87bad3c948f4d605d) (ScriptedImporter) -> (artifact id: '5e78dd7059fe393ad4fc66c52c358d18') in 0.0602624 seconds
Number of updated asset objects reloaded before import = 0Number of asset objects unloaded after import = 1

========================================================================
Received Import Request.
  Time since last request: 0.000038 seconds.
  path: Assets/Cartoon UI/White Icons/White Icons/White Icons 1/Star.png
  artifactKey: Guid(8f0eec152cc4da346840efee50d7dd18) Importer(2089858483,b0f066a214c2f5e87bad3c948f4d605d)
Start importing Assets/Cartoon UI/White Icons/White Icons/White Icons 1/Star.png using Guid(8f0eec152cc4da346840efee50d7dd18) Importer(2089858483,b0f066a214c2f5e87bad3c948f4d605d) (ScriptedImporter) -> (artifact id: 'c002a370b603c16e13a9348fd03e4189') in 0.0266675 seconds
Number of updated asset objects reloaded before import = 0Number of asset objects unloaded after import = 3

========================================================================
Received Import Request.
  Time since last request: 0.000025 seconds.
  path: Assets/Cartoon UI/White Icons/White Icons/UI Icons/Heart.png
  artifactKey: Guid(e9e61a62578eb3442bf87cdaa264d119) Importer(2089858483,b0f066a214c2f5e87bad3c948f4d605d)
Start importing Assets/Cartoon UI/White Icons/White Icons/UI Icons/Heart.png using Guid(e9e61a62578eb3442bf87cdaa264d119) Importer(2089858483,b0f066a214c2f5e87bad3c948f4d605d) (ScriptedImporter) -> (artifact id: 'be3bed629ebe92724247cec4149bc250') in 0.030356 seconds
Number of updated asset objects reloaded before import = 0Number of asset objects unloaded after import = 3

========================================================================
Received Import Request.
  Time since last request: 0.000043 seconds.
  path: Assets/Cartoon UI/White Icons/White Icons/UI Icons/Video.png
  artifactKey: Guid(ac835e7ddef54534da31a2a649607ed9) Importer(2089858483,b0f066a214c2f5e87bad3c948f4d605d)
Start importing Assets/Cartoon UI/White Icons/White Icons/UI Icons/Video.png using Guid(ac835e7ddef54534da31a2a649607ed9) Importer(2089858483,b0f066a214c2f5e87bad3c948f4d605d) (ScriptedImporter) -> (artifact id: '1f307fc1311c2d5f346ed7bfc661100c') in 0.0233819 seconds
Number of updated asset objects reloaded before import = 0Number of asset objects unloaded after import = 3

========================================================================
Received Import Request.
  Time since last request: 0.000131 seconds.
  path: Assets/Cartoon UI/White Icons/White Icons/White Icons 2/White Music.png
  artifactKey: Guid(cb4b8a5afbafd7545bf66bddebc7757c) Importer(2089858483,b0f066a214c2f5e87bad3c948f4d605d)
Start importing Assets/Cartoon UI/White Icons/White Icons/White Icons 2/White Music.png using Guid(cb4b8a5afbafd7545bf66bddebc7757c) Importer(2089858483,b0f066a214c2f5e87bad3c948f4d605d) (ScriptedImporter) -> (artifact id: 'bc16085c25957c609af62b748149068c') in 0.034363 seconds
Number of updated asset objects reloaded before import = 0Number of asset objects unloaded after import = 3

========================================================================
Received Import Request.
  Time since last request: 0.000051 seconds.
  path: Assets/Aztech Games/PC&ConsoleButtonsIcons/XConsole_White/LPush.png
  artifactKey: Guid(0590c70acdc4e6e4e8756b0c600f0c9e) Importer(2089858483,b0f066a214c2f5e87bad3c948f4d605d)
Start importing Assets/Aztech Games/PC&ConsoleButtonsIcons/XConsole_White/LPush.png using Guid(0590c70acdc4e6e4e8756b0c600f0c9e) Importer(2089858483,b0f066a214c2f5e87bad3c948f4d605d) (ScriptedImporter) -> (artifact id: 'de909779ccfde85876504c3597988a1b') in 0.0357152 seconds
Number of updated asset objects reloaded before import = 0Number of asset objects unloaded after import = 3

========================================================================
Received Import Request.
  Time since last request: 0.000042 seconds.
  path: Assets/Aztech Games/PC&ConsoleButtonsIcons/Keyboard/angleBracketL.png
  artifactKey: Guid(4083622e63f74634789022963c5ab284) Importer(2089858483,b0f066a214c2f5e87bad3c948f4d605d)
Start importing Assets/Aztech Games/PC&ConsoleButtonsIcons/Keyboard/angleBracketL.png using Guid(4083622e63f74634789022963c5ab284) Importer(2089858483,b0f066a214c2f5e87bad3c948f4d605d) (ScriptedImporter) -> (artifact id: 'bdc16f83cbac3a9cbe2631ace43e578b') in 0.0380369 seconds
Number of updated asset objects reloaded before import = 0Number of asset objects unloaded after import = 3

========================================================================
Received Import Request.
  Time since last request: 0.000025 seconds.
  path: Assets/Aztech Games/PC&ConsoleButtonsIcons/Keyboard/x.png
  artifactKey: Guid(3441a18f06609f34099bceb06525484b) Importer(2089858483,b0f066a214c2f5e87bad3c948f4d605d)
Start importing Assets/Aztech Games/PC&ConsoleButtonsIcons/Keyboard/x.png using Guid(3441a18f06609f34099bceb06525484b) Importer(2089858483,b0f066a214c2f5e87bad3c948f4d605d) (ScriptedImporter) -> (artifact id: 'a5e37e664656614c198776ffc459cc4a') in 0.0468932 seconds
Number of updated asset objects reloaded before import = 0Number of asset objects unloaded after import = 3

========================================================================
Received Import Request.
  Time since last request: 0.000027 seconds.
  path: Assets/Cartoon UI/White Icons/White Icons/White Icons 2/White Site On.png
  artifactKey: Guid(0c8b3804e7cbfa6449d3ad89c5ea3dc0) Importer(2089858483,b0f066a214c2f5e87bad3c948f4d605d)
Start importing Assets/Cartoon UI/White Icons/White Icons/White Icons 2/White Site On.png using Guid(0c8b3804e7cbfa6449d3ad89c5ea3dc0) Importer(2089858483,b0f066a214c2f5e87bad3c948f4d605d) (ScriptedImporter) -> (artifact id: 'c0300a8e4f03f290dae99861a4a1f5a9') in 0.0311288 seconds
Number of updated asset objects reloaded before import = 0Number of asset objects unloaded after import = 3

========================================================================
Received Import Request.
  Time since last request: 0.000043 seconds.
  path: Assets/Cartoon UI/White Icons/White Icons/White Icons 2/White Cross Swords.png
  artifactKey: Guid(617823aba1a73e44888ce9be668c1e7f) Importer(2089858483,b0f066a214c2f5e87bad3c948f4d605d)
Start importing Assets/Cartoon UI/White Icons/White Icons/White Icons 2/White Cross Swords.png using Guid(617823aba1a73e44888ce9be668c1e7f) Importer(2089858483,b0f066a214c2f5e87bad3c948f4d605d) (ScriptedImporter) -> (artifact id: '00bf460ae94929dc3bbabaeeacdf71c5') in 0.0586682 seconds
Number of updated asset objects reloaded before import = 0Number of asset objects unloaded after import = 3

========================================================================
Received Import Request.
  Time since last request: 0.000024 seconds.
  path: Assets/Cartoon UI/White Icons/White Icons/White Icons 2/White Pin.png
  artifactKey: Guid(c41b19f6008abef47a76ed7fc95bd3cd) Importer(2089858483,b0f066a214c2f5e87bad3c948f4d605d)
Start importing Assets/Cartoon UI/White Icons/White Icons/White Icons 2/White Pin.png using Guid(c41b19f6008abef47a76ed7fc95bd3cd) Importer(2089858483,b0f066a214c2f5e87bad3c948f4d605d) (ScriptedImporter) -> (artifact id: 'e558e950035f16825e66e74d77e367ef') in 0.0376592 seconds
Number of updated asset objects reloaded before import = 0Number of asset objects unloaded after import = 3

========================================================================
Received Import Request.
  Time since last request: 0.000032 seconds.
  path: Assets/Cartoon UI/Icons/Gift Red.png
  artifactKey: Guid(c3dd4a6dd4bb651489554da11593c59d) Importer(2089858483,b0f066a214c2f5e87bad3c948f4d605d)
Start importing Assets/Cartoon UI/Icons/Gift Red.png using Guid(c3dd4a6dd4bb651489554da11593c59d) Importer(2089858483,b0f066a214c2f5e87bad3c948f4d605d) (ScriptedImporter) -> (artifact id: '56f4abe18f8850c121ceb34d2b3ce8c7') in 0.0429602 seconds
Number of updated asset objects reloaded before import = 0Number of asset objects unloaded after import = 3

========================================================================
Received Import Request.
  Time since last request: 0.000033 seconds.
  path: Assets/Aztech Games/PC&ConsoleButtonsIcons/Keyboard_White/n.png
  artifactKey: Guid(0f8551a362b910245be8b071ad89a741) Importer(2089858483,b0f066a214c2f5e87bad3c948f4d605d)
Start importing Assets/Aztech Games/PC&ConsoleButtonsIcons/Keyboard_White/n.png using Guid(0f8551a362b910245be8b071ad89a741) Importer(2089858483,b0f066a214c2f5e87bad3c948f4d605d) (ScriptedImporter) -> (artifact id: '413189c28a4db2802f6aed2de03a1f09') in 0.0254668 seconds
Number of updated asset objects reloaded before import = 0Number of asset objects unloaded after import = 3

========================================================================
Received Import Request.
  Time since last request: 0.000021 seconds.
  path: Assets/Scripts/nomber seq/neutral.asset
  artifactKey: Guid(6fcf380bd14a8094084efd7655af2e82) Importer(2089858483,b0f066a214c2f5e87bad3c948f4d605d)
Start importing Assets/Scripts/nomber seq/neutral.asset using Guid(6fcf380bd14a8094084efd7655af2e82) Importer(2089858483,b0f066a214c2f5e87bad3c948f4d605d) (ScriptedImporter) -> (artifact id: 'bef6accd6d5ec8512a096dc28c0c1ee3') in 0.0284759 seconds
Number of updated asset objects reloaded before import = 0Number of asset objects unloaded after import = 12

========================================================================
Received Import Request.
  Time since last request: 0.000025 seconds.
  path: Assets/Clouded Studio/2D Simple Nature Pack/Readme.txt
  artifactKey: Guid(b4f2a4d9567be4a4eaf52e1a822e0417) Importer(2089858483,b0f066a214c2f5e87bad3c948f4d605d)
Start importing Assets/Clouded Studio/2D Simple Nature Pack/Readme.txt using Guid(b4f2a4d9567be4a4eaf52e1a822e0417) Importer(2089858483,b0f066a214c2f5e87bad3c948f4d605d) (ScriptedImporter) -> (artifact id: '150930703b6a01f9f34bb323010fadbe') in 0.0302271 seconds
Number of updated asset objects reloaded before import = 0Number of asset objects unloaded after import = 1

========================================================================
Received Import Request.
  Time since last request: 0.000058 seconds.
  path: Assets/TextMesh Pro/Shaders/TMP_SDF Overlay.shader
  artifactKey: Guid(dd89cf5b9246416f84610a006f916af7) Importer(2089858483,b0f066a214c2f5e87bad3c948f4d605d)
Start importing Assets/TextMesh Pro/Shaders/TMP_SDF Overlay.shader using Guid(dd89cf5b9246416f84610a006f916af7) Importer(2089858483,b0f066a214c2f5e87bad3c948f4d605d) (ScriptedImporter) -> (artifact id: 'f45408eae9ccfff0717402cf1793a4a6') in 0.0295468 seconds
Number of updated asset objects reloaded before import = 0Number of asset objects unloaded after import = 1

========================================================================
Received Import Request.
  Time since last request: 0.000064 seconds.
  path: Assets/Cartoon UI/Customizable/Custom Circle Button.prefab
  artifactKey: Guid(ebe5a5700d437674396488bf441cb1ef) Importer(2089858483,b0f066a214c2f5e87bad3c948f4d605d)
Start importing Assets/Cartoon UI/Customizable/Custom Circle Button.prefab using Guid(ebe5a5700d437674396488bf441cb1ef) Importer(2089858483,b0f066a214c2f5e87bad3c948f4d605d) (ScriptedImporter) -> (artifact id: '786d694f447f70d4abe175901cd85c19') in 0.0379035 seconds
Number of updated asset objects reloaded before import = 0Number of asset objects unloaded after import = 24

========================================================================
Received Import Request.
  Time since last request: 0.000023 seconds.
  path: Assets/Aztech Games/PC&ConsoleButtonsIcons/Keyboard_White/empty.png
  artifactKey: Guid(06e548a1f77a9be4eb60a29a860828fc) Importer(2089858483,b0f066a214c2f5e87bad3c948f4d605d)
Start importing Assets/Aztech Games/PC&ConsoleButtonsIcons/Keyboard_White/empty.png using Guid(06e548a1f77a9be4eb60a29a860828fc) Importer(2089858483,b0f066a214c2f5e87bad3c948f4d605d) (ScriptedImporter) -> (artifact id: '3b66659d4ec72e2b659f9bbe8e34b9d9') in 0.0308596 seconds
Number of updated asset objects reloaded before import = 0Number of asset objects unloaded after import = 3

========================================================================
Received Import Request.
  Time since last request: 0.000024 seconds.
  path: Assets/Aztech Games/PC&ConsoleButtonsIcons/Keyboard/arrowD.png
  artifactKey: Guid(8c8fbd64f284e8746b76f7eace8ab6bb) Importer(2089858483,b0f066a214c2f5e87bad3c948f4d605d)
Start importing Assets/Aztech Games/PC&ConsoleButtonsIcons/Keyboard/arrowD.png using Guid(8c8fbd64f284e8746b76f7eace8ab6bb) Importer(2089858483,b0f066a214c2f5e87bad3c948f4d605d) (ScriptedImporter) -> (artifact id: 'c782e64790d278f33c6b3b1c689ccf39') in 0.0220575 seconds
Number of updated asset objects reloaded before import = 0Number of asset objects unloaded after import = 3

========================================================================
Received Import Request.
  Time since last request: 0.000094 seconds.
  path: Assets/Cartoon UI/Icons/Unlock Silver.png
  artifactKey: Guid(ae636c378aa347641b9f982caddf498a) Importer(2089858483,b0f066a214c2f5e87bad3c948f4d605d)
Start importing Assets/Cartoon UI/Icons/Unlock Silver.png using Guid(ae636c378aa347641b9f982caddf498a) Importer(2089858483,b0f066a214c2f5e87bad3c948f4d605d) (ScriptedImporter) -> (artifact id: '2ae4b18676d58d05d72c5f7709bf898c') in 0.0321622 seconds
Number of updated asset objects reloaded before import = 0Number of asset objects unloaded after import = 3

========================================================================
Received Import Request.
  Time since last request: 0.000040 seconds.
  path: Assets/Cartoon UI/Icons/Messages.png
  artifactKey: Guid(3f002c16d28efd849a8739602047585d) Importer(2089858483,b0f066a214c2f5e87bad3c948f4d605d)
Start importing Assets/Cartoon UI/Icons/Messages.png using Guid(3f002c16d28efd849a8739602047585d) Importer(2089858483,b0f066a214c2f5e87bad3c948f4d605d) (ScriptedImporter) -> (artifact id: 'e29d0511e29584b072aa7fc954297911') in 0.0521429 seconds
Number of updated asset objects reloaded before import = 0Number of asset objects unloaded after import = 3

========================================================================
Received Import Request.
  Time since last request: 0.000019 seconds.
  path: Assets/Cartoon UI/Icons/Gem2 Purple.png
  artifactKey: Guid(ef8fa4943512d054bb4d411cd59dc23c) Importer(2089858483,b0f066a214c2f5e87bad3c948f4d605d)
Start importing Assets/Cartoon UI/Icons/Gem2 Purple.png using Guid(ef8fa4943512d054bb4d411cd59dc23c) Importer(2089858483,b0f066a214c2f5e87bad3c948f4d605d) (ScriptedImporter) -> (artifact id: '0f8874041969eed067b2624ac127c90b') in 0.030991 seconds
Number of updated asset objects reloaded before import = 0Number of asset objects unloaded after import = 3

========================================================================
Received Import Request.
  Time since last request: 0.000047 seconds.
  path: Assets/Cartoon UI/White Icons/White Icons/White Icons 2/White News.png
  artifactKey: Guid(fbbde71c4e5d60e40b38ecc6ed2aae3c) Importer(2089858483,b0f066a214c2f5e87bad3c948f4d605d)
Start importing Assets/Cartoon UI/White Icons/White Icons/White Icons 2/White News.png using Guid(fbbde71c4e5d60e40b38ecc6ed2aae3c) Importer(2089858483,b0f066a214c2f5e87bad3c948f4d605d) (ScriptedImporter) -> (artifact id: '069096d705e66c60ef697a031e0243a6') in 0.0352269 seconds
Number of updated asset objects reloaded before import = 0Number of asset objects unloaded after import = 3

========================================================================
Received Import Request.
  Time since last request: 0.000027 seconds.
  path: Assets/Cartoon UI/Icons/Gem6 Orange.png
  artifactKey: Guid(b5bc9b7485b59a847bbe9c32637eb895) Importer(2089858483,b0f066a214c2f5e87bad3c948f4d605d)
Start importing Assets/Cartoon UI/Icons/Gem6 Orange.png using Guid(b5bc9b7485b59a847bbe9c32637eb895) Importer(2089858483,b0f066a214c2f5e87bad3c948f4d605d) (ScriptedImporter) -> (artifact id: 'bd7325f92a5b82e755398fb5c9dfd1b9') in 0.0471709 seconds
Number of updated asset objects reloaded before import = 0Number of asset objects unloaded after import = 3

========================================================================
Received Import Request.
  Time since last request: 0.000028 seconds.
  path: Assets/Aztech Games/PC&ConsoleButtonsIcons/Keyboard/ctrl.png
  artifactKey: Guid(b31fdc6ff3eac33479caf8bf5d1b8248) Importer(2089858483,b0f066a214c2f5e87bad3c948f4d605d)
Start importing Assets/Aztech Games/PC&ConsoleButtonsIcons/Keyboard/ctrl.png using Guid(b31fdc6ff3eac33479caf8bf5d1b8248) Importer(2089858483,b0f066a214c2f5e87bad3c948f4d605d) (ScriptedImporter) -> (artifact id: 'f898ec31031aaa1f305c0c961f83b964') in 0.0352734 seconds
Number of updated asset objects reloaded before import = 0Number of asset objects unloaded after import = 3

========================================================================
Received Import Request.
  Time since last request: 0.000051 seconds.
  path: Assets/Cartoon UI/Panels/Tab 2.png
  artifactKey: Guid(5ac3e180d42f2964aa8957c53ebf907a) Importer(2089858483,b0f066a214c2f5e87bad3c948f4d605d)
Start importing Assets/Cartoon UI/Panels/Tab 2.png using Guid(5ac3e180d42f2964aa8957c53ebf907a) Importer(2089858483,b0f066a214c2f5e87bad3c948f4d605d) (ScriptedImporter) -> (artifact id: '6a40aceca5af92c2b8c78378241e45a9') in 0.0284192 seconds
Number of updated asset objects reloaded before import = 0Number of asset objects unloaded after import = 3

========================================================================
Received Import Request.
  Time since last request: 0.000033 seconds.
  path: Assets/Aztech Games/PC&ConsoleButtonsIcons/Keyboard/0.png
  artifactKey: Guid(f1ed4c6e1756e2e49bc6faaff861937f) Importer(2089858483,b0f066a214c2f5e87bad3c948f4d605d)
Start importing Assets/Aztech Games/PC&ConsoleButtonsIcons/Keyboard/0.png using Guid(f1ed4c6e1756e2e49bc6faaff861937f) Importer(2089858483,b0f066a214c2f5e87bad3c948f4d605d) (ScriptedImporter) -> (artifact id: '6353fb768532b255c39327230b6db6c7') in 0.0415449 seconds
Number of updated asset objects reloaded before import = 0Number of asset objects unloaded after import = 3

========================================================================
Received Prepare
Begin MonoManager ReloadAssembly
[Licensing::Client] Successfully resolved entitlement details
- Loaded All Assemblies, in  1.210 seconds
Refreshing native plugins compatible for Editor in 3.15 ms, found 4 plugins.
Native extension for WindowsStandalone target not found
Native extension for WebGL target not found
[Package Manager] Failed to launch server process. Reason: Unity was launched with the -noUpm command-line argument
[Package Manager] Unable to send message (not connected to server process).
[Package Manager] Cannot connect to Unity Package Manager local server
ScheduleIndexationOnStartup MainProcess:False IndexOnStartup:True
Mono: successfully reloaded assembly
- Finished resetting the current domain, in  1.168 seconds
Domain Reload Profiling: 2378ms
	BeginReloadAssembly (432ms)
		ExecutionOrderSort (0ms)
		DisableScriptedObjects (52ms)
		BackupInstance (0ms)
		ReleaseScriptingObjects (1ms)
		CreateAndSetChildDomain (132ms)
	RebuildCommonClasses (45ms)
	RebuildNativeTypeToScriptingClass (14ms)
	initialDomainReloadingComplete (45ms)
	LoadAllAssembliesAndSetupDomain (673ms)
		LoadAssemblies (570ms)
		RebuildTransferFunctionScriptingTraits (0ms)
		AnalyzeDomain (246ms)
			TypeCache.Refresh (9ms)
				TypeCache.ScanAssembly (0ms)
			BuildScriptInfoCaches (219ms)
			ResolveRequiredComponents (11ms)
	FinalizeReload (1169ms)
		ReleaseScriptCaches (0ms)
		RebuildScriptCaches (0ms)
		SetupLoadedEditorAssemblies (903ms)
			LogAssemblyErrors (0ms)
			InitializePlatformSupportModulesInManaged (4ms)
			SetLoadedEditorAssemblies (10ms)
			BeforeProcessingInitializeOnLoad (255ms)
			ProcessInitializeOnLoadAttributes (508ms)
			ProcessInitializeOnLoadMethodAttributes (116ms)
			AfterProcessingInitializeOnLoad (10ms)
			EditorAssembliesLoaded (1ms)
		ExecutionOrderSort2 (0ms)
		AwakeInstancesAfterBackupRestoration (23ms)
Refreshing native plugins compatible for Editor in 2.56 ms, found 4 plugins.
Preloading 0 native plugins for Editor in 0.00 ms.
Unloading 16 Unused Serialized files (Serialized files now loaded: 0)
Unloading 7006 unused Assets / (5.1 MB). Loaded Objects now: 7844.
Memory consumption went from 159.9 MB to 154.9 MB.
Total: 24.576700 ms (FindLiveObjects: 1.914000 ms CreateObjectMapping: 2.200800 ms MarkObjects: 13.700300 ms  DeleteObjects: 6.759800 ms)

Prepare: number of updated asset objects reloaded= 0
========================================================================
Received Prepare
Begin MonoManager ReloadAssembly
[Licensing::Client] Successfully resolved entitlement details
- Loaded All Assemblies, in  0.873 seconds
Refreshing native plugins compatible for Editor in 1.83 ms, found 4 plugins.
Native extension for WindowsStandalone target not found
Native extension for WebGL target not found
[Package Manager] Failed to launch server process. Reason: Unity was launched with the -noUpm command-line argument
[Package Manager] Unable to send message (not connected to server process).
[Package Manager] Cannot connect to Unity Package Manager local server
ScheduleIndexationOnStartup MainProcess:False IndexOnStartup:True
Mono: successfully reloaded assembly
- Finished resetting the current domain, in  1.033 seconds
Domain Reload Profiling: 1904ms
	BeginReloadAssembly (240ms)
		ExecutionOrderSort (0ms)
		DisableScriptedObjects (16ms)
		BackupInstance (0ms)
		ReleaseScriptingObjects (0ms)
		CreateAndSetChildDomain (59ms)
	RebuildCommonClasses (34ms)
	RebuildNativeTypeToScriptingClass (14ms)
	initialDomainReloadingComplete (33ms)
	LoadAllAssembliesAndSetupDomain (549ms)
		LoadAssemblies (420ms)
		RebuildTransferFunctionScriptingTraits (0ms)
		AnalyzeDomain (233ms)
			TypeCache.Refresh (7ms)
				TypeCache.ScanAssembly (0ms)
			BuildScriptInfoCaches (208ms)
			ResolveRequiredComponents (12ms)
	FinalizeReload (1034ms)
		ReleaseScriptCaches (0ms)
		RebuildScriptCaches (0ms)
		SetupLoadedEditorAssemblies (847ms)
			LogAssemblyErrors (0ms)
			InitializePlatformSupportModulesInManaged (2ms)
			SetLoadedEditorAssemblies (6ms)
			BeforeProcessingInitializeOnLoad (228ms)
			ProcessInitializeOnLoadAttributes (488ms)
			ProcessInitializeOnLoadMethodAttributes (113ms)
			AfterProcessingInitializeOnLoad (9ms)
			EditorAssembliesLoaded (1ms)
		ExecutionOrderSort2 (0ms)
		AwakeInstancesAfterBackupRestoration (26ms)
Refreshing native plugins compatible for Editor in 2.18 ms, found 4 plugins.
Preloading 0 native plugins for Editor in 0.00 ms.
Unloading 16 Unused Serialized files (Serialized files now loaded: 0)
Unloading 7002 unused Assets / (4.8 MB). Loaded Objects now: 7847.
Memory consumption went from 160.0 MB to 155.2 MB.
Total: 23.331300 ms (FindLiveObjects: 2.111100 ms CreateObjectMapping: 2.653100 ms MarkObjects: 11.985700 ms  DeleteObjects: 6.579200 ms)

Prepare: number of updated asset objects reloaded= 0
========================================================================
Received Prepare
Begin MonoManager ReloadAssembly
[Licensing::Client] Successfully resolved entitlement details
- Loaded All Assemblies, in  0.846 seconds
Refreshing native plugins compatible for Editor in 1.87 ms, found 4 plugins.
Native extension for WindowsStandalone target not found
Native extension for WebGL target not found
[Package Manager] Failed to launch server process. Reason: Unity was launched with the -noUpm command-line argument
[Package Manager] Unable to send message (not connected to server process).
[Package Manager] Cannot connect to Unity Package Manager local server
ScheduleIndexationOnStartup MainProcess:False IndexOnStartup:True
Mono: successfully reloaded assembly
- Finished resetting the current domain, in  1.040 seconds
Domain Reload Profiling: 1884ms
	BeginReloadAssembly (236ms)
		ExecutionOrderSort (0ms)
		DisableScriptedObjects (16ms)
		BackupInstance (0ms)
		ReleaseScriptingObjects (0ms)
		CreateAndSetChildDomain (58ms)
	RebuildCommonClasses (35ms)
	RebuildNativeTypeToScriptingClass (12ms)
	initialDomainReloadingComplete (31ms)
	LoadAllAssembliesAndSetupDomain (530ms)
		LoadAssemblies (402ms)
		RebuildTransferFunctionScriptingTraits (0ms)
		AnalyzeDomain (227ms)
			TypeCache.Refresh (8ms)
				TypeCache.ScanAssembly (0ms)
			BuildScriptInfoCaches (203ms)
			ResolveRequiredComponents (11ms)
	FinalizeReload (1041ms)
		ReleaseScriptCaches (0ms)
		RebuildScriptCaches (0ms)
		SetupLoadedEditorAssemblies (840ms)
			LogAssemblyErrors (0ms)
			InitializePlatformSupportModulesInManaged (3ms)
			SetLoadedEditorAssemblies (9ms)
			BeforeProcessingInitializeOnLoad (230ms)
			ProcessInitializeOnLoadAttributes (477ms)
			ProcessInitializeOnLoadMethodAttributes (111ms)
			AfterProcessingInitializeOnLoad (10ms)
			EditorAssembliesLoaded (1ms)
		ExecutionOrderSort2 (0ms)
		AwakeInstancesAfterBackupRestoration (23ms)
Refreshing native plugins compatible for Editor in 2.24 ms, found 4 plugins.
Preloading 0 native plugins for Editor in 0.00 ms.
Unloading 16 Unused Serialized files (Serialized files now loaded: 0)
Unloading 7002 unused Assets / (4.8 MB). Loaded Objects now: 7850.
Memory consumption went from 160.0 MB to 155.2 MB.
Total: 22.450200 ms (FindLiveObjects: 1.640000 ms CreateObjectMapping: 1.953700 ms MarkObjects: 12.688700 ms  DeleteObjects: 6.165200 ms)

Prepare: number of updated asset objects reloaded= 0
========================================================================
Received Prepare
Begin MonoManager ReloadAssembly
- Loaded All Assemblies, in  0.849 seconds
Refreshing native plugins compatible for Editor in 1.85 ms, found 4 plugins.
Native extension for WindowsStandalone target not found
Native extension for WebGL target not found
[Package Manager] Failed to launch server process. Reason: Unity was launched with the -noUpm command-line argument
[Package Manager] Unable to send message (not connected to server process).
[Package Manager] Cannot connect to Unity Package Manager local server
ScheduleIndexationOnStartup MainProcess:False IndexOnStartup:True
Mono: successfully reloaded assembly
- Finished resetting the current domain, in  1.084 seconds
Domain Reload Profiling: 1932ms
	BeginReloadAssembly (236ms)
		ExecutionOrderSort (0ms)
		DisableScriptedObjects (19ms)
		BackupInstance (0ms)
		ReleaseScriptingObjects (0ms)
		CreateAndSetChildDomain (59ms)
	RebuildCommonClasses (34ms)
	RebuildNativeTypeToScriptingClass (12ms)
	initialDomainReloadingComplete (32ms)
	LoadAllAssembliesAndSetupDomain (534ms)
		LoadAssemblies (396ms)
		RebuildTransferFunctionScriptingTraits (0ms)
		AnalyzeDomain (235ms)
			TypeCache.Refresh (7ms)
				TypeCache.ScanAssembly (0ms)
			BuildScriptInfoCaches (214ms)
			ResolveRequiredComponents (10ms)
	FinalizeReload (1084ms)
		ReleaseScriptCaches (0ms)
		RebuildScriptCaches (0ms)
		SetupLoadedEditorAssemblies (876ms)
			LogAssemblyErrors (0ms)
			InitializePlatformSupportModulesInManaged (4ms)
			SetLoadedEditorAssemblies (10ms)
			BeforeProcessingInitializeOnLoad (252ms)
			ProcessInitializeOnLoadAttributes (485ms)
			ProcessInitializeOnLoadMethodAttributes (115ms)
			AfterProcessingInitializeOnLoad (10ms)
			EditorAssembliesLoaded (1ms)
		ExecutionOrderSort2 (0ms)
		AwakeInstancesAfterBackupRestoration (23ms)
Refreshing native plugins compatible for Editor in 2.62 ms, found 4 plugins.
Preloading 0 native plugins for Editor in 0.00 ms.
Unloading 16 Unused Serialized files (Serialized files now loaded: 0)
Unloading 7002 unused Assets / (4.7 MB). Loaded Objects now: 7853.
Memory consumption went from 160.1 MB to 155.4 MB.
Total: 24.119800 ms (FindLiveObjects: 2.160500 ms CreateObjectMapping: 2.201200 ms MarkObjects: 12.990400 ms  DeleteObjects: 6.764500 ms)

Prepare: number of updated asset objects reloaded= 0
========================================================================
Received Prepare
Begin MonoManager ReloadAssembly
[Licensing::Client] Successfully resolved entitlement details
- Loaded All Assemblies, in  0.852 seconds
Refreshing native plugins compatible for Editor in 1.77 ms, found 4 plugins.
Native extension for WindowsStandalone target not found
Native extension for WebGL target not found
[Package Manager] Failed to launch server process. Reason: Unity was launched with the -noUpm command-line argument
[Package Manager] Unable to send message (not connected to server process).
[Package Manager] Cannot connect to Unity Package Manager local server
ScheduleIndexationOnStartup MainProcess:False IndexOnStartup:True
Mono: successfully reloaded assembly
- Finished resetting the current domain, in  1.081 seconds
Domain Reload Profiling: 1930ms
	BeginReloadAssembly (241ms)
		ExecutionOrderSort (0ms)
		DisableScriptedObjects (16ms)
		BackupInstance (0ms)
		ReleaseScriptingObjects (0ms)
		CreateAndSetChildDomain (61ms)
	RebuildCommonClasses (35ms)
	RebuildNativeTypeToScriptingClass (12ms)
	initialDomainReloadingComplete (33ms)
	LoadAllAssembliesAndSetupDomain (527ms)
		LoadAssemblies (417ms)
		RebuildTransferFunctionScriptingTraits (0ms)
		AnalyzeDomain (212ms)
			TypeCache.Refresh (8ms)
				TypeCache.ScanAssembly (0ms)
			BuildScriptInfoCaches (190ms)
			ResolveRequiredComponents (10ms)
	FinalizeReload (1082ms)
		ReleaseScriptCaches (0ms)
		RebuildScriptCaches (0ms)
		SetupLoadedEditorAssemblies (865ms)
			LogAssemblyErrors (0ms)
			InitializePlatformSupportModulesInManaged (4ms)
			SetLoadedEditorAssemblies (9ms)
			BeforeProcessingInitializeOnLoad (237ms)
			ProcessInitializeOnLoadAttributes (489ms)
			ProcessInitializeOnLoadMethodAttributes (112ms)
			AfterProcessingInitializeOnLoad (13ms)
			EditorAssembliesLoaded (1ms)
		ExecutionOrderSort2 (0ms)
		AwakeInstancesAfterBackupRestoration (24ms)
Refreshing native plugins compatible for Editor in 1.96 ms, found 4 plugins.
Preloading 0 native plugins for Editor in 0.00 ms.
Unloading 16 Unused Serialized files (Serialized files now loaded: 0)
Unloading 7002 unused Assets / (4.5 MB). Loaded Objects now: 7856.
Memory consumption went from 160.1 MB to 155.6 MB.
Total: 19.275100 ms (FindLiveObjects: 1.953300 ms CreateObjectMapping: 2.231100 ms MarkObjects: 9.157000 ms  DeleteObjects: 5.931600 ms)

Prepare: number of updated asset objects reloaded= 0
========================================================================
Received Import Request.
  Time since last request: 3707.479712 seconds.
  path: Assets/Cartoon UI/Icons
  artifactKey: Guid(17341ea07b6998c4889d5bb7a15a5e6f) Importer(815301076,1909f56bfc062723c751e8b465ee728b)
Start importing Assets/Cartoon UI/Icons using Guid(17341ea07b6998c4889d5bb7a15a5e6f) Importer(815301076,1909f56bfc062723c751e8b465ee728b) (PreviewImporter) -> (artifact id: 'f553f19f3144c4fac4a9191d1df0d92e') in 0.0039992 seconds
Number of updated asset objects reloaded before import = 0Number of asset objects unloaded after import = 0

========================================================================
Received Import Request.
  Time since last request: 0.000032 seconds.
  path: Assets/Cartoon UI/Icons/Apple.png
  artifactKey: Guid(ab49bbaa30282c44b83a75b908f742d1) Importer(815301076,1909f56bfc062723c751e8b465ee728b)
Start importing Assets/Cartoon UI/Icons/Apple.png using Guid(ab49bbaa30282c44b83a75b908f742d1) Importer(815301076,1909f56bfc062723c751e8b465ee728b) (PreviewImporter) -> (artifact id: '77e7d16e1663b299a2a3c6048eb76689') in 0.141346 seconds
Number of updated asset objects reloaded before import = 0Number of asset objects unloaded after import = 3

========================================================================
Received Import Request.
  Time since last request: 0.000043 seconds.
  path: Assets/Cartoon UI/Icons/Bread.png
  artifactKey: Guid(f83c81e776adeea43a6230a0731cd0c3) Importer(815301076,1909f56bfc062723c751e8b465ee728b)
Start importing Assets/Cartoon UI/Icons/Bread.png using Guid(f83c81e776adeea43a6230a0731cd0c3) Importer(815301076,1909f56bfc062723c751e8b465ee728b) (PreviewImporter) -> (artifact id: '30e10bb4b90243cc0bf9869c07110c26') in 0.0221251 seconds
Number of updated asset objects reloaded before import = 0Number of asset objects unloaded after import = 3

========================================================================
Received Import Request.
  Time since last request: 0.000019 seconds.
  path: Assets/Cartoon UI/Icons/Chest Gem.png
  artifactKey: Guid(b744ed0c702d8994982728691f19e3ed) Importer(815301076,1909f56bfc062723c751e8b465ee728b)
Start importing Assets/Cartoon UI/Icons/Chest Gem.png using Guid(b744ed0c702d8994982728691f19e3ed) Importer(815301076,1909f56bfc062723c751e8b465ee728b) (PreviewImporter) -> (artifact id: '39986ff23da7bdf5414c3b1401be64dd') in 0.0248461 seconds
Number of updated asset objects reloaded before import = 0Number of asset objects unloaded after import = 3

========================================================================
Received Import Request.
  Time since last request: 0.000045 seconds.
  path: Assets/Cartoon UI/Icons/Candy 3.png
  artifactKey: Guid(bbf7bd8d36ebff6459a910e75e3c8a36) Importer(815301076,1909f56bfc062723c751e8b465ee728b)
Start importing Assets/Cartoon UI/Icons/Candy 3.png using Guid(bbf7bd8d36ebff6459a910e75e3c8a36) Importer(815301076,1909f56bfc062723c751e8b465ee728b) (PreviewImporter) -> (artifact id: 'dadd84c14e0c30204adb518e08342a7b') in 0.0212581 seconds
Number of updated asset objects reloaded before import = 0Number of asset objects unloaded after import = 3

========================================================================
Received Import Request.
  Time since last request: 0.000035 seconds.
  path: Assets/Cartoon UI/Icons/Chic.png
  artifactKey: Guid(659ee9c0eba2be444b5597378d6e123a) Importer(815301076,1909f56bfc062723c751e8b465ee728b)
Start importing Assets/Cartoon UI/Icons/Chic.png using Guid(659ee9c0eba2be444b5597378d6e123a) Importer(815301076,1909f56bfc062723c751e8b465ee728b) (PreviewImporter) -> (artifact id: 'f85d18a443dce27c3816f0c510c4d4ea') in 0.0224818 seconds
Number of updated asset objects reloaded before import = 0Number of asset objects unloaded after import = 3

========================================================================
Received Import Request.
  Time since last request: 0.000032 seconds.
  path: Assets/Cartoon UI/Icons/Cash.png
  artifactKey: Guid(c319f110a9600334582f23d782aa076c) Importer(815301076,1909f56bfc062723c751e8b465ee728b)
Start importing Assets/Cartoon UI/Icons/Cash.png using Guid(c319f110a9600334582f23d782aa076c) Importer(815301076,1909f56bfc062723c751e8b465ee728b) (PreviewImporter) -> (artifact id: '6c0ce48e22646e689b2f2269d1144f53') in 0.0225953 seconds
Number of updated asset objects reloaded before import = 0Number of asset objects unloaded after import = 3

========================================================================
Received Import Request.
  Time since last request: 0.000018 seconds.
  path: Assets/Cartoon UI/Icons/Bronze Crown.png
  artifactKey: Guid(7b9dcf7d2dda3094591ddbc53caaf680) Importer(815301076,1909f56bfc062723c751e8b465ee728b)
Start importing Assets/Cartoon UI/Icons/Bronze Crown.png using Guid(7b9dcf7d2dda3094591ddbc53caaf680) Importer(815301076,1909f56bfc062723c751e8b465ee728b) (PreviewImporter) -> (artifact id: '24fa045efc1a46d78d42b9c7f3bda79f') in 0.0211486 seconds
Number of updated asset objects reloaded before import = 0Number of asset objects unloaded after import = 3

========================================================================
Received Import Request.
  Time since last request: 0.000026 seconds.
  path: Assets/Cartoon UI/Icons/Chest.png
  artifactKey: Guid(ab26d8748342fcb4dbd5efa0d0ed2193) Importer(815301076,1909f56bfc062723c751e8b465ee728b)
Start importing Assets/Cartoon UI/Icons/Chest.png using Guid(ab26d8748342fcb4dbd5efa0d0ed2193) Importer(815301076,1909f56bfc062723c751e8b465ee728b) (PreviewImporter) -> (artifact id: 'd7148d26eb79521efd32e95731b0a69f') in 0.0216244 seconds
Number of updated asset objects reloaded before import = 0Number of asset objects unloaded after import = 3

========================================================================
Received Import Request.
  Time since last request: 0.000016 seconds.
  path: Assets/Cartoon UI/Icons/Bag.png
  artifactKey: Guid(687b777ccb26c814f81a7c11655dd300) Importer(815301076,1909f56bfc062723c751e8b465ee728b)
Start importing Assets/Cartoon UI/Icons/Bag.png using Guid(687b777ccb26c814f81a7c11655dd300) Importer(815301076,1909f56bfc062723c751e8b465ee728b) (PreviewImporter) -> (artifact id: '2a0c6002d605774c5ac2904acaf05871') in 0.0210517 seconds
Number of updated asset objects reloaded before import = 0Number of asset objects unloaded after import = 3

========================================================================
Received Import Request.
  Time since last request: 0.000024 seconds.
  path: Assets/Cartoon UI/Icons/Calendar 2.png
  artifactKey: Guid(08dda35dedc545543ab25cd0ddd28873) Importer(815301076,1909f56bfc062723c751e8b465ee728b)
Start importing Assets/Cartoon UI/Icons/Calendar 2.png using Guid(08dda35dedc545543ab25cd0ddd28873) Importer(815301076,1909f56bfc062723c751e8b465ee728b) (PreviewImporter) -> (artifact id: '1aa40d1efa2cf4f070943dd7628ed850') in 0.0232607 seconds
Number of updated asset objects reloaded before import = 0Number of asset objects unloaded after import = 3

========================================================================
Received Import Request.
  Time since last request: 0.000035 seconds.
  path: Assets/Cartoon UI/Icons/Gem1 Blue.png
  artifactKey: Guid(f5270d4bbf7d8e048a0b48927170f480) Importer(815301076,1909f56bfc062723c751e8b465ee728b)
Start importing Assets/Cartoon UI/Icons/Gem1 Blue.png using Guid(f5270d4bbf7d8e048a0b48927170f480) Importer(815301076,1909f56bfc062723c751e8b465ee728b) (PreviewImporter) -> (artifact id: '36c94ac2789c199d6d4891185808a528') in 0.0173763 seconds
Number of updated asset objects reloaded before import = 0Number of asset objects unloaded after import = 3

========================================================================
Received Import Request.
  Time since last request: 0.000014 seconds.
  path: Assets/Cartoon UI/Icons/Gem2 Purple.png
  artifactKey: Guid(ef8fa4943512d054bb4d411cd59dc23c) Importer(815301076,1909f56bfc062723c751e8b465ee728b)
Start importing Assets/Cartoon UI/Icons/Gem2 Purple.png using Guid(ef8fa4943512d054bb4d411cd59dc23c) Importer(815301076,1909f56bfc062723c751e8b465ee728b) (PreviewImporter) -> (artifact id: '685e6bd857b1b6fc13e34238a7abfaaf') in 0.017082 seconds
Number of updated asset objects reloaded before import = 0Number of asset objects unloaded after import = 3

========================================================================
Received Import Request.
  Time since last request: 0.000017 seconds.
  path: Assets/Cartoon UI/Icons/Energy Yellow.png
  artifactKey: Guid(6b85ac62291ceb5458fd01e083a45b6a) Importer(815301076,1909f56bfc062723c751e8b465ee728b)
Start importing Assets/Cartoon UI/Icons/Energy Yellow.png using Guid(6b85ac62291ceb5458fd01e083a45b6a) Importer(815301076,1909f56bfc062723c751e8b465ee728b) (PreviewImporter) -> (artifact id: '31b7b51003c5ca990e3a1b3d56b0ac75') in 0.0185065 seconds
Number of updated asset objects reloaded before import = 0Number of asset objects unloaded after import = 3

========================================================================
Received Import Request.
  Time since last request: 0.000021 seconds.
  path: Assets/Cartoon UI/Icons/Gem3 Blue.png
  artifactKey: Guid(8b773aad0d99d1847b96947158b36d72) Importer(815301076,1909f56bfc062723c751e8b465ee728b)
Start importing Assets/Cartoon UI/Icons/Gem3 Blue.png using Guid(8b773aad0d99d1847b96947158b36d72) Importer(815301076,1909f56bfc062723c751e8b465ee728b) (PreviewImporter) -> (artifact id: '383c8b221bfc8777cb57bbc10ce7bd1d') in 0.0192464 seconds
Number of updated asset objects reloaded before import = 0Number of asset objects unloaded after import = 3

========================================================================
Received Import Request.
  Time since last request: 0.000026 seconds.
  path: Assets/Cartoon UI/Icons/Gem1 Purple.png
  artifactKey: Guid(cf5ad65533b8df34cab99b1f25c1d06e) Importer(815301076,1909f56bfc062723c751e8b465ee728b)
Start importing Assets/Cartoon UI/Icons/Gem1 Purple.png using Guid(cf5ad65533b8df34cab99b1f25c1d06e) Importer(815301076,1909f56bfc062723c751e8b465ee728b) (PreviewImporter) -> (artifact id: '2206dd0623ecde3ade409b96de23bd54') in 0.0200274 seconds
Number of updated asset objects reloaded before import = 0Number of asset objects unloaded after import = 3

========================================================================
Received Import Request.
  Time since last request: 0.000019 seconds.
  path: Assets/Cartoon UI/Icons/Energy Red.png
  artifactKey: Guid(744dd3afe410b2442828b1a8f686282e) Importer(815301076,1909f56bfc062723c751e8b465ee728b)
Start importing Assets/Cartoon UI/Icons/Energy Red.png using Guid(744dd3afe410b2442828b1a8f686282e) Importer(815301076,1909f56bfc062723c751e8b465ee728b) (PreviewImporter) -> (artifact id: '960b318c636e5b39a756d7e48e7fa290') in 0.0177498 seconds
Number of updated asset objects reloaded before import = 0Number of asset objects unloaded after import = 3

========================================================================
Received Import Request.
  Time since last request: 0.000023 seconds.
  path: Assets/Cartoon UI/Icons/Gem3 Yellow.png
  artifactKey: Guid(e015a3d8418fc294f9388c7700f84a8b) Importer(815301076,1909f56bfc062723c751e8b465ee728b)
Start importing Assets/Cartoon UI/Icons/Gem3 Yellow.png using Guid(e015a3d8418fc294f9388c7700f84a8b) Importer(815301076,1909f56bfc062723c751e8b465ee728b) (PreviewImporter) -> (artifact id: '20e26bf98a2ea8bf82bffd128afa4ac3') in 0.0219286 seconds
Number of updated asset objects reloaded before import = 0Number of asset objects unloaded after import = 3

========================================================================
Received Import Request.
  Time since last request: 0.000030 seconds.
  path: Assets/Cartoon UI/Icons/Gem4 Blue.png
  artifactKey: Guid(1290acea4c4cd4c439190e19f2586d4a) Importer(815301076,1909f56bfc062723c751e8b465ee728b)
Start importing Assets/Cartoon UI/Icons/Gem4 Blue.png using Guid(1290acea4c4cd4c439190e19f2586d4a) Importer(815301076,1909f56bfc062723c751e8b465ee728b) (PreviewImporter) -> (artifact id: 'd1086578acb005feb2451ea3e1b4347c') in 0.020118 seconds
Number of updated asset objects reloaded before import = 0Number of asset objects unloaded after import = 3

========================================================================
Received Import Request.
  Time since last request: 0.000027 seconds.
  path: Assets/Cartoon UI/Icons/Gem4 Orange.png
  artifactKey: Guid(fc0b22d1cbfe6224da55a00ce64759d4) Importer(815301076,1909f56bfc062723c751e8b465ee728b)
Start importing Assets/Cartoon UI/Icons/Gem4 Orange.png using Guid(fc0b22d1cbfe6224da55a00ce64759d4) Importer(815301076,1909f56bfc062723c751e8b465ee728b) (PreviewImporter) -> (artifact id: '107205fab80ca822e7dcfce3bac25bd0') in 0.0216936 seconds
Number of updated asset objects reloaded before import = 0Number of asset objects unloaded after import = 3

========================================================================
Received Import Request.
  Time since last request: 0.000020 seconds.
  path: Assets/Cartoon UI/Icons/Gem1 Red.png
  artifactKey: Guid(080ee3bbcbe73284d97b6ca7ba2059e6) Importer(815301076,1909f56bfc062723c751e8b465ee728b)
Start importing Assets/Cartoon UI/Icons/Gem1 Red.png using Guid(080ee3bbcbe73284d97b6ca7ba2059e6) Importer(815301076,1909f56bfc062723c751e8b465ee728b) (PreviewImporter) -> (artifact id: '0051d7ec9533bc0e382ffe1b9fbd1c6b') in 0.023962 seconds
Number of updated asset objects reloaded before import = 0Number of asset objects unloaded after import = 3

========================================================================
Received Import Request.
  Time since last request: 0.000019 seconds.
  path: Assets/Cartoon UI/Icons/Gem2 Blue.png
  artifactKey: Guid(de1739af68092d2478ed972daa5a9820) Importer(815301076,1909f56bfc062723c751e8b465ee728b)
Start importing Assets/Cartoon UI/Icons/Gem2 Blue.png using Guid(de1739af68092d2478ed972daa5a9820) Importer(815301076,1909f56bfc062723c751e8b465ee728b) (PreviewImporter) -> (artifact id: '680bbd80cce1b4db7d83c16ff624edd6') in 0.0215995 seconds
Number of updated asset objects reloaded before import = 0Number of asset objects unloaded after import = 3

========================================================================
Received Import Request.
  Time since last request: 0.000048 seconds.
  path: Assets/Cartoon UI/Icons/Egg.png
  artifactKey: Guid(b5eb4d6ca4419004d8aab32494a7eca2) Importer(815301076,1909f56bfc062723c751e8b465ee728b)
Start importing Assets/Cartoon UI/Icons/Egg.png using Guid(b5eb4d6ca4419004d8aab32494a7eca2) Importer(815301076,1909f56bfc062723c751e8b465ee728b) (PreviewImporter) -> (artifact id: '0c701f32613858842626fd1f2c31b851') in 0.0215592 seconds
Number of updated asset objects reloaded before import = 0Number of asset objects unloaded after import = 3

========================================================================
Received Import Request.
  Time since last request: 0.000058 seconds.
  path: Assets/Cartoon UI/Icons/Chicken.png
  artifactKey: Guid(e669f4786693a414aa780ff1e4d6d511) Importer(815301076,1909f56bfc062723c751e8b465ee728b)
Start importing Assets/Cartoon UI/Icons/Chicken.png using Guid(e669f4786693a414aa780ff1e4d6d511) Importer(815301076,1909f56bfc062723c751e8b465ee728b) (PreviewImporter) -> (artifact id: '6fda15f2d74d5f73e8bf9bf406143670') in 0.0267575 seconds
Number of updated asset objects reloaded before import = 0Number of asset objects unloaded after import = 3

========================================================================
Received Import Request.
  Time since last request: 0.000030 seconds.
  path: Assets/Cartoon UI/Icons/Candy.png
  artifactKey: Guid(60e06d7a141a6e54a931276a01e52708) Importer(815301076,1909f56bfc062723c751e8b465ee728b)
Start importing Assets/Cartoon UI/Icons/Candy.png using Guid(60e06d7a141a6e54a931276a01e52708) Importer(815301076,1909f56bfc062723c751e8b465ee728b) (PreviewImporter) -> (artifact id: 'b5676af895a137c245f04ec011094124') in 0.0208634 seconds
Number of updated asset objects reloaded before import = 0Number of asset objects unloaded after import = 3

========================================================================
Received Import Request.
  Time since last request: 0.000028 seconds.
  path: Assets/Cartoon UI/Icons/Bomb.png
  artifactKey: Guid(529f22278e111fd48afb010592848a41) Importer(815301076,1909f56bfc062723c751e8b465ee728b)
Start importing Assets/Cartoon UI/Icons/Bomb.png using Guid(529f22278e111fd48afb010592848a41) Importer(815301076,1909f56bfc062723c751e8b465ee728b) (PreviewImporter) -> (artifact id: '3679e92888c660539f7bd96b7e790745') in 0.0213401 seconds
Number of updated asset objects reloaded before import = 0Number of asset objects unloaded after import = 3

========================================================================
Received Import Request.
  Time since last request: 0.000020 seconds.
  path: Assets/Cartoon UI/Icons/Bell.png
  artifactKey: Guid(0bf08985656c0564280b9e397dcb9454) Importer(815301076,1909f56bfc062723c751e8b465ee728b)
Start importing Assets/Cartoon UI/Icons/Bell.png using Guid(0bf08985656c0564280b9e397dcb9454) Importer(815301076,1909f56bfc062723c751e8b465ee728b) (PreviewImporter) -> (artifact id: '283336b44ededf2f001ed5ce37451416') in 0.0224667 seconds
Number of updated asset objects reloaded before import = 0Number of asset objects unloaded after import = 3

========================================================================
Received Import Request.
  Time since last request: 0.000027 seconds.
  path: Assets/Cartoon UI/Icons/Clover.png
  artifactKey: Guid(bcc1e7b046544e24ab40aad27dc490ef) Importer(815301076,1909f56bfc062723c751e8b465ee728b)
Start importing Assets/Cartoon UI/Icons/Clover.png using Guid(bcc1e7b046544e24ab40aad27dc490ef) Importer(815301076,1909f56bfc062723c751e8b465ee728b) (PreviewImporter) -> (artifact id: '192983197f8f212260e6235a9f560478') in 0.0199441 seconds
Number of updated asset objects reloaded before import = 0Number of asset objects unloaded after import = 3

========================================================================
Received Import Request.
  Time since last request: 0.000019 seconds.
  path: Assets/Cartoon UI/Icons/Candy 2.png
  artifactKey: Guid(3e265f7a1e0e4904eb2e5f09deba4a64) Importer(815301076,1909f56bfc062723c751e8b465ee728b)
Start importing Assets/Cartoon UI/Icons/Candy 2.png using Guid(3e265f7a1e0e4904eb2e5f09deba4a64) Importer(815301076,1909f56bfc062723c751e8b465ee728b) (PreviewImporter) -> (artifact id: '9bc07ec6ec7d1dd47a272fbb10fdcd9e') in 0.0183544 seconds
Number of updated asset objects reloaded before import = 0Number of asset objects unloaded after import = 3

========================================================================
Received Import Request.
  Time since last request: 0.000018 seconds.
  path: Assets/Cartoon UI/Icons/Gem1 Orange.png
  artifactKey: Guid(c1bbfb663fd1b7545b8ae7dee0f8a587) Importer(815301076,1909f56bfc062723c751e8b465ee728b)
Start importing Assets/Cartoon UI/Icons/Gem1 Orange.png using Guid(c1bbfb663fd1b7545b8ae7dee0f8a587) Importer(815301076,1909f56bfc062723c751e8b465ee728b) (PreviewImporter) -> (artifact id: 'a6655b251bd11f807000d274cdfec9f0') in 0.0191162 seconds
Number of updated asset objects reloaded before import = 0Number of asset objects unloaded after import = 3

========================================================================
Received Import Request.
  Time since last request: 0.000036 seconds.
  path: Assets/Cartoon UI/Icons/Gem3 Purple.png
  artifactKey: Guid(3b481f057063526469409384d3a302ac) Importer(815301076,1909f56bfc062723c751e8b465ee728b)
Start importing Assets/Cartoon UI/Icons/Gem3 Purple.png using Guid(3b481f057063526469409384d3a302ac) Importer(815301076,1909f56bfc062723c751e8b465ee728b) (PreviewImporter) -> (artifact id: 'a118a30539f1b35421c670fde013135f') in 0.0191481 seconds
Number of updated asset objects reloaded before import = 0Number of asset objects unloaded after import = 3

========================================================================
Received Import Request.
  Time since last request: 0.000027 seconds.
  path: Assets/Cartoon UI/Icons/Dog.png
  artifactKey: Guid(1168b5953fb709f49af9ba3d96390b0d) Importer(815301076,1909f56bfc062723c751e8b465ee728b)
Start importing Assets/Cartoon UI/Icons/Dog.png using Guid(1168b5953fb709f49af9ba3d96390b0d) Importer(815301076,1909f56bfc062723c751e8b465ee728b) (PreviewImporter) -> (artifact id: 'f52f648d11cb05b037294de5cea976db') in 0.023061 seconds
Number of updated asset objects reloaded before import = 0Number of asset objects unloaded after import = 3

========================================================================
Received Import Request.
  Time since last request: 0.000056 seconds.
  path: Assets/Cartoon UI/Icons/Gem1 Green.png
  artifactKey: Guid(4e102a170b516214d9b837426d33db3a) Importer(815301076,1909f56bfc062723c751e8b465ee728b)
Start importing Assets/Cartoon UI/Icons/Gem1 Green.png using Guid(4e102a170b516214d9b837426d33db3a) Importer(815301076,1909f56bfc062723c751e8b465ee728b) (PreviewImporter) -> (artifact id: '4443c40da033d8123568817b2a98cbab') in 0.0203458 seconds
Number of updated asset objects reloaded before import = 0Number of asset objects unloaded after import = 3

========================================================================
Received Import Request.
  Time since last request: 0.000031 seconds.
  path: Assets/Cartoon UI/Icons/Calendar 1.png
  artifactKey: Guid(8a103dac04039e044a688db2e497b1ed) Importer(815301076,1909f56bfc062723c751e8b465ee728b)
Start importing Assets/Cartoon UI/Icons/Calendar 1.png using Guid(8a103dac04039e044a688db2e497b1ed) Importer(815301076,1909f56bfc062723c751e8b465ee728b) (PreviewImporter) -> (artifact id: '0fd83149819b7dc6d987ec3f271aae44') in 0.0230496 seconds
Number of updated asset objects reloaded before import = 0Number of asset objects unloaded after import = 3

========================================================================
Received Import Request.
  Time since last request: 0.000030 seconds.
  path: Assets/Cartoon UI/Icons/Bronze Key.png
  artifactKey: Guid(1cf63890f4b994840b0cd725d7c5a71f) Importer(815301076,1909f56bfc062723c751e8b465ee728b)
Start importing Assets/Cartoon UI/Icons/Bronze Key.png using Guid(1cf63890f4b994840b0cd725d7c5a71f) Importer(815301076,1909f56bfc062723c751e8b465ee728b) (PreviewImporter) -> (artifact id: 'ac451ad720181906d43f1cc1c6351538') in 0.0224426 seconds
Number of updated asset objects reloaded before import = 0Number of asset objects unloaded after import = 3

========================================================================
Received Import Request.
  Time since last request: 0.000021 seconds.
  path: Assets/Cartoon UI/Icons/Gem3 Green.png
  artifactKey: Guid(8617870e93f5f4c43b18489f8c4f9fb9) Importer(815301076,1909f56bfc062723c751e8b465ee728b)
Start importing Assets/Cartoon UI/Icons/Gem3 Green.png using Guid(8617870e93f5f4c43b18489f8c4f9fb9) Importer(815301076,1909f56bfc062723c751e8b465ee728b) (PreviewImporter) -> (artifact id: '1f56369c8466a1d3062efdc14e1cd740') in 0.0209075 seconds
Number of updated asset objects reloaded before import = 0Number of asset objects unloaded after import = 3

========================================================================
Received Import Request.
  Time since last request: 0.000061 seconds.
  path: Assets/Cartoon UI/Icons/frog.png
  artifactKey: Guid(989137097efcdab4d8aa67993faba310) Importer(815301076,1909f56bfc062723c751e8b465ee728b)
Start importing Assets/Cartoon UI/Icons/frog.png using Guid(989137097efcdab4d8aa67993faba310) Importer(815301076,1909f56bfc062723c751e8b465ee728b) (PreviewImporter) -> (artifact id: 'c57210b10d47722b57c6606f42923cd6') in 0.0254837 seconds
Number of updated asset objects reloaded before import = 0Number of asset objects unloaded after import = 3

========================================================================
Received Import Request.
  Time since last request: 0.652016 seconds.
  path: Assets/Cartoon UI/Customizable
  artifactKey: Guid(b5367e281b31f024983bb0cd5bf59111) Importer(815301076,1909f56bfc062723c751e8b465ee728b)
Start importing Assets/Cartoon UI/Customizable using Guid(b5367e281b31f024983bb0cd5bf59111) Importer(815301076,1909f56bfc062723c751e8b465ee728b) (PreviewImporter) -> (artifact id: 'e611ea2fb724f3ab67beafe658445f9c') in 0.0008879 seconds
Number of updated asset objects reloaded before import = 0Number of asset objects unloaded after import = 0

========================================================================
Received Import Request.
  Time since last request: 0.031497 seconds.
  path: Assets/Cartoon UI/Customizable/Custom Circle Button.prefab
  artifactKey: Guid(ebe5a5700d437674396488bf441cb1ef) Importer(815301076,1909f56bfc062723c751e8b465ee728b)
Start importing Assets/Cartoon UI/Customizable/Custom Circle Button.prefab using Guid(ebe5a5700d437674396488bf441cb1ef) Importer(815301076,1909f56bfc062723c751e8b465ee728b) (PreviewImporter) -> (artifact id: '7acae703466b983c0ff69a5355201e2c') in 0.019275 seconds
Number of updated asset objects reloaded before import = 0Number of asset objects unloaded after import = 24

========================================================================
Received Import Request.
  Time since last request: 0.000020 seconds.
  path: Assets/Cartoon UI/Customizable/Custom Long Square Button.prefab
  artifactKey: Guid(613049df10eadf94b9f02f55930eb3d2) Importer(815301076,1909f56bfc062723c751e8b465ee728b)
Start importing Assets/Cartoon UI/Customizable/Custom Long Square Button.prefab using Guid(613049df10eadf94b9f02f55930eb3d2) Importer(815301076,1909f56bfc062723c751e8b465ee728b) (PreviewImporter) -> (artifact id: '26e4b024fe4c5fd1710c7f7df987729f') in 0.0083998 seconds
Number of updated asset objects reloaded before import = 0Number of asset objects unloaded after import = 25

========================================================================
Received Import Request.
  Time since last request: 0.000026 seconds.
  path: Assets/Cartoon UI/Customizable/Custom ProgressBar 1.prefab
  artifactKey: Guid(3c4156a3e7331844b9fca7c521518e16) Importer(815301076,1909f56bfc062723c751e8b465ee728b)
Start importing Assets/Cartoon UI/Customizable/Custom ProgressBar 1.prefab using Guid(3c4156a3e7331844b9fca7c521518e16) Importer(815301076,1909f56bfc062723c751e8b465ee728b) (PreviewImporter) -> (artifact id: 'd81c95ee27c3b8925edb7ecc44539d9e') in 0.0078372 seconds
Number of updated asset objects reloaded before import = 0Number of asset objects unloaded after import = 21

========================================================================
Received Import Request.
  Time since last request: 0.000022 seconds.
  path: Assets/Cartoon UI/Customizable/Custom Toggle CheckMark.prefab
  artifactKey: Guid(3ac4ff2144ecdfb49a2ad6ce96ec44d4) Importer(815301076,1909f56bfc062723c751e8b465ee728b)
Start importing Assets/Cartoon UI/Customizable/Custom Toggle CheckMark.prefab using Guid(3ac4ff2144ecdfb49a2ad6ce96ec44d4) Importer(815301076,1909f56bfc062723c751e8b465ee728b) (PreviewImporter) -> (artifact id: 'bd3062a40d63dfc63be28f6eccca3a94') in 0.0059239 seconds
Number of updated asset objects reloaded before import = 0Number of asset objects unloaded after import = 15

========================================================================
Received Import Request.
  Time since last request: 0.000024 seconds.
  path: Assets/Cartoon UI/Customizable/Custom ProgressBar 2.prefab
  artifactKey: Guid(5efdae72de460904386eab91247f3fbd) Importer(815301076,1909f56bfc062723c751e8b465ee728b)
Start importing Assets/Cartoon UI/Customizable/Custom ProgressBar 2.prefab using Guid(5efdae72de460904386eab91247f3fbd) Importer(815301076,1909f56bfc062723c751e8b465ee728b) (PreviewImporter) -> (artifact id: '46656d50d23180376a5110f27a849796') in 0.00581 seconds
Number of updated asset objects reloaded before import = 0Number of asset objects unloaded after import = 21

========================================================================
Received Import Request.
  Time since last request: 0.949938 seconds.
  path: Assets/Cartoon UI/Customizable/Sprites
  artifactKey: Guid(84a40e145cd7f7848a1b8e27546abf3b) Importer(815301076,1909f56bfc062723c751e8b465ee728b)
Start importing Assets/Cartoon UI/Customizable/Sprites using Guid(84a40e145cd7f7848a1b8e27546abf3b) Importer(815301076,1909f56bfc062723c751e8b465ee728b) (PreviewImporter) -> (artifact id: '9a9939dd29fac92e3b02803f6d070fa5') in 0.0007084 seconds
Number of updated asset objects reloaded before import = 0Number of asset objects unloaded after import = 0

========================================================================
Received Import Request.
  Time since last request: 0.046775 seconds.
  path: Assets/Cartoon UI/Customizable/Sprites/Check Fill.png
  artifactKey: Guid(752389ad00ce16c4f8f26bbe7c8f7f0b) Importer(815301076,1909f56bfc062723c751e8b465ee728b)
Start importing Assets/Cartoon UI/Customizable/Sprites/Check Fill.png using Guid(752389ad00ce16c4f8f26bbe7c8f7f0b) Importer(815301076,1909f56bfc062723c751e8b465ee728b) (PreviewImporter) -> (artifact id: '8e61be0c1afadba29a2d7bbe19a9c263') in 0.0176229 seconds
Number of updated asset objects reloaded before import = 0Number of asset objects unloaded after import = 3

========================================================================
Received Import Request.
  Time since last request: 0.000018 seconds.
  path: Assets/Cartoon UI/Customizable/Sprites/Progress Bar Fill 1.png
  artifactKey: Guid(1a8bdf1589fb7a64e99a67dd803835a1) Importer(815301076,1909f56bfc062723c751e8b465ee728b)
Start importing Assets/Cartoon UI/Customizable/Sprites/Progress Bar Fill 1.png using Guid(1a8bdf1589fb7a64e99a67dd803835a1) Importer(815301076,1909f56bfc062723c751e8b465ee728b) (PreviewImporter) -> (artifact id: 'fbb26faf46c7954265058e324ece2bc8') in 0.0168949 seconds
Number of updated asset objects reloaded before import = 0Number of asset objects unloaded after import = 3

========================================================================
Received Import Request.
  Time since last request: 0.000042 seconds.
  path: Assets/Cartoon UI/Customizable/Sprites/Slider Fill White.png
  artifactKey: Guid(71a86176f11e2054482299808247e1aa) Importer(815301076,1909f56bfc062723c751e8b465ee728b)
Start importing Assets/Cartoon UI/Customizable/Sprites/Slider Fill White.png using Guid(71a86176f11e2054482299808247e1aa) Importer(815301076,1909f56bfc062723c751e8b465ee728b) (PreviewImporter) -> (artifact id: '32a358b4fd226100004b8a2d17d8eb91') in 0.0180397 seconds
Number of updated asset objects reloaded before import = 0Number of asset objects unloaded after import = 3

========================================================================
Received Import Request.
  Time since last request: 0.000018 seconds.
  path: Assets/Cartoon UI/Customizable/Sprites/Long Round Outer.png
  artifactKey: Guid(a06b8344435da914c9081467bf5c1bc4) Importer(815301076,1909f56bfc062723c751e8b465ee728b)
Start importing Assets/Cartoon UI/Customizable/Sprites/Long Round Outer.png using Guid(a06b8344435da914c9081467bf5c1bc4) Importer(815301076,1909f56bfc062723c751e8b465ee728b) (PreviewImporter) -> (artifact id: '69fd643ed064fe5fba8d9e1159fcee45') in 0.0300642 seconds
Number of updated asset objects reloaded before import = 0Number of asset objects unloaded after import = 3

========================================================================
Received Import Request.
  Time since last request: 0.000022 seconds.
  path: Assets/Cartoon UI/Customizable/Sprites/Circle Front.png
  artifactKey: Guid(da09a7d6f7096d7429e49f73c756c23e) Importer(815301076,1909f56bfc062723c751e8b465ee728b)
Start importing Assets/Cartoon UI/Customizable/Sprites/Circle Front.png using Guid(da09a7d6f7096d7429e49f73c756c23e) Importer(815301076,1909f56bfc062723c751e8b465ee728b) (PreviewImporter) -> (artifact id: 'af242dc88f504243d18377e73e8412ea') in 0.0188826 seconds
Number of updated asset objects reloaded before import = 0Number of asset objects unloaded after import = 3

========================================================================
Received Import Request.
  Time since last request: 0.000026 seconds.
  path: Assets/Cartoon UI/Customizable/Sprites/Long Round Inner.png
  artifactKey: Guid(abf1c074e758e8542823c3da0b273803) Importer(815301076,1909f56bfc062723c751e8b465ee728b)
Start importing Assets/Cartoon UI/Customizable/Sprites/Long Round Inner.png using Guid(abf1c074e758e8542823c3da0b273803) Importer(815301076,1909f56bfc062723c751e8b465ee728b) (PreviewImporter) -> (artifact id: '4c1b694d3dee1f80c4706ca7310b74e7') in 0.0240507 seconds
Number of updated asset objects reloaded before import = 0Number of asset objects unloaded after import = 3

========================================================================
Received Import Request.
  Time since last request: 0.000030 seconds.
  path: Assets/Cartoon UI/Customizable/Sprites/Round Fill.png
  artifactKey: Guid(a3c77fccdd07ead4f9c23609116517cc) Importer(815301076,1909f56bfc062723c751e8b465ee728b)
Start importing Assets/Cartoon UI/Customizable/Sprites/Round Fill.png using Guid(a3c77fccdd07ead4f9c23609116517cc) Importer(815301076,1909f56bfc062723c751e8b465ee728b) (PreviewImporter) -> (artifact id: '0bc6a611903ce4ba7d80db61a56d7cb1') in 0.0184582 seconds
Number of updated asset objects reloaded before import = 0Number of asset objects unloaded after import = 3

========================================================================
Received Import Request.
  Time since last request: 0.000044 seconds.
  path: Assets/Cartoon UI/Customizable/Sprites/Handle Inner.png
  artifactKey: Guid(563c96fd138b96840af82ca5c23978df) Importer(815301076,1909f56bfc062723c751e8b465ee728b)
Start importing Assets/Cartoon UI/Customizable/Sprites/Handle Inner.png using Guid(563c96fd138b96840af82ca5c23978df) Importer(815301076,1909f56bfc062723c751e8b465ee728b) (PreviewImporter) -> (artifact id: 'b98804eb5b4ea813dc39eda148167c62') in 0.018985 seconds
Number of updated asset objects reloaded before import = 0Number of asset objects unloaded after import = 3

========================================================================
Received Import Request.
  Time since last request: 0.000023 seconds.
  path: Assets/Cartoon UI/Customizable/Sprites/Panel Outer.png
  artifactKey: Guid(4bc8715af0fa8dd4b858a873d2c7a119) Importer(815301076,1909f56bfc062723c751e8b465ee728b)
Start importing Assets/Cartoon UI/Customizable/Sprites/Panel Outer.png using Guid(4bc8715af0fa8dd4b858a873d2c7a119) Importer(815301076,1909f56bfc062723c751e8b465ee728b) (PreviewImporter) -> (artifact id: '34fd0480ce81a96796a7c9cc9b212909') in 0.0550196 seconds
Number of updated asset objects reloaded before import = 0Number of asset objects unloaded after import = 3

========================================================================
Received Import Request.
  Time since last request: 22.464720 seconds.
  path: Assets/Cartoon UI/Icons/Gem5 Blue.png
  artifactKey: Guid(606aa2cda492c154b973db87de2bbb22) Importer(815301076,1909f56bfc062723c751e8b465ee728b)
Start importing Assets/Cartoon UI/Icons/Gem5 Blue.png using Guid(606aa2cda492c154b973db87de2bbb22) Importer(815301076,1909f56bfc062723c751e8b465ee728b) (PreviewImporter) -> (artifact id: '7d076989f820a5522494671cd6720e12') in 0.0198026 seconds
Number of updated asset objects reloaded before import = 0Number of asset objects unloaded after import = 3

========================================================================
Received Import Request.
  Time since last request: 0.000019 seconds.
  path: Assets/Cartoon UI/Icons/Gem5 Yellow.png
  artifactKey: Guid(cadea02bf5accff48aab7f3457134abf) Importer(815301076,1909f56bfc062723c751e8b465ee728b)
Start importing Assets/Cartoon UI/Icons/Gem5 Yellow.png using Guid(cadea02bf5accff48aab7f3457134abf) Importer(815301076,1909f56bfc062723c751e8b465ee728b) (PreviewImporter) -> (artifact id: '9f8fdee0186c524aa1e147dfc3076990') in 0.0190903 seconds
Number of updated asset objects reloaded before import = 0Number of asset objects unloaded after import = 3

========================================================================
Received Import Request.
  Time since last request: 0.000015 seconds.
  path: Assets/Cartoon UI/Icons/Gem6 Blue.png
  artifactKey: Guid(d1ac7b9f4dab4cd469e4bb4bda169771) Importer(815301076,1909f56bfc062723c751e8b465ee728b)
Start importing Assets/Cartoon UI/Icons/Gem6 Blue.png using Guid(d1ac7b9f4dab4cd469e4bb4bda169771) Importer(815301076,1909f56bfc062723c751e8b465ee728b) (PreviewImporter) -> (artifact id: '4a3048461e351a8677744229b020e5aa') in 0.0204828 seconds
Number of updated asset objects reloaded before import = 0Number of asset objects unloaded after import = 3

========================================================================
Received Import Request.
  Time since last request: 0.000018 seconds.
  path: Assets/Cartoon UI/Icons/Gift Yellow.png
  artifactKey: Guid(9974cb54c26ef3546ac8e316fe343eb6) Importer(815301076,1909f56bfc062723c751e8b465ee728b)
Start importing Assets/Cartoon UI/Icons/Gift Yellow.png using Guid(9974cb54c26ef3546ac8e316fe343eb6) Importer(815301076,1909f56bfc062723c751e8b465ee728b) (PreviewImporter) -> (artifact id: '1d70e0e90be566e4f396c228851e6334') in 0.0179021 seconds
Number of updated asset objects reloaded before import = 0Number of asset objects unloaded after import = 3

========================================================================
Received Import Request.
  Time since last request: 0.000032 seconds.
  path: Assets/Cartoon UI/Icons/Gift Grey.png
  artifactKey: Guid(17f3455809bcc5e4b8cb2398e1ca92a4) Importer(815301076,1909f56bfc062723c751e8b465ee728b)
Start importing Assets/Cartoon UI/Icons/Gift Grey.png using Guid(17f3455809bcc5e4b8cb2398e1ca92a4) Importer(815301076,1909f56bfc062723c751e8b465ee728b) (PreviewImporter) -> (artifact id: '9540e2515ede3234aa80ba78e4902dbe') in 0.0183783 seconds
Number of updated asset objects reloaded before import = 0Number of asset objects unloaded after import = 3

========================================================================
Received Import Request.
  Time since last request: 0.000018 seconds.
  path: Assets/Cartoon UI/Icons/Gem7 Green.png
  artifactKey: Guid(1a673d4dc7bdec84697fd9f4ef6d9c3b) Importer(815301076,1909f56bfc062723c751e8b465ee728b)
Start importing Assets/Cartoon UI/Icons/Gem7 Green.png using Guid(1a673d4dc7bdec84697fd9f4ef6d9c3b) Importer(815301076,1909f56bfc062723c751e8b465ee728b) (PreviewImporter) -> (artifact id: 'c9daa4833309a73104d6c83214359e7c') in 0.0196355 seconds
Number of updated asset objects reloaded before import = 0Number of asset objects unloaded after import = 3

========================================================================
Received Import Request.
  Time since last request: 0.000015 seconds.
  path: Assets/Cartoon UI/Icons/Gem6 Yellow.png
  artifactKey: Guid(c3cad6b9624fce048bd9eb56bc187b1a) Importer(815301076,1909f56bfc062723c751e8b465ee728b)
Start importing Assets/Cartoon UI/Icons/Gem6 Yellow.png using Guid(c3cad6b9624fce048bd9eb56bc187b1a) Importer(815301076,1909f56bfc062723c751e8b465ee728b) (PreviewImporter) -> (artifact id: 'b0092144b110b4ca3cd9e6e3fedcfc22') in 0.0186224 seconds
Number of updated asset objects reloaded before import = 0Number of asset objects unloaded after import = 3

========================================================================
Received Import Request.
  Time since last request: 0.000014 seconds.
  path: Assets/Cartoon UI/Icons/Hammer.png
  artifactKey: Guid(c94226a7fdff7a348b26d7d19374f9d0) Importer(815301076,1909f56bfc062723c751e8b465ee728b)
Start importing Assets/Cartoon UI/Icons/Hammer.png using Guid(c94226a7fdff7a348b26d7d19374f9d0) Importer(815301076,1909f56bfc062723c751e8b465ee728b) (PreviewImporter) -> (artifact id: '3638393d387a97bc7669b89169d28e6c') in 0.0184707 seconds
Number of updated asset objects reloaded before import = 0Number of asset objects unloaded after import = 3

========================================================================
Received Import Request.
  Time since last request: 0.000023 seconds.
  path: Assets/Cartoon UI/Icons/Milk.png
  artifactKey: Guid(862ccdb9c3c649a4ebf80c2f2d28fd1d) Importer(815301076,1909f56bfc062723c751e8b465ee728b)
Start importing Assets/Cartoon UI/Icons/Milk.png using Guid(862ccdb9c3c649a4ebf80c2f2d28fd1d) Importer(815301076,1909f56bfc062723c751e8b465ee728b) (PreviewImporter) -> (artifact id: 'dc0102b647130fc4ade8309bde6c76a6') in 0.0178057 seconds
Number of updated asset objects reloaded before import = 0Number of asset objects unloaded after import = 3

========================================================================
Received Import Request.
  Time since last request: 0.000024 seconds.
  path: Assets/Cartoon UI/Icons/Mail.png
  artifactKey: Guid(2811d9c794f93f640844dc2347a24812) Importer(815301076,1909f56bfc062723c751e8b465ee728b)
Start importing Assets/Cartoon UI/Icons/Mail.png using Guid(2811d9c794f93f640844dc2347a24812) Importer(815301076,1909f56bfc062723c751e8b465ee728b) (PreviewImporter) -> (artifact id: '0bed3ac8986da9d1b7e2bb5f7fc38388') in 0.0187271 seconds
Number of updated asset objects reloaded before import = 0Number of asset objects unloaded after import = 3

========================================================================
Received Import Request.
  Time since last request: 0.000015 seconds.
  path: Assets/Cartoon UI/Icons/Male.png
  artifactKey: Guid(02ba40a9f87d6c2458b0579f9f7c4024) Importer(815301076,1909f56bfc062723c751e8b465ee728b)
Start importing Assets/Cartoon UI/Icons/Male.png using Guid(02ba40a9f87d6c2458b0579f9f7c4024) Importer(815301076,1909f56bfc062723c751e8b465ee728b) (PreviewImporter) -> (artifact id: 'b5f50c1d0407f94fb24efd6ef2ba18ee') in 0.0179164 seconds
Number of updated asset objects reloaded before import = 0Number of asset objects unloaded after import = 3

========================================================================
Received Import Request.
  Time since last request: 0.000019 seconds.
  path: Assets/Cartoon UI/Icons/Medal.png
  artifactKey: Guid(1d28fe98cbdf5264d8230ceb91e7086e) Importer(815301076,1909f56bfc062723c751e8b465ee728b)
Start importing Assets/Cartoon UI/Icons/Medal.png using Guid(1d28fe98cbdf5264d8230ceb91e7086e) Importer(815301076,1909f56bfc062723c751e8b465ee728b) (PreviewImporter) -> (artifact id: 'a34fee2069b66d4180115702fe41d00c') in 0.0178897 seconds
Number of updated asset objects reloaded before import = 0Number of asset objects unloaded after import = 3

========================================================================
Received Import Request.
  Time since last request: 0.000024 seconds.
  path: Assets/Cartoon UI/Icons/Pointer.png
  artifactKey: Guid(cb6d0548eaa90574384ff0594d043525) Importer(815301076,1909f56bfc062723c751e8b465ee728b)
Start importing Assets/Cartoon UI/Icons/Pointer.png using Guid(cb6d0548eaa90574384ff0594d043525) Importer(815301076,1909f56bfc062723c751e8b465ee728b) (PreviewImporter) -> (artifact id: '5db95d01149f24b3ab4eef25dab4b198') in 0.0193309 seconds
Number of updated asset objects reloaded before import = 0Number of asset objects unloaded after import = 3

========================================================================
Received Import Request.
  Time since last request: 0.000021 seconds.
  path: Assets/Cartoon UI/Icons/Medic.png
  artifactKey: Guid(a8ede03fc59e6a74399a00b3dcbf6b55) Importer(815301076,1909f56bfc062723c751e8b465ee728b)
Start importing Assets/Cartoon UI/Icons/Medic.png using Guid(a8ede03fc59e6a74399a00b3dcbf6b55) Importer(815301076,1909f56bfc062723c751e8b465ee728b) (PreviewImporter) -> (artifact id: '85d5123b80a52186b04ff01111a840a4') in 0.020891 seconds
Number of updated asset objects reloaded before import = 0Number of asset objects unloaded after import = 3

========================================================================
Received Import Request.
  Time since last request: 0.000034 seconds.
  path: Assets/Cartoon UI/Icons/Sack Of Gem.png
  artifactKey: Guid(a470194d6b54e8848b0b338c688da9ed) Importer(815301076,1909f56bfc062723c751e8b465ee728b)
Start importing Assets/Cartoon UI/Icons/Sack Of Gem.png using Guid(a470194d6b54e8848b0b338c688da9ed) Importer(815301076,1909f56bfc062723c751e8b465ee728b) (PreviewImporter) -> (artifact id: '1ed0141f02fa44813a206c46a537efb0') in 0.0191656 seconds
Number of updated asset objects reloaded before import = 0Number of asset objects unloaded after import = 3

========================================================================
Received Import Request.
  Time since last request: 0.000017 seconds.
  path: Assets/Cartoon UI/Icons/Star Wand.png
  artifactKey: Guid(f389727ec242c194c87378a7d33a1ea6) Importer(815301076,1909f56bfc062723c751e8b465ee728b)
Start importing Assets/Cartoon UI/Icons/Star Wand.png using Guid(f389727ec242c194c87378a7d33a1ea6) Importer(815301076,1909f56bfc062723c751e8b465ee728b) (PreviewImporter) -> (artifact id: '96b57e01ebb59ca69872f394089170f9') in 0.0195326 seconds
Number of updated asset objects reloaded before import = 0Number of asset objects unloaded after import = 3

========================================================================
Received Import Request.
  Time since last request: 0.000022 seconds.
  path: Assets/Cartoon UI/Icons/Settings.png
  artifactKey: Guid(7d80014a6e59fff45adccde8e5ebed8b) Importer(815301076,1909f56bfc062723c751e8b465ee728b)
Start importing Assets/Cartoon UI/Icons/Settings.png using Guid(7d80014a6e59fff45adccde8e5ebed8b) Importer(815301076,1909f56bfc062723c751e8b465ee728b) (PreviewImporter) -> (artifact id: '47139ad3451bc3c6b5de7d475abcc731') in 0.0208751 seconds
Number of updated asset objects reloaded before import = 0Number of asset objects unloaded after import = 3

========================================================================
Received Import Request.
  Time since last request: 0.000021 seconds.
  path: Assets/Cartoon UI/Icons/Sword.png
  artifactKey: Guid(9cb7e38e72bcacf4f930acdaeee792ca) Importer(815301076,1909f56bfc062723c751e8b465ee728b)
Start importing Assets/Cartoon UI/Icons/Sword.png using Guid(9cb7e38e72bcacf4f930acdaeee792ca) Importer(815301076,1909f56bfc062723c751e8b465ee728b) (PreviewImporter) -> (artifact id: '74d4c5f035f6efac812e3f6cd9dc84c9') in 0.0203876 seconds
Number of updated asset objects reloaded before import = 0Number of asset objects unloaded after import = 3

========================================================================
Received Import Request.
  Time since last request: 0.000031 seconds.
  path: Assets/Cartoon UI/Icons/Unlock Silver.png
  artifactKey: Guid(ae636c378aa347641b9f982caddf498a) Importer(815301076,1909f56bfc062723c751e8b465ee728b)
Start importing Assets/Cartoon UI/Icons/Unlock Silver.png using Guid(ae636c378aa347641b9f982caddf498a) Importer(815301076,1909f56bfc062723c751e8b465ee728b) (PreviewImporter) -> (artifact id: 'ccada9aa52d0dea78dc6068997784740') in 0.0202409 seconds
Number of updated asset objects reloaded before import = 0Number of asset objects unloaded after import = 3

========================================================================
Received Import Request.
  Time since last request: 0.000017 seconds.
  path: Assets/Cartoon UI/Icons/Timer.png
  artifactKey: Guid(1baaa02dc8cfdfa48b33020ec53d2cac) Importer(815301076,1909f56bfc062723c751e8b465ee728b)
Start importing Assets/Cartoon UI/Icons/Timer.png using Guid(1baaa02dc8cfdfa48b33020ec53d2cac) Importer(815301076,1909f56bfc062723c751e8b465ee728b) (PreviewImporter) -> (artifact id: '396fd9eb4f21a037d7b14e9c3a841f09') in 0.0195763 seconds
Number of updated asset objects reloaded before import = 0Number of asset objects unloaded after import = 3

========================================================================
Received Import Request.
  Time since last request: 0.000019 seconds.
  path: Assets/Cartoon UI/Icons/Torch.png
  artifactKey: Guid(323b9b2d37520d74691c63aa51571c1f) Importer(815301076,1909f56bfc062723c751e8b465ee728b)
Start importing Assets/Cartoon UI/Icons/Torch.png using Guid(323b9b2d37520d74691c63aa51571c1f) Importer(815301076,1909f56bfc062723c751e8b465ee728b) (PreviewImporter) -> (artifact id: 'e8588ee9f8c84ae7d2ee7891c215e135') in 0.0183536 seconds
Number of updated asset objects reloaded before import = 0Number of asset objects unloaded after import = 3

========================================================================
Received Import Request.
  Time since last request: 0.000015 seconds.
  path: Assets/Cartoon UI/Icons/Magnet.png
  artifactKey: Guid(7e71e4a87b4ad7d488fbc4c73b8dcdc3) Importer(815301076,1909f56bfc062723c751e8b465ee728b)
Start importing Assets/Cartoon UI/Icons/Magnet.png using Guid(7e71e4a87b4ad7d488fbc4c73b8dcdc3) Importer(815301076,1909f56bfc062723c751e8b465ee728b) (PreviewImporter) -> (artifact id: '282c53140b24d27f897a4b8701b2ed6a') in 0.0178741 seconds
Number of updated asset objects reloaded before import = 0Number of asset objects unloaded after import = 3

========================================================================
Received Import Request.
  Time since last request: 0.000018 seconds.
  path: Assets/Cartoon UI/Icons/Media.png
  artifactKey: Guid(d458e91378d08e448a8a2dfb7668c179) Importer(815301076,1909f56bfc062723c751e8b465ee728b)
Start importing Assets/Cartoon UI/Icons/Media.png using Guid(d458e91378d08e448a8a2dfb7668c179) Importer(815301076,1909f56bfc062723c751e8b465ee728b) (PreviewImporter) -> (artifact id: '427e5a4e017de1d5dadfe6f8601e001b') in 0.0185382 seconds
Number of updated asset objects reloaded before import = 0Number of asset objects unloaded after import = 3

========================================================================
Received Import Request.
  Time since last request: 0.000025 seconds.
  path: Assets/Cartoon UI/Icons/Ranking.png
  artifactKey: Guid(b1837fa3a02bc7f43888b051f048e065) Importer(815301076,1909f56bfc062723c751e8b465ee728b)
Start importing Assets/Cartoon UI/Icons/Ranking.png using Guid(b1837fa3a02bc7f43888b051f048e065) Importer(815301076,1909f56bfc062723c751e8b465ee728b) (PreviewImporter) -> (artifact id: '9e857eabd391289ee697791c7e76579d') in 0.0187696 seconds
Number of updated asset objects reloaded before import = 0Number of asset objects unloaded after import = 3

========================================================================
Received Import Request.
  Time since last request: 0.000029 seconds.
  path: Assets/Cartoon UI/Icons/Gold Pile.png
  artifactKey: Guid(3379b48b0aad58949ae4fe1676a9d19c) Importer(815301076,1909f56bfc062723c751e8b465ee728b)
Start importing Assets/Cartoon UI/Icons/Gold Pile.png using Guid(3379b48b0aad58949ae4fe1676a9d19c) Importer(815301076,1909f56bfc062723c751e8b465ee728b) (PreviewImporter) -> (artifact id: '4e9d128ada3dc4413320b6e7398fe947') in 0.0173698 seconds
Number of updated asset objects reloaded before import = 0Number of asset objects unloaded after import = 3

========================================================================
Received Import Request.
  Time since last request: 0.000014 seconds.
  path: Assets/Cartoon UI/Icons/Map Point.png
  artifactKey: Guid(3efbcc7b44f6c36479af39c417031e36) Importer(815301076,1909f56bfc062723c751e8b465ee728b)
Start importing Assets/Cartoon UI/Icons/Map Point.png using Guid(3efbcc7b44f6c36479af39c417031e36) Importer(815301076,1909f56bfc062723c751e8b465ee728b) (PreviewImporter) -> (artifact id: '9eba5df249c8903e2d6f19afe9f1058b') in 0.0203977 seconds
Number of updated asset objects reloaded before import = 0Number of asset objects unloaded after import = 3

========================================================================
Received Import Request.
  Time since last request: 0.000017 seconds.
  path: Assets/Cartoon UI/Icons/Yellow Book.png
  artifactKey: Guid(0e49040a09779cf41ac8d7ec3ec7bbe7) Importer(815301076,1909f56bfc062723c751e8b465ee728b)
Start importing Assets/Cartoon UI/Icons/Yellow Book.png using Guid(0e49040a09779cf41ac8d7ec3ec7bbe7) Importer(815301076,1909f56bfc062723c751e8b465ee728b) (PreviewImporter) -> (artifact id: '4670dc0c4fddc55f9f1a0573f999dc1d') in 0.0182963 seconds
Number of updated asset objects reloaded before import = 0Number of asset objects unloaded after import = 3

========================================================================
Received Import Request.
  Time since last request: 0.000020 seconds.
  path: Assets/Cartoon UI/Icons/Pile Of Gem.png
  artifactKey: Guid(bb70a1b9386eb3540ae804c4046c36ed) Importer(815301076,1909f56bfc062723c751e8b465ee728b)
Start importing Assets/Cartoon UI/Icons/Pile Of Gem.png using Guid(bb70a1b9386eb3540ae804c4046c36ed) Importer(815301076,1909f56bfc062723c751e8b465ee728b) (PreviewImporter) -> (artifact id: 'f6e0d16c7a332d417acadfe0f7e9e2bf') in 0.0192867 seconds
Number of updated asset objects reloaded before import = 0Number of asset objects unloaded after import = 3

========================================================================
Received Import Request.
  Time since last request: 0.000028 seconds.
  path: Assets/Cartoon UI/Icons/Silver Crown.png
  artifactKey: Guid(b24b9906aaab41f40be01f45f84d6dd2) Importer(815301076,1909f56bfc062723c751e8b465ee728b)
Start importing Assets/Cartoon UI/Icons/Silver Crown.png using Guid(b24b9906aaab41f40be01f45f84d6dd2) Importer(815301076,1909f56bfc062723c751e8b465ee728b) (PreviewImporter) -> (artifact id: '84699c064b31cf47dacb7fedf6a41cf3') in 0.0206147 seconds
Number of updated asset objects reloaded before import = 0Number of asset objects unloaded after import = 3

========================================================================
Received Import Request.
  Time since last request: 0.000034 seconds.
  path: Assets/Cartoon UI/Icons/Trophy.png
  artifactKey: Guid(c9a5504d0a13e174282fe6d65e4ba951) Importer(815301076,1909f56bfc062723c751e8b465ee728b)
Start importing Assets/Cartoon UI/Icons/Trophy.png using Guid(c9a5504d0a13e174282fe6d65e4ba951) Importer(815301076,1909f56bfc062723c751e8b465ee728b) (PreviewImporter) -> (artifact id: 'f7c526fd9a000db65440187efdc5a61d') in 0.0196576 seconds
Number of updated asset objects reloaded before import = 0Number of asset objects unloaded after import = 3

========================================================================
Received Import Request.
  Time since last request: 0.000019 seconds.
  path: Assets/Cartoon UI/Icons/Telescope.png
  artifactKey: Guid(ad0e208beb0bb164abad2b7498ddbdb9) Importer(815301076,1909f56bfc062723c751e8b465ee728b)
Start importing Assets/Cartoon UI/Icons/Telescope.png using Guid(ad0e208beb0bb164abad2b7498ddbdb9) Importer(815301076,1909f56bfc062723c751e8b465ee728b) (PreviewImporter) -> (artifact id: '77c3e5ea6bef793fbca274e0083b621d') in 0.0211446 seconds
Number of updated asset objects reloaded before import = 0Number of asset objects unloaded after import = 3

========================================================================
Received Import Request.
  Time since last request: 0.000016 seconds.
  path: Assets/Cartoon UI/Icons/Not Available.png
  artifactKey: Guid(3529cdd5154450443ba34c1bcac24fa2) Importer(815301076,1909f56bfc062723c751e8b465ee728b)
Start importing Assets/Cartoon UI/Icons/Not Available.png using Guid(3529cdd5154450443ba34c1bcac24fa2) Importer(815301076,1909f56bfc062723c751e8b465ee728b) (PreviewImporter) -> (artifact id: 'e1731ddca919b1908d6e19b4d95f38ea') in 0.0181806 seconds
Number of updated asset objects reloaded before import = 0Number of asset objects unloaded after import = 3

========================================================================
Received Import Request.
  Time since last request: 0.000020 seconds.
  path: Assets/Cartoon UI/Icons/Gift Yellow 2.png
  artifactKey: Guid(464425377b76a0543a7a19e38dd20345) Importer(815301076,1909f56bfc062723c751e8b465ee728b)
Start importing Assets/Cartoon UI/Icons/Gift Yellow 2.png using Guid(464425377b76a0543a7a19e38dd20345) Importer(815301076,1909f56bfc062723c751e8b465ee728b) (PreviewImporter) -> (artifact id: 'ffcd2f02051203d88edeb7d79d8078c1') in 0.0164547 seconds
Number of updated asset objects reloaded before import = 0Number of asset objects unloaded after import = 3

========================================================================
Received Prepare
Refreshing native plugins compatible for Editor in 2.21 ms, found 4 plugins.
Preloading 0 native plugins for Editor in 0.00 ms.
Unloading 16 Unused Serialized files (Serialized files now loaded: 0)
Unloading 6993 unused Assets / (4.9 MB). Loaded Objects now: 7878.
Memory consumption went from 162.1 MB to 157.2 MB.
Total: 13.326500 ms (FindLiveObjects: 1.255700 ms CreateObjectMapping: 1.205200 ms MarkObjects: 7.405300 ms  DeleteObjects: 3.458900 ms)

Prepare: number of updated asset objects reloaded= 0
========================================================================
Received Prepare
Refreshing native plugins compatible for Editor in 2.23 ms, found 4 plugins.
Preloading 0 native plugins for Editor in 0.00 ms.
Unloading 16 Unused Serialized files (Serialized files now loaded: 0)
Unloading 6993 unused Assets / (4.9 MB). Loaded Objects now: 7878.
Memory consumption went from 162.1 MB to 157.2 MB.
Total: 18.388900 ms (FindLiveObjects: 1.318000 ms CreateObjectMapping: 1.864400 ms MarkObjects: 9.474100 ms  DeleteObjects: 5.730500 ms)

Prepare: number of updated asset objects reloaded= 0
========================================================================
Received Prepare
Begin MonoManager ReloadAssembly
[Licensing::Client] Successfully resolved entitlement details
- Loaded All Assemblies, in  1.242 seconds
Refreshing native plugins compatible for Editor in 1.92 ms, found 4 plugins.
Native extension for WindowsStandalone target not found
Native extension for WebGL target not found
[Package Manager] Failed to launch server process. Reason: Unity was launched with the -noUpm command-line argument
[Package Manager] Unable to send message (not connected to server process).
[Package Manager] Cannot connect to Unity Package Manager local server
ScheduleIndexationOnStartup MainProcess:False IndexOnStartup:True
Mono: successfully reloaded assembly
- Finished resetting the current domain, in  0.782 seconds
Domain Reload Profiling: 2021ms
	BeginReloadAssembly (403ms)
		ExecutionOrderSort (0ms)
		DisableScriptedObjects (33ms)
		BackupInstance (0ms)
		ReleaseScriptingObjects (0ms)
		CreateAndSetChildDomain (141ms)
	RebuildCommonClasses (37ms)
	RebuildNativeTypeToScriptingClass (12ms)
	initialDomainReloadingComplete (36ms)
	LoadAllAssembliesAndSetupDomain (751ms)
		LoadAssemblies (626ms)
		RebuildTransferFunctionScriptingTraits (0ms)
		AnalyzeDomain (271ms)
			TypeCache.Refresh (20ms)
				TypeCache.ScanAssembly (1ms)
			BuildScriptInfoCaches (233ms)
			ResolveRequiredComponents (12ms)
	FinalizeReload (783ms)
		ReleaseScriptCaches (0ms)
		RebuildScriptCaches (0ms)
		SetupLoadedEditorAssemblies (621ms)
			LogAssemblyErrors (0ms)
			InitializePlatformSupportModulesInManaged (2ms)
			SetLoadedEditorAssemblies (6ms)
			BeforeProcessingInitializeOnLoad (174ms)
			ProcessInitializeOnLoadAttributes (346ms)
			ProcessInitializeOnLoadMethodAttributes (82ms)
			AfterProcessingInitializeOnLoad (9ms)
			EditorAssembliesLoaded (0ms)
		ExecutionOrderSort2 (0ms)
		AwakeInstancesAfterBackupRestoration (16ms)
Refreshing native plugins compatible for Editor in 1.99 ms, found 4 plugins.
Preloading 0 native plugins for Editor in 0.00 ms.
Unloading 16 Unused Serialized files (Serialized files now loaded: 0)
Unloading 7003 unused Assets / (4.8 MB). Loaded Objects now: 7880.
Memory consumption went from 160.5 MB to 155.7 MB.
Total: 11.288600 ms (FindLiveObjects: 0.901000 ms CreateObjectMapping: 1.047500 ms MarkObjects: 6.233900 ms  DeleteObjects: 3.105300 ms)

Prepare: number of updated asset objects reloaded= 0
========================================================================
Received Prepare
Refreshing native plugins compatible for Editor in 3.15 ms, found 4 plugins.
Preloading 0 native plugins for Editor in 0.00 ms.
Unloading 16 Unused Serialized files (Serialized files now loaded: 0)
Unloading 6993 unused Assets / (4.6 MB). Loaded Objects now: 7880.
Memory consumption went from 160.7 MB to 156.1 MB.
Total: 14.952200 ms (FindLiveObjects: 1.443900 ms CreateObjectMapping: 1.307800 ms MarkObjects: 8.052900 ms  DeleteObjects: 4.145600 ms)

Prepare: number of updated asset objects reloaded= 0
========================================================================
Received Prepare
Begin MonoManager ReloadAssembly
[Licensing::Client] Successfully resolved entitlement details
- Loaded All Assemblies, in  1.330 seconds
Refreshing native plugins compatible for Editor in 4.79 ms, found 4 plugins.
Native extension for WindowsStandalone target not found
Native extension for WebGL target not found
[Package Manager] Failed to launch server process. Reason: Unity was launched with the -noUpm command-line argument
[Package Manager] Unable to send message (not connected to server process).
[Package Manager] Cannot connect to Unity Package Manager local server
ScheduleIndexationOnStartup MainProcess:False IndexOnStartup:True
Mono: successfully reloaded assembly
- Finished resetting the current domain, in  1.028 seconds
Domain Reload Profiling: 2353ms
	BeginReloadAssembly (349ms)
		ExecutionOrderSort (0ms)
		DisableScriptedObjects (23ms)
		BackupInstance (0ms)
		ReleaseScriptingObjects (0ms)
		CreateAndSetChildDomain (87ms)
	RebuildCommonClasses (70ms)
	RebuildNativeTypeToScriptingClass (21ms)
	initialDomainReloadingComplete (47ms)
	LoadAllAssembliesAndSetupDomain (837ms)
		LoadAssemblies (693ms)
		RebuildTransferFunctionScriptingTraits (0ms)
		AnalyzeDomain (302ms)
			TypeCache.Refresh (13ms)
				TypeCache.ScanAssembly (1ms)
			BuildScriptInfoCaches (271ms)
			ResolveRequiredComponents (11ms)
	FinalizeReload (1029ms)
		ReleaseScriptCaches (0ms)
		RebuildScriptCaches (0ms)
		SetupLoadedEditorAssemblies (819ms)
			LogAssemblyErrors (0ms)
			InitializePlatformSupportModulesInManaged (3ms)
			SetLoadedEditorAssemblies (7ms)
			BeforeProcessingInitializeOnLoad (247ms)
			ProcessInitializeOnLoadAttributes (444ms)
			ProcessInitializeOnLoadMethodAttributes (104ms)
			AfterProcessingInitializeOnLoad (13ms)
			EditorAssembliesLoaded (0ms)
		ExecutionOrderSort2 (0ms)
		AwakeInstancesAfterBackupRestoration (19ms)
Refreshing native plugins compatible for Editor in 2.75 ms, found 4 plugins.
Preloading 0 native plugins for Editor in 0.00 ms.
Unloading 16 Unused Serialized files (Serialized files now loaded: 0)
Unloading 7003 unused Assets / (5.0 MB). Loaded Objects now: 7883.
Memory consumption went from 160.5 MB to 155.6 MB.
Total: 14.529900 ms (FindLiveObjects: 1.338400 ms CreateObjectMapping: 1.829500 ms MarkObjects: 7.104300 ms  DeleteObjects: 4.256300 ms)

Prepare: number of updated asset objects reloaded= 0
========================================================================
Received Import Request.
  Time since last request: 1018.834656 seconds.
  path: Assets/Cartoon UI/Buttons/Long Round
  artifactKey: Guid(1ace7bf400e0aaf4c892ee597855fe1c) Importer(815301076,1909f56bfc062723c751e8b465ee728b)
Start importing Assets/Cartoon UI/Buttons/Long Round using Guid(1ace7bf400e0aaf4c892ee597855fe1c) Importer(815301076,1909f56bfc062723c751e8b465ee728b) (PreviewImporter) -> (artifact id: '1fd295f043e8d39f2f20983b1e42c7e3') in 0.0029615 seconds
Number of updated asset objects reloaded before import = 0Number of asset objects unloaded after import = 0

========================================================================
Received Import Request.
  Time since last request: 0.000028 seconds.
  path: Assets/Cartoon UI/Buttons/Long Round/Long Round Blue.png
  artifactKey: Guid(a1e8ea5d2ad245c4abe242c647698dd6) Importer(815301076,1909f56bfc062723c751e8b465ee728b)
Start importing Assets/Cartoon UI/Buttons/Long Round/Long Round Blue.png using Guid(a1e8ea5d2ad245c4abe242c647698dd6) Importer(815301076,1909f56bfc062723c751e8b465ee728b) (PreviewImporter) -> (artifact id: 'effee3b8dc715afb2c45a4e8ff5f05e6') in 0.1103243 seconds
Number of updated asset objects reloaded before import = 0Number of asset objects unloaded after import = 3

========================================================================
Received Import Request.
  Time since last request: 0.000023 seconds.
  path: Assets/Cartoon UI/Buttons/Long Round/Long Round Skyblue.png
  artifactKey: Guid(a2275757f22f70947b119297b0d617f0) Importer(815301076,1909f56bfc062723c751e8b465ee728b)
Start importing Assets/Cartoon UI/Buttons/Long Round/Long Round Skyblue.png using Guid(a2275757f22f70947b119297b0d617f0) Importer(815301076,1909f56bfc062723c751e8b465ee728b) (PreviewImporter) -> (artifact id: 'f3f137c44b526173051d00462a06eefe') in 0.0220887 seconds
Number of updated asset objects reloaded before import = 0Number of asset objects unloaded after import = 3

========================================================================
Received Import Request.
  Time since last request: 0.000031 seconds.
  path: Assets/Cartoon UI/Buttons/Long Round/Long Round Orange.png
  artifactKey: Guid(8c2ffc4510f9e6e409d84a644d2e62c9) Importer(815301076,1909f56bfc062723c751e8b465ee728b)
Start importing Assets/Cartoon UI/Buttons/Long Round/Long Round Orange.png using Guid(8c2ffc4510f9e6e409d84a644d2e62c9) Importer(815301076,1909f56bfc062723c751e8b465ee728b) (PreviewImporter) -> (artifact id: 'aab5e735c98c406b70736eb1f5dcb797') in 0.0228239 seconds
Number of updated asset objects reloaded before import = 0Number of asset objects unloaded after import = 3

========================================================================
Received Import Request.
  Time since last request: 0.000021 seconds.
  path: Assets/Cartoon UI/Buttons/Long Round/Long Round Yellow.png
  artifactKey: Guid(94f20d50111c12f47a5d196b74f9bfd2) Importer(815301076,1909f56bfc062723c751e8b465ee728b)
Start importing Assets/Cartoon UI/Buttons/Long Round/Long Round Yellow.png using Guid(94f20d50111c12f47a5d196b74f9bfd2) Importer(815301076,1909f56bfc062723c751e8b465ee728b) (PreviewImporter) -> (artifact id: '4afbb28642bcad1e98f00983c332dc3a') in 0.0210537 seconds
Number of updated asset objects reloaded before import = 0Number of asset objects unloaded after import = 3

========================================================================
Received Import Request.
  Time since last request: 1.372313 seconds.
  path: Assets/Cartoon UI/Buttons/Long Square
  artifactKey: Guid(26eaf896cc65eac4188c305eb5a52a90) Importer(815301076,1909f56bfc062723c751e8b465ee728b)
Start importing Assets/Cartoon UI/Buttons/Long Square using Guid(26eaf896cc65eac4188c305eb5a52a90) Importer(815301076,1909f56bfc062723c751e8b465ee728b) (PreviewImporter) -> (artifact id: 'c9bc01b95b3deb16625d95643a7175b0') in 0.0007239 seconds
Number of updated asset objects reloaded before import = 0Number of asset objects unloaded after import = 0

========================================================================
Received Import Request.
  Time since last request: 0.024872 seconds.
  path: Assets/Cartoon UI/Buttons/Long Square/Long Square Blue.png
  artifactKey: Guid(fbf7c75668bd24543b5886dc3a30203a) Importer(815301076,1909f56bfc062723c751e8b465ee728b)
Start importing Assets/Cartoon UI/Buttons/Long Square/Long Square Blue.png using Guid(fbf7c75668bd24543b5886dc3a30203a) Importer(815301076,1909f56bfc062723c751e8b465ee728b) (PreviewImporter) -> (artifact id: '0db536be9a32d2298a8c908367ddb2ab') in 0.0200626 seconds
Number of updated asset objects reloaded before import = 0Number of asset objects unloaded after import = 3

========================================================================
Received Import Request.
  Time since last request: 0.000023 seconds.
  path: Assets/Cartoon UI/Buttons/Long Square/Long Square Pink Purple.png
  artifactKey: Guid(82ba2010228788145905b8a9cba2c0f4) Importer(815301076,1909f56bfc062723c751e8b465ee728b)
Start importing Assets/Cartoon UI/Buttons/Long Square/Long Square Pink Purple.png using Guid(82ba2010228788145905b8a9cba2c0f4) Importer(815301076,1909f56bfc062723c751e8b465ee728b) (PreviewImporter) -> (artifact id: '8ea851e49f2ef9208864c5eea2cc948f') in 0.0217247 seconds
Number of updated asset objects reloaded before import = 0Number of asset objects unloaded after import = 3

========================================================================
Received Import Request.
  Time since last request: 0.000031 seconds.
  path: Assets/Cartoon UI/Buttons/Long Square/Long Square Skyblue.png
  artifactKey: Guid(f445ff0df8ed7514abbae2f4eb863386) Importer(815301076,1909f56bfc062723c751e8b465ee728b)
Start importing Assets/Cartoon UI/Buttons/Long Square/Long Square Skyblue.png using Guid(f445ff0df8ed7514abbae2f4eb863386) Importer(815301076,1909f56bfc062723c751e8b465ee728b) (PreviewImporter) -> (artifact id: '9c3af19d6db24c5a70745f397c2cd8e8') in 0.018754 seconds
Number of updated asset objects reloaded before import = 0Number of asset objects unloaded after import = 3

========================================================================
Received Import Request.
  Time since last request: 0.000022 seconds.
  path: Assets/Cartoon UI/Buttons/Long Square/Long Square Purple.png
  artifactKey: Guid(2c415ab0844bca34084cac6eb2b6acf5) Importer(815301076,1909f56bfc062723c751e8b465ee728b)
Start importing Assets/Cartoon UI/Buttons/Long Square/Long Square Purple.png using Guid(2c415ab0844bca34084cac6eb2b6acf5) Importer(815301076,1909f56bfc062723c751e8b465ee728b) (PreviewImporter) -> (artifact id: 'f9e2864c7f4a008213f01f56d3c85ca4') in 0.0264948 seconds
Number of updated asset objects reloaded before import = 0Number of asset objects unloaded after import = 3

========================================================================
Received Import Request.
  Time since last request: 0.000023 seconds.
  path: Assets/Cartoon UI/Buttons/Long Square/Long Square Yellow.png
  artifactKey: Guid(b968714a152efaf4694d52f020fbbc14) Importer(815301076,1909f56bfc062723c751e8b465ee728b)
Start importing Assets/Cartoon UI/Buttons/Long Square/Long Square Yellow.png using Guid(b968714a152efaf4694d52f020fbbc14) Importer(815301076,1909f56bfc062723c751e8b465ee728b) (PreviewImporter) -> (artifact id: 'dc4c88ce98038d115a72aa12db3135f6') in 0.0205392 seconds
Number of updated asset objects reloaded before import = 0Number of asset objects unloaded after import = 3

========================================================================
Received Import Request.
  Time since last request: 0.932924 seconds.
  path: Assets/Cartoon UI/Buttons/Round
  artifactKey: Guid(54fdf0e3857c0a845a0ea5ff130e05c5) Importer(815301076,1909f56bfc062723c751e8b465ee728b)
Start importing Assets/Cartoon UI/Buttons/Round using Guid(54fdf0e3857c0a845a0ea5ff130e05c5) Importer(815301076,1909f56bfc062723c751e8b465ee728b) (PreviewImporter) -> (artifact id: '0c5c95aafdf93ee18ee2e34a3b948c66') in 0.0007515 seconds
Number of updated asset objects reloaded before import = 0Number of asset objects unloaded after import = 0

========================================================================
Received Import Request.
  Time since last request: 0.021766 seconds.
  path: Assets/Cartoon UI/Buttons/Round/Circle Blue.png
  artifactKey: Guid(e18b78ae43d0b804083c8eb41bfc677c) Importer(815301076,1909f56bfc062723c751e8b465ee728b)
Start importing Assets/Cartoon UI/Buttons/Round/Circle Blue.png using Guid(e18b78ae43d0b804083c8eb41bfc677c) Importer(815301076,1909f56bfc062723c751e8b465ee728b) (PreviewImporter) -> (artifact id: '72ace2f61ba0c575b9ed41823584868d') in 0.0188475 seconds
Number of updated asset objects reloaded before import = 0Number of asset objects unloaded after import = 3

========================================================================
Received Import Request.
  Time since last request: 0.000029 seconds.
  path: Assets/Cartoon UI/Buttons/Round/Circle Orange.png
  artifactKey: Guid(815b5cccd211d644ba402a087bbb9576) Importer(815301076,1909f56bfc062723c751e8b465ee728b)
Start importing Assets/Cartoon UI/Buttons/Round/Circle Orange.png using Guid(815b5cccd211d644ba402a087bbb9576) Importer(815301076,1909f56bfc062723c751e8b465ee728b) (PreviewImporter) -> (artifact id: '5a8c8bb0b19a12b468dba4fd09d4d410') in 0.0214469 seconds
Number of updated asset objects reloaded before import = 0Number of asset objects unloaded after import = 3

========================================================================
Received Import Request.
  Time since last request: 0.000038 seconds.
  path: Assets/Cartoon UI/Buttons/Round/Circle Purle.png
  artifactKey: Guid(6449aa22b6da8914b85752b24c52a282) Importer(815301076,1909f56bfc062723c751e8b465ee728b)
Start importing Assets/Cartoon UI/Buttons/Round/Circle Purle.png using Guid(6449aa22b6da8914b85752b24c52a282) Importer(815301076,1909f56bfc062723c751e8b465ee728b) (PreviewImporter) -> (artifact id: '7afa8526d16d336ac79e7bb359ce522a') in 0.0250543 seconds
Number of updated asset objects reloaded before import = 0Number of asset objects unloaded after import = 3

========================================================================
Received Import Request.
  Time since last request: 0.000018 seconds.
  path: Assets/Cartoon UI/Buttons/Round/Circle Yellow.png
  artifactKey: Guid(a20e06f4b30a3f448afb0794a454fa63) Importer(815301076,1909f56bfc062723c751e8b465ee728b)
Start importing Assets/Cartoon UI/Buttons/Round/Circle Yellow.png using Guid(a20e06f4b30a3f448afb0794a454fa63) Importer(815301076,1909f56bfc062723c751e8b465ee728b) (PreviewImporter) -> (artifact id: '0fc6a730f24bb0eeb9788a9263549841') in 0.0220157 seconds
Number of updated asset objects reloaded before import = 0Number of asset objects unloaded after import = 3

========================================================================
Received Import Request.
  Time since last request: 0.000017 seconds.
  path: Assets/Cartoon UI/Buttons/Round/Circle Pink Purple.png
  artifactKey: Guid(1578eeebf2ccbbe459af4c7541539d36) Importer(815301076,1909f56bfc062723c751e8b465ee728b)
Start importing Assets/Cartoon UI/Buttons/Round/Circle Pink Purple.png using Guid(1578eeebf2ccbbe459af4c7541539d36) Importer(815301076,1909f56bfc062723c751e8b465ee728b) (PreviewImporter) -> (artifact id: '37dd039227f9dd53930e1a0145a9017f') in 0.0235629 seconds
Number of updated asset objects reloaded before import = 0Number of asset objects unloaded after import = 3

========================================================================
Received Import Request.
  Time since last request: 0.922896 seconds.
  path: Assets/Cartoon UI/Buttons/Round Big
  artifactKey: Guid(ff5e3b3e9fe5dfc41a556322771078ca) Importer(815301076,1909f56bfc062723c751e8b465ee728b)
Start importing Assets/Cartoon UI/Buttons/Round Big using Guid(ff5e3b3e9fe5dfc41a556322771078ca) Importer(815301076,1909f56bfc062723c751e8b465ee728b) (PreviewImporter) -> (artifact id: 'f6622ada90f34226a561141dc9e42b4f') in 0.0006591 seconds
Number of updated asset objects reloaded before import = 0Number of asset objects unloaded after import = 0

========================================================================
Received Import Request.
  Time since last request: 0.027871 seconds.
  path: Assets/Cartoon UI/Buttons/Round Big/Circle Blue.png
  artifactKey: Guid(653a1b076f53b414d8f01820b63954c3) Importer(815301076,1909f56bfc062723c751e8b465ee728b)
Start importing Assets/Cartoon UI/Buttons/Round Big/Circle Blue.png using Guid(653a1b076f53b414d8f01820b63954c3) Importer(815301076,1909f56bfc062723c751e8b465ee728b) (PreviewImporter) -> (artifact id: '0d422ea45cbcfd1e302617afb4d92b9d') in 0.0189034 seconds
Number of updated asset objects reloaded before import = 0Number of asset objects unloaded after import = 3

========================================================================
Received Import Request.
  Time since last request: 0.000021 seconds.
  path: Assets/Cartoon UI/Buttons/Round Big/Circle Grey.png
  artifactKey: Guid(55145e1ff409fb140a1a4aa33cc2f9cf) Importer(815301076,1909f56bfc062723c751e8b465ee728b)
Start importing Assets/Cartoon UI/Buttons/Round Big/Circle Grey.png using Guid(55145e1ff409fb140a1a4aa33cc2f9cf) Importer(815301076,1909f56bfc062723c751e8b465ee728b) (PreviewImporter) -> (artifact id: 'c82d71fcacc758aad40002763879ac12') in 0.0214836 seconds
Number of updated asset objects reloaded before import = 0Number of asset objects unloaded after import = 3

========================================================================
Received Import Request.
  Time since last request: 0.000031 seconds.
  path: Assets/Cartoon UI/Buttons/Round Big/Circle Purple.png
  artifactKey: Guid(84618e6aaee68ca4e9245e5599d7ff93) Importer(815301076,1909f56bfc062723c751e8b465ee728b)
Start importing Assets/Cartoon UI/Buttons/Round Big/Circle Purple.png using Guid(84618e6aaee68ca4e9245e5599d7ff93) Importer(815301076,1909f56bfc062723c751e8b465ee728b) (PreviewImporter) -> (artifact id: '13778dad1191d603dfcb10cdb1861069') in 0.0201827 seconds
Number of updated asset objects reloaded before import = 0Number of asset objects unloaded after import = 3

========================================================================
Received Import Request.
  Time since last request: 0.000017 seconds.
  path: Assets/Cartoon UI/Buttons/Round Big/Circle Yellow.png
  artifactKey: Guid(a0d9bda1d5844834587fbb911788c9fb) Importer(815301076,1909f56bfc062723c751e8b465ee728b)
Start importing Assets/Cartoon UI/Buttons/Round Big/Circle Yellow.png using Guid(a0d9bda1d5844834587fbb911788c9fb) Importer(815301076,1909f56bfc062723c751e8b465ee728b) (PreviewImporter) -> (artifact id: 'be9df88e3a2090f14bdf9341245996c9') in 0.0254926 seconds
Number of updated asset objects reloaded before import = 0Number of asset objects unloaded after import = 3

========================================================================
Received Import Request.
  Time since last request: 0.000018 seconds.
  path: Assets/Cartoon UI/Buttons/Round Big/Circle Skyblue.png
  artifactKey: Guid(866566b4e59258847a5d028639ec6b9d) Importer(815301076,1909f56bfc062723c751e8b465ee728b)
Start importing Assets/Cartoon UI/Buttons/Round Big/Circle Skyblue.png using Guid(866566b4e59258847a5d028639ec6b9d) Importer(815301076,1909f56bfc062723c751e8b465ee728b) (PreviewImporter) -> (artifact id: '9411b8cc1713c01e97737c83a62ddd5d') in 0.0214933 seconds
Number of updated asset objects reloaded before import = 0Number of asset objects unloaded after import = 3

========================================================================
Received Prepare
Begin MonoManager ReloadAssembly
[Licensing::Client] Successfully resolved entitlement details
- Loaded All Assemblies, in  0.951 seconds
Refreshing native plugins compatible for Editor in 2.48 ms, found 4 plugins.
Native extension for WindowsStandalone target not found
Native extension for WebGL target not found
[Package Manager] Failed to launch server process. Reason: Unity was launched with the -noUpm command-line argument
[Package Manager] Unable to send message (not connected to server process).
[Package Manager] Cannot connect to Unity Package Manager local server
ScheduleIndexationOnStartup MainProcess:False IndexOnStartup:True
Mono: successfully reloaded assembly
- Finished resetting the current domain, in  0.874 seconds
Domain Reload Profiling: 1822ms
	BeginReloadAssembly (274ms)
		ExecutionOrderSort (0ms)
		DisableScriptedObjects (22ms)
		BackupInstance (0ms)
		ReleaseScriptingObjects (0ms)
		CreateAndSetChildDomain (82ms)
	RebuildCommonClasses (37ms)
	RebuildNativeTypeToScriptingClass (13ms)
	initialDomainReloadingComplete (41ms)
	LoadAllAssembliesAndSetupDomain (582ms)
		LoadAssemblies (480ms)
		RebuildTransferFunctionScriptingTraits (0ms)
		AnalyzeDomain (211ms)
			TypeCache.Refresh (6ms)
				TypeCache.ScanAssembly (0ms)
			BuildScriptInfoCaches (190ms)
			ResolveRequiredComponents (10ms)
	FinalizeReload (874ms)
		ReleaseScriptCaches (0ms)
		RebuildScriptCaches (0ms)
		SetupLoadedEditorAssemblies (697ms)
			LogAssemblyErrors (0ms)
			InitializePlatformSupportModulesInManaged (3ms)
			SetLoadedEditorAssemblies (6ms)
			BeforeProcessingInitializeOnLoad (181ms)
			ProcessInitializeOnLoadAttributes (397ms)
			ProcessInitializeOnLoadMethodAttributes (99ms)
			AfterProcessingInitializeOnLoad (12ms)
			EditorAssembliesLoaded (1ms)
		ExecutionOrderSort2 (0ms)
		AwakeInstancesAfterBackupRestoration (19ms)
Refreshing native plugins compatible for Editor in 2.06 ms, found 4 plugins.
Preloading 0 native plugins for Editor in 0.00 ms.
Unloading 16 Unused Serialized files (Serialized files now loaded: 0)
Unloading 7003 unused Assets / (4.6 MB). Loaded Objects now: 7886.
Memory consumption went from 160.9 MB to 156.3 MB.
Total: 13.231000 ms (FindLiveObjects: 1.050600 ms CreateObjectMapping: 1.294300 ms MarkObjects: 7.773900 ms  DeleteObjects: 3.110800 ms)

Prepare: number of updated asset objects reloaded= 0
========================================================================
Received Import Request.
  Time since last request: 4315.874746 seconds.
  path: Assets/Prefabs/DigitImage.prefab
  artifactKey: Guid(d88dcfe55c7f1fd438bf6017ab830692) Importer(815301076,1909f56bfc062723c751e8b465ee728b)
Start importing Assets/Prefabs/DigitImage.prefab using Guid(d88dcfe55c7f1fd438bf6017ab830692) Importer(815301076,1909f56bfc062723c751e8b465ee728b) (PreviewImporter) -> (artifact id: '61932e36120a6f09ed44259f235380e0') in 0.2045821 seconds
Number of updated asset objects reloaded before import = 0Number of asset objects unloaded after import = 6

========================================================================
Received Import Request.
  Time since last request: 0.497179 seconds.
  path: Assets/Settings/Renderer2D.asset
  artifactKey: Guid(424799608f7334c24bf367e4bbfa7f9a) Importer(815301076,1909f56bfc062723c751e8b465ee728b)
Start importing Assets/Settings/Renderer2D.asset using Guid(424799608f7334c24bf367e4bbfa7f9a) Importer(815301076,1909f56bfc062723c751e8b465ee728b) (PreviewImporter) -> (artifact id: '403a0a9c0aeae1e5730532c1b4a28511') in 0.0019989 seconds
Number of updated asset objects reloaded before import = 0Number of asset objects unloaded after import = 0

========================================================================
Received Import Request.
  Time since last request: 0.000020 seconds.
  path: Assets/Settings/UniversalRP.asset
  artifactKey: Guid(681886c5eb7344803b6206f758bf0b1c) Importer(815301076,1909f56bfc062723c751e8b465ee728b)
Start importing Assets/Settings/UniversalRP.asset using Guid(681886c5eb7344803b6206f758bf0b1c) Importer(815301076,1909f56bfc062723c751e8b465ee728b) (PreviewImporter) -> (artifact id: 'bf385e22c4eb99ed4b0458ac61d8fec4') in 0.0013891 seconds
Number of updated asset objects reloaded before import = 0Number of asset objects unloaded after import = 0

========================================================================
Received Import Request.
  Time since last request: 7.733692 seconds.
  path: Assets/Scripts/nomber seq/neutral.asset
  artifactKey: Guid(6fcf380bd14a8094084efd7655af2e82) Importer(815301076,1909f56bfc062723c751e8b465ee728b)
Start importing Assets/Scripts/nomber seq/neutral.asset using Guid(6fcf380bd14a8094084efd7655af2e82) Importer(815301076,1909f56bfc062723c751e8b465ee728b) (PreviewImporter) -> (artifact id: '2640bdc5d64353346b45526b7662a490') in 0.0062638 seconds
Number of updated asset objects reloaded before import = 0Number of asset objects unloaded after import = 12

========================================================================
Received Import Request.
  Time since last request: 0.000019 seconds.
  path: Assets/Scripts/nomber seq/selected.asset
  artifactKey: Guid(d276b215564a3a74cb9fc72291ed911d) Importer(815301076,1909f56bfc062723c751e8b465ee728b)
Start importing Assets/Scripts/nomber seq/selected.asset using Guid(d276b215564a3a74cb9fc72291ed911d) Importer(815301076,1909f56bfc062723c751e8b465ee728b) (PreviewImporter) -> (artifact id: 'cf4988ab48095793af8587fdaa178fac') in 0.0029577 seconds
Number of updated asset objects reloaded before import = 0Number of asset objects unloaded after import = 12

