[Licensing::Module] Trying to connect to existing licensing client channel...
Built from '6000.3/staging' branch; Version is '6000.3.9f1 (7a9955a4f2fa) revision 8034645'; Using compiler version '194234433'; Build Type 'Release'
OS: 'Windows 11  (10.0.26200) Core' Language: 'en' Physical Memory: 15743 MB
[Licensing::IpcConnector] Successfully connected to: "LicenseClient-Mehran" at "2026-09-09T17:16:04.9040326Z"
BatchMode: 1, IsHumanControllingUs: 0, StartBugReporterOnCrash: 0, Is64bit: 1
System  architecture: x64
Process architecture: x64
Date: 2026-09-09T17:16:04Z
[Licensing::Client] Code 10 while verifying Licensing Client signature (process Id: 11380, path: "C:/Program Files/Unity Hub/UnityLicensingClient_V1/Unity.Licensing.Client.exe")
[Licensing::Module] LicensingClient has failed validation; ignoring
[Licensing::Client] Handshaking with LicensingClient:
  Version:                 1.18.3+d7ffd15
  Session Id:              20b16ea476d042cea141ea84c0f9f100
  Correlation Id:          43817759048f46e5ba48ca5501f664c0
  External correlation Id: 3558518761098829240
  Machine Id:              DK+L0caBMZTr5YsxNxL4HGi2ATY=
[Licensing::Module] Successfully connected to LicensingClient on channel: "LicenseClient-Mehran" (connect: 0.00s, validation: 0.00s, handshake: 0.05s)
[Licensing::IpcConnector] Successfully connected to: "LicenseClient-Mehran-notifications" at "2026-09-09T17:16:04.9600294Z"
[Licensing::Module] Licensing Background thread has ended after 0.06s

COMMAND LINE ARGUMENTS:
C:\Program Files\Unity\Hub\Editor\6000.3.9f1\Editor\Unity.exe
-adb2
-batchMode
-noUpm
-name
AssetImportWorker3
-projectPath
C:/Users/Mehran/unitygames/SMRITICARE APP/SmritiCare_App
-logFile
Logs/AssetImportWorker3.log
-srvPort
55543
-licensingIpc
LicenseClient-Mehran
-job-worker-count
5
-background-job-worker-count
8
-gc-helper-count
1
-name
AssetImport
Successfully changed project path to: C:/Users/Mehran/unitygames/SMRITICARE APP/SmritiCare_App
C:/Users/Mehran/unitygames/SMRITICARE APP/SmritiCare_App
[UnityMemory] Configuration Parameters - Can be set up in boot.config
    "memorysetup-temp-allocator-size-nav-mesh-worker=65536"
    "memorysetup-temp-allocator-size-audio-worker=65536"
    "memorysetup-temp-allocator-size-gfx=262144"
    "memorysetup-allocator-temp-initial-block-size-main=262144"
    "memorysetup-allocator-temp-initial-block-size-worker=262144"
    "memorysetup-temp-allocator-size-background-worker=32768"
    "memorysetup-temp-allocator-size-job-worker=262144"
    "memorysetup-temp-allocator-size-preload-manager=33554432"
    "memorysetup-temp-allocator-size-gi-baking-worker=262144"
    "memorysetup-temp-allocator-size-gi-baking-worker=262144"
    "memorysetup-temp-allocator-size-gi-baking-worker=262144"
    "memorysetup-temp-allocator-size-gi-baking-worker=262144"
    "memorysetup-temp-allocator-size-gi-baking-worker=262144"
    "memorysetup-bucket-allocator-granularity=16"
    "memorysetup-bucket-allocator-bucket-count=8"
    "memorysetup-bucket-allocator-block-size=33554432"
    "memorysetup-bucket-allocator-block-count=8"
    "memorysetup-main-allocator-block-size=16777216"
    "memorysetup-thread-allocator-block-size=16777216"
    "memorysetup-gfx-main-allocator-block-size=16777216"
    "memorysetup-gfx-thread-allocator-block-size=16777216"
    "memorysetup-cache-allocator-block-size=4194304"
    "memorysetup-typetree-allocator-block-size=2097152"
    "memorysetup-profiler-bucket-allocator-granularity=16"
    "memorysetup-profiler-bucket-allocator-bucket-count=8"
    "memorysetup-profiler-bucket-allocator-block-size=33554432"
    "memorysetup-profiler-bucket-allocator-block-count=8"
    "memorysetup-profiler-allocator-block-size=16777216"
    "memorysetup-profiler-editor-allocator-block-size=1048576"
    "memorysetup-temp-allocator-size-main=16777216"
    "memorysetup-job-temp-allocator-block-size=2097152"
    "memorysetup-job-temp-allocator-block-size-background=1048576"
    "memorysetup-job-temp-allocator-reduction-small-platforms=262144"
    "memorysetup-temp-allocator-size-cloud-worker=32768"
Player connection [17060]  Target information:

Player connection [17060]  * "[IP] 192.168.1.2 [Port] 0 [Flags] 2 [Guid] 780984536 [EditorId] 780984536 [Version] 1048832 [Id] WindowsEditor(7,DESKTOP-FKC2D1R) [Debug] 1 [PackageName] WindowsEditor [ProjectName] Editor" 

Player connection [17060] Host joined multi-casting on [225.0.0.222:54997]...
Player connection [17060] Host joined alternative multi-casting on [225.0.0.222:34997]...
JobSystem: Creating JobQueue using job-worker-count value 5
Input System module state changed to: Initialized.
[Physics::Module] Initialized fallback backend.
[Physics::Module] Id: 0xdecafbad
Library Redirect Path: Library/
[Physics::Module] Selected backend.
[Physics::Module] Name: PhysX
[Physics::Module] Id: 0xf2b8ea05
[Physics::Module] SDK Version: 4.1.2
[Physics::Module] Integration Version: 1.0.0
[Physics::Module] Threading Mode: Multi-Threaded
Refreshing native plugins compatible for Editor in 3.42 ms, found 4 plugins.
Preloading 0 native plugins for Editor in 0.00 ms.
Initialize engine version: 6000.3.9f1 (7a9955a4f2fa)
[Subsystems] Discovering subsystems at path C:/Program Files/Unity/Hub/Editor/6000.3.9f1/Editor/Data/Resources/UnitySubsystems
[Subsystems] Discovering subsystems at path C:/Users/Mehran/unitygames/SMRITICARE APP/SmritiCare_App/Assets
GfxDevice: creating device client; kGfxThreadingModeNonThreaded
Direct3D:
    Version:  Direct3D 11.0 [level 11.1]
    Renderer: AMD Radeon(TM) Graphics (ID=0x1638)
    Vendor:   ATI
    VRAM:     7871 MB
    Driver:   31.0.21923.11000
Initialize mono
Mono path[0] = 'C:/Program Files/Unity/Hub/Editor/6000.3.9f1/Editor/Data/Managed'
Mono path[1] = 'C:/Program Files/Unity/Hub/Editor/6000.3.9f1/Editor/Data/MonoBleedingEdge/lib/mono/unityjit-win32'
Mono config path = 'C:/Program Files/Unity/Hub/Editor/6000.3.9f1/Editor/Data/MonoBleedingEdge/etc'
Using monoOptions --debugger-agent=transport=dt_socket,embedding=1,server=y,suspend=n,address=127.0.0.1:56312
Begin MonoManager ReloadAssembly
Registering precompiled unity dll's ...
Register platform support module: C:/Program Files/Unity/Hub/Editor/6000.3.9f1/Editor/Data/PlaybackEngines/WebGLSupport/UnityEditor.WebGL.Extensions.dll
Register platform support module: C:/Program Files/Unity/Hub/Editor/6000.3.9f1/Editor/Data/PlaybackEngines/WindowsStandaloneSupport/UnityEditor.WindowsStandalone.Extensions.dll
Registered in 0.002772 seconds.
- Loaded All Assemblies, in  0.422 seconds
Native extension for WindowsStandalone target not found
Native extension for WebGL target not found
ScheduleIndexationOnStartup MainProcess:False IndexOnStartup:True
Mono: successfully reloaded assembly
- Finished resetting the current domain, in  0.577 seconds
Domain Reload Profiling: 996ms
	BeginReloadAssembly (144ms)
		ExecutionOrderSort (0ms)
		DisableScriptedObjects (0ms)
		BackupInstance (0ms)
		ReleaseScriptingObjects (0ms)
		CreateAndSetChildDomain (1ms)
	RebuildCommonClasses (37ms)
	RebuildNativeTypeToScriptingClass (11ms)
	initialDomainReloadingComplete (58ms)
	LoadAllAssembliesAndSetupDomain (169ms)
		LoadAssemblies (141ms)
		RebuildTransferFunctionScriptingTraits (0ms)
		AnalyzeDomain (165ms)
			TypeCache.Refresh (163ms)
				TypeCache.ScanAssembly (150ms)
			BuildScriptInfoCaches (0ms)
			ResolveRequiredComponents (0ms)
	FinalizeReload (578ms)
		ReleaseScriptCaches (0ms)
		RebuildScriptCaches (0ms)
		SetupLoadedEditorAssemblies (530ms)
			LogAssemblyErrors (0ms)
			InitializePlatformSupportModulesInManaged (67ms)
			SetLoadedEditorAssemblies (6ms)
			BeforeProcessingInitializeOnLoad (146ms)
			ProcessInitializeOnLoadAttributes (225ms)
			ProcessInitializeOnLoadMethodAttributes (85ms)
			AfterProcessingInitializeOnLoad (0ms)
			EditorAssembliesLoaded (0ms)
		ExecutionOrderSort2 (0ms)
		AwakeInstancesAfterBackupRestoration (0ms)
========================================================================
Worker process is ready to serve import requests
Import Worker Mode flag is 0x00
Begin MonoManager ReloadAssembly
[Licensing::Client] Successfully resolved entitlement details
[Licensing::Module] License group:
  Id: 13469805414795-UnityPersXXXX
  Product: Unity Personal
  Type: Assigned
  Expiration: Unlimited
- Loaded All Assemblies, in  0.868 seconds
Refreshing native plugins compatible for Editor in 1.75 ms, found 4 plugins.
Native extension for WindowsStandalone target not found
Native extension for WebGL target not found
Package Manager log level set to [2]
[Package Manager] Failed to launch server process. Reason: Unity was launched with the -noUpm command-line argument
[Package Manager] Unable to send message (not connected to server process).
[Package Manager] Cannot connect to Unity Package Manager local server
ScheduleIndexationOnStartup MainProcess:False IndexOnStartup:True
Mono: successfully reloaded assembly
- Finished resetting the current domain, in  1.078 seconds
Domain Reload Profiling: 1940ms
	BeginReloadAssembly (185ms)
		ExecutionOrderSort (0ms)
		DisableScriptedObjects (6ms)
		BackupInstance (0ms)
		ReleaseScriptingObjects (0ms)
		CreateAndSetChildDomain (34ms)
	RebuildCommonClasses (35ms)
	RebuildNativeTypeToScriptingClass (11ms)
	initialDomainReloadingComplete (40ms)
	LoadAllAssembliesAndSetupDomain (589ms)
		LoadAssemblies (387ms)
		RebuildTransferFunctionScriptingTraits (0ms)
		AnalyzeDomain (306ms)
			TypeCache.Refresh (206ms)
				TypeCache.ScanAssembly (190ms)
			BuildScriptInfoCaches (84ms)
			ResolveRequiredComponents (11ms)
	FinalizeReload (1079ms)
		ReleaseScriptCaches (0ms)
		RebuildScriptCaches (0ms)
		SetupLoadedEditorAssemblies (875ms)
			LogAssemblyErrors (0ms)
			InitializePlatformSupportModulesInManaged (2ms)
			SetLoadedEditorAssemblies (5ms)
			BeforeProcessingInitializeOnLoad (176ms)
			ProcessInitializeOnLoadAttributes (495ms)
			ProcessInitializeOnLoadMethodAttributes (182ms)
			AfterProcessingInitializeOnLoad (13ms)
			EditorAssembliesLoaded (1ms)
		ExecutionOrderSort2 (0ms)
		AwakeInstancesAfterBackupRestoration (15ms)
Launched and connected shader compiler UnityShaderCompiler.exe after 0.02 seconds
Refreshing native plugins compatible for Editor in 2.11 ms, found 4 plugins.
Preloading 0 native plugins for Editor in 0.00 ms.
Unloading 16 Unused Serialized files (Serialized files now loaded: 0)
Unloading 7005 unused Assets / (4.1 MB). Loaded Objects now: 7839.
Memory consumption went from 156.4 MB to 152.4 MB.
Total: 9.634400 ms (FindLiveObjects: 0.709900 ms CreateObjectMapping: 0.413900 ms MarkObjects: 5.963600 ms  DeleteObjects: 2.546200 ms)

========================================================================
Received Prepare
Begin MonoManager ReloadAssembly
[Licensing::Client] Successfully resolved entitlement details
- Loaded All Assemblies, in  0.949 seconds
Refreshing native plugins compatible for Editor in 1.87 ms, found 4 plugins.
Native extension for WindowsStandalone target not found
Native extension for WebGL target not found
[Package Manager] Failed to launch server process. Reason: Unity was launched with the -noUpm command-line argument
[Package Manager] Unable to send message (not connected to server process).
[Package Manager] Cannot connect to Unity Package Manager local server
ScheduleIndexationOnStartup MainProcess:False IndexOnStartup:True
Mono: successfully reloaded assembly
- Finished resetting the current domain, in  0.783 seconds
Domain Reload Profiling: 1728ms
	BeginReloadAssembly (263ms)
		ExecutionOrderSort (0ms)
		DisableScriptedObjects (16ms)
		BackupInstance (0ms)
		ReleaseScriptingObjects (0ms)
		CreateAndSetChildDomain (65ms)
	RebuildCommonClasses (42ms)
	RebuildNativeTypeToScriptingClass (12ms)
	initialDomainReloadingComplete (35ms)
	LoadAllAssembliesAndSetupDomain (592ms)
		LoadAssemblies (502ms)
		RebuildTransferFunctionScriptingTraits (0ms)
		AnalyzeDomain (209ms)
			TypeCache.Refresh (7ms)
				TypeCache.ScanAssembly (0ms)
			BuildScriptInfoCaches (188ms)
			ResolveRequiredComponents (11ms)
	FinalizeReload (784ms)
		ReleaseScriptCaches (0ms)
		RebuildScriptCaches (0ms)
		SetupLoadedEditorAssemblies (600ms)
			LogAssemblyErrors (0ms)
			InitializePlatformSupportModulesInManaged (2ms)
			SetLoadedEditorAssemblies (5ms)
			BeforeProcessingInitializeOnLoad (165ms)
			ProcessInitializeOnLoadAttributes (344ms)
			ProcessInitializeOnLoadMethodAttributes (75ms)
			AfterProcessingInitializeOnLoad (8ms)
			EditorAssembliesLoaded (0ms)
		ExecutionOrderSort2 (0ms)
		AwakeInstancesAfterBackupRestoration (18ms)
Refreshing native plugins compatible for Editor in 1.78 ms, found 4 plugins.
Preloading 0 native plugins for Editor in 0.00 ms.
Unloading 16 Unused Serialized files (Serialized files now loaded: 0)
Unloading 7003 unused Assets / (4.7 MB). Loaded Objects now: 7843.
Memory consumption went from 156.8 MB to 152.1 MB.
Total: 13.132800 ms (FindLiveObjects: 0.983500 ms CreateObjectMapping: 0.870200 ms MarkObjects: 8.099800 ms  DeleteObjects: 3.178200 ms)

Prepare: number of updated asset objects reloaded= 0
========================================================================
Received Prepare
Begin MonoManager ReloadAssembly
- Loaded All Assemblies, in  0.882 seconds
Refreshing native plugins compatible for Editor in 1.75 ms, found 4 plugins.
Native extension for WindowsStandalone target not found
Native extension for WebGL target not found
[Package Manager] Failed to launch server process. Reason: Unity was launched with the -noUpm command-line argument
[Package Manager] Unable to send message (not connected to server process).
[Package Manager] Cannot connect to Unity Package Manager local server
ScheduleIndexationOnStartup MainProcess:False IndexOnStartup:True
Mono: successfully reloaded assembly
- Finished resetting the current domain, in  1.100 seconds
Domain Reload Profiling: 1977ms
	BeginReloadAssembly (237ms)
		ExecutionOrderSort (0ms)
		DisableScriptedObjects (15ms)
		BackupInstance (0ms)
		ReleaseScriptingObjects (0ms)
		CreateAndSetChildDomain (62ms)
	RebuildCommonClasses (35ms)
	RebuildNativeTypeToScriptingClass (12ms)
	initialDomainReloadingComplete (34ms)
	LoadAllAssembliesAndSetupDomain (559ms)
		LoadAssemblies (434ms)
		RebuildTransferFunctionScriptingTraits (0ms)
		AnalyzeDomain (229ms)
			TypeCache.Refresh (8ms)
				TypeCache.ScanAssembly (0ms)
			BuildScriptInfoCaches (205ms)
			ResolveRequiredComponents (11ms)
	FinalizeReload (1101ms)
		ReleaseScriptCaches (0ms)
		RebuildScriptCaches (0ms)
		SetupLoadedEditorAssemblies (879ms)
			LogAssemblyErrors (0ms)
			InitializePlatformSupportModulesInManaged (4ms)
			SetLoadedEditorAssemblies (9ms)
			BeforeProcessingInitializeOnLoad (255ms)
			ProcessInitializeOnLoadAttributes (483ms)
			ProcessInitializeOnLoadMethodAttributes (118ms)
			AfterProcessingInitializeOnLoad (9ms)
			EditorAssembliesLoaded (1ms)
		ExecutionOrderSort2 (0ms)
		AwakeInstancesAfterBackupRestoration (24ms)
Refreshing native plugins compatible for Editor in 2.66 ms, found 4 plugins.
Preloading 0 native plugins for Editor in 0.00 ms.
Unloading 16 Unused Serialized files (Serialized files now loaded: 0)
Unloading 7003 unused Assets / (4.6 MB). Loaded Objects now: 7846.
Memory consumption went from 156.9 MB to 152.2 MB.
Total: 22.018500 ms (FindLiveObjects: 1.832000 ms CreateObjectMapping: 1.048700 ms MarkObjects: 12.756600 ms  DeleteObjects: 6.378700 ms)

Prepare: number of updated asset objects reloaded= 0
========================================================================
Received Prepare
Begin MonoManager ReloadAssembly
[Licensing::Client] Successfully resolved entitlement details
- Loaded All Assemblies, in  0.869 seconds
Refreshing native plugins compatible for Editor in 2.09 ms, found 4 plugins.
Native extension for WindowsStandalone target not found
Native extension for WebGL target not found
[Package Manager] Failed to launch server process. Reason: Unity was launched with the -noUpm command-line argument
[Package Manager] Unable to send message (not connected to server process).
[Package Manager] Cannot connect to Unity Package Manager local server
ScheduleIndexationOnStartup MainProcess:False IndexOnStartup:True
Mono: successfully reloaded assembly
- Finished resetting the current domain, in  1.063 seconds
Domain Reload Profiling: 1929ms
	BeginReloadAssembly (246ms)
		ExecutionOrderSort (0ms)
		DisableScriptedObjects (17ms)
		BackupInstance (0ms)
		ReleaseScriptingObjects (0ms)
		CreateAndSetChildDomain (59ms)
	RebuildCommonClasses (37ms)
	RebuildNativeTypeToScriptingClass (13ms)
	initialDomainReloadingComplete (34ms)
	LoadAllAssembliesAndSetupDomain (536ms)
		LoadAssemblies (420ms)
		RebuildTransferFunctionScriptingTraits (0ms)
		AnalyzeDomain (223ms)
			TypeCache.Refresh (7ms)
				TypeCache.ScanAssembly (0ms)
			BuildScriptInfoCaches (201ms)
			ResolveRequiredComponents (10ms)
	FinalizeReload (1064ms)
		ReleaseScriptCaches (0ms)
		RebuildScriptCaches (0ms)
		SetupLoadedEditorAssemblies (865ms)
			LogAssemblyErrors (0ms)
			InitializePlatformSupportModulesInManaged (3ms)
			SetLoadedEditorAssemblies (9ms)
			BeforeProcessingInitializeOnLoad (245ms)
			ProcessInitializeOnLoadAttributes (489ms)
			ProcessInitializeOnLoadMethodAttributes (109ms)
			AfterProcessingInitializeOnLoad (9ms)
			EditorAssembliesLoaded (1ms)
		ExecutionOrderSort2 (0ms)
		AwakeInstancesAfterBackupRestoration (22ms)
Refreshing native plugins compatible for Editor in 2.62 ms, found 4 plugins.
Preloading 0 native plugins for Editor in 0.00 ms.
Unloading 16 Unused Serialized files (Serialized files now loaded: 0)
Unloading 7003 unused Assets / (4.2 MB). Loaded Objects now: 7849.
Memory consumption went from 156.9 MB to 152.7 MB.
Total: 22.467400 ms (FindLiveObjects: 1.863200 ms CreateObjectMapping: 2.309200 ms MarkObjects: 12.453200 ms  DeleteObjects: 5.838900 ms)

Prepare: number of updated asset objects reloaded= 0
========================================================================
Received Prepare
Begin MonoManager ReloadAssembly
[Licensing::Client] Successfully resolved entitlement details
- Loaded All Assemblies, in  0.894 seconds
Refreshing native plugins compatible for Editor in 1.88 ms, found 4 plugins.
Native extension for WindowsStandalone target not found
Native extension for WebGL target not found
[Package Manager] Failed to launch server process. Reason: Unity was launched with the -noUpm command-line argument
[Package Manager] Unable to send message (not connected to server process).
[Package Manager] Cannot connect to Unity Package Manager local server
ScheduleIndexationOnStartup MainProcess:False IndexOnStartup:True
Mono: successfully reloaded assembly
- Finished resetting the current domain, in  1.484 seconds
Domain Reload Profiling: 2376ms
	BeginReloadAssembly (243ms)
		ExecutionOrderSort (0ms)
		DisableScriptedObjects (16ms)
		BackupInstance (0ms)
		ReleaseScriptingObjects (2ms)
		CreateAndSetChildDomain (58ms)
	RebuildCommonClasses (36ms)
	RebuildNativeTypeToScriptingClass (13ms)
	initialDomainReloadingComplete (31ms)
	LoadAllAssembliesAndSetupDomain (568ms)
		LoadAssemblies (454ms)
		RebuildTransferFunctionScriptingTraits (0ms)
		AnalyzeDomain (220ms)
			TypeCache.Refresh (8ms)
				TypeCache.ScanAssembly (0ms)
			BuildScriptInfoCaches (196ms)
			ResolveRequiredComponents (11ms)
	FinalizeReload (1485ms)
		ReleaseScriptCaches (0ms)
		RebuildScriptCaches (0ms)
		SetupLoadedEditorAssemblies (1245ms)
			LogAssemblyErrors (0ms)
			InitializePlatformSupportModulesInManaged (4ms)
			SetLoadedEditorAssemblies (11ms)
			BeforeProcessingInitializeOnLoad (251ms)
			ProcessInitializeOnLoadAttributes (729ms)
			ProcessInitializeOnLoadMethodAttributes (232ms)
			AfterProcessingInitializeOnLoad (16ms)
			EditorAssembliesLoaded (1ms)
		ExecutionOrderSort2 (0ms)
		AwakeInstancesAfterBackupRestoration (29ms)
Refreshing native plugins compatible for Editor in 2.82 ms, found 4 plugins.
Preloading 0 native plugins for Editor in 0.00 ms.
Unloading 16 Unused Serialized files (Serialized files now loaded: 0)
Unloading 7003 unused Assets / (4.4 MB). Loaded Objects now: 7852.
Memory consumption went from 157.0 MB to 152.6 MB.
Total: 14.657300 ms (FindLiveObjects: 0.730100 ms CreateObjectMapping: 1.471900 ms MarkObjects: 8.845800 ms  DeleteObjects: 3.608000 ms)

Prepare: number of updated asset objects reloaded= 0
========================================================================
Received Prepare
Refreshing native plugins compatible for Editor in 3.16 ms, found 4 plugins.
Preloading 0 native plugins for Editor in 0.00 ms.
Unloading 16 Unused Serialized files (Serialized files now loaded: 0)
Unloading 6994 unused Assets / (3.5 MB). Loaded Objects now: 7853.
Memory consumption went from 157.2 MB to 153.7 MB.
Total: 123.888600 ms (FindLiveObjects: 1.601200 ms CreateObjectMapping: 1.390400 ms MarkObjects: 110.637000 ms  DeleteObjects: 10.257900 ms)

Prepare: number of updated asset objects reloaded= 0
========================================================================
Received Prepare
Begin MonoManager ReloadAssembly
[Licensing::Client] Successfully resolved entitlement details
- Loaded All Assemblies, in  2.179 seconds
Refreshing native plugins compatible for Editor in 2.03 ms, found 4 plugins.
Native extension for WindowsStandalone target not found
Native extension for WebGL target not found
[Package Manager] Failed to launch server process. Reason: Unity was launched with the -noUpm command-line argument
[Package Manager] Unable to send message (not connected to server process).
[Package Manager] Cannot connect to Unity Package Manager local server
ScheduleIndexationOnStartup MainProcess:False IndexOnStartup:True
Mono: successfully reloaded assembly
- Finished resetting the current domain, in  0.837 seconds
Domain Reload Profiling: 3014ms
	BeginReloadAssembly (474ms)
		ExecutionOrderSort (0ms)
		DisableScriptedObjects (40ms)
		BackupInstance (0ms)
		ReleaseScriptingObjects (0ms)
		CreateAndSetChildDomain (122ms)
	RebuildCommonClasses (117ms)
	RebuildNativeTypeToScriptingClass (14ms)
	initialDomainReloadingComplete (37ms)
	LoadAllAssembliesAndSetupDomain (1534ms)
		LoadAssemblies (1473ms)
		RebuildTransferFunctionScriptingTraits (0ms)
		AnalyzeDomain (294ms)
			TypeCache.Refresh (22ms)
				TypeCache.ScanAssembly (1ms)
			BuildScriptInfoCaches (254ms)
			ResolveRequiredComponents (11ms)
	FinalizeReload (838ms)
		ReleaseScriptCaches (0ms)
		RebuildScriptCaches (0ms)
		SetupLoadedEditorAssemblies (627ms)
			LogAssemblyErrors (0ms)
			InitializePlatformSupportModulesInManaged (3ms)
			SetLoadedEditorAssemblies (6ms)
			BeforeProcessingInitializeOnLoad (173ms)
			ProcessInitializeOnLoadAttributes (359ms)
			ProcessInitializeOnLoadMethodAttributes (76ms)
			AfterProcessingInitializeOnLoad (8ms)
			EditorAssembliesLoaded (0ms)
		ExecutionOrderSort2 (0ms)
		AwakeInstancesAfterBackupRestoration (16ms)
Refreshing native plugins compatible for Editor in 1.87 ms, found 4 plugins.
Preloading 0 native plugins for Editor in 0.00 ms.
Unloading 16 Unused Serialized files (Serialized files now loaded: 0)
Unloading 7004 unused Assets / (4.4 MB). Loaded Objects now: 7856.
Memory consumption went from 157.1 MB to 152.7 MB.
Total: 9.508300 ms (FindLiveObjects: 0.742600 ms CreateObjectMapping: 0.529200 ms MarkObjects: 5.325000 ms  DeleteObjects: 2.910600 ms)

Prepare: number of updated asset objects reloaded= 0
========================================================================
Received Import Request.
  Time since last request: 31299.327227 seconds.
  path: Assets/Aztech Games/PC&ConsoleButtonsIcons/Keyboard/1.png
  artifactKey: Guid(f763c6672bbcca641ac50ef4ea4b33ee) Importer(815301076,1909f56bfc062723c751e8b465ee728b)
Start importing Assets/Aztech Games/PC&ConsoleButtonsIcons/Keyboard/1.png using Guid(f763c6672bbcca641ac50ef4ea4b33ee) Importer(815301076,1909f56bfc062723c751e8b465ee728b) (PreviewImporter) -> (artifact id: 'df8e35739508d4dd56410e5739293416') in 0.2024058 seconds
Number of updated asset objects reloaded before import = 0Number of asset objects unloaded after import = 3

========================================================================
Received Import Request.
  Time since last request: 0.000088 seconds.
  path: Assets/Aztech Games/PC&ConsoleButtonsIcons/Keyboard/arrowR.png
  artifactKey: Guid(ef9f1ea596fe27c47a2d2d3958654f6c) Importer(815301076,1909f56bfc062723c751e8b465ee728b)
Start importing Assets/Aztech Games/PC&ConsoleButtonsIcons/Keyboard/arrowR.png using Guid(ef9f1ea596fe27c47a2d2d3958654f6c) Importer(815301076,1909f56bfc062723c751e8b465ee728b) (PreviewImporter) -> (artifact id: '9440d8624284fe6596ba5120f1f85e0d') in 0.0227416 seconds
Number of updated asset objects reloaded before import = 0Number of asset objects unloaded after import = 3

========================================================================
Received Import Request.
  Time since last request: 0.000079 seconds.
  path: Assets/Aztech Games/PC&ConsoleButtonsIcons/Keyboard/backslash.png
  artifactKey: Guid(d13d5bb33975b3b4882bb9dd35fa01e1) Importer(815301076,1909f56bfc062723c751e8b465ee728b)
Start importing Assets/Aztech Games/PC&ConsoleButtonsIcons/Keyboard/backslash.png using Guid(d13d5bb33975b3b4882bb9dd35fa01e1) Importer(815301076,1909f56bfc062723c751e8b465ee728b) (PreviewImporter) -> (artifact id: '260400fa49f75cb23ad1f08aec94668f') in 0.0211312 seconds
Number of updated asset objects reloaded before import = 0Number of asset objects unloaded after import = 3

========================================================================
Received Import Request.
  Time since last request: 0.000022 seconds.
  path: Assets/Aztech Games/PC&ConsoleButtonsIcons/Keyboard/8.png
  artifactKey: Guid(81bc61344f1eabd45b02f0a25b2889e1) Importer(815301076,1909f56bfc062723c751e8b465ee728b)
Start importing Assets/Aztech Games/PC&ConsoleButtonsIcons/Keyboard/8.png using Guid(81bc61344f1eabd45b02f0a25b2889e1) Importer(815301076,1909f56bfc062723c751e8b465ee728b) (PreviewImporter) -> (artifact id: '2b8e72f220bbbb6a8c4c2c8d2b72214e') in 0.0260775 seconds
Number of updated asset objects reloaded before import = 0Number of asset objects unloaded after import = 3

========================================================================
Received Import Request.
  Time since last request: 0.000038 seconds.
  path: Assets/Aztech Games/PC&ConsoleButtonsIcons/Keyboard/alt.png
  artifactKey: Guid(2b05b1be5c90e53488f6073f7f0d79a8) Importer(815301076,1909f56bfc062723c751e8b465ee728b)
Start importing Assets/Aztech Games/PC&ConsoleButtonsIcons/Keyboard/alt.png using Guid(2b05b1be5c90e53488f6073f7f0d79a8) Importer(815301076,1909f56bfc062723c751e8b465ee728b) (PreviewImporter) -> (artifact id: '8c9104649a99b4f266e18a08d78ea768') in 0.0238226 seconds
Number of updated asset objects reloaded before import = 0Number of asset objects unloaded after import = 3

========================================================================
Received Import Request.
  Time since last request: 0.000032 seconds.
  path: Assets/Aztech Games/PC&ConsoleButtonsIcons/Keyboard/arrowD.png
  artifactKey: Guid(8c8fbd64f284e8746b76f7eace8ab6bb) Importer(815301076,1909f56bfc062723c751e8b465ee728b)
Start importing Assets/Aztech Games/PC&ConsoleButtonsIcons/Keyboard/arrowD.png using Guid(8c8fbd64f284e8746b76f7eace8ab6bb) Importer(815301076,1909f56bfc062723c751e8b465ee728b) (PreviewImporter) -> (artifact id: 'b96df59a198443cc37d001c7037cc5cf') in 0.0258723 seconds
Number of updated asset objects reloaded before import = 0Number of asset objects unloaded after import = 3

========================================================================
Received Import Request.
  Time since last request: 0.000046 seconds.
  path: Assets/Aztech Games/PC&ConsoleButtonsIcons/Keyboard/9.png
  artifactKey: Guid(f64d497e82290c74a96dfe8b595ba802) Importer(815301076,1909f56bfc062723c751e8b465ee728b)
Start importing Assets/Aztech Games/PC&ConsoleButtonsIcons/Keyboard/9.png using Guid(f64d497e82290c74a96dfe8b595ba802) Importer(815301076,1909f56bfc062723c751e8b465ee728b) (PreviewImporter) -> (artifact id: 'b53fa96047dab588400685651154cd77') in 0.0256195 seconds
Number of updated asset objects reloaded before import = 0Number of asset objects unloaded after import = 3

========================================================================
Received Import Request.
  Time since last request: 0.000026 seconds.
  path: Assets/Aztech Games/PC&ConsoleButtonsIcons/Keyboard/ctrl.png
  artifactKey: Guid(b31fdc6ff3eac33479caf8bf5d1b8248) Importer(815301076,1909f56bfc062723c751e8b465ee728b)
Start importing Assets/Aztech Games/PC&ConsoleButtonsIcons/Keyboard/ctrl.png using Guid(b31fdc6ff3eac33479caf8bf5d1b8248) Importer(815301076,1909f56bfc062723c751e8b465ee728b) (PreviewImporter) -> (artifact id: '737b25668f34caae080bdf750a7fc273') in 0.031559 seconds
Number of updated asset objects reloaded before import = 0Number of asset objects unloaded after import = 3

========================================================================
Received Import Request.
  Time since last request: 0.000050 seconds.
  path: Assets/Aztech Games/PC&ConsoleButtonsIcons/Keyboard/angleBracketL (2).png
  artifactKey: Guid(118cff6925c194c4ab9bc6375d68655f) Importer(815301076,1909f56bfc062723c751e8b465ee728b)
Start importing Assets/Aztech Games/PC&ConsoleButtonsIcons/Keyboard/angleBracketL (2).png using Guid(118cff6925c194c4ab9bc6375d68655f) Importer(815301076,1909f56bfc062723c751e8b465ee728b) (PreviewImporter) -> (artifact id: 'dbd17ef7ff75ab72e78749f269c4b7c6') in 0.0216067 seconds
Number of updated asset objects reloaded before import = 0Number of asset objects unloaded after import = 3

========================================================================
Received Import Request.
  Time since last request: 0.000038 seconds.
  path: Assets/Aztech Games/PC&ConsoleButtonsIcons/Keyboard/5.png
  artifactKey: Guid(731e921102ca3bc4c9c0f2dc13bab74d) Importer(815301076,1909f56bfc062723c751e8b465ee728b)
Start importing Assets/Aztech Games/PC&ConsoleButtonsIcons/Keyboard/5.png using Guid(731e921102ca3bc4c9c0f2dc13bab74d) Importer(815301076,1909f56bfc062723c751e8b465ee728b) (PreviewImporter) -> (artifact id: '5babbc22366b0c48c3a39cbd4e7f7529') in 0.0274141 seconds
Number of updated asset objects reloaded before import = 0Number of asset objects unloaded after import = 3

========================================================================
Received Import Request.
  Time since last request: 0.000076 seconds.
  path: Assets/Aztech Games/PC&ConsoleButtonsIcons/Keyboard/3.png
  artifactKey: Guid(06a9d7531060fa844a694aba9c722f2d) Importer(815301076,1909f56bfc062723c751e8b465ee728b)
Start importing Assets/Aztech Games/PC&ConsoleButtonsIcons/Keyboard/3.png using Guid(06a9d7531060fa844a694aba9c722f2d) Importer(815301076,1909f56bfc062723c751e8b465ee728b) (PreviewImporter) -> (artifact id: '444a8244df01f2c50fccfd7942264c75') in 0.1357539 seconds
Number of updated asset objects reloaded before import = 0Number of asset objects unloaded after import = 3

========================================================================
Received Import Request.
  Time since last request: 0.000027 seconds.
  path: Assets/Aztech Games/PC&ConsoleButtonsIcons/Keyboard/delete.png
  artifactKey: Guid(b6b2542fd7313c5418718d5c04834b6c) Importer(815301076,1909f56bfc062723c751e8b465ee728b)
Start importing Assets/Aztech Games/PC&ConsoleButtonsIcons/Keyboard/delete.png using Guid(b6b2542fd7313c5418718d5c04834b6c) Importer(815301076,1909f56bfc062723c751e8b465ee728b) (PreviewImporter) -> (artifact id: 'ba8240fca3a35c444d19ca17169865aa') in 0.0217832 seconds
Number of updated asset objects reloaded before import = 0Number of asset objects unloaded after import = 3

========================================================================
Received Import Request.
  Time since last request: 0.000041 seconds.
  path: Assets/Aztech Games/PC&ConsoleButtonsIcons/Keyboard/doublelessthan.png
  artifactKey: Guid(b2b41fc02735c1e43bab82eeff31e0c1) Importer(815301076,1909f56bfc062723c751e8b465ee728b)
Start importing Assets/Aztech Games/PC&ConsoleButtonsIcons/Keyboard/doublelessthan.png using Guid(b2b41fc02735c1e43bab82eeff31e0c1) Importer(815301076,1909f56bfc062723c751e8b465ee728b) (PreviewImporter) -> (artifact id: 'ccb17a14aa9271d2b57e6cc731f55349') in 0.0222028 seconds
Number of updated asset objects reloaded before import = 0Number of asset objects unloaded after import = 3

========================================================================
Received Import Request.
  Time since last request: 0.000027 seconds.
  path: Assets/Aztech Games/PC&ConsoleButtonsIcons/Keyboard/f.png
  artifactKey: Guid(d2fb17bdd8165c14db2ff76446f1bba4) Importer(815301076,1909f56bfc062723c751e8b465ee728b)
Start importing Assets/Aztech Games/PC&ConsoleButtonsIcons/Keyboard/f.png using Guid(d2fb17bdd8165c14db2ff76446f1bba4) Importer(815301076,1909f56bfc062723c751e8b465ee728b) (PreviewImporter) -> (artifact id: '72eb8d74e15c348141f94d9767912914') in 0.0208081 seconds
Number of updated asset objects reloaded before import = 0Number of asset objects unloaded after import = 3

========================================================================
Received Import Request.
  Time since last request: 0.000036 seconds.
  path: Assets/Aztech Games/PC&ConsoleButtonsIcons/Keyboard/f4.png
  artifactKey: Guid(4374455d5028d2548a51ebc76f77365d) Importer(815301076,1909f56bfc062723c751e8b465ee728b)
Start importing Assets/Aztech Games/PC&ConsoleButtonsIcons/Keyboard/f4.png using Guid(4374455d5028d2548a51ebc76f77365d) Importer(815301076,1909f56bfc062723c751e8b465ee728b) (PreviewImporter) -> (artifact id: '7be80f92cfc25ef411aeb687349648f2') in 0.0242207 seconds
Number of updated asset objects reloaded before import = 0Number of asset objects unloaded after import = 3

========================================================================
Received Import Request.
  Time since last request: 0.000041 seconds.
  path: Assets/Aztech Games/PC&ConsoleButtonsIcons/Keyboard/endash.png
  artifactKey: Guid(2be1c318327a9914f837453d9dc25a52) Importer(815301076,1909f56bfc062723c751e8b465ee728b)
Start importing Assets/Aztech Games/PC&ConsoleButtonsIcons/Keyboard/endash.png using Guid(2be1c318327a9914f837453d9dc25a52) Importer(815301076,1909f56bfc062723c751e8b465ee728b) (PreviewImporter) -> (artifact id: '68b6311ebd98f9926c1194fb99ca76b3') in 0.0207407 seconds
Number of updated asset objects reloaded before import = 0Number of asset objects unloaded after import = 3

========================================================================
Received Import Request.
  Time since last request: 0.000065 seconds.
  path: Assets/Aztech Games/PC&ConsoleButtonsIcons/Keyboard/exclamation.png
  artifactKey: Guid(47414c149dab69648957365eac0ba022) Importer(815301076,1909f56bfc062723c751e8b465ee728b)
Start importing Assets/Aztech Games/PC&ConsoleButtonsIcons/Keyboard/exclamation.png using Guid(47414c149dab69648957365eac0ba022) Importer(815301076,1909f56bfc062723c751e8b465ee728b) (PreviewImporter) -> (artifact id: 'e9d72bfc6420cc8b4260c37cde8b8bf9') in 0.0280322 seconds
Number of updated asset objects reloaded before import = 0Number of asset objects unloaded after import = 3

========================================================================
Received Import Request.
  Time since last request: 0.000042 seconds.
  path: Assets/Aztech Games/PC&ConsoleButtonsIcons/Keyboard/f2.png
  artifactKey: Guid(c675dd7407bc0cc4790011986574ef2f) Importer(815301076,1909f56bfc062723c751e8b465ee728b)
Start importing Assets/Aztech Games/PC&ConsoleButtonsIcons/Keyboard/f2.png using Guid(c675dd7407bc0cc4790011986574ef2f) Importer(815301076,1909f56bfc062723c751e8b465ee728b) (PreviewImporter) -> (artifact id: 'd5c5e6d7978a4f498d4dc618804cbe5c') in 0.0439659 seconds
Number of updated asset objects reloaded before import = 0Number of asset objects unloaded after import = 3

========================================================================
Received Import Request.
  Time since last request: 0.000044 seconds.
  path: Assets/Aztech Games/PC&ConsoleButtonsIcons/Keyboard/end.png
  artifactKey: Guid(e59ba0e1d19d85e4e9fd569cc0898e54) Importer(815301076,1909f56bfc062723c751e8b465ee728b)
Start importing Assets/Aztech Games/PC&ConsoleButtonsIcons/Keyboard/end.png using Guid(e59ba0e1d19d85e4e9fd569cc0898e54) Importer(815301076,1909f56bfc062723c751e8b465ee728b) (PreviewImporter) -> (artifact id: '1378424401acac6ce5c80888be410238') in 0.028457 seconds
Number of updated asset objects reloaded before import = 0Number of asset objects unloaded after import = 3

========================================================================
Received Import Request.
  Time since last request: 0.000028 seconds.
  path: Assets/Aztech Games/PC&ConsoleButtonsIcons/Keyboard/equal.png
  artifactKey: Guid(746c65263f4df8445ae07cc8310faa65) Importer(815301076,1909f56bfc062723c751e8b465ee728b)
Start importing Assets/Aztech Games/PC&ConsoleButtonsIcons/Keyboard/equal.png using Guid(746c65263f4df8445ae07cc8310faa65) Importer(815301076,1909f56bfc062723c751e8b465ee728b) (PreviewImporter) -> (artifact id: 'ef06c710687ee06336d3a625a2770109') in 0.0438144 seconds
Number of updated asset objects reloaded before import = 0Number of asset objects unloaded after import = 3

========================================================================
Received Import Request.
  Time since last request: 0.000040 seconds.
  path: Assets/Aztech Games/PC&ConsoleButtonsIcons/Keyboard/ampersand.png
  artifactKey: Guid(158c72f8dc13e5549aceb281f8f9a310) Importer(815301076,1909f56bfc062723c751e8b465ee728b)
Start importing Assets/Aztech Games/PC&ConsoleButtonsIcons/Keyboard/ampersand.png using Guid(158c72f8dc13e5549aceb281f8f9a310) Importer(815301076,1909f56bfc062723c751e8b465ee728b) (PreviewImporter) -> (artifact id: '8e3d9b92c0b94f3dea74e962ed2bf8bb') in 0.0638209 seconds
Number of updated asset objects reloaded before import = 0Number of asset objects unloaded after import = 3

========================================================================
Received Import Request.
  Time since last request: 0.000021 seconds.
  path: Assets/Aztech Games/PC&ConsoleButtonsIcons/Keyboard/capslock.png
  artifactKey: Guid(2f05265a4e205194d80a263776e2631a) Importer(815301076,1909f56bfc062723c751e8b465ee728b)
Start importing Assets/Aztech Games/PC&ConsoleButtonsIcons/Keyboard/capslock.png using Guid(2f05265a4e205194d80a263776e2631a) Importer(815301076,1909f56bfc062723c751e8b465ee728b) (PreviewImporter) -> (artifact id: '58c325a084b540cc5181b4d83f9d29ce') in 0.0212877 seconds
Number of updated asset objects reloaded before import = 0Number of asset objects unloaded after import = 3

========================================================================
Received Import Request.
  Time since last request: 0.000024 seconds.
  path: Assets/Aztech Games/PC&ConsoleButtonsIcons/Keyboard/a.png
  artifactKey: Guid(a62f620066ba1944a9d1dac34fe92fe6) Importer(815301076,1909f56bfc062723c751e8b465ee728b)
Start importing Assets/Aztech Games/PC&ConsoleButtonsIcons/Keyboard/a.png using Guid(a62f620066ba1944a9d1dac34fe92fe6) Importer(815301076,1909f56bfc062723c751e8b465ee728b) (PreviewImporter) -> (artifact id: '15ad69c433fcd2037329aad6e71ac8d8') in 0.0205458 seconds
Number of updated asset objects reloaded before import = 0Number of asset objects unloaded after import = 3

========================================================================
Received Import Request.
  Time since last request: 0.000019 seconds.
  path: Assets/Aztech Games/PC&ConsoleButtonsIcons/Keyboard/apostrophe.png
  artifactKey: Guid(ad9a7db1257f7504f8b8ece55b99affa) Importer(815301076,1909f56bfc062723c751e8b465ee728b)
Start importing Assets/Aztech Games/PC&ConsoleButtonsIcons/Keyboard/apostrophe.png using Guid(ad9a7db1257f7504f8b8ece55b99affa) Importer(815301076,1909f56bfc062723c751e8b465ee728b) (PreviewImporter) -> (artifact id: '9402a01ec2b37ed42359e75d7bb160c8') in 0.0204334 seconds
Number of updated asset objects reloaded before import = 0Number of asset objects unloaded after import = 3

========================================================================
Received Import Request.
  Time since last request: 0.146170 seconds.
  path: Assets/Aztech Games/PC&ConsoleButtonsIcons/Keyboard_White/1.png
  artifactKey: Guid(dd2e422defd8d1846b511fe50792e78d) Importer(815301076,1909f56bfc062723c751e8b465ee728b)
Start importing Assets/Aztech Games/PC&ConsoleButtonsIcons/Keyboard_White/1.png using Guid(dd2e422defd8d1846b511fe50792e78d) Importer(815301076,1909f56bfc062723c751e8b465ee728b) (PreviewImporter) -> (artifact id: '324fd216ae27a7046233392acfa16195') in 0.0161468 seconds
Number of updated asset objects reloaded before import = 0Number of asset objects unloaded after import = 3

========================================================================
Received Import Request.
  Time since last request: 0.000024 seconds.
  path: Assets/Aztech Games/PC&ConsoleButtonsIcons/Keyboard_White/4.png
  artifactKey: Guid(4f8c3bc4dad69a84da102ebe03b559ae) Importer(815301076,1909f56bfc062723c751e8b465ee728b)
Start importing Assets/Aztech Games/PC&ConsoleButtonsIcons/Keyboard_White/4.png using Guid(4f8c3bc4dad69a84da102ebe03b559ae) Importer(815301076,1909f56bfc062723c751e8b465ee728b) (PreviewImporter) -> (artifact id: 'bff8031738891082d9dab2bc9dbf06e7') in 0.0175235 seconds
Number of updated asset objects reloaded before import = 0Number of asset objects unloaded after import = 3

========================================================================
Received Import Request.
  Time since last request: 0.000021 seconds.
  path: Assets/Aztech Games/PC&ConsoleButtonsIcons/Keyboard_White/ampersand.png
  artifactKey: Guid(e1434d8020e617d4ba7258b21b2f071d) Importer(815301076,1909f56bfc062723c751e8b465ee728b)
Start importing Assets/Aztech Games/PC&ConsoleButtonsIcons/Keyboard_White/ampersand.png using Guid(e1434d8020e617d4ba7258b21b2f071d) Importer(815301076,1909f56bfc062723c751e8b465ee728b) (PreviewImporter) -> (artifact id: '7147cf7225eeef3fb4b0bb2e2550b93e') in 0.0172645 seconds
Number of updated asset objects reloaded before import = 0Number of asset objects unloaded after import = 3

========================================================================
Received Import Request.
  Time since last request: 0.000036 seconds.
  path: Assets/Aztech Games/PC&ConsoleButtonsIcons/Keyboard_White/9.png
  artifactKey: Guid(fb9a17bcd68d1cc4ea73365434676bdf) Importer(815301076,1909f56bfc062723c751e8b465ee728b)
Start importing Assets/Aztech Games/PC&ConsoleButtonsIcons/Keyboard_White/9.png using Guid(fb9a17bcd68d1cc4ea73365434676bdf) Importer(815301076,1909f56bfc062723c751e8b465ee728b) (PreviewImporter) -> (artifact id: '75e88c6410f0157c89371d2737758157') in 0.0199506 seconds
Number of updated asset objects reloaded before import = 0Number of asset objects unloaded after import = 3

========================================================================
Received Import Request.
  Time since last request: 0.000020 seconds.
  path: Assets/Aztech Games/PC&ConsoleButtonsIcons/Keyboard_White/ctrl.png
  artifactKey: Guid(c95a2255c8165ab489094891cea3cd5f) Importer(815301076,1909f56bfc062723c751e8b465ee728b)
Start importing Assets/Aztech Games/PC&ConsoleButtonsIcons/Keyboard_White/ctrl.png using Guid(c95a2255c8165ab489094891cea3cd5f) Importer(815301076,1909f56bfc062723c751e8b465ee728b) (PreviewImporter) -> (artifact id: '7a8ef239efcf3941b9feedefeb6148cd') in 0.0231407 seconds
Number of updated asset objects reloaded before import = 0Number of asset objects unloaded after import = 3

========================================================================
Received Import Request.
  Time since last request: 0.000016 seconds.
  path: Assets/Aztech Games/PC&ConsoleButtonsIcons/Keyboard_White/6.png
  artifactKey: Guid(0eda5e0ad7ff22645bfb1a3ce0b03e06) Importer(815301076,1909f56bfc062723c751e8b465ee728b)
Start importing Assets/Aztech Games/PC&ConsoleButtonsIcons/Keyboard_White/6.png using Guid(0eda5e0ad7ff22645bfb1a3ce0b03e06) Importer(815301076,1909f56bfc062723c751e8b465ee728b) (PreviewImporter) -> (artifact id: '39ab1af8bc26bbcf6a9ad77ceed7b07d') in 0.0208373 seconds
Number of updated asset objects reloaded before import = 0Number of asset objects unloaded after import = 3

========================================================================
Received Import Request.
  Time since last request: 0.000023 seconds.
  path: Assets/Aztech Games/PC&ConsoleButtonsIcons/Keyboard_White/5.png
  artifactKey: Guid(d207acfe125da0b4cbefcdabccfa7056) Importer(815301076,1909f56bfc062723c751e8b465ee728b)
Start importing Assets/Aztech Games/PC&ConsoleButtonsIcons/Keyboard_White/5.png using Guid(d207acfe125da0b4cbefcdabccfa7056) Importer(815301076,1909f56bfc062723c751e8b465ee728b) (PreviewImporter) -> (artifact id: '72fc92afb89fe6ef67f8288cf3aef5f9') in 0.0240835 seconds
Number of updated asset objects reloaded before import = 0Number of asset objects unloaded after import = 3

========================================================================
Received Import Request.
  Time since last request: 0.000033 seconds.
  path: Assets/Aztech Games/PC&ConsoleButtonsIcons/Keyboard_White/d.png
  artifactKey: Guid(89092ecea3625da4495d5b65a41eda6f) Importer(815301076,1909f56bfc062723c751e8b465ee728b)
Start importing Assets/Aztech Games/PC&ConsoleButtonsIcons/Keyboard_White/d.png using Guid(89092ecea3625da4495d5b65a41eda6f) Importer(815301076,1909f56bfc062723c751e8b465ee728b) (PreviewImporter) -> (artifact id: '8baa427a4a00c337531471e323fd53af') in 0.0226921 seconds
Number of updated asset objects reloaded before import = 0Number of asset objects unloaded after import = 3

========================================================================
Received Import Request.
  Time since last request: 0.000020 seconds.
  path: Assets/Aztech Games/PC&ConsoleButtonsIcons/Keyboard_White/delete.png
  artifactKey: Guid(57e2eee90f90b8b45a5a0dc53a2e40cc) Importer(815301076,1909f56bfc062723c751e8b465ee728b)
Start importing Assets/Aztech Games/PC&ConsoleButtonsIcons/Keyboard_White/delete.png using Guid(57e2eee90f90b8b45a5a0dc53a2e40cc) Importer(815301076,1909f56bfc062723c751e8b465ee728b) (PreviewImporter) -> (artifact id: 'a15d9f11191b5ff0889c5690aaa7c0a8') in 0.024113 seconds
Number of updated asset objects reloaded before import = 0Number of asset objects unloaded after import = 3

========================================================================
Received Import Request.
  Time since last request: 0.000018 seconds.
  path: Assets/Aztech Games/PC&ConsoleButtonsIcons/Keyboard_White/backSlash.png
  artifactKey: Guid(6099e8e5843a94b43910c87e5bca8af4) Importer(815301076,1909f56bfc062723c751e8b465ee728b)
Start importing Assets/Aztech Games/PC&ConsoleButtonsIcons/Keyboard_White/backSlash.png using Guid(6099e8e5843a94b43910c87e5bca8af4) Importer(815301076,1909f56bfc062723c751e8b465ee728b) (PreviewImporter) -> (artifact id: '84995a6bb33af3052fdf747ceaca61b3') in 0.0227899 seconds
Number of updated asset objects reloaded before import = 0Number of asset objects unloaded after import = 3

========================================================================
Received Import Request.
  Time since last request: 0.000030 seconds.
  path: Assets/Aztech Games/PC&ConsoleButtonsIcons/Keyboard_White/2.png
  artifactKey: Guid(424def0d77e493a4fb8c7a539ffd48e5) Importer(815301076,1909f56bfc062723c751e8b465ee728b)
Start importing Assets/Aztech Games/PC&ConsoleButtonsIcons/Keyboard_White/2.png using Guid(424def0d77e493a4fb8c7a539ffd48e5) Importer(815301076,1909f56bfc062723c751e8b465ee728b) (PreviewImporter) -> (artifact id: '67e9be0d3284c14249cb7597c2b90d42') in 0.027426 seconds
Number of updated asset objects reloaded before import = 0Number of asset objects unloaded after import = 3

========================================================================
Received Import Request.
  Time since last request: 0.000107 seconds.
  path: Assets/Aztech Games/PC&ConsoleButtonsIcons/Keyboard_White/a.png
  artifactKey: Guid(e3b8117d1c2e7fa44aed95a2468e7d52) Importer(815301076,1909f56bfc062723c751e8b465ee728b)
Start importing Assets/Aztech Games/PC&ConsoleButtonsIcons/Keyboard_White/a.png using Guid(e3b8117d1c2e7fa44aed95a2468e7d52) Importer(815301076,1909f56bfc062723c751e8b465ee728b) (PreviewImporter) -> (artifact id: '44e54354e13a1aff86c072202a439267') in 0.0227307 seconds
Number of updated asset objects reloaded before import = 0Number of asset objects unloaded after import = 3

========================================================================
Received Import Request.
  Time since last request: 0.000019 seconds.
  path: Assets/Aztech Games/PC&ConsoleButtonsIcons/Keyboard_White/arrowL.png
  artifactKey: Guid(77f082b3445381f499dc55aa8afa3ca0) Importer(815301076,1909f56bfc062723c751e8b465ee728b)
Start importing Assets/Aztech Games/PC&ConsoleButtonsIcons/Keyboard_White/arrowL.png using Guid(77f082b3445381f499dc55aa8afa3ca0) Importer(815301076,1909f56bfc062723c751e8b465ee728b) (PreviewImporter) -> (artifact id: 'a836d8a5c06a07c25d4ef9ab99a2192b') in 0.021632 seconds
Number of updated asset objects reloaded before import = 0Number of asset objects unloaded after import = 3

========================================================================
Received Import Request.
  Time since last request: 0.000019 seconds.
  path: Assets/Aztech Games/PC&ConsoleButtonsIcons/Keyboard_White/anglerbracketL.png
  artifactKey: Guid(502f29e11037e7f429bc7af0ba1e79ba) Importer(815301076,1909f56bfc062723c751e8b465ee728b)
Start importing Assets/Aztech Games/PC&ConsoleButtonsIcons/Keyboard_White/anglerbracketL.png using Guid(502f29e11037e7f429bc7af0ba1e79ba) Importer(815301076,1909f56bfc062723c751e8b465ee728b) (PreviewImporter) -> (artifact id: 'a47fbd050a5c236682e96710c3dcd54b') in 0.0213451 seconds
Number of updated asset objects reloaded before import = 0Number of asset objects unloaded after import = 3

========================================================================
Received Import Request.
  Time since last request: 0.000028 seconds.
  path: Assets/Aztech Games/PC&ConsoleButtonsIcons/Mockups/keyboard_White.png
  artifactKey: Guid(a40105cc7a2004a4aac0f1f5899458ec) Importer(815301076,1909f56bfc062723c751e8b465ee728b)
Start importing Assets/Aztech Games/PC&ConsoleButtonsIcons/Mockups/keyboard_White.png using Guid(a40105cc7a2004a4aac0f1f5899458ec) Importer(815301076,1909f56bfc062723c751e8b465ee728b) (PreviewImporter) -> (artifact id: 'a082bcdc824531073ecbba88de3dd728') in 0.0221568 seconds
Number of updated asset objects reloaded before import = 0Number of asset objects unloaded after import = 3

========================================================================
Received Import Request.
  Time since last request: 0.000041 seconds.
  path: Assets/Aztech Games/PC&ConsoleButtonsIcons/Mockups/ps5_White.png
  artifactKey: Guid(6d120a06241046840a21b26f2812faa3) Importer(815301076,1909f56bfc062723c751e8b465ee728b)
Start importing Assets/Aztech Games/PC&ConsoleButtonsIcons/Mockups/ps5_White.png using Guid(6d120a06241046840a21b26f2812faa3) Importer(815301076,1909f56bfc062723c751e8b465ee728b) (PreviewImporter) -> (artifact id: 'ca76217a13bb8bcea0eec34cc70c1e43') in 0.0244421 seconds
Number of updated asset objects reloaded before import = 0Number of asset objects unloaded after import = 3

========================================================================
Received Import Request.
  Time since last request: 0.000024 seconds.
  path: Assets/Aztech Games/PC&ConsoleButtonsIcons/Mockups/x.png
  artifactKey: Guid(894884b45079bc64986289aa8375df47) Importer(815301076,1909f56bfc062723c751e8b465ee728b)
Start importing Assets/Aztech Games/PC&ConsoleButtonsIcons/Mockups/x.png using Guid(894884b45079bc64986289aa8375df47) Importer(815301076,1909f56bfc062723c751e8b465ee728b) (PreviewImporter) -> (artifact id: '84d57ba89153cd5eb78970046f1ed974') in 0.0233229 seconds
Number of updated asset objects reloaded before import = 0Number of asset objects unloaded after import = 3

========================================================================
Received Import Request.
  Time since last request: 0.000021 seconds.
  path: Assets/Aztech Games/PC&ConsoleButtonsIcons/Keyboard_White/alt.png
  artifactKey: Guid(cbeeb72d62cc22c4395cb8a6e5a75ffb) Importer(815301076,1909f56bfc062723c751e8b465ee728b)
Start importing Assets/Aztech Games/PC&ConsoleButtonsIcons/Keyboard_White/alt.png using Guid(cbeeb72d62cc22c4395cb8a6e5a75ffb) Importer(815301076,1909f56bfc062723c751e8b465ee728b) (PreviewImporter) -> (artifact id: '1dae33a331b3fa9c14c17d3375b17e3d') in 0.0237523 seconds
Number of updated asset objects reloaded before import = 0Number of asset objects unloaded after import = 3

========================================================================
Received Import Request.
  Time since last request: 0.000047 seconds.
  path: Assets/Aztech Games/PC&ConsoleButtonsIcons/Keyboard_White/c.png
  artifactKey: Guid(65567b8cfed343442bf93e82fa9d0413) Importer(815301076,1909f56bfc062723c751e8b465ee728b)
Start importing Assets/Aztech Games/PC&ConsoleButtonsIcons/Keyboard_White/c.png using Guid(65567b8cfed343442bf93e82fa9d0413) Importer(815301076,1909f56bfc062723c751e8b465ee728b) (PreviewImporter) -> (artifact id: '2bd30a4f9f4af819fdfa0bc60b4e75ab') in 0.0209462 seconds
Number of updated asset objects reloaded before import = 0Number of asset objects unloaded after import = 3

========================================================================
Received Import Request.
  Time since last request: 0.000059 seconds.
  path: Assets/Aztech Games/PC&ConsoleButtonsIcons/Mockups/ps5.png
  artifactKey: Guid(a260d473ae11f974398ac0f72f0933d3) Importer(815301076,1909f56bfc062723c751e8b465ee728b)
Start importing Assets/Aztech Games/PC&ConsoleButtonsIcons/Mockups/ps5.png using Guid(a260d473ae11f974398ac0f72f0933d3) Importer(815301076,1909f56bfc062723c751e8b465ee728b) (PreviewImporter) -> (artifact id: '5ae0792c4b10d655dd5331376441c5d0') in 0.0252088 seconds
Number of updated asset objects reloaded before import = 0Number of asset objects unloaded after import = 3

========================================================================
Received Import Request.
  Time since last request: 0.000042 seconds.
  path: Assets/Aztech Games/PC&ConsoleButtonsIcons/Mockups/keyboard 2.png
  artifactKey: Guid(b4acac96d7f2b5f4c858fb3e506c1b7f) Importer(815301076,1909f56bfc062723c751e8b465ee728b)
Start importing Assets/Aztech Games/PC&ConsoleButtonsIcons/Mockups/keyboard 2.png using Guid(b4acac96d7f2b5f4c858fb3e506c1b7f) Importer(815301076,1909f56bfc062723c751e8b465ee728b) (PreviewImporter) -> (artifact id: '7d032225c1d1848ce90e3f0131e75dab') in 0.0234864 seconds
Number of updated asset objects reloaded before import = 0Number of asset objects unloaded after import = 3

========================================================================
Received Import Request.
  Time since last request: 0.435239 seconds.
  path: Assets/Aztech Games/PC&ConsoleButtonsIcons/Ps5/Cross.png
  artifactKey: Guid(3855d7d3c75cbaf4ba716637b35350d9) Importer(815301076,1909f56bfc062723c751e8b465ee728b)
Start importing Assets/Aztech Games/PC&ConsoleButtonsIcons/Ps5/Cross.png using Guid(3855d7d3c75cbaf4ba716637b35350d9) Importer(815301076,1909f56bfc062723c751e8b465ee728b) (PreviewImporter) -> (artifact id: 'f27b10904e1dbd2200961a6e5bd391af') in 0.0247275 seconds
Number of updated asset objects reloaded before import = 0Number of asset objects unloaded after import = 3

========================================================================
Received Import Request.
  Time since last request: 0.000021 seconds.
  path: Assets/Aztech Games/PC&ConsoleButtonsIcons/Ps5/L3.png
  artifactKey: Guid(070797fa0c351884fa4417efea164c3d) Importer(815301076,1909f56bfc062723c751e8b465ee728b)
Start importing Assets/Aztech Games/PC&ConsoleButtonsIcons/Ps5/L3.png using Guid(070797fa0c351884fa4417efea164c3d) Importer(815301076,1909f56bfc062723c751e8b465ee728b) (PreviewImporter) -> (artifact id: 'b2a53fbf5675d6ebd4be45378501c466') in 0.0168488 seconds
Number of updated asset objects reloaded before import = 0Number of asset objects unloaded after import = 3

========================================================================
Received Import Request.
  Time since last request: 0.000026 seconds.
  path: Assets/Aztech Games/PC&ConsoleButtonsIcons/Ps5/RightLeft.png
  artifactKey: Guid(a9bdffe981f9cec4aab226c21f35f4c2) Importer(815301076,1909f56bfc062723c751e8b465ee728b)
Start importing Assets/Aztech Games/PC&ConsoleButtonsIcons/Ps5/RightLeft.png using Guid(a9bdffe981f9cec4aab226c21f35f4c2) Importer(815301076,1909f56bfc062723c751e8b465ee728b) (PreviewImporter) -> (artifact id: '55698f217a7bae8b211b84a94c60e2bb') in 0.0216264 seconds
Number of updated asset objects reloaded before import = 0Number of asset objects unloaded after import = 3

========================================================================
Received Import Request.
  Time since last request: 0.000030 seconds.
  path: Assets/Aztech Games/PC&ConsoleButtonsIcons/Ps5/L2.png
  artifactKey: Guid(f54f6580cc9b34d4c94bd4686f1e47c6) Importer(815301076,1909f56bfc062723c751e8b465ee728b)
Start importing Assets/Aztech Games/PC&ConsoleButtonsIcons/Ps5/L2.png using Guid(f54f6580cc9b34d4c94bd4686f1e47c6) Importer(815301076,1909f56bfc062723c751e8b465ee728b) (PreviewImporter) -> (artifact id: '128c3cc10ffcde11530216a92f52543d') in 0.0210849 seconds
Number of updated asset objects reloaded before import = 0Number of asset objects unloaded after import = 3

========================================================================
Received Import Request.
  Time since last request: 0.000018 seconds.
  path: Assets/Aztech Games/PC&ConsoleButtonsIcons/Ps5/Triangle.png
  artifactKey: Guid(df50c126ad254c54084f663223a891a7) Importer(815301076,1909f56bfc062723c751e8b465ee728b)
Start importing Assets/Aztech Games/PC&ConsoleButtonsIcons/Ps5/Triangle.png using Guid(df50c126ad254c54084f663223a891a7) Importer(815301076,1909f56bfc062723c751e8b465ee728b) (PreviewImporter) -> (artifact id: 'af26e8567c431702958f73e87eb08732') in 0.0219764 seconds
Number of updated asset objects reloaded before import = 0Number of asset objects unloaded after import = 3

========================================================================
Received Import Request.
  Time since last request: 0.000021 seconds.
  path: Assets/Aztech Games/PC&ConsoleButtonsIcons/Ps5/Left.png
  artifactKey: Guid(860251f6fbabba7419fd0fd749c8b14b) Importer(815301076,1909f56bfc062723c751e8b465ee728b)
Start importing Assets/Aztech Games/PC&ConsoleButtonsIcons/Ps5/Left.png using Guid(860251f6fbabba7419fd0fd749c8b14b) Importer(815301076,1909f56bfc062723c751e8b465ee728b) (PreviewImporter) -> (artifact id: '79bc648b74812b8f8753976bc04e2fec') in 0.0171473 seconds
Number of updated asset objects reloaded before import = 0Number of asset objects unloaded after import = 3

========================================================================
Received Import Request.
  Time since last request: 0.000031 seconds.
  path: Assets/Aztech Games/PC&ConsoleButtonsIcons/Ps5/R3.png
  artifactKey: Guid(dddfaf6158171084ba4b6de506352306) Importer(815301076,1909f56bfc062723c751e8b465ee728b)
Start importing Assets/Aztech Games/PC&ConsoleButtonsIcons/Ps5/R3.png using Guid(dddfaf6158171084ba4b6de506352306) Importer(815301076,1909f56bfc062723c751e8b465ee728b) (PreviewImporter) -> (artifact id: '1f5d87c1b98818367dfb7c6ccacd7ad3') in 0.0188823 seconds
Number of updated asset objects reloaded before import = 0Number of asset objects unloaded after import = 3

========================================================================
Received Import Request.
  Time since last request: 0.000022 seconds.
  path: Assets/Aztech Games/PC&ConsoleButtonsIcons/Ps5/Right.png
  artifactKey: Guid(1c02c0913a1d0fa409d3e1140fc73716) Importer(815301076,1909f56bfc062723c751e8b465ee728b)
Start importing Assets/Aztech Games/PC&ConsoleButtonsIcons/Ps5/Right.png using Guid(1c02c0913a1d0fa409d3e1140fc73716) Importer(815301076,1909f56bfc062723c751e8b465ee728b) (PreviewImporter) -> (artifact id: '48e1d0ecf30453a81553ec48a64e386a') in 0.0214925 seconds
Number of updated asset objects reloaded before import = 0Number of asset objects unloaded after import = 3

========================================================================
Received Import Request.
  Time since last request: 21.362469 seconds.
  path: Assets/Cartoon UI/Toggles/Check Fill Grey.png
  artifactKey: Guid(c30232166bdb8eb4d9a7fb1ff1c2a011) Importer(815301076,1909f56bfc062723c751e8b465ee728b)
Start importing Assets/Cartoon UI/Toggles/Check Fill Grey.png using Guid(c30232166bdb8eb4d9a7fb1ff1c2a011) Importer(815301076,1909f56bfc062723c751e8b465ee728b) (PreviewImporter) -> (artifact id: '80b841489e5446af033e27d2b917dc67') in 0.0182282 seconds
Number of updated asset objects reloaded before import = 0Number of asset objects unloaded after import = 3

========================================================================
Received Import Request.
  Time since last request: 0.000024 seconds.
  path: Assets/Cartoon UI/Toggles/Check Fill Pink Purple.png
  artifactKey: Guid(924807ac27eb72c4bbd3bcf0be29588b) Importer(815301076,1909f56bfc062723c751e8b465ee728b)
Start importing Assets/Cartoon UI/Toggles/Check Fill Pink Purple.png using Guid(924807ac27eb72c4bbd3bcf0be29588b) Importer(815301076,1909f56bfc062723c751e8b465ee728b) (PreviewImporter) -> (artifact id: 'd0fef72ec4a34ea511fb5e30d35af9c5') in 0.0162372 seconds
Number of updated asset objects reloaded before import = 0Number of asset objects unloaded after import = 3

========================================================================
Received Import Request.
  Time since last request: 0.000027 seconds.
  path: Assets/Cartoon UI/Toggles/Check Fill Red.png
  artifactKey: Guid(f2b7a524f63fc0042af7cabd400e5eec) Importer(815301076,1909f56bfc062723c751e8b465ee728b)
Start importing Assets/Cartoon UI/Toggles/Check Fill Red.png using Guid(f2b7a524f63fc0042af7cabd400e5eec) Importer(815301076,1909f56bfc062723c751e8b465ee728b) (PreviewImporter) -> (artifact id: '4e398ef9707acab67ab80d5b60070e9c') in 0.0200091 seconds
Number of updated asset objects reloaded before import = 0Number of asset objects unloaded after import = 3

========================================================================
Received Import Request.
  Time since last request: 0.000017 seconds.
  path: Assets/Cartoon UI/Toggles/Round Fill Pink Purple.png
  artifactKey: Guid(d9aee858194e0c345b3407f73d19408a) Importer(815301076,1909f56bfc062723c751e8b465ee728b)
Start importing Assets/Cartoon UI/Toggles/Round Fill Pink Purple.png using Guid(d9aee858194e0c345b3407f73d19408a) Importer(815301076,1909f56bfc062723c751e8b465ee728b) (PreviewImporter) -> (artifact id: 'ff62cd21cd50f1ffc1aa26d56a819383') in 0.0202015 seconds
Number of updated asset objects reloaded before import = 0Number of asset objects unloaded after import = 3

========================================================================
Received Import Request.
  Time since last request: 0.000029 seconds.
  path: Assets/Cartoon UI/Toggles/Round Fill Purple.png
  artifactKey: Guid(bebd0a59f5931764fb9c1e9d7206acfa) Importer(815301076,1909f56bfc062723c751e8b465ee728b)
Start importing Assets/Cartoon UI/Toggles/Round Fill Purple.png using Guid(bebd0a59f5931764fb9c1e9d7206acfa) Importer(815301076,1909f56bfc062723c751e8b465ee728b) (PreviewImporter) -> (artifact id: '03142b3298f54596be02b76e5561c102') in 0.0202681 seconds
Number of updated asset objects reloaded before import = 0Number of asset objects unloaded after import = 3

========================================================================
Received Import Request.
  Time since last request: 0.000019 seconds.
  path: Assets/Cartoon UI/Toggles/Square Toogle Background.png
  artifactKey: Guid(a4a928fdbfcbc9d46b374c6f66d93caa) Importer(815301076,1909f56bfc062723c751e8b465ee728b)
Start importing Assets/Cartoon UI/Toggles/Square Toogle Background.png using Guid(a4a928fdbfcbc9d46b374c6f66d93caa) Importer(815301076,1909f56bfc062723c751e8b465ee728b) (PreviewImporter) -> (artifact id: 'f52baa51a0ba2b629f690f5996ccbc19') in 0.0239667 seconds
Number of updated asset objects reloaded before import = 0Number of asset objects unloaded after import = 3

========================================================================
Received Import Request.
  Time since last request: 0.000019 seconds.
  path: Assets/Cartoon UI/Toggles/Round Fill Pink.png
  artifactKey: Guid(56c76816fec465f42a4b36ac488afe3d) Importer(815301076,1909f56bfc062723c751e8b465ee728b)
Start importing Assets/Cartoon UI/Toggles/Round Fill Pink.png using Guid(56c76816fec465f42a4b36ac488afe3d) Importer(815301076,1909f56bfc062723c751e8b465ee728b) (PreviewImporter) -> (artifact id: '4856b87a557266aabeb00af560002536') in 0.0196991 seconds
Number of updated asset objects reloaded before import = 0Number of asset objects unloaded after import = 3

========================================================================
Received Import Request.
  Time since last request: 2.456054 seconds.
  path: Assets/Cartoon UI/White Icons/UI Icons/Exit.png
  artifactKey: Guid(bfbe99492ea69024bb5f61bb64761aa8) Importer(815301076,1909f56bfc062723c751e8b465ee728b)
Start importing Assets/Cartoon UI/White Icons/UI Icons/Exit.png using Guid(bfbe99492ea69024bb5f61bb64761aa8) Importer(815301076,1909f56bfc062723c751e8b465ee728b) (PreviewImporter) -> (artifact id: 'a0f8a551c7c5a3348df9a6309f6c90f2') in 0.0257014 seconds
Number of updated asset objects reloaded before import = 0Number of asset objects unloaded after import = 3

========================================================================
Received Import Request.
  Time since last request: 3.323120 seconds.
  path: Assets/Cartoon UI/White Icons/White Icons/White Icons 1/Arrow Down 2.png
  artifactKey: Guid(5a489ad580829c6408029de01031f9a3) Importer(815301076,1909f56bfc062723c751e8b465ee728b)
Start importing Assets/Cartoon UI/White Icons/White Icons/White Icons 1/Arrow Down 2.png using Guid(5a489ad580829c6408029de01031f9a3) Importer(815301076,1909f56bfc062723c751e8b465ee728b) (PreviewImporter) -> (artifact id: '3428936e5f9245a45516285713ae5a97') in 0.0163985 seconds
Number of updated asset objects reloaded before import = 0Number of asset objects unloaded after import = 3

========================================================================
Received Import Request.
  Time since last request: 0.000065 seconds.
  path: Assets/Cartoon UI/White Icons/White Icons/White Icons 1/Arrow Right.png
  artifactKey: Guid(8c6b0a478964b4d45900eb62c6ac6af6) Importer(815301076,1909f56bfc062723c751e8b465ee728b)
Start importing Assets/Cartoon UI/White Icons/White Icons/White Icons 1/Arrow Right.png using Guid(8c6b0a478964b4d45900eb62c6ac6af6) Importer(815301076,1909f56bfc062723c751e8b465ee728b) (PreviewImporter) -> (artifact id: '94d85d356072a463620cb177db4d45a8') in 0.0165107 seconds
Number of updated asset objects reloaded before import = 0Number of asset objects unloaded after import = 3

========================================================================
Received Import Request.
  Time since last request: 0.000023 seconds.
  path: Assets/Cartoon UI/White Icons/White Icons/White Icons 1/Cart.png
  artifactKey: Guid(0b8f0a49eb4f73d47b16a62998478af6) Importer(815301076,1909f56bfc062723c751e8b465ee728b)
Start importing Assets/Cartoon UI/White Icons/White Icons/White Icons 1/Cart.png using Guid(0b8f0a49eb4f73d47b16a62998478af6) Importer(815301076,1909f56bfc062723c751e8b465ee728b) (PreviewImporter) -> (artifact id: 'fc59dde5f0e7791c25abd1e300ce3b4a') in 0.0177868 seconds
Number of updated asset objects reloaded before import = 0Number of asset objects unloaded after import = 3

========================================================================
Received Import Request.
  Time since last request: 0.000033 seconds.
  path: Assets/Cartoon UI/White Icons/White Icons/White Icons 1/Arrow Right 2.png
  artifactKey: Guid(99d63112396bde74fb83e3dddea918f9) Importer(815301076,1909f56bfc062723c751e8b465ee728b)
Start importing Assets/Cartoon UI/White Icons/White Icons/White Icons 1/Arrow Right 2.png using Guid(99d63112396bde74fb83e3dddea918f9) Importer(815301076,1909f56bfc062723c751e8b465ee728b) (PreviewImporter) -> (artifact id: '78cc2310b8d4a800309a76bab6ed2529') in 0.0182911 seconds
Number of updated asset objects reloaded before import = 0Number of asset objects unloaded after import = 3

========================================================================
Received Import Request.
  Time since last request: 0.000018 seconds.
  path: Assets/Cartoon UI/White Icons/White Icons/White Icons 1/Expand 1.png
  artifactKey: Guid(3e83329daddb03e4db512a9e9ff52d63) Importer(815301076,1909f56bfc062723c751e8b465ee728b)
Start importing Assets/Cartoon UI/White Icons/White Icons/White Icons 1/Expand 1.png using Guid(3e83329daddb03e4db512a9e9ff52d63) Importer(815301076,1909f56bfc062723c751e8b465ee728b) (PreviewImporter) -> (artifact id: '4e5ba6205bdb7c1a37682cf25d344076') in 0.0180631 seconds
Number of updated asset objects reloaded before import = 0Number of asset objects unloaded after import = 3

========================================================================
Received Import Request.
  Time since last request: 0.000019 seconds.
  path: Assets/Cartoon UI/White Icons/White Icons/White Icons 1/Badge 2.png
  artifactKey: Guid(21a2ada3a3b47d143be2492b2a86cca4) Importer(815301076,1909f56bfc062723c751e8b465ee728b)
Start importing Assets/Cartoon UI/White Icons/White Icons/White Icons 1/Badge 2.png using Guid(21a2ada3a3b47d143be2492b2a86cca4) Importer(815301076,1909f56bfc062723c751e8b465ee728b) (PreviewImporter) -> (artifact id: '16efddec58eec623c6beb00c8f8c6276') in 0.019664 seconds
Number of updated asset objects reloaded before import = 0Number of asset objects unloaded after import = 3

========================================================================
Received Import Request.
  Time since last request: 0.000022 seconds.
  path: Assets/Cartoon UI/White Icons/White Icons/White Icons 1/Expand 2.png
  artifactKey: Guid(8efa7d976a67b3a4a99df9154c9ff462) Importer(815301076,1909f56bfc062723c751e8b465ee728b)
Start importing Assets/Cartoon UI/White Icons/White Icons/White Icons 1/Expand 2.png using Guid(8efa7d976a67b3a4a99df9154c9ff462) Importer(815301076,1909f56bfc062723c751e8b465ee728b) (PreviewImporter) -> (artifact id: 'a95e2d77d95d4549796b636899dd204f') in 0.0186236 seconds
Number of updated asset objects reloaded before import = 0Number of asset objects unloaded after import = 3

========================================================================
Received Import Request.
  Time since last request: 0.000039 seconds.
  path: Assets/Cartoon UI/White Icons/White Icons/White Icons 1/Down.png
  artifactKey: Guid(6a4cb28f72bc7af4e8a1017f9623fb61) Importer(815301076,1909f56bfc062723c751e8b465ee728b)
Start importing Assets/Cartoon UI/White Icons/White Icons/White Icons 1/Down.png using Guid(6a4cb28f72bc7af4e8a1017f9623fb61) Importer(815301076,1909f56bfc062723c751e8b465ee728b) (PreviewImporter) -> (artifact id: '4bedf8adeff6d9576ec962a9c1fe1e1d') in 0.0200239 seconds
Number of updated asset objects reloaded before import = 0Number of asset objects unloaded after import = 3

========================================================================
Received Import Request.
  Time since last request: 0.000029 seconds.
  path: Assets/Cartoon UI/White Icons/White Icons/White Icons 1/Close.png
  artifactKey: Guid(b5aedbc446718b94c8b1eea1ca853cec) Importer(815301076,1909f56bfc062723c751e8b465ee728b)
Start importing Assets/Cartoon UI/White Icons/White Icons/White Icons 1/Close.png using Guid(b5aedbc446718b94c8b1eea1ca853cec) Importer(815301076,1909f56bfc062723c751e8b465ee728b) (PreviewImporter) -> (artifact id: '80f90547026150cc1a7dfd3f405e6c81') in 0.0184164 seconds
Number of updated asset objects reloaded before import = 0Number of asset objects unloaded after import = 3

========================================================================
Received Import Request.
  Time since last request: 0.000036 seconds.
  path: Assets/Cartoon UI/White Icons/White Icons/White Icons 1/asterisk.png
  artifactKey: Guid(468fde978b45f6e4daee0ea9917fc6f2) Importer(815301076,1909f56bfc062723c751e8b465ee728b)
Start importing Assets/Cartoon UI/White Icons/White Icons/White Icons 1/asterisk.png using Guid(468fde978b45f6e4daee0ea9917fc6f2) Importer(815301076,1909f56bfc062723c751e8b465ee728b) (PreviewImporter) -> (artifact id: '89c31d6461fb12b63301851c54f170f1') in 0.021446 seconds
Number of updated asset objects reloaded before import = 0Number of asset objects unloaded after import = 3

========================================================================
Received Import Request.
  Time since last request: 0.000024 seconds.
  path: Assets/Cartoon UI/White Icons/White Icons/White Icons 1/Cycle.png
  artifactKey: Guid(a588bd89fa72a87489a76d64f64f9ab7) Importer(815301076,1909f56bfc062723c751e8b465ee728b)
Start importing Assets/Cartoon UI/White Icons/White Icons/White Icons 1/Cycle.png using Guid(a588bd89fa72a87489a76d64f64f9ab7) Importer(815301076,1909f56bfc062723c751e8b465ee728b) (PreviewImporter) -> (artifact id: '6445e7620220a28d4ce0e42ba777207d') in 0.0200785 seconds
Number of updated asset objects reloaded before import = 0Number of asset objects unloaded after import = 3

========================================================================
Received Import Request.
  Time since last request: 0.298348 seconds.
  path: Assets/Cartoon UI/White Icons/White Icons/White Icons 2/White Acorn.png
  artifactKey: Guid(36ebe68b338ff6641925ed6d306c2f9f) Importer(815301076,1909f56bfc062723c751e8b465ee728b)
Start importing Assets/Cartoon UI/White Icons/White Icons/White Icons 2/White Acorn.png using Guid(36ebe68b338ff6641925ed6d306c2f9f) Importer(815301076,1909f56bfc062723c751e8b465ee728b) (PreviewImporter) -> (artifact id: 'bb033ccbbed3936414178ba5c8cf6603') in 0.0159573 seconds
Number of updated asset objects reloaded before import = 0Number of asset objects unloaded after import = 3

========================================================================
Received Import Request.
  Time since last request: 0.000021 seconds.
  path: Assets/Cartoon UI/White Icons/White Icons/White Icons 2/White Airplane.png
  artifactKey: Guid(45d21310576992c499f17a61dcef1e19) Importer(815301076,1909f56bfc062723c751e8b465ee728b)
Start importing Assets/Cartoon UI/White Icons/White Icons/White Icons 2/White Airplane.png using Guid(45d21310576992c499f17a61dcef1e19) Importer(815301076,1909f56bfc062723c751e8b465ee728b) (PreviewImporter) -> (artifact id: '2eff5b7c0435ed894ede5d256d290fd4') in 0.0185081 seconds
Number of updated asset objects reloaded before import = 0Number of asset objects unloaded after import = 3

========================================================================
Received Import Request.
  Time since last request: 0.000028 seconds.
  path: Assets/Cartoon UI/White Icons/White Icons/White Icons 2/White Alarm 2 off.png
  artifactKey: Guid(06d139d7fc9612f469835dd53c2c10fb) Importer(815301076,1909f56bfc062723c751e8b465ee728b)
Start importing Assets/Cartoon UI/White Icons/White Icons/White Icons 2/White Alarm 2 off.png using Guid(06d139d7fc9612f469835dd53c2c10fb) Importer(815301076,1909f56bfc062723c751e8b465ee728b) (PreviewImporter) -> (artifact id: 'af5f1bc1d08e369e7c42095598cf7db5') in 0.0167847 seconds
Number of updated asset objects reloaded before import = 0Number of asset objects unloaded after import = 3

========================================================================
Received Import Request.
  Time since last request: 0.000030 seconds.
  path: Assets/Cartoon UI/White Icons/White Icons/White Icons 2/White Backward 2.png
  artifactKey: Guid(df98cae37b01d0641900552438ff7b56) Importer(815301076,1909f56bfc062723c751e8b465ee728b)
Start importing Assets/Cartoon UI/White Icons/White Icons/White Icons 2/White Backward 2.png using Guid(df98cae37b01d0641900552438ff7b56) Importer(815301076,1909f56bfc062723c751e8b465ee728b) (PreviewImporter) -> (artifact id: 'cac65cc31140c44d053e37da924a569d') in 0.0170427 seconds
Number of updated asset objects reloaded before import = 0Number of asset objects unloaded after import = 3

========================================================================
Received Import Request.
  Time since last request: 0.000019 seconds.
  path: Assets/Cartoon UI/White Icons/White Icons/White Icons 2/White Basket.png
  artifactKey: Guid(5bc4e46cbcfb1bc4095304c036882693) Importer(815301076,1909f56bfc062723c751e8b465ee728b)
Start importing Assets/Cartoon UI/White Icons/White Icons/White Icons 2/White Basket.png using Guid(5bc4e46cbcfb1bc4095304c036882693) Importer(815301076,1909f56bfc062723c751e8b465ee728b) (PreviewImporter) -> (artifact id: 'c0a9f731e86363c7be2d34ea8f06eef1') in 0.0209296 seconds
Number of updated asset objects reloaded before import = 0Number of asset objects unloaded after import = 3

========================================================================
Received Import Request.
  Time since last request: 0.000027 seconds.
  path: Assets/Cartoon UI/White Icons/White Icons/White Icons 2/White Bitcoin.png
  artifactKey: Guid(32001170ed8c1c6478df7d77c8327202) Importer(815301076,1909f56bfc062723c751e8b465ee728b)
Start importing Assets/Cartoon UI/White Icons/White Icons/White Icons 2/White Bitcoin.png using Guid(32001170ed8c1c6478df7d77c8327202) Importer(815301076,1909f56bfc062723c751e8b465ee728b) (PreviewImporter) -> (artifact id: 'fa727da5efafa05ba01c0f9a44e7de77') in 0.0203167 seconds
Number of updated asset objects reloaded before import = 0Number of asset objects unloaded after import = 3

========================================================================
Received Import Request.
  Time since last request: 0.000017 seconds.
  path: Assets/Cartoon UI/White Icons/White Icons/White Icons 2/White Alert.png
  artifactKey: Guid(a825b20161f34ec4c82c625f11b4d1f8) Importer(815301076,1909f56bfc062723c751e8b465ee728b)
Start importing Assets/Cartoon UI/White Icons/White Icons/White Icons 2/White Alert.png using Guid(a825b20161f34ec4c82c625f11b4d1f8) Importer(815301076,1909f56bfc062723c751e8b465ee728b) (PreviewImporter) -> (artifact id: 'd24765f1394b91e2bbdcbec944b84e9c') in 0.0181694 seconds
Number of updated asset objects reloaded before import = 0Number of asset objects unloaded after import = 3

========================================================================
Received Import Request.
  Time since last request: 0.000020 seconds.
  path: Assets/Cartoon UI/White Icons/White Icons/White Icons 2/White Anvil.png
  artifactKey: Guid(3d4f25cbee299f44bbfa95e520b6022f) Importer(815301076,1909f56bfc062723c751e8b465ee728b)
Start importing Assets/Cartoon UI/White Icons/White Icons/White Icons 2/White Anvil.png using Guid(3d4f25cbee299f44bbfa95e520b6022f) Importer(815301076,1909f56bfc062723c751e8b465ee728b) (PreviewImporter) -> (artifact id: 'f4513781d74e7f93db25adb3bc0e1562') in 0.0206871 seconds
Number of updated asset objects reloaded before import = 0Number of asset objects unloaded after import = 3

========================================================================
Received Import Request.
  Time since last request: 0.000023 seconds.
  path: Assets/Cartoon UI/White Icons/White Icons/White Icons 2/White At.png
  artifactKey: Guid(9c2e4c1fa8ac0334e8451df1958ac5ba) Importer(815301076,1909f56bfc062723c751e8b465ee728b)
Start importing Assets/Cartoon UI/White Icons/White Icons/White Icons 2/White At.png using Guid(9c2e4c1fa8ac0334e8451df1958ac5ba) Importer(815301076,1909f56bfc062723c751e8b465ee728b) (PreviewImporter) -> (artifact id: '40cb50620a5044bf15101be0b5400181') in 0.0206353 seconds
Number of updated asset objects reloaded before import = 0Number of asset objects unloaded after import = 3

========================================================================
Received Import Request.
  Time since last request: 0.000023 seconds.
  path: Assets/Cartoon UI/White Icons/White Icons/White Icons 2/White Bag 1.png
  artifactKey: Guid(e5e778b1d75e7f7499cf96e94fb3c548) Importer(815301076,1909f56bfc062723c751e8b465ee728b)
Start importing Assets/Cartoon UI/White Icons/White Icons/White Icons 2/White Bag 1.png using Guid(e5e778b1d75e7f7499cf96e94fb3c548) Importer(815301076,1909f56bfc062723c751e8b465ee728b) (PreviewImporter) -> (artifact id: 'b2a377ab30af932b4a9d729dfb759a2b') in 0.0207369 seconds
Number of updated asset objects reloaded before import = 0Number of asset objects unloaded after import = 3

========================================================================
Received Import Request.
  Time since last request: 0.000015 seconds.
  path: Assets/Cartoon UI/White Icons/White Icons/White Icons 2/White Apple.png
  artifactKey: Guid(8abcc1a9b34928542be2ba877f453617) Importer(815301076,1909f56bfc062723c751e8b465ee728b)
Start importing Assets/Cartoon UI/White Icons/White Icons/White Icons 2/White Apple.png using Guid(8abcc1a9b34928542be2ba877f453617) Importer(815301076,1909f56bfc062723c751e8b465ee728b) (PreviewImporter) -> (artifact id: 'bc242d9b73121656b4fdc8f8eccfaf8c') in 0.0220425 seconds
Number of updated asset objects reloaded before import = 0Number of asset objects unloaded after import = 3

========================================================================
Received Import Request.
  Time since last request: 0.369434 seconds.
  path: Assets/Cartoon UI/White Icons/White Icons/UI Icons/Arrow Right.png
  artifactKey: Guid(eff5a7a79ce2af446a110e8d44c17a8a) Importer(815301076,1909f56bfc062723c751e8b465ee728b)
Start importing Assets/Cartoon UI/White Icons/White Icons/UI Icons/Arrow Right.png using Guid(eff5a7a79ce2af446a110e8d44c17a8a) Importer(815301076,1909f56bfc062723c751e8b465ee728b) (PreviewImporter) -> (artifact id: '5df0e765231bae3a580e7775eea0e736') in 0.0169197 seconds
Number of updated asset objects reloaded before import = 0Number of asset objects unloaded after import = 3

========================================================================
Received Import Request.
  Time since last request: 0.000022 seconds.
  path: Assets/Cartoon UI/White Icons/White Icons/UI Icons/Bell.png
  artifactKey: Guid(afb05417089d2d647b6834739f9dca5a) Importer(815301076,1909f56bfc062723c751e8b465ee728b)
Start importing Assets/Cartoon UI/White Icons/White Icons/UI Icons/Bell.png using Guid(afb05417089d2d647b6834739f9dca5a) Importer(815301076,1909f56bfc062723c751e8b465ee728b) (PreviewImporter) -> (artifact id: '58faa568759890882799b39806c51d9e') in 0.0166219 seconds
Number of updated asset objects reloaded before import = 0Number of asset objects unloaded after import = 3

========================================================================
Received Import Request.
  Time since last request: 0.000025 seconds.
  path: Assets/Cartoon UI/White Icons/White Icons/UI Icons/Dollar.png
  artifactKey: Guid(551773d761264df47aa0288e9503ea67) Importer(815301076,1909f56bfc062723c751e8b465ee728b)
Start importing Assets/Cartoon UI/White Icons/White Icons/UI Icons/Dollar.png using Guid(551773d761264df47aa0288e9503ea67) Importer(815301076,1909f56bfc062723c751e8b465ee728b) (PreviewImporter) -> (artifact id: '7b41c777475f305f0a7c7266f17337af') in 0.0178593 seconds
Number of updated asset objects reloaded before import = 0Number of asset objects unloaded after import = 3

========================================================================
Received Import Request.
  Time since last request: 0.000015 seconds.
  path: Assets/Cartoon UI/White Icons/White Icons/UI Icons/Left 2.png
  artifactKey: Guid(32073bd577d6e3444bbdae14eac3b1ee) Importer(815301076,1909f56bfc062723c751e8b465ee728b)
Start importing Assets/Cartoon UI/White Icons/White Icons/UI Icons/Left 2.png using Guid(32073bd577d6e3444bbdae14eac3b1ee) Importer(815301076,1909f56bfc062723c751e8b465ee728b) (PreviewImporter) -> (artifact id: 'd65ffacbf773aacf6770689149bd0894') in 0.0190807 seconds
Number of updated asset objects reloaded before import = 0Number of asset objects unloaded after import = 3

========================================================================
Received Import Request.
  Time since last request: 0.000015 seconds.
  path: Assets/Cartoon UI/White Icons/White Icons/UI Icons/Menu 2.png
  artifactKey: Guid(a6b906ba4067c4a44880d33eb5d1af3d) Importer(815301076,1909f56bfc062723c751e8b465ee728b)
Start importing Assets/Cartoon UI/White Icons/White Icons/UI Icons/Menu 2.png using Guid(a6b906ba4067c4a44880d33eb5d1af3d) Importer(815301076,1909f56bfc062723c751e8b465ee728b) (PreviewImporter) -> (artifact id: 'e5103f0e90c59a89926fab16e6c8cf55') in 0.0186759 seconds
Number of updated asset objects reloaded before import = 0Number of asset objects unloaded after import = 3

========================================================================
Received Import Request.
  Time since last request: 0.000017 seconds.
  path: Assets/Cartoon UI/White Icons/White Icons/UI Icons/Minus.png
  artifactKey: Guid(79e7ba47a2a242e4cb71635ba6a9ab09) Importer(815301076,1909f56bfc062723c751e8b465ee728b)
Start importing Assets/Cartoon UI/White Icons/White Icons/UI Icons/Minus.png using Guid(79e7ba47a2a242e4cb71635ba6a9ab09) Importer(815301076,1909f56bfc062723c751e8b465ee728b) (PreviewImporter) -> (artifact id: '3fe03c413186e661bf7ade9b26259da0') in 0.018997 seconds
Number of updated asset objects reloaded before import = 0Number of asset objects unloaded after import = 3

========================================================================
Received Import Request.
  Time since last request: 0.000022 seconds.
  path: Assets/Cartoon UI/White Icons/White Icons/UI Icons/Lock.png
  artifactKey: Guid(caaa0978daf5d5541bb7ca528434266b) Importer(815301076,1909f56bfc062723c751e8b465ee728b)
Start importing Assets/Cartoon UI/White Icons/White Icons/UI Icons/Lock.png using Guid(caaa0978daf5d5541bb7ca528434266b) Importer(815301076,1909f56bfc062723c751e8b465ee728b) (PreviewImporter) -> (artifact id: '377c8e936cfedb23d184e72b7d983021') in 0.0179171 seconds
Number of updated asset objects reloaded before import = 0Number of asset objects unloaded after import = 3

========================================================================
Received Import Request.
  Time since last request: 0.000023 seconds.
  path: Assets/Cartoon UI/White Icons/White Icons/UI Icons/Flag.png
  artifactKey: Guid(40673926a2668834a8bd7325c1e88982) Importer(815301076,1909f56bfc062723c751e8b465ee728b)
Start importing Assets/Cartoon UI/White Icons/White Icons/UI Icons/Flag.png using Guid(40673926a2668834a8bd7325c1e88982) Importer(815301076,1909f56bfc062723c751e8b465ee728b) (PreviewImporter) -> (artifact id: 'd5c2cfc59b3b6229e68393e3b99322c4') in 0.019635 seconds
Number of updated asset objects reloaded before import = 0Number of asset objects unloaded after import = 3

========================================================================
Received Import Request.
  Time since last request: 0.000032 seconds.
  path: Assets/Cartoon UI/White Icons/White Icons/UI Icons/Badge 2.png
  artifactKey: Guid(4bccf5fc82e92e44caf7da7c7d36cddb) Importer(815301076,1909f56bfc062723c751e8b465ee728b)
Start importing Assets/Cartoon UI/White Icons/White Icons/UI Icons/Badge 2.png using Guid(4bccf5fc82e92e44caf7da7c7d36cddb) Importer(815301076,1909f56bfc062723c751e8b465ee728b) (PreviewImporter) -> (artifact id: '0ab64c76795b6c3f44b20e5b1717abf4') in 0.0189522 seconds
Number of updated asset objects reloaded before import = 0Number of asset objects unloaded after import = 3

========================================================================
Received Import Request.
  Time since last request: 0.000022 seconds.
  path: Assets/Cartoon UI/White Icons/White Icons/UI Icons/Gem.png
  artifactKey: Guid(e6cfcf186e84d6349a9167060c19239a) Importer(815301076,1909f56bfc062723c751e8b465ee728b)
Start importing Assets/Cartoon UI/White Icons/White Icons/UI Icons/Gem.png using Guid(e6cfcf186e84d6349a9167060c19239a) Importer(815301076,1909f56bfc062723c751e8b465ee728b) (PreviewImporter) -> (artifact id: '4d5652e1c0d871544893833702958e3b') in 0.0196333 seconds
Number of updated asset objects reloaded before import = 0Number of asset objects unloaded after import = 3

========================================================================
Received Import Request.
  Time since last request: 0.000020 seconds.
  path: Assets/Cartoon UI/White Icons/White Icons/UI Icons/Cycle.png
  artifactKey: Guid(03cd8a04278467f41874f24850f21ff8) Importer(815301076,1909f56bfc062723c751e8b465ee728b)
Start importing Assets/Cartoon UI/White Icons/White Icons/UI Icons/Cycle.png using Guid(03cd8a04278467f41874f24850f21ff8) Importer(815301076,1909f56bfc062723c751e8b465ee728b) (PreviewImporter) -> (artifact id: 'df0bba35bcf4e13db014b029c00a14b6') in 0.0209147 seconds
Number of updated asset objects reloaded before import = 0Number of asset objects unloaded after import = 3

========================================================================
Received Import Request.
  Time since last request: 8.745151 seconds.
  path: Assets/Cartoon UI/Sliders/Handle Grey.png
  artifactKey: Guid(b950ca52b21691347805094d9cbcf055) Importer(815301076,1909f56bfc062723c751e8b465ee728b)
Start importing Assets/Cartoon UI/Sliders/Handle Grey.png using Guid(b950ca52b21691347805094d9cbcf055) Importer(815301076,1909f56bfc062723c751e8b465ee728b) (PreviewImporter) -> (artifact id: 'd107507ed98f11b542d0d7db5a1cce36') in 0.0160101 seconds
Number of updated asset objects reloaded before import = 0Number of asset objects unloaded after import = 3

========================================================================
Received Import Request.
  Time since last request: 0.000021 seconds.
  path: Assets/Cartoon UI/Sliders/Handle Pink Purple.png
  artifactKey: Guid(9e6f6ce28a1f92c4e98d136e769ca3b3) Importer(815301076,1909f56bfc062723c751e8b465ee728b)
Start importing Assets/Cartoon UI/Sliders/Handle Pink Purple.png using Guid(9e6f6ce28a1f92c4e98d136e769ca3b3) Importer(815301076,1909f56bfc062723c751e8b465ee728b) (PreviewImporter) -> (artifact id: 'e57e3cf4473813e768cfc989f2fce0b6') in 0.0172457 seconds
Number of updated asset objects reloaded before import = 0Number of asset objects unloaded after import = 3

========================================================================
Received Import Request.
  Time since last request: 0.000026 seconds.
  path: Assets/Cartoon UI/Sliders/Slider Background.png
  artifactKey: Guid(05820c3dc41171e4ca9f7163cde3692b) Importer(815301076,1909f56bfc062723c751e8b465ee728b)
Start importing Assets/Cartoon UI/Sliders/Slider Background.png using Guid(05820c3dc41171e4ca9f7163cde3692b) Importer(815301076,1909f56bfc062723c751e8b465ee728b) (PreviewImporter) -> (artifact id: '668441d69b161268186b9b8b60dbe620') in 0.020099 seconds
Number of updated asset objects reloaded before import = 0Number of asset objects unloaded after import = 3

========================================================================
Received Import Request.
  Time since last request: 0.000031 seconds.
  path: Assets/Cartoon UI/Sliders/Slider Fill Pink Purple.png
  artifactKey: Guid(3aa2b89066dac5a41b9615a8238f0e91) Importer(815301076,1909f56bfc062723c751e8b465ee728b)
Start importing Assets/Cartoon UI/Sliders/Slider Fill Pink Purple.png using Guid(3aa2b89066dac5a41b9615a8238f0e91) Importer(815301076,1909f56bfc062723c751e8b465ee728b) (PreviewImporter) -> (artifact id: 'c8c7d9505f92b8afcfc09251d4bf02f4') in 0.0218522 seconds
Number of updated asset objects reloaded before import = 0Number of asset objects unloaded after import = 3

========================================================================
Received Import Request.
  Time since last request: 0.000020 seconds.
  path: Assets/Cartoon UI/Sliders/Handle Skyblue.png
  artifactKey: Guid(8b3edc45551349941b82281aaa5b9705) Importer(815301076,1909f56bfc062723c751e8b465ee728b)
Start importing Assets/Cartoon UI/Sliders/Handle Skyblue.png using Guid(8b3edc45551349941b82281aaa5b9705) Importer(815301076,1909f56bfc062723c751e8b465ee728b) (PreviewImporter) -> (artifact id: '29ea6b97e5753a9d6e884d36a57fb831') in 0.0241063 seconds
Number of updated asset objects reloaded before import = 0Number of asset objects unloaded after import = 3

========================================================================
Received Import Request.
  Time since last request: 0.000027 seconds.
  path: Assets/Cartoon UI/Sliders/Slider Fill Orange.png
  artifactKey: Guid(7df40d8d21a99f04b810ecb670f6c1a6) Importer(815301076,1909f56bfc062723c751e8b465ee728b)
Start importing Assets/Cartoon UI/Sliders/Slider Fill Orange.png using Guid(7df40d8d21a99f04b810ecb670f6c1a6) Importer(815301076,1909f56bfc062723c751e8b465ee728b) (PreviewImporter) -> (artifact id: '858d51bd683e540d49424c0031a9dfb2') in 0.0243425 seconds
Number of updated asset objects reloaded before import = 0Number of asset objects unloaded after import = 3

========================================================================
Received Import Request.
  Time since last request: 0.000061 seconds.
  path: Assets/Cartoon UI/Sliders/Slider Fill Yellow.png
  artifactKey: Guid(3e1fa246c96b2914f94b77199462038a) Importer(815301076,1909f56bfc062723c751e8b465ee728b)
Start importing Assets/Cartoon UI/Sliders/Slider Fill Yellow.png using Guid(3e1fa246c96b2914f94b77199462038a) Importer(815301076,1909f56bfc062723c751e8b465ee728b) (PreviewImporter) -> (artifact id: 'c15279aa7dc4c405df8dfc722044a4f0') in 0.0221543 seconds
Number of updated asset objects reloaded before import = 0Number of asset objects unloaded after import = 3

========================================================================
Received Import Request.
  Time since last request: 2.059673 seconds.
  path: Assets/Cartoon UI/Prefabs/Lose Panel.prefab
  artifactKey: Guid(38f88013eee82bc48901f8adb4d79af8) Importer(815301076,1909f56bfc062723c751e8b465ee728b)
Start importing Assets/Cartoon UI/Prefabs/Lose Panel.prefab using Guid(38f88013eee82bc48901f8adb4d79af8) Importer(815301076,1909f56bfc062723c751e8b465ee728b) (PreviewImporter) -> (artifact id: 'd9735830398560ae56709e214d3768cb') in 0.0263674 seconds
Number of updated asset objects reloaded before import = 0Number of asset objects unloaded after import = 46

========================================================================
Received Import Request.
  Time since last request: 0.000026 seconds.
  path: Assets/Cartoon UI/Prefabs/Purchase Panel.prefab
  artifactKey: Guid(df1da667ab3c419429b78174e4cc643b) Importer(815301076,1909f56bfc062723c751e8b465ee728b)
Start importing Assets/Cartoon UI/Prefabs/Purchase Panel.prefab using Guid(df1da667ab3c419429b78174e4cc643b) Importer(815301076,1909f56bfc062723c751e8b465ee728b) (PreviewImporter) -> (artifact id: '5883bda8e5d9ef27d7a531aed64f4b3f') in 0.0051368 seconds
Number of updated asset objects reloaded before import = 0Number of asset objects unloaded after import = 35

========================================================================
Received Import Request.
  Time since last request: 0.000023 seconds.
  path: Assets/Cartoon UI/Prefabs/Mail Panel.prefab
  artifactKey: Guid(d54409c8918730946a5c603b3d04e0fb) Importer(815301076,1909f56bfc062723c751e8b465ee728b)
Start importing Assets/Cartoon UI/Prefabs/Mail Panel.prefab using Guid(d54409c8918730946a5c603b3d04e0fb) Importer(815301076,1909f56bfc062723c751e8b465ee728b) (PreviewImporter) -> (artifact id: '04ea2d5326cb7cda901b074a7095a0aa') in 0.0666372 seconds
Number of updated asset objects reloaded before import = 0Number of asset objects unloaded after import = 198

========================================================================
Received Import Request.
  Time since last request: 0.000037 seconds.
  path: Assets/Cartoon UI/Prefabs/Ranking Panel.prefab
  artifactKey: Guid(19c7290fd1429034886a668da5ec2749) Importer(815301076,1909f56bfc062723c751e8b465ee728b)
Start importing Assets/Cartoon UI/Prefabs/Ranking Panel.prefab using Guid(19c7290fd1429034886a668da5ec2749) Importer(815301076,1909f56bfc062723c751e8b465ee728b) (PreviewImporter) -> (artifact id: 'e1e0ebb508498eddff58f6299ab69e52') in 0.0430442 seconds
Number of updated asset objects reloaded before import = 0Number of asset objects unloaded after import = 219

========================================================================
Received Import Request.
  Time since last request: 7.208309 seconds.
  path: Assets/Cartoon UI/Prefabs/Toggles Dot/Toggle Dot Orange.prefab
  artifactKey: Guid(eebf09dc06f226c42a190f79d5d861c3) Importer(815301076,1909f56bfc062723c751e8b465ee728b)
Start importing Assets/Cartoon UI/Prefabs/Toggles Dot/Toggle Dot Orange.prefab using Guid(eebf09dc06f226c42a190f79d5d861c3) Importer(815301076,1909f56bfc062723c751e8b465ee728b) (PreviewImporter) -> (artifact id: '2c6657dc372962ea1b8abd1856baa1be') in 0.005092 seconds
Number of updated asset objects reloaded before import = 0Number of asset objects unloaded after import = 15

========================================================================
Received Import Request.
  Time since last request: 0.000031 seconds.
  path: Assets/Cartoon UI/Prefabs/Toggles Dot/Toggle Dot Pink Purple.prefab
  artifactKey: Guid(ecbf9327e3bbcf848a0f3047da2e24d2) Importer(815301076,1909f56bfc062723c751e8b465ee728b)
Start importing Assets/Cartoon UI/Prefabs/Toggles Dot/Toggle Dot Pink Purple.prefab using Guid(ecbf9327e3bbcf848a0f3047da2e24d2) Importer(815301076,1909f56bfc062723c751e8b465ee728b) (PreviewImporter) -> (artifact id: '3b07e364204f1553f3854786ece60276') in 0.0034627 seconds
Number of updated asset objects reloaded before import = 0Number of asset objects unloaded after import = 15

========================================================================
Received Import Request.
  Time since last request: 0.000018 seconds.
  path: Assets/Cartoon UI/Prefabs/Toggles Dot/Toggle Dot Yellow.prefab
  artifactKey: Guid(be7d2a7e1145e23458d44fb44dfcf269) Importer(815301076,1909f56bfc062723c751e8b465ee728b)
Start importing Assets/Cartoon UI/Prefabs/Toggles Dot/Toggle Dot Yellow.prefab using Guid(be7d2a7e1145e23458d44fb44dfcf269) Importer(815301076,1909f56bfc062723c751e8b465ee728b) (PreviewImporter) -> (artifact id: 'c0a8ca2aba3b92953d51e29fc41d6680') in 0.0042591 seconds
Number of updated asset objects reloaded before import = 0Number of asset objects unloaded after import = 15

========================================================================
Received Import Request.
  Time since last request: 4.274974 seconds.
  path: Assets/Cartoon UI/Prefabs/Toggles CheckMark/Toggle CheckMark Grey.prefab
  artifactKey: Guid(089232d60a805f64e8336eee04649175) Importer(815301076,1909f56bfc062723c751e8b465ee728b)
Start importing Assets/Cartoon UI/Prefabs/Toggles CheckMark/Toggle CheckMark Grey.prefab using Guid(089232d60a805f64e8336eee04649175) Importer(815301076,1909f56bfc062723c751e8b465ee728b) (PreviewImporter) -> (artifact id: 'b116a362f9321990063ee41ff6754a3d') in 0.0027689 seconds
Number of updated asset objects reloaded before import = 0Number of asset objects unloaded after import = 15

========================================================================
Received Import Request.
  Time since last request: 0.000018 seconds.
  path: Assets/Cartoon UI/Prefabs/Toggles CheckMark/Toggle CheckMark Pink Purple.prefab
  artifactKey: Guid(1ea61190fc03b184aa3bb7ead1c30bd4) Importer(815301076,1909f56bfc062723c751e8b465ee728b)
Start importing Assets/Cartoon UI/Prefabs/Toggles CheckMark/Toggle CheckMark Pink Purple.prefab using Guid(1ea61190fc03b184aa3bb7ead1c30bd4) Importer(815301076,1909f56bfc062723c751e8b465ee728b) (PreviewImporter) -> (artifact id: 'ddb4dfb1e6cbd6e116c5e9821df5155b') in 0.0042111 seconds
Number of updated asset objects reloaded before import = 0Number of asset objects unloaded after import = 15

========================================================================
Received Import Request.
  Time since last request: 0.000024 seconds.
  path: Assets/Cartoon UI/Prefabs/Toggles CheckMark/Toggle CheckMark Skyblue.prefab
  artifactKey: Guid(df9a39732d68b78418a7f52db4a5bc41) Importer(815301076,1909f56bfc062723c751e8b465ee728b)
Start importing Assets/Cartoon UI/Prefabs/Toggles CheckMark/Toggle CheckMark Skyblue.prefab using Guid(df9a39732d68b78418a7f52db4a5bc41) Importer(815301076,1909f56bfc062723c751e8b465ee728b) (PreviewImporter) -> (artifact id: 'bff2ae5ac92a52dfcba37c03f0aa76c2') in 0.0034991 seconds
Number of updated asset objects reloaded before import = 0Number of asset objects unloaded after import = 15

========================================================================
Received Import Request.
  Time since last request: 1.939945 seconds.
  path: Assets/Cartoon UI/Prefabs/Sliders/Slider Grey.prefab
  artifactKey: Guid(bc397e32b07e1754fb251d1937aff2f9) Importer(815301076,1909f56bfc062723c751e8b465ee728b)
Start importing Assets/Cartoon UI/Prefabs/Sliders/Slider Grey.prefab using Guid(bc397e32b07e1754fb251d1937aff2f9) Importer(815301076,1909f56bfc062723c751e8b465ee728b) (PreviewImporter) -> (artifact id: '6695f880fa01c31e5e9303543b4cb03c') in 0.0046379 seconds
Number of updated asset objects reloaded before import = 0Number of asset objects unloaded after import = 24

========================================================================
Received Import Request.
  Time since last request: 0.000023 seconds.
  path: Assets/Cartoon UI/Prefabs/Sliders/Slider Pink Purple.prefab
  artifactKey: Guid(eeca6770d2044fe438ecdac7ba1ccda7) Importer(815301076,1909f56bfc062723c751e8b465ee728b)
Start importing Assets/Cartoon UI/Prefabs/Sliders/Slider Pink Purple.prefab using Guid(eeca6770d2044fe438ecdac7ba1ccda7) Importer(815301076,1909f56bfc062723c751e8b465ee728b) (PreviewImporter) -> (artifact id: 'd8ecf04c29903fb05564461bee8f7ee3') in 0.0044321 seconds
Number of updated asset objects reloaded before import = 0Number of asset objects unloaded after import = 24

========================================================================
Received Import Request.
  Time since last request: 0.000024 seconds.
  path: Assets/Cartoon UI/Prefabs/Sliders/Slider Purple.prefab
  artifactKey: Guid(83e53c4e735337344811cd1423b748f7) Importer(815301076,1909f56bfc062723c751e8b465ee728b)
Start importing Assets/Cartoon UI/Prefabs/Sliders/Slider Purple.prefab using Guid(83e53c4e735337344811cd1423b748f7) Importer(815301076,1909f56bfc062723c751e8b465ee728b) (PreviewImporter) -> (artifact id: '1b04e784278bb8a86872b6f49680bf50') in 0.0033913 seconds
Number of updated asset objects reloaded before import = 0Number of asset objects unloaded after import = 24

========================================================================
Received Import Request.
  Time since last request: 2.424312 seconds.
  path: Assets/Cartoon UI/Prefabs/Progress Bars/Type 2/ProgressBar 2 Grey.prefab
  artifactKey: Guid(013fe0050eacc4742bcb87c2af372c5a) Importer(815301076,1909f56bfc062723c751e8b465ee728b)
Start importing Assets/Cartoon UI/Prefabs/Progress Bars/Type 2/ProgressBar 2 Grey.prefab using Guid(013fe0050eacc4742bcb87c2af372c5a) Importer(815301076,1909f56bfc062723c751e8b465ee728b) (PreviewImporter) -> (artifact id: '1e56018966115d6e8759062064bbf11f') in 0.0098946 seconds
Number of updated asset objects reloaded before import = 0Number of asset objects unloaded after import = 21

========================================================================
Received Import Request.
  Time since last request: 0.000044 seconds.
  path: Assets/Cartoon UI/Prefabs/Progress Bars/Type 2/ProgressBar 2 Pink.prefab
  artifactKey: Guid(845cf2867d8b8af4296809c448c7a7f7) Importer(815301076,1909f56bfc062723c751e8b465ee728b)
Start importing Assets/Cartoon UI/Prefabs/Progress Bars/Type 2/ProgressBar 2 Pink.prefab using Guid(845cf2867d8b8af4296809c448c7a7f7) Importer(815301076,1909f56bfc062723c751e8b465ee728b) (PreviewImporter) -> (artifact id: '96eba5c2605adb3702d82a360088ec76') in 0.0125833 seconds
Number of updated asset objects reloaded before import = 0Number of asset objects unloaded after import = 21

========================================================================
Received Import Request.
  Time since last request: 0.000034 seconds.
  path: Assets/Cartoon UI/Prefabs/Progress Bars/Type 2/ProgressBar 2 Yellow.prefab
  artifactKey: Guid(95f8b443fb6b7834c82e7d2b0bc1b1d2) Importer(815301076,1909f56bfc062723c751e8b465ee728b)
Start importing Assets/Cartoon UI/Prefabs/Progress Bars/Type 2/ProgressBar 2 Yellow.prefab using Guid(95f8b443fb6b7834c82e7d2b0bc1b1d2) Importer(815301076,1909f56bfc062723c751e8b465ee728b) (PreviewImporter) -> (artifact id: 'f3124627a91df5ad86c3a823dc4c17b8') in 0.0108169 seconds
Number of updated asset objects reloaded before import = 0Number of asset objects unloaded after import = 21

========================================================================
Received Import Request.
  Time since last request: 1.890501 seconds.
  path: Assets/Cartoon UI/Prefabs/Progress Bars/Type 1/ProgressBar Grey.prefab
  artifactKey: Guid(c251525902555bf45a7274a790b1d69f) Importer(815301076,1909f56bfc062723c751e8b465ee728b)
Start importing Assets/Cartoon UI/Prefabs/Progress Bars/Type 1/ProgressBar Grey.prefab using Guid(c251525902555bf45a7274a790b1d69f) Importer(815301076,1909f56bfc062723c751e8b465ee728b) (PreviewImporter) -> (artifact id: '4cadfe20bc20f056c334c0e2f47e2818') in 0.0094798 seconds
Number of updated asset objects reloaded before import = 0Number of asset objects unloaded after import = 21

========================================================================
Received Import Request.
  Time since last request: 0.000024 seconds.
  path: Assets/Cartoon UI/Prefabs/Progress Bars/Type 1/ProgressBar Pink Purple.prefab
  artifactKey: Guid(a8bc354daa3bc29408b16316325b6544) Importer(815301076,1909f56bfc062723c751e8b465ee728b)
Start importing Assets/Cartoon UI/Prefabs/Progress Bars/Type 1/ProgressBar Pink Purple.prefab using Guid(a8bc354daa3bc29408b16316325b6544) Importer(815301076,1909f56bfc062723c751e8b465ee728b) (PreviewImporter) -> (artifact id: '6f1369635034e9e8938eead9e671aa66') in 0.0130936 seconds
Number of updated asset objects reloaded before import = 0Number of asset objects unloaded after import = 21

========================================================================
Received Import Request.
  Time since last request: 0.000022 seconds.
  path: Assets/Cartoon UI/Prefabs/Progress Bars/Type 1/ProgressBar Skyblue.prefab
  artifactKey: Guid(6676a5d3f9648cc4abe0eef29cdbae8f) Importer(815301076,1909f56bfc062723c751e8b465ee728b)
Start importing Assets/Cartoon UI/Prefabs/Progress Bars/Type 1/ProgressBar Skyblue.prefab using Guid(6676a5d3f9648cc4abe0eef29cdbae8f) Importer(815301076,1909f56bfc062723c751e8b465ee728b) (PreviewImporter) -> (artifact id: '8f4d2ab6279af40b5b20e64b884660ac') in 0.0136291 seconds
Number of updated asset objects reloaded before import = 0Number of asset objects unloaded after import = 21

========================================================================
Received Import Request.
  Time since last request: 921.824779 seconds.
  path: Assets/Cartoon UI/Panels/Failed title bar.png
  artifactKey: Guid(fda4a1ee48a3d4348a2e0d84d21f506b) Importer(815301076,1909f56bfc062723c751e8b465ee728b)
Start importing Assets/Cartoon UI/Panels/Failed title bar.png using Guid(fda4a1ee48a3d4348a2e0d84d21f506b) Importer(815301076,1909f56bfc062723c751e8b465ee728b) (PreviewImporter) -> (artifact id: '689c6a3aa56a4ca7cf11d29601ae813b') in 0.0241081 seconds
Number of updated asset objects reloaded before import = 0Number of asset objects unloaded after import = 3

========================================================================
Received Import Request.
  Time since last request: 0.000021 seconds.
  path: Assets/Cartoon UI/Panels/Messages Panel.png
  artifactKey: Guid(fe8f08e501343834b86eb47f47ee6f56) Importer(815301076,1909f56bfc062723c751e8b465ee728b)
Start importing Assets/Cartoon UI/Panels/Messages Panel.png using Guid(fe8f08e501343834b86eb47f47ee6f56) Importer(815301076,1909f56bfc062723c751e8b465ee728b) (PreviewImporter) -> (artifact id: '74a16997e9257d531851d54ee005d3f3') in 0.0279071 seconds
Number of updated asset objects reloaded before import = 0Number of asset objects unloaded after import = 3

========================================================================
Received Import Request.
  Time since last request: 0.000033 seconds.
  path: Assets/Cartoon UI/Panels/Panel Light.png
  artifactKey: Guid(e6854a940b51e904795511ce30c12070) Importer(815301076,1909f56bfc062723c751e8b465ee728b)
Start importing Assets/Cartoon UI/Panels/Panel Light.png using Guid(e6854a940b51e904795511ce30c12070) Importer(815301076,1909f56bfc062723c751e8b465ee728b) (PreviewImporter) -> (artifact id: 'adf97951af6e15201e5c1fed0548bd5c') in 0.0304255 seconds
Number of updated asset objects reloaded before import = 0Number of asset objects unloaded after import = 3

========================================================================
Received Import Request.
  Time since last request: 0.000023 seconds.
  path: Assets/Cartoon UI/Panels/Title Bar Purple.png
  artifactKey: Guid(acef39310673cae4cad5529dae2b0e21) Importer(815301076,1909f56bfc062723c751e8b465ee728b)
Start importing Assets/Cartoon UI/Panels/Title Bar Purple.png using Guid(acef39310673cae4cad5529dae2b0e21) Importer(815301076,1909f56bfc062723c751e8b465ee728b) (PreviewImporter) -> (artifact id: '8e389f50324e5e9edbcae6d536682631') in 0.0255651 seconds
Number of updated asset objects reloaded before import = 0Number of asset objects unloaded after import = 3

========================================================================
Received Import Request.
  Time since last request: 0.000018 seconds.
  path: Assets/Cartoon UI/Panels/Title Bar Green.png
  artifactKey: Guid(55c94b8661265a24a8f5f68d5cba24ca) Importer(815301076,1909f56bfc062723c751e8b465ee728b)
Start importing Assets/Cartoon UI/Panels/Title Bar Green.png using Guid(55c94b8661265a24a8f5f68d5cba24ca) Importer(815301076,1909f56bfc062723c751e8b465ee728b) (PreviewImporter) -> (artifact id: '2f08b38f64c7f25cfe2c2b5d0af68ad3') in 0.0223537 seconds
Number of updated asset objects reloaded before import = 0Number of asset objects unloaded after import = 3

========================================================================
Received Import Request.
  Time since last request: 0.000028 seconds.
  path: Assets/Cartoon UI/Panels/Octagon Outlined.png
  artifactKey: Guid(f8ff172efde26054b8e1aba691543818) Importer(815301076,1909f56bfc062723c751e8b465ee728b)
Start importing Assets/Cartoon UI/Panels/Octagon Outlined.png using Guid(f8ff172efde26054b8e1aba691543818) Importer(815301076,1909f56bfc062723c751e8b465ee728b) (PreviewImporter) -> (artifact id: 'd1853fc129e17d0c20c32fecf3746ec8') in 0.0256869 seconds
Number of updated asset objects reloaded before import = 0Number of asset objects unloaded after import = 3

========================================================================
Received Import Request.
  Time since last request: 0.000030 seconds.
  path: Assets/Cartoon UI/Panels/Store Skyblue.png
  artifactKey: Guid(86c9b4b950088cd458c57da7c4341294) Importer(815301076,1909f56bfc062723c751e8b465ee728b)
Start importing Assets/Cartoon UI/Panels/Store Skyblue.png using Guid(86c9b4b950088cd458c57da7c4341294) Importer(815301076,1909f56bfc062723c751e8b465ee728b) (PreviewImporter) -> (artifact id: '4105b48c884670c3eb327f1f24bd327f') in 0.024393 seconds
Number of updated asset objects reloaded before import = 0Number of asset objects unloaded after import = 3

========================================================================
Received Import Request.
  Time since last request: 0.000035 seconds.
  path: Assets/Cartoon UI/Panels/Title Bar Skyblue.png
  artifactKey: Guid(2060162b214445b4bb09bb2a28617473) Importer(815301076,1909f56bfc062723c751e8b465ee728b)
Start importing Assets/Cartoon UI/Panels/Title Bar Skyblue.png using Guid(2060162b214445b4bb09bb2a28617473) Importer(815301076,1909f56bfc062723c751e8b465ee728b) (PreviewImporter) -> (artifact id: 'ab7f27e9c11ab036c7ff898002fd559a') in 0.0213144 seconds
Number of updated asset objects reloaded before import = 0Number of asset objects unloaded after import = 3

========================================================================
Received Import Request.
  Time since last request: 0.000018 seconds.
  path: Assets/Cartoon UI/Panels/Top Bar Slot.png
  artifactKey: Guid(099aedae9fa8a684899326e620b4aa89) Importer(815301076,1909f56bfc062723c751e8b465ee728b)
Start importing Assets/Cartoon UI/Panels/Top Bar Slot.png using Guid(099aedae9fa8a684899326e620b4aa89) Importer(815301076,1909f56bfc062723c751e8b465ee728b) (PreviewImporter) -> (artifact id: '0d3f5596fc962797bafb0529780adec2') in 0.0210381 seconds
Number of updated asset objects reloaded before import = 0Number of asset objects unloaded after import = 3

========================================================================
Received Import Request.
  Time since last request: 0.000020 seconds.
  path: Assets/Cartoon UI/Panels/Tab 1.png
  artifactKey: Guid(a98ead32ebe17784ca8233b8c7efccfd) Importer(815301076,1909f56bfc062723c751e8b465ee728b)
Start importing Assets/Cartoon UI/Panels/Tab 1.png using Guid(a98ead32ebe17784ca8233b8c7efccfd) Importer(815301076,1909f56bfc062723c751e8b465ee728b) (PreviewImporter) -> (artifact id: 'ab301a32ad3c080fc165243a05b6a330') in 0.022791 seconds
Number of updated asset objects reloaded before import = 0Number of asset objects unloaded after import = 3

========================================================================
Received Import Request.
  Time since last request: 0.000038 seconds.
  path: Assets/Cartoon UI/Panels/Store Red.png
  artifactKey: Guid(09161f8d27a31ae4598d2a137a7a5327) Importer(815301076,1909f56bfc062723c751e8b465ee728b)
Start importing Assets/Cartoon UI/Panels/Store Red.png using Guid(09161f8d27a31ae4598d2a137a7a5327) Importer(815301076,1909f56bfc062723c751e8b465ee728b) (PreviewImporter) -> (artifact id: '881e2137474edba4e578d6ab23fdf82d') in 0.0240798 seconds
Number of updated asset objects reloaded before import = 0Number of asset objects unloaded after import = 3

========================================================================
Received Import Request.
  Time since last request: 0.000039 seconds.
  path: Assets/Cartoon UI/Panels/Title Bar Blue.png
  artifactKey: Guid(ffefb1eb97c616e44bd812a60b5d28c9) Importer(815301076,1909f56bfc062723c751e8b465ee728b)
Start importing Assets/Cartoon UI/Panels/Title Bar Blue.png using Guid(ffefb1eb97c616e44bd812a60b5d28c9) Importer(815301076,1909f56bfc062723c751e8b465ee728b) (PreviewImporter) -> (artifact id: 'f403dc2a7bbf4b1e8571eeac4b1b2816') in 0.024007 seconds
Number of updated asset objects reloaded before import = 0Number of asset objects unloaded after import = 3

========================================================================
Received Import Request.
  Time since last request: 0.000019 seconds.
  path: Assets/Cartoon UI/Panels/Store Yellow.png
  artifactKey: Guid(651cb0e7e9a7e8f469e4b2d1eb7cdf7b) Importer(815301076,1909f56bfc062723c751e8b465ee728b)
Start importing Assets/Cartoon UI/Panels/Store Yellow.png using Guid(651cb0e7e9a7e8f469e4b2d1eb7cdf7b) Importer(815301076,1909f56bfc062723c751e8b465ee728b) (PreviewImporter) -> (artifact id: '27a1a3be674a4d3633743d29246a7bbb') in 0.0222282 seconds
Number of updated asset objects reloaded before import = 0Number of asset objects unloaded after import = 3

========================================================================
Received Import Request.
  Time since last request: 0.000022 seconds.
  path: Assets/Cartoon UI/Panels/Store Blue.png
  artifactKey: Guid(f5f8f6e571b908b40ba1a660d2113b55) Importer(815301076,1909f56bfc062723c751e8b465ee728b)
Start importing Assets/Cartoon UI/Panels/Store Blue.png using Guid(f5f8f6e571b908b40ba1a660d2113b55) Importer(815301076,1909f56bfc062723c751e8b465ee728b) (PreviewImporter) -> (artifact id: '91e05fb27b1361706c627ee28f6db36c') in 0.0241806 seconds
Number of updated asset objects reloaded before import = 0Number of asset objects unloaded after import = 3

========================================================================
Received Import Request.
  Time since last request: 0.000058 seconds.
  path: Assets/Cartoon UI/Panels/Store Pink Purple.png
  artifactKey: Guid(fb3e8e36da4e2df42a085072468138be) Importer(815301076,1909f56bfc062723c751e8b465ee728b)
Start importing Assets/Cartoon UI/Panels/Store Pink Purple.png using Guid(fb3e8e36da4e2df42a085072468138be) Importer(815301076,1909f56bfc062723c751e8b465ee728b) (PreviewImporter) -> (artifact id: '7d813eae75fc233ea447c0170d23546e') in 0.0220235 seconds
Number of updated asset objects reloaded before import = 0Number of asset objects unloaded after import = 3

========================================================================
Received Import Request.
  Time since last request: 0.000036 seconds.
  path: Assets/Cartoon UI/Panels/Store Panels.png
  artifactKey: Guid(6c5d2b0942b4081418263112b7882c29) Importer(815301076,1909f56bfc062723c751e8b465ee728b)
Start importing Assets/Cartoon UI/Panels/Store Panels.png using Guid(6c5d2b0942b4081418263112b7882c29) Importer(815301076,1909f56bfc062723c751e8b465ee728b) (PreviewImporter) -> (artifact id: 'a0fa14a007fef54a7d71d2235bccee3e') in 0.0213149 seconds
Number of updated asset objects reloaded before import = 0Number of asset objects unloaded after import = 3

========================================================================
Received Import Request.
  Time since last request: 10.992133 seconds.
  path: Assets/Resources/Images/Gemini_Generated_Image_74tpow74tpow74tp-removebg-preview.png
  artifactKey: Guid(f5a52c26367dae043b933c1fa41e3695) Importer(815301076,1909f56bfc062723c751e8b465ee728b)
Start importing Assets/Resources/Images/Gemini_Generated_Image_74tpow74tpow74tp-removebg-preview.png using Guid(f5a52c26367dae043b933c1fa41e3695) Importer(815301076,1909f56bfc062723c751e8b465ee728b) (PreviewImporter) -> (artifact id: 'bc8bd4c2ca8f838f0ce80cadb9ddc82b') in 0.098291 seconds
Number of updated asset objects reloaded before import = 0Number of asset objects unloaded after import = 14

========================================================================
Received Prepare
Begin MonoManager ReloadAssembly
[Licensing::Client] Successfully resolved entitlement details
- Loaded All Assemblies, in  1.917 seconds
Refreshing native plugins compatible for Editor in 3.13 ms, found 4 plugins.
Native extension for WindowsStandalone target not found
Native extension for WebGL target not found
[Package Manager] Failed to launch server process. Reason: Unity was launched with the -noUpm command-line argument
[Package Manager] Unable to send message (not connected to server process).
[Package Manager] Cannot connect to Unity Package Manager local server
ScheduleIndexationOnStartup MainProcess:False IndexOnStartup:True
Mono: successfully reloaded assembly
- Finished resetting the current domain, in  1.136 seconds
Domain Reload Profiling: 3058ms
	BeginReloadAssembly (654ms)
		ExecutionOrderSort (0ms)
		DisableScriptedObjects (91ms)
		BackupInstance (0ms)
		ReleaseScriptingObjects (2ms)
		CreateAndSetChildDomain (213ms)
	RebuildCommonClasses (44ms)
	RebuildNativeTypeToScriptingClass (12ms)
	initialDomainReloadingComplete (54ms)
	LoadAllAssembliesAndSetupDomain (1158ms)
		LoadAssemblies (874ms)
		RebuildTransferFunctionScriptingTraits (0ms)
		AnalyzeDomain (489ms)
			TypeCache.Refresh (22ms)
				TypeCache.ScanAssembly (0ms)
			BuildScriptInfoCaches (431ms)
			ResolveRequiredComponents (17ms)
	FinalizeReload (1136ms)
		ReleaseScriptCaches (0ms)
		RebuildScriptCaches (0ms)
		SetupLoadedEditorAssemblies (878ms)
			LogAssemblyErrors (0ms)
			InitializePlatformSupportModulesInManaged (4ms)
			SetLoadedEditorAssemblies (10ms)
			BeforeProcessingInitializeOnLoad (252ms)
			ProcessInitializeOnLoadAttributes (492ms)
			ProcessInitializeOnLoadMethodAttributes (108ms)
			AfterProcessingInitializeOnLoad (10ms)
			EditorAssembliesLoaded (1ms)
		ExecutionOrderSort2 (0ms)
		AwakeInstancesAfterBackupRestoration (22ms)
Refreshing native plugins compatible for Editor in 3.42 ms, found 4 plugins.
Preloading 0 native plugins for Editor in 0.00 ms.
Unloading 16 Unused Serialized files (Serialized files now loaded: 0)
Unloading 7006 unused Assets / (4.7 MB). Loaded Objects now: 7920.
Memory consumption went from 158.5 MB to 153.8 MB.
Total: 24.875700 ms (FindLiveObjects: 2.133700 ms CreateObjectMapping: 1.992400 ms MarkObjects: 14.090500 ms  DeleteObjects: 6.655300 ms)

Prepare: number of updated asset objects reloaded= 0
========================================================================
Received Prepare
Begin MonoManager ReloadAssembly
- Loaded All Assemblies, in  0.943 seconds
Refreshing native plugins compatible for Editor in 2.51 ms, found 4 plugins.
Native extension for WindowsStandalone target not found
Native extension for WebGL target not found
[Package Manager] Failed to launch server process. Reason: Unity was launched with the -noUpm command-line argument
[Package Manager] Unable to send message (not connected to server process).
[Package Manager] Cannot connect to Unity Package Manager local server
ScheduleIndexationOnStartup MainProcess:False IndexOnStartup:True
Mono: successfully reloaded assembly
- Finished resetting the current domain, in  1.167 seconds
Domain Reload Profiling: 2107ms
	BeginReloadAssembly (273ms)
		ExecutionOrderSort (0ms)
		DisableScriptedObjects (19ms)
		BackupInstance (0ms)
		ReleaseScriptingObjects (0ms)
		CreateAndSetChildDomain (74ms)
	RebuildCommonClasses (38ms)
	RebuildNativeTypeToScriptingClass (12ms)
	initialDomainReloadingComplete (37ms)
	LoadAllAssembliesAndSetupDomain (580ms)
		LoadAssemblies (460ms)
		RebuildTransferFunctionScriptingTraits (0ms)
		AnalyzeDomain (231ms)
			TypeCache.Refresh (7ms)
				TypeCache.ScanAssembly (0ms)
			BuildScriptInfoCaches (208ms)
			ResolveRequiredComponents (11ms)
	FinalizeReload (1168ms)
		ReleaseScriptCaches (0ms)
		RebuildScriptCaches (0ms)
		SetupLoadedEditorAssemblies (888ms)
			LogAssemblyErrors (0ms)
			InitializePlatformSupportModulesInManaged (4ms)
			SetLoadedEditorAssemblies (12ms)
			BeforeProcessingInitializeOnLoad (252ms)
			ProcessInitializeOnLoadAttributes (489ms)
			ProcessInitializeOnLoadMethodAttributes (118ms)
			AfterProcessingInitializeOnLoad (11ms)
			EditorAssembliesLoaded (1ms)
		ExecutionOrderSort2 (0ms)
		AwakeInstancesAfterBackupRestoration (24ms)
Refreshing native plugins compatible for Editor in 2.45 ms, found 4 plugins.
Preloading 0 native plugins for Editor in 0.00 ms.
Unloading 16 Unused Serialized files (Serialized files now loaded: 0)
Unloading 7004 unused Assets / (4.7 MB). Loaded Objects now: 7923.
Memory consumption went from 158.6 MB to 153.9 MB.
Total: 24.643700 ms (FindLiveObjects: 1.772500 ms CreateObjectMapping: 2.063000 ms MarkObjects: 14.254300 ms  DeleteObjects: 6.550800 ms)

Prepare: number of updated asset objects reloaded= 0
========================================================================
Received Prepare
Begin MonoManager ReloadAssembly
[Licensing::Client] Successfully resolved entitlement details
- Loaded All Assemblies, in  1.227 seconds
Refreshing native plugins compatible for Editor in 5.37 ms, found 4 plugins.
Native extension for WindowsStandalone target not found
Native extension for WebGL target not found
[Package Manager] Failed to launch server process. Reason: Unity was launched with the -noUpm command-line argument
[Package Manager] Unable to send message (not connected to server process).
[Package Manager] Cannot connect to Unity Package Manager local server
ScheduleIndexationOnStartup MainProcess:False IndexOnStartup:True
Mono: successfully reloaded assembly
- Finished resetting the current domain, in  1.352 seconds
Domain Reload Profiling: 2579ms
	BeginReloadAssembly (313ms)
		ExecutionOrderSort (0ms)
		DisableScriptedObjects (20ms)
		BackupInstance (0ms)
		ReleaseScriptingObjects (0ms)
		CreateAndSetChildDomain (83ms)
	RebuildCommonClasses (45ms)
	RebuildNativeTypeToScriptingClass (15ms)
	initialDomainReloadingComplete (36ms)
	LoadAllAssembliesAndSetupDomain (816ms)
		LoadAssemblies (620ms)
		RebuildTransferFunctionScriptingTraits (0ms)
		AnalyzeDomain (323ms)
			TypeCache.Refresh (13ms)
				TypeCache.ScanAssembly (0ms)
			BuildScriptInfoCaches (286ms)
			ResolveRequiredComponents (16ms)
	FinalizeReload (1353ms)
		ReleaseScriptCaches (0ms)
		RebuildScriptCaches (0ms)
		SetupLoadedEditorAssemblies (1052ms)
			LogAssemblyErrors (0ms)
			InitializePlatformSupportModulesInManaged (5ms)
			SetLoadedEditorAssemblies (11ms)
			BeforeProcessingInitializeOnLoad (308ms)
			ProcessInitializeOnLoadAttributes (609ms)
			ProcessInitializeOnLoadMethodAttributes (108ms)
			AfterProcessingInitializeOnLoad (10ms)
			EditorAssembliesLoaded (1ms)
		ExecutionOrderSort2 (0ms)
		AwakeInstancesAfterBackupRestoration (22ms)
Refreshing native plugins compatible for Editor in 2.19 ms, found 4 plugins.
Preloading 0 native plugins for Editor in 0.00 ms.
Unloading 16 Unused Serialized files (Serialized files now loaded: 0)
Unloading 7004 unused Assets / (5.1 MB). Loaded Objects now: 7926.
Memory consumption went from 158.6 MB to 153.5 MB.
Total: 31.737000 ms (FindLiveObjects: 2.669400 ms CreateObjectMapping: 2.422300 ms MarkObjects: 15.779600 ms  DeleteObjects: 10.862300 ms)

Prepare: number of updated asset objects reloaded= 0
========================================================================
Received Prepare
Begin MonoManager ReloadAssembly
[Licensing::Client] Successfully resolved entitlement details
- Loaded All Assemblies, in  1.243 seconds
Refreshing native plugins compatible for Editor in 2.18 ms, found 4 plugins.
Native extension for WindowsStandalone target not found
Native extension for WebGL target not found
[Package Manager] Failed to launch server process. Reason: Unity was launched with the -noUpm command-line argument
[Package Manager] Unable to send message (not connected to server process).
[Package Manager] Cannot connect to Unity Package Manager local server
ScheduleIndexationOnStartup MainProcess:False IndexOnStartup:True
Mono: successfully reloaded assembly
- Finished resetting the current domain, in  1.282 seconds
Domain Reload Profiling: 2530ms
	BeginReloadAssembly (330ms)
		ExecutionOrderSort (0ms)
		DisableScriptedObjects (24ms)
		BackupInstance (0ms)
		ReleaseScriptingObjects (0ms)
		CreateAndSetChildDomain (85ms)
	RebuildCommonClasses (49ms)
	RebuildNativeTypeToScriptingClass (16ms)
	initialDomainReloadingComplete (47ms)
	LoadAllAssembliesAndSetupDomain (800ms)
		LoadAssemblies (628ms)
		RebuildTransferFunctionScriptingTraits (0ms)
		AnalyzeDomain (304ms)
			TypeCache.Refresh (11ms)
				TypeCache.ScanAssembly (0ms)
			BuildScriptInfoCaches (273ms)
			ResolveRequiredComponents (13ms)
	FinalizeReload (1287ms)
		ReleaseScriptCaches (0ms)
		RebuildScriptCaches (0ms)
		SetupLoadedEditorAssemblies (1033ms)
			LogAssemblyErrors (0ms)
			InitializePlatformSupportModulesInManaged (4ms)
			SetLoadedEditorAssemblies (17ms)
			BeforeProcessingInitializeOnLoad (307ms)
			ProcessInitializeOnLoadAttributes (548ms)
			ProcessInitializeOnLoadMethodAttributes (141ms)
			AfterProcessingInitializeOnLoad (16ms)
			EditorAssembliesLoaded (1ms)
		ExecutionOrderSort2 (0ms)
		AwakeInstancesAfterBackupRestoration (28ms)
Refreshing native plugins compatible for Editor in 2.26 ms, found 4 plugins.
Preloading 0 native plugins for Editor in 0.00 ms.
Unloading 16 Unused Serialized files (Serialized files now loaded: 0)
Unloading 7004 unused Assets / (4.5 MB). Loaded Objects now: 7929.
Memory consumption went from 158.7 MB to 154.2 MB.
Total: 30.234900 ms (FindLiveObjects: 2.028200 ms CreateObjectMapping: 2.402800 ms MarkObjects: 16.397500 ms  DeleteObjects: 9.402400 ms)

Prepare: number of updated asset objects reloaded= 0
========================================================================
Received Prepare
Begin MonoManager ReloadAssembly
[Licensing::Client] Successfully resolved entitlement details
- Loaded All Assemblies, in  2.050 seconds
Refreshing native plugins compatible for Editor in 3.23 ms, found 4 plugins.
Native extension for WindowsStandalone target not found
Native extension for WebGL target not found
[Package Manager] Failed to launch server process. Reason: Unity was launched with the -noUpm command-line argument
[Package Manager] Unable to send message (not connected to server process).
[Package Manager] Cannot connect to Unity Package Manager local server
ScheduleIndexationOnStartup MainProcess:False IndexOnStartup:True
Mono: successfully reloaded assembly
- Finished resetting the current domain, in  2.133 seconds
Domain Reload Profiling: 4179ms
	BeginReloadAssembly (412ms)
		ExecutionOrderSort (0ms)
		DisableScriptedObjects (25ms)
		BackupInstance (0ms)
		ReleaseScriptingObjects (1ms)
		CreateAndSetChildDomain (95ms)
	RebuildCommonClasses (68ms)
	RebuildNativeTypeToScriptingClass (22ms)
	initialDomainReloadingComplete (63ms)
	LoadAllAssembliesAndSetupDomain (1482ms)
		LoadAssemblies (1194ms)
		RebuildTransferFunctionScriptingTraits (0ms)
		AnalyzeDomain (488ms)
			TypeCache.Refresh (38ms)
				TypeCache.ScanAssembly (1ms)
			BuildScriptInfoCaches (415ms)
			ResolveRequiredComponents (25ms)
	FinalizeReload (2133ms)
		ReleaseScriptCaches (0ms)
		RebuildScriptCaches (0ms)
		SetupLoadedEditorAssemblies (1778ms)
			LogAssemblyErrors (0ms)
			InitializePlatformSupportModulesInManaged (10ms)
			SetLoadedEditorAssemblies (11ms)
			BeforeProcessingInitializeOnLoad (442ms)
			ProcessInitializeOnLoadAttributes (1027ms)
			ProcessInitializeOnLoadMethodAttributes (258ms)
			AfterProcessingInitializeOnLoad (30ms)
			EditorAssembliesLoaded (1ms)
		ExecutionOrderSort2 (0ms)
		AwakeInstancesAfterBackupRestoration (46ms)
Refreshing native plugins compatible for Editor in 12.17 ms, found 4 plugins.
Preloading 0 native plugins for Editor in 0.00 ms.
Unloading 16 Unused Serialized files (Serialized files now loaded: 0)
Unloading 7004 unused Assets / (3.7 MB). Loaded Objects now: 7932.
Memory consumption went from 158.7 MB to 155.0 MB.
Total: 45.062100 ms (FindLiveObjects: 3.373300 ms CreateObjectMapping: 8.142500 ms MarkObjects: 26.534800 ms  DeleteObjects: 7.008000 ms)

Prepare: number of updated asset objects reloaded= 0
========================================================================
Received Prepare
Begin MonoManager ReloadAssembly
[Licensing::Client] Successfully resolved entitlement details
- Loaded All Assemblies, in  2.319 seconds
Refreshing native plugins compatible for Editor in 2.85 ms, found 4 plugins.
Native extension for WindowsStandalone target not found
Native extension for WebGL target not found
[Package Manager] Failed to launch server process. Reason: Unity was launched with the -noUpm command-line argument
[Package Manager] Unable to send message (not connected to server process).
[Package Manager] Cannot connect to Unity Package Manager local server
ScheduleIndexationOnStartup MainProcess:False IndexOnStartup:True
Mono: successfully reloaded assembly
- Finished resetting the current domain, in  1.298 seconds
Domain Reload Profiling: 3612ms
	BeginReloadAssembly (861ms)
		ExecutionOrderSort (1ms)
		DisableScriptedObjects (133ms)
		BackupInstance (0ms)
		ReleaseScriptingObjects (3ms)
		CreateAndSetChildDomain (208ms)
	RebuildCommonClasses (66ms)
	RebuildNativeTypeToScriptingClass (22ms)
	initialDomainReloadingComplete (50ms)
	LoadAllAssembliesAndSetupDomain (1314ms)
		LoadAssemblies (1234ms)
		RebuildTransferFunctionScriptingTraits (0ms)
		AnalyzeDomain (418ms)
			TypeCache.Refresh (23ms)
				TypeCache.ScanAssembly (0ms)
			BuildScriptInfoCaches (365ms)
			ResolveRequiredComponents (18ms)
	FinalizeReload (1299ms)
		ReleaseScriptCaches (0ms)
		RebuildScriptCaches (0ms)
		SetupLoadedEditorAssemblies (1011ms)
			LogAssemblyErrors (0ms)
			InitializePlatformSupportModulesInManaged (4ms)
			SetLoadedEditorAssemblies (8ms)
			BeforeProcessingInitializeOnLoad (287ms)
			ProcessInitializeOnLoadAttributes (565ms)
			ProcessInitializeOnLoadMethodAttributes (135ms)
			AfterProcessingInitializeOnLoad (11ms)
			EditorAssembliesLoaded (1ms)
		ExecutionOrderSort2 (0ms)
		AwakeInstancesAfterBackupRestoration (26ms)
Refreshing native plugins compatible for Editor in 5.26 ms, found 4 plugins.
Preloading 0 native plugins for Editor in 0.00 ms.
Unloading 16 Unused Serialized files (Serialized files now loaded: 0)
Unloading 7004 unused Assets / (4.9 MB). Loaded Objects now: 7935.
Memory consumption went from 158.8 MB to 153.8 MB.
Total: 20.073100 ms (FindLiveObjects: 2.281600 ms CreateObjectMapping: 2.353500 ms MarkObjects: 9.855300 ms  DeleteObjects: 5.579300 ms)

Prepare: number of updated asset objects reloaded= 0
========================================================================
Received Prepare
Begin MonoManager ReloadAssembly
- Loaded All Assemblies, in  1.186 seconds
Refreshing native plugins compatible for Editor in 2.28 ms, found 4 plugins.
Native extension for WindowsStandalone target not found
Native extension for WebGL target not found
[Package Manager] Failed to launch server process. Reason: Unity was launched with the -noUpm command-line argument
[Package Manager] Unable to send message (not connected to server process).
[Package Manager] Cannot connect to Unity Package Manager local server
ScheduleIndexationOnStartup MainProcess:False IndexOnStartup:True
Mono: successfully reloaded assembly
- Finished resetting the current domain, in  1.309 seconds
Domain Reload Profiling: 2494ms
	BeginReloadAssembly (334ms)
		ExecutionOrderSort (0ms)
		DisableScriptedObjects (21ms)
		BackupInstance (0ms)
		ReleaseScriptingObjects (1ms)
		CreateAndSetChildDomain (88ms)
	RebuildCommonClasses (47ms)
	RebuildNativeTypeToScriptingClass (18ms)
	initialDomainReloadingComplete (39ms)
	LoadAllAssembliesAndSetupDomain (745ms)
		LoadAssemblies (599ms)
		RebuildTransferFunctionScriptingTraits (0ms)
		AnalyzeDomain (293ms)
			TypeCache.Refresh (12ms)
				TypeCache.ScanAssembly (0ms)
			BuildScriptInfoCaches (260ms)
			ResolveRequiredComponents (15ms)
	FinalizeReload (1311ms)
		ReleaseScriptCaches (0ms)
		RebuildScriptCaches (0ms)
		SetupLoadedEditorAssemblies (1039ms)
			LogAssemblyErrors (0ms)
			InitializePlatformSupportModulesInManaged (7ms)
			SetLoadedEditorAssemblies (8ms)
			BeforeProcessingInitializeOnLoad (344ms)
			ProcessInitializeOnLoadAttributes (550ms)
			ProcessInitializeOnLoadMethodAttributes (116ms)
			AfterProcessingInitializeOnLoad (14ms)
			EditorAssembliesLoaded (1ms)
		ExecutionOrderSort2 (0ms)
		AwakeInstancesAfterBackupRestoration (24ms)
Refreshing native plugins compatible for Editor in 3.16 ms, found 4 plugins.
Preloading 0 native plugins for Editor in 0.00 ms.
Unloading 16 Unused Serialized files (Serialized files now loaded: 0)
Unloading 7004 unused Assets / (5.1 MB). Loaded Objects now: 7938.
Memory consumption went from 158.8 MB to 153.7 MB.
Total: 22.523300 ms (FindLiveObjects: 1.788000 ms CreateObjectMapping: 2.147900 ms MarkObjects: 11.370800 ms  DeleteObjects: 7.214900 ms)

Prepare: number of updated asset objects reloaded= 0
========================================================================
Received Prepare
Begin MonoManager ReloadAssembly
[Licensing::Client] Successfully resolved entitlement details
- Loaded All Assemblies, in  1.106 seconds
Refreshing native plugins compatible for Editor in 2.28 ms, found 4 plugins.
Native extension for WindowsStandalone target not found
Native extension for WebGL target not found
[Package Manager] Failed to launch server process. Reason: Unity was launched with the -noUpm command-line argument
[Package Manager] Unable to send message (not connected to server process).
[Package Manager] Cannot connect to Unity Package Manager local server
ScheduleIndexationOnStartup MainProcess:False IndexOnStartup:True
Mono: successfully reloaded assembly
- Finished resetting the current domain, in  1.195 seconds
Domain Reload Profiling: 2302ms
	BeginReloadAssembly (310ms)
		ExecutionOrderSort (0ms)
		DisableScriptedObjects (24ms)
		BackupInstance (0ms)
		ReleaseScriptingObjects (0ms)
		CreateAndSetChildDomain (96ms)
	RebuildCommonClasses (41ms)
	RebuildNativeTypeToScriptingClass (14ms)
	initialDomainReloadingComplete (38ms)
	LoadAllAssembliesAndSetupDomain (702ms)
		LoadAssemblies (544ms)
		RebuildTransferFunctionScriptingTraits (0ms)
		AnalyzeDomain (274ms)
			TypeCache.Refresh (11ms)
				TypeCache.ScanAssembly (0ms)
			BuildScriptInfoCaches (247ms)
			ResolveRequiredComponents (10ms)
	FinalizeReload (1196ms)
		ReleaseScriptCaches (0ms)
		RebuildScriptCaches (0ms)
		SetupLoadedEditorAssemblies (972ms)
			LogAssemblyErrors (0ms)
			InitializePlatformSupportModulesInManaged (4ms)
			SetLoadedEditorAssemblies (9ms)
			BeforeProcessingInitializeOnLoad (214ms)
			ProcessInitializeOnLoadAttributes (590ms)
			ProcessInitializeOnLoadMethodAttributes (143ms)
			AfterProcessingInitializeOnLoad (11ms)
			EditorAssembliesLoaded (1ms)
		ExecutionOrderSort2 (0ms)
		AwakeInstancesAfterBackupRestoration (27ms)
Refreshing native plugins compatible for Editor in 3.06 ms, found 4 plugins.
Preloading 0 native plugins for Editor in 0.00 ms.
Unloading 16 Unused Serialized files (Serialized files now loaded: 0)
Unloading 7004 unused Assets / (4.9 MB). Loaded Objects now: 7941.
Memory consumption went from 158.8 MB to 153.9 MB.
Total: 27.143400 ms (FindLiveObjects: 1.775500 ms CreateObjectMapping: 2.520600 ms MarkObjects: 17.595000 ms  DeleteObjects: 5.249600 ms)

Prepare: number of updated asset objects reloaded= 0
========================================================================
Received Prepare
Begin MonoManager ReloadAssembly
- Loaded All Assemblies, in  1.122 seconds
Refreshing native plugins compatible for Editor in 2.21 ms, found 4 plugins.
Native extension for WindowsStandalone target not found
Native extension for WebGL target not found
[Package Manager] Failed to launch server process. Reason: Unity was launched with the -noUpm command-line argument
[Package Manager] Unable to send message (not connected to server process).
[Package Manager] Cannot connect to Unity Package Manager local server
ScheduleIndexationOnStartup MainProcess:False IndexOnStartup:True
Mono: successfully reloaded assembly
- Finished resetting the current domain, in  1.059 seconds
Domain Reload Profiling: 2183ms
	BeginReloadAssembly (319ms)
		ExecutionOrderSort (0ms)
		DisableScriptedObjects (15ms)
		BackupInstance (0ms)
		ReleaseScriptingObjects (1ms)
		CreateAndSetChildDomain (93ms)
	RebuildCommonClasses (50ms)
	RebuildNativeTypeToScriptingClass (13ms)
	initialDomainReloadingComplete (41ms)
	LoadAllAssembliesAndSetupDomain (700ms)
		LoadAssemblies (560ms)
		RebuildTransferFunctionScriptingTraits (0ms)
		AnalyzeDomain (269ms)
			TypeCache.Refresh (11ms)
				TypeCache.ScanAssembly (0ms)
			BuildScriptInfoCaches (240ms)
			ResolveRequiredComponents (11ms)
	FinalizeReload (1059ms)
		ReleaseScriptCaches (0ms)
		RebuildScriptCaches (0ms)
		SetupLoadedEditorAssemblies (819ms)
			LogAssemblyErrors (0ms)
			InitializePlatformSupportModulesInManaged (3ms)
			SetLoadedEditorAssemblies (9ms)
			BeforeProcessingInitializeOnLoad (215ms)
			ProcessInitializeOnLoadAttributes (462ms)
			ProcessInitializeOnLoadMethodAttributes (117ms)
			AfterProcessingInitializeOnLoad (12ms)
			EditorAssembliesLoaded (1ms)
		ExecutionOrderSort2 (0ms)
		AwakeInstancesAfterBackupRestoration (32ms)
Refreshing native plugins compatible for Editor in 2.45 ms, found 4 plugins.
Preloading 0 native plugins for Editor in 0.00 ms.
Unloading 16 Unused Serialized files (Serialized files now loaded: 0)
Unloading 7004 unused Assets / (4.6 MB). Loaded Objects now: 7944.
Memory consumption went from 158.9 MB to 154.2 MB.
Total: 17.791000 ms (FindLiveObjects: 0.860700 ms CreateObjectMapping: 1.020300 ms MarkObjects: 10.965300 ms  DeleteObjects: 4.941700 ms)

Prepare: number of updated asset objects reloaded= 0
