[Licensing::Module] Trying to connect to existing licensing client channel...
Built from '6000.3/staging' branch; Version is '6000.3.9f1 (7a9955a4f2fa) revision 8034645'; Using compiler version '194234433'; Build Type 'Release'
[Licensing::IpcConnector] Successfully connected to: "LicenseClient-Mehran" at "2026-09-09T13:59:52.035786Z"
OS: 'Windows 11  (10.0.26200) Core' Language: 'en' Physical Memory: 15743 MB
BatchMode: 1, IsHumanControllingUs: 0, StartBugReporterOnCrash: 0, Is64bit: 1
System  architecture: x64
Process architecture: x64
Date: 2026-09-09T13:59:52Z
[Licensing::Client] Code 10 while verifying Licensing Client signature (process Id: 11380, path: "C:/Program Files/Unity Hub/UnityLicensingClient_V1/Unity.Licensing.Client.exe")
[Licensing::Module] LicensingClient has failed validation; ignoring
[Licensing::Client] Handshaking with LicensingClient:
  Version:                 1.18.3+d7ffd15
  Session Id:              9f09240f4d644cd59dc3a2b20e0c81ba
  Correlation Id:          43817759048f46e5ba48ca5501f664c0
  External correlation Id: 7105187605179250367
  Machine Id:              DK+L0caBMZTr5YsxNxL4HGi2ATY=
[Licensing::Module] Successfully connected to LicensingClient on channel: "LicenseClient-Mehran" (connect: 0.00s, validation: 0.00s, handshake: 0.07s)
[Licensing::IpcConnector] Successfully connected to: "LicenseClient-Mehran-notifications" at "2026-09-09T13:59:52.105878Z"
[Licensing::Module] Licensing Background thread has ended after 0.07s

COMMAND LINE ARGUMENTS:
C:\Program Files\Unity\Hub\Editor\6000.3.9f1\Editor\Unity.exe
-adb2
-batchMode
-noUpm
-name
AssetImportWorker2
-projectPath
C:/Users/Mehran/unitygames/SMRITICARE APP/SmritiCare_App
-logFile
Logs/AssetImportWorker2.log
-srvPort
55967
-licensingIpc
LicenseClient-Mehran
-job-worker-count
5
-background-job-worker-count
8
-gc-helper-count
1
-name
AssetImport
Successfully changed project path to: C:/Users/Mehran/unitygames/SMRITICARE APP/SmritiCare_App
C:/Users/Mehran/unitygames/SMRITICARE APP/SmritiCare_App
[UnityMemory] Configuration Parameters - Can be set up in boot.config
    "memorysetup-temp-allocator-size-nav-mesh-worker=65536"
    "memorysetup-temp-allocator-size-audio-worker=65536"
    "memorysetup-temp-allocator-size-gfx=262144"
    "memorysetup-allocator-temp-initial-block-size-main=262144"
    "memorysetup-allocator-temp-initial-block-size-worker=262144"
    "memorysetup-temp-allocator-size-background-worker=32768"
    "memorysetup-temp-allocator-size-job-worker=262144"
    "memorysetup-temp-allocator-size-preload-manager=33554432"
    "memorysetup-temp-allocator-size-gi-baking-worker=262144"
    "memorysetup-temp-allocator-size-gi-baking-worker=262144"
    "memorysetup-temp-allocator-size-gi-baking-worker=262144"
    "memorysetup-temp-allocator-size-gi-baking-worker=262144"
    "memorysetup-temp-allocator-size-gi-baking-worker=262144"
    "memorysetup-bucket-allocator-granularity=16"
    "memorysetup-bucket-allocator-bucket-count=8"
    "memorysetup-bucket-allocator-block-size=33554432"
    "memorysetup-bucket-allocator-block-count=8"
    "memorysetup-main-allocator-block-size=16777216"
    "memorysetup-thread-allocator-block-size=16777216"
    "memorysetup-gfx-main-allocator-block-size=16777216"
    "memorysetup-gfx-thread-allocator-block-size=16777216"
    "memorysetup-cache-allocator-block-size=4194304"
    "memorysetup-typetree-allocator-block-size=2097152"
    "memorysetup-profiler-bucket-allocator-granularity=16"
    "memorysetup-profiler-bucket-allocator-bucket-count=8"
    "memorysetup-profiler-bucket-allocator-block-size=33554432"
    "memorysetup-profiler-bucket-allocator-block-count=8"
    "memorysetup-profiler-allocator-block-size=16777216"
    "memorysetup-profiler-editor-allocator-block-size=1048576"
    "memorysetup-temp-allocator-size-main=16777216"
    "memorysetup-job-temp-allocator-block-size=2097152"
    "memorysetup-job-temp-allocator-block-size-background=1048576"
    "memorysetup-job-temp-allocator-reduction-small-platforms=262144"
    "memorysetup-temp-allocator-size-cloud-worker=32768"
Player connection [21420]  Target information:

Player connection [21420]  * "[IP] 192.168.1.2 [Port] 0 [Flags] 2 [Guid] 3810284761 [EditorId] 3810284761 [Version] 1048832 [Id] WindowsEditor(7,DESKTOP-FKC2D1R) [Debug] 1 [PackageName] WindowsEditor [ProjectName] Editor" 

Player connection [21420] Host joined multi-casting on [225.0.0.222:54997]...
Player connection [21420] Host joined alternative multi-casting on [225.0.0.222:34997]...
JobSystem: Creating JobQueue using job-worker-count value 5
Input System module state changed to: Initialized.
[Physics::Module] Initialized fallback backend.
[Physics::Module] Id: 0xdecafbad
Library Redirect Path: Library/
[Physics::Module] Selected backend.
[Physics::Module] Name: PhysX
[Physics::Module] Id: 0xf2b8ea05
[Physics::Module] SDK Version: 4.1.2
[Physics::Module] Integration Version: 1.0.0
[Physics::Module] Threading Mode: Multi-Threaded
Refreshing native plugins compatible for Editor in 5.78 ms, found 4 plugins.
Preloading 0 native plugins for Editor in 0.00 ms.
Initialize engine version: 6000.3.9f1 (7a9955a4f2fa)
[Subsystems] Discovering subsystems at path C:/Program Files/Unity/Hub/Editor/6000.3.9f1/Editor/Data/Resources/UnitySubsystems
[Subsystems] Discovering subsystems at path C:/Users/Mehran/unitygames/SMRITICARE APP/SmritiCare_App/Assets
GfxDevice: creating device client; kGfxThreadingModeNonThreaded
Direct3D:
    Version:  Direct3D 11.0 [level 11.1]
    Renderer: AMD Radeon(TM) Graphics (ID=0x1638)
    Vendor:   ATI
    VRAM:     7871 MB
    Driver:   31.0.21923.11000
Initialize mono
Mono path[0] = 'C:/Program Files/Unity/Hub/Editor/6000.3.9f1/Editor/Data/Managed'
Mono path[1] = 'C:/Program Files/Unity/Hub/Editor/6000.3.9f1/Editor/Data/MonoBleedingEdge/lib/mono/unityjit-win32'
Mono config path = 'C:/Program Files/Unity/Hub/Editor/6000.3.9f1/Editor/Data/MonoBleedingEdge/etc'
Using monoOptions --debugger-agent=transport=dt_socket,embedding=1,server=y,suspend=n,address=127.0.0.1:56188
Begin MonoManager ReloadAssembly
Registering precompiled unity dll's ...
Register platform support module: C:/Program Files/Unity/Hub/Editor/6000.3.9f1/Editor/Data/PlaybackEngines/WebGLSupport/UnityEditor.WebGL.Extensions.dll
Register platform support module: C:/Program Files/Unity/Hub/Editor/6000.3.9f1/Editor/Data/PlaybackEngines/WindowsStandaloneSupport/UnityEditor.WindowsStandalone.Extensions.dll
Registered in 0.003481 seconds.
- Loaded All Assemblies, in  0.542 seconds
Native extension for WindowsStandalone target not found
Native extension for WebGL target not found
ScheduleIndexationOnStartup MainProcess:False IndexOnStartup:True
Mono: successfully reloaded assembly
- Finished resetting the current domain, in  0.566 seconds
Domain Reload Profiling: 1104ms
	BeginReloadAssembly (206ms)
		ExecutionOrderSort (0ms)
		DisableScriptedObjects (0ms)
		BackupInstance (0ms)
		ReleaseScriptingObjects (0ms)
		CreateAndSetChildDomain (1ms)
	RebuildCommonClasses (41ms)
	RebuildNativeTypeToScriptingClass (13ms)
	initialDomainReloadingComplete (61ms)
	LoadAllAssembliesAndSetupDomain (217ms)
		LoadAssemblies (201ms)
		RebuildTransferFunctionScriptingTraits (0ms)
		AnalyzeDomain (213ms)
			TypeCache.Refresh (210ms)
				TypeCache.ScanAssembly (191ms)
			BuildScriptInfoCaches (0ms)
			ResolveRequiredComponents (1ms)
	FinalizeReload (566ms)
		ReleaseScriptCaches (0ms)
		RebuildScriptCaches (0ms)
		SetupLoadedEditorAssemblies (513ms)
			LogAssemblyErrors (0ms)
			InitializePlatformSupportModulesInManaged (74ms)
			SetLoadedEditorAssemblies (6ms)
			BeforeProcessingInitializeOnLoad (129ms)
			ProcessInitializeOnLoadAttributes (211ms)
			ProcessInitializeOnLoadMethodAttributes (94ms)
			AfterProcessingInitializeOnLoad (0ms)
			EditorAssembliesLoaded (0ms)
		ExecutionOrderSort2 (0ms)
		AwakeInstancesAfterBackupRestoration (0ms)
========================================================================
Worker process is ready to serve import requests
Import Worker Mode flag is 0x00
Begin MonoManager ReloadAssembly
[Licensing::Client] Successfully resolved entitlement details
[Licensing::Module] License group:
  Id: 13469805414795-UnityPersXXXX
  Product: Unity Personal
  Type: Assigned
  Expiration: Unlimited
- Loaded All Assemblies, in  1.219 seconds
Refreshing native plugins compatible for Editor in 1.91 ms, found 4 plugins.
Native extension for WindowsStandalone target not found
Native extension for WebGL target not found
Package Manager log level set to [2]
[Package Manager] Failed to launch server process. Reason: Unity was launched with the -noUpm command-line argument
[Package Manager] Unable to send message (not connected to server process).
[Package Manager] Cannot connect to Unity Package Manager local server
ScheduleIndexationOnStartup MainProcess:False IndexOnStartup:True
Mono: successfully reloaded assembly
- Finished resetting the current domain, in  1.167 seconds
Domain Reload Profiling: 2373ms
	BeginReloadAssembly (250ms)
		ExecutionOrderSort (0ms)
		DisableScriptedObjects (7ms)
		BackupInstance (0ms)
		ReleaseScriptingObjects (0ms)
		CreateAndSetChildDomain (45ms)
	RebuildCommonClasses (46ms)
	RebuildNativeTypeToScriptingClass (12ms)
	initialDomainReloadingComplete (57ms)
	LoadAllAssembliesAndSetupDomain (841ms)
		LoadAssemblies (625ms)
		RebuildTransferFunctionScriptingTraits (0ms)
		AnalyzeDomain (360ms)
			TypeCache.Refresh (245ms)
				TypeCache.ScanAssembly (224ms)
			BuildScriptInfoCaches (97ms)
			ResolveRequiredComponents (13ms)
	FinalizeReload (1168ms)
		ReleaseScriptCaches (0ms)
		RebuildScriptCaches (0ms)
		SetupLoadedEditorAssemblies (958ms)
			LogAssemblyErrors (0ms)
			InitializePlatformSupportModulesInManaged (3ms)
			SetLoadedEditorAssemblies (6ms)
			BeforeProcessingInitializeOnLoad (283ms)
			ProcessInitializeOnLoadAttributes (464ms)
			ProcessInitializeOnLoadMethodAttributes (188ms)
			AfterProcessingInitializeOnLoad (14ms)
			EditorAssembliesLoaded (0ms)
		ExecutionOrderSort2 (0ms)
		AwakeInstancesAfterBackupRestoration (10ms)
Launched and connected shader compiler UnityShaderCompiler.exe after 0.02 seconds
Refreshing native plugins compatible for Editor in 3.14 ms, found 4 plugins.
Preloading 0 native plugins for Editor in 0.00 ms.
Unloading 16 Unused Serialized files (Serialized files now loaded: 0)
Unloading 7004 unused Assets / (4.6 MB). Loaded Objects now: 7836.
Memory consumption went from 156.3 MB to 151.7 MB.
Total: 16.759400 ms (FindLiveObjects: 1.495500 ms CreateObjectMapping: 1.708400 ms MarkObjects: 9.578400 ms  DeleteObjects: 3.975200 ms)

========================================================================
Received Import Request.
  Time since last request: 16607.588016 seconds.
  path: Assets/Cartoon UI/Icons/Droplet.png
  artifactKey: Guid(7b21f9026097ddc43b00a0eb223aa055) Importer(2089858483,b0f066a214c2f5e87bad3c948f4d605d)
Start importing Assets/Cartoon UI/Icons/Droplet.png using Guid(7b21f9026097ddc43b00a0eb223aa055) Importer(2089858483,b0f066a214c2f5e87bad3c948f4d605d) (ScriptedImporter) -> (artifact id: '3945ca4a1d581e53d33b1a7948e45981') in 0.1440187 seconds
Number of updated asset objects reloaded before import = 0Number of asset objects unloaded after import = 3

========================================================================
Received Import Request.
  Time since last request: 0.000020 seconds.
  path: Assets/_Recovery/0.unity
  artifactKey: Guid(a20a7661dd1e0fa439b0705e8ef3372e) Importer(2089858483,b0f066a214c2f5e87bad3c948f4d605d)
Start importing Assets/_Recovery/0.unity using Guid(a20a7661dd1e0fa439b0705e8ef3372e) Importer(2089858483,b0f066a214c2f5e87bad3c948f4d605d) (ScriptedImporter) -> (artifact id: 'f840f0d2fce74c9a0ce6905715c71db9') in 0.0167191 seconds
Number of updated asset objects reloaded before import = 0Number of asset objects unloaded after import = 1

========================================================================
Received Import Request.
  Time since last request: 0.000025 seconds.
  path: Assets/Cartoon UI/Icons/Calendar 2.png
  artifactKey: Guid(08dda35dedc545543ab25cd0ddd28873) Importer(2089858483,b0f066a214c2f5e87bad3c948f4d605d)
Start importing Assets/Cartoon UI/Icons/Calendar 2.png using Guid(08dda35dedc545543ab25cd0ddd28873) Importer(2089858483,b0f066a214c2f5e87bad3c948f4d605d) (ScriptedImporter) -> (artifact id: 'd71979c15386428b52ba9f2978a99e22') in 0.0186472 seconds
Number of updated asset objects reloaded before import = 0Number of asset objects unloaded after import = 3

========================================================================
Received Import Request.
  Time since last request: 0.000016 seconds.
  path: Assets/Cartoon UI/Icons/Gem3 Yellow.png
  artifactKey: Guid(e015a3d8418fc294f9388c7700f84a8b) Importer(2089858483,b0f066a214c2f5e87bad3c948f4d605d)
Start importing Assets/Cartoon UI/Icons/Gem3 Yellow.png using Guid(e015a3d8418fc294f9388c7700f84a8b) Importer(2089858483,b0f066a214c2f5e87bad3c948f4d605d) (ScriptedImporter) -> (artifact id: '9e68c1eb6837bd034a38c223417ea6bc') in 0.0237396 seconds
Number of updated asset objects reloaded before import = 0Number of asset objects unloaded after import = 3

========================================================================
Received Import Request.
  Time since last request: 0.000029 seconds.
  path: Assets/Cartoon UI/Icons/Gem2 Green.png
  artifactKey: Guid(f21ce91dac0f6784c925a1b8bdadd036) Importer(2089858483,b0f066a214c2f5e87bad3c948f4d605d)
Start importing Assets/Cartoon UI/Icons/Gem2 Green.png using Guid(f21ce91dac0f6784c925a1b8bdadd036) Importer(2089858483,b0f066a214c2f5e87bad3c948f4d605d) (ScriptedImporter) -> (artifact id: '8a7d2e04499428f934c4e6610d705584') in 0.0206199 seconds
Number of updated asset objects reloaded before import = 0Number of asset objects unloaded after import = 3

========================================================================
Received Import Request.
  Time since last request: 0.000040 seconds.
  path: Assets/Cartoon UI/Icons/Gem4 Green.png
  artifactKey: Guid(cbe22720997d14547a5bd67928ac382b) Importer(2089858483,b0f066a214c2f5e87bad3c948f4d605d)
Start importing Assets/Cartoon UI/Icons/Gem4 Green.png using Guid(cbe22720997d14547a5bd67928ac382b) Importer(2089858483,b0f066a214c2f5e87bad3c948f4d605d) (ScriptedImporter) -> (artifact id: 'd66ed31cadf4cac551e3162dfc92f0a4') in 0.0184208 seconds
Number of updated asset objects reloaded before import = 0Number of asset objects unloaded after import = 3

========================================================================
Received Import Request.
  Time since last request: 0.000028 seconds.
  path: Assets/Cartoon UI/Icons/Gem2 Orange.png
  artifactKey: Guid(321f93762f1284246a3f5b17c2adc765) Importer(2089858483,b0f066a214c2f5e87bad3c948f4d605d)
Start importing Assets/Cartoon UI/Icons/Gem2 Orange.png using Guid(321f93762f1284246a3f5b17c2adc765) Importer(2089858483,b0f066a214c2f5e87bad3c948f4d605d) (ScriptedImporter) -> (artifact id: '7a129fbc9d35b10d7b33c50b02eba32c') in 0.0227223 seconds
Number of updated asset objects reloaded before import = 0Number of asset objects unloaded after import = 3

========================================================================
Received Import Request.
  Time since last request: 0.000020 seconds.
  path: Assets/Cartoon UI/Icons/Gem1 Yellow.png
  artifactKey: Guid(ee43cd7eadfdbf749824a8928ac6d958) Importer(2089858483,b0f066a214c2f5e87bad3c948f4d605d)
Start importing Assets/Cartoon UI/Icons/Gem1 Yellow.png using Guid(ee43cd7eadfdbf749824a8928ac6d958) Importer(2089858483,b0f066a214c2f5e87bad3c948f4d605d) (ScriptedImporter) -> (artifact id: '7281d3cced1a976fdf39ae070ba1f0dd') in 0.0256685 seconds
Number of updated asset objects reloaded before import = 0Number of asset objects unloaded after import = 3

========================================================================
Received Import Request.
  Time since last request: 0.000017 seconds.
  path: Assets/Cartoon UI/Icons/Chest Gem.png
  artifactKey: Guid(b744ed0c702d8994982728691f19e3ed) Importer(2089858483,b0f066a214c2f5e87bad3c948f4d605d)
Start importing Assets/Cartoon UI/Icons/Chest Gem.png using Guid(b744ed0c702d8994982728691f19e3ed) Importer(2089858483,b0f066a214c2f5e87bad3c948f4d605d) (ScriptedImporter) -> (artifact id: 'e2a30ca65793707e7bd980af23cff883') in 0.020612 seconds
Number of updated asset objects reloaded before import = 0Number of asset objects unloaded after import = 3

========================================================================
Received Import Request.
  Time since last request: 0.000023 seconds.
  path: Assets/Cartoon UI/Icons/Gem1 Blue.png
  artifactKey: Guid(f5270d4bbf7d8e048a0b48927170f480) Importer(2089858483,b0f066a214c2f5e87bad3c948f4d605d)
Start importing Assets/Cartoon UI/Icons/Gem1 Blue.png using Guid(f5270d4bbf7d8e048a0b48927170f480) Importer(2089858483,b0f066a214c2f5e87bad3c948f4d605d) (ScriptedImporter) -> (artifact id: '59df76aa3211cf6a2231f5ba25ce1c9c') in 0.0201796 seconds
Number of updated asset objects reloaded before import = 0Number of asset objects unloaded after import = 3

========================================================================
Received Import Request.
  Time since last request: 0.000050 seconds.
  path: Assets/Cartoon UI/Icons/Gem3 Green.png
  artifactKey: Guid(8617870e93f5f4c43b18489f8c4f9fb9) Importer(2089858483,b0f066a214c2f5e87bad3c948f4d605d)
Start importing Assets/Cartoon UI/Icons/Gem3 Green.png using Guid(8617870e93f5f4c43b18489f8c4f9fb9) Importer(2089858483,b0f066a214c2f5e87bad3c948f4d605d) (ScriptedImporter) -> (artifact id: '0125c41702d67f5cc95cbbb06e52b539') in 0.0179095 seconds
Number of updated asset objects reloaded before import = 0Number of asset objects unloaded after import = 3

========================================================================
Received Import Request.
  Time since last request: 0.000036 seconds.
  path: Assets/Cartoon UI/Customizable/Custom ProgressBar 2.prefab
  artifactKey: Guid(5efdae72de460904386eab91247f3fbd) Importer(2089858483,b0f066a214c2f5e87bad3c948f4d605d)
Start importing Assets/Cartoon UI/Customizable/Custom ProgressBar 2.prefab using Guid(5efdae72de460904386eab91247f3fbd) Importer(2089858483,b0f066a214c2f5e87bad3c948f4d605d) (ScriptedImporter) -> (artifact id: '945bdfd99c2ce695c0fe1e80cc952a2b') in 0.085891 seconds
Number of updated asset objects reloaded before import = 0Number of asset objects unloaded after import = 21

========================================================================
Received Import Request.
  Time since last request: 0.000034 seconds.
  path: Assets/Cartoon UI/Icons/Bronze Badge.png
  artifactKey: Guid(74bed0612455f764fac7ef2f5eeec0e9) Importer(2089858483,b0f066a214c2f5e87bad3c948f4d605d)
Start importing Assets/Cartoon UI/Icons/Bronze Badge.png using Guid(74bed0612455f764fac7ef2f5eeec0e9) Importer(2089858483,b0f066a214c2f5e87bad3c948f4d605d) (ScriptedImporter) -> (artifact id: '9b161cc60905a1e823a9cb06c5da4615') in 0.0164369 seconds
Number of updated asset objects reloaded before import = 0Number of asset objects unloaded after import = 3

========================================================================
Received Import Request.
  Time since last request: 0.000023 seconds.
  path: Assets/Cartoon UI/Icons/Gem5 Blue.png
  artifactKey: Guid(606aa2cda492c154b973db87de2bbb22) Importer(2089858483,b0f066a214c2f5e87bad3c948f4d605d)
Start importing Assets/Cartoon UI/Icons/Gem5 Blue.png using Guid(606aa2cda492c154b973db87de2bbb22) Importer(2089858483,b0f066a214c2f5e87bad3c948f4d605d) (ScriptedImporter) -> (artifact id: '682dca35d869d6f8f7900552d90af862') in 0.0187248 seconds
Number of updated asset objects reloaded before import = 0Number of asset objects unloaded after import = 3

========================================================================
Received Import Request.
  Time since last request: 0.000029 seconds.
  path: Assets/Cartoon UI/Icons/Candy 3.png
  artifactKey: Guid(bbf7bd8d36ebff6459a910e75e3c8a36) Importer(2089858483,b0f066a214c2f5e87bad3c948f4d605d)
Start importing Assets/Cartoon UI/Icons/Candy 3.png using Guid(bbf7bd8d36ebff6459a910e75e3c8a36) Importer(2089858483,b0f066a214c2f5e87bad3c948f4d605d) (ScriptedImporter) -> (artifact id: '98755486b19c511e8f0bff54f8026a36') in 0.0157375 seconds
Number of updated asset objects reloaded before import = 0Number of asset objects unloaded after import = 3

========================================================================
Received Import Request.
  Time since last request: 0.000020 seconds.
  path: Assets/Cartoon UI/Icons/Gem4 Red.png
  artifactKey: Guid(6cc5ae988f0e71846b8f20775e07af3e) Importer(2089858483,b0f066a214c2f5e87bad3c948f4d605d)
Start importing Assets/Cartoon UI/Icons/Gem4 Red.png using Guid(6cc5ae988f0e71846b8f20775e07af3e) Importer(2089858483,b0f066a214c2f5e87bad3c948f4d605d) (ScriptedImporter) -> (artifact id: '444aec6c8e3df51638ba97ecc5a422e9') in 0.0176943 seconds
Number of updated asset objects reloaded before import = 0Number of asset objects unloaded after import = 3

========================================================================
Received Import Request.
  Time since last request: 0.000047 seconds.
  path: Assets/Cartoon UI/Icons/Coin Chest.png
  artifactKey: Guid(4ce64a1d7960a76478ad3a9117ba112e) Importer(2089858483,b0f066a214c2f5e87bad3c948f4d605d)
Start importing Assets/Cartoon UI/Icons/Coin Chest.png using Guid(4ce64a1d7960a76478ad3a9117ba112e) Importer(2089858483,b0f066a214c2f5e87bad3c948f4d605d) (ScriptedImporter) -> (artifact id: '81ba75300eebdc15a7fb91119983ddb5') in 0.0150103 seconds
Number of updated asset objects reloaded before import = 0Number of asset objects unloaded after import = 3

========================================================================
Received Import Request.
  Time since last request: 0.000022 seconds.
  path: Assets/Cartoon UI/Icons/Chat.png
  artifactKey: Guid(1011d2c7bcd478540a46f4024c6b8570) Importer(2089858483,b0f066a214c2f5e87bad3c948f4d605d)
Start importing Assets/Cartoon UI/Icons/Chat.png using Guid(1011d2c7bcd478540a46f4024c6b8570) Importer(2089858483,b0f066a214c2f5e87bad3c948f4d605d) (ScriptedImporter) -> (artifact id: '9dcde3362d8a19caa40f237d6d472ecd') in 0.0152289 seconds
Number of updated asset objects reloaded before import = 0Number of asset objects unloaded after import = 3

========================================================================
Received Import Request.
  Time since last request: 0.000037 seconds.
  path: Assets/Cartoon UI/Icons/Female.png
  artifactKey: Guid(bea8d0335c9d6ef408a156e3bdb2aacf) Importer(2089858483,b0f066a214c2f5e87bad3c948f4d605d)
Start importing Assets/Cartoon UI/Icons/Female.png using Guid(bea8d0335c9d6ef408a156e3bdb2aacf) Importer(2089858483,b0f066a214c2f5e87bad3c948f4d605d) (ScriptedImporter) -> (artifact id: '7c49a016047cd7db3286d4dd3073dcc2') in 0.0153178 seconds
Number of updated asset objects reloaded before import = 0Number of asset objects unloaded after import = 3

========================================================================
Received Import Request.
  Time since last request: 0.000032 seconds.
  path: Assets/Cartoon UI/Icons/Clover.png
  artifactKey: Guid(bcc1e7b046544e24ab40aad27dc490ef) Importer(2089858483,b0f066a214c2f5e87bad3c948f4d605d)
Start importing Assets/Cartoon UI/Icons/Clover.png using Guid(bcc1e7b046544e24ab40aad27dc490ef) Importer(2089858483,b0f066a214c2f5e87bad3c948f4d605d) (ScriptedImporter) -> (artifact id: '233a83a782bcd53c2d132a2a5fc0fab7') in 0.0180946 seconds
Number of updated asset objects reloaded before import = 0Number of asset objects unloaded after import = 3

========================================================================
Received Import Request.
  Time since last request: 0.000027 seconds.
  path: Assets/Scenes/SampleScene.unity
  artifactKey: Guid(8c9cfa26abfee488c85f1582747f6a02) Importer(2089858483,b0f066a214c2f5e87bad3c948f4d605d)
Start importing Assets/Scenes/SampleScene.unity using Guid(8c9cfa26abfee488c85f1582747f6a02) Importer(2089858483,b0f066a214c2f5e87bad3c948f4d605d) (ScriptedImporter) -> (artifact id: '71b571c1ed964a808e8cc2fc439e1ad6') in 0.0109649 seconds
Number of updated asset objects reloaded before import = 0Number of asset objects unloaded after import = 1

========================================================================
Received Import Request.
  Time since last request: 0.000020 seconds.
  path: Assets/Cartoon UI/Customizable/Custom Long Round Button.prefab
  artifactKey: Guid(4a77c65432a3ab347bc3eab110a22306) Importer(2089858483,b0f066a214c2f5e87bad3c948f4d605d)
Start importing Assets/Cartoon UI/Customizable/Custom Long Round Button.prefab using Guid(4a77c65432a3ab347bc3eab110a22306) Importer(2089858483,b0f066a214c2f5e87bad3c948f4d605d) (ScriptedImporter) -> (artifact id: 'cbf08ad47450d7c54c60e8798661d575') in 0.0215765 seconds
Number of updated asset objects reloaded before import = 0Number of asset objects unloaded after import = 24

========================================================================
Received Import Request.
  Time since last request: 0.000016 seconds.
  path: Assets/Cartoon UI/Icons/Bell.png
  artifactKey: Guid(0bf08985656c0564280b9e397dcb9454) Importer(2089858483,b0f066a214c2f5e87bad3c948f4d605d)
Start importing Assets/Cartoon UI/Icons/Bell.png using Guid(0bf08985656c0564280b9e397dcb9454) Importer(2089858483,b0f066a214c2f5e87bad3c948f4d605d) (ScriptedImporter) -> (artifact id: 'd0af8238c4c9f93bfdeb38f678f188b9') in 0.0176734 seconds
Number of updated asset objects reloaded before import = 0Number of asset objects unloaded after import = 3

========================================================================
Received Import Request.
  Time since last request: 0.000050 seconds.
  path: Assets/Cartoon UI/Icons/Mail.png
  artifactKey: Guid(2811d9c794f93f640844dc2347a24812) Importer(2089858483,b0f066a214c2f5e87bad3c948f4d605d)
Start importing Assets/Cartoon UI/Icons/Mail.png using Guid(2811d9c794f93f640844dc2347a24812) Importer(2089858483,b0f066a214c2f5e87bad3c948f4d605d) (ScriptedImporter) -> (artifact id: '680a342f5fc93e292f5989110fc8fd60') in 0.0179409 seconds
Number of updated asset objects reloaded before import = 0Number of asset objects unloaded after import = 3

========================================================================
Received Import Request.
  Time since last request: 0.000059 seconds.
  path: Assets/Cartoon UI/Icons/Gem7 Orange.png
  artifactKey: Guid(17378b3dda281cc4a92bb3f6e10d70ef) Importer(2089858483,b0f066a214c2f5e87bad3c948f4d605d)
Start importing Assets/Cartoon UI/Icons/Gem7 Orange.png using Guid(17378b3dda281cc4a92bb3f6e10d70ef) Importer(2089858483,b0f066a214c2f5e87bad3c948f4d605d) (ScriptedImporter) -> (artifact id: '328a19863cc898528d4e0dd5288b6129') in 0.0204988 seconds
Number of updated asset objects reloaded before import = 0Number of asset objects unloaded after import = 3

========================================================================
Received Import Request.
  Time since last request: 0.000032 seconds.
  path: Assets/Cartoon UI/Icons/Map.png
  artifactKey: Guid(0c6ec94686930a84c81abab47e91c52f) Importer(2089858483,b0f066a214c2f5e87bad3c948f4d605d)
Start importing Assets/Cartoon UI/Icons/Map.png using Guid(0c6ec94686930a84c81abab47e91c52f) Importer(2089858483,b0f066a214c2f5e87bad3c948f4d605d) (ScriptedImporter) -> (artifact id: '638da645ab6f62979edf89b2d2f74c55') in 0.0198796 seconds
Number of updated asset objects reloaded before import = 0Number of asset objects unloaded after import = 3

========================================================================
Received Import Request.
  Time since last request: 0.000020 seconds.
  path: Assets/Cartoon UI/Icons/Lollipop.png
  artifactKey: Guid(27adfaee3f8bee14280e634021049f50) Importer(2089858483,b0f066a214c2f5e87bad3c948f4d605d)
Start importing Assets/Cartoon UI/Icons/Lollipop.png using Guid(27adfaee3f8bee14280e634021049f50) Importer(2089858483,b0f066a214c2f5e87bad3c948f4d605d) (ScriptedImporter) -> (artifact id: 'b167a31ec8a9b4f2b547a4920217be30') in 0.1485913 seconds
Number of updated asset objects reloaded before import = 0Number of asset objects unloaded after import = 3

========================================================================
Received Import Request.
  Time since last request: 0.000019 seconds.
  path: Assets/Cartoon UI/Icons/Gem6 Purple.png
  artifactKey: Guid(0810164d93fd9dc439362b2f4ace2fa7) Importer(2089858483,b0f066a214c2f5e87bad3c948f4d605d)
Start importing Assets/Cartoon UI/Icons/Gem6 Purple.png using Guid(0810164d93fd9dc439362b2f4ace2fa7) Importer(2089858483,b0f066a214c2f5e87bad3c948f4d605d) (ScriptedImporter) -> (artifact id: 'f6359e3e173562216316f718813a1c6f') in 0.0183636 seconds
Number of updated asset objects reloaded before import = 0Number of asset objects unloaded after import = 3

========================================================================
Received Import Request.
  Time since last request: 0.000031 seconds.
  path: Assets/Cartoon UI/Icons/Pouch.png
  artifactKey: Guid(5d45d9de6c9600242986fdeaaa86ed2b) Importer(2089858483,b0f066a214c2f5e87bad3c948f4d605d)
Start importing Assets/Cartoon UI/Icons/Pouch.png using Guid(5d45d9de6c9600242986fdeaaa86ed2b) Importer(2089858483,b0f066a214c2f5e87bad3c948f4d605d) (ScriptedImporter) -> (artifact id: 'e58ea7b003da9701b8e46721b80a0a36') in 0.0245851 seconds
Number of updated asset objects reloaded before import = 0Number of asset objects unloaded after import = 3

========================================================================
Received Import Request.
  Time since last request: 0.000022 seconds.
  path: Assets/Cartoon UI/Icons/Gem7 Red.png
  artifactKey: Guid(e1999a1d36c024841a4b7dc54d1dedb4) Importer(2089858483,b0f066a214c2f5e87bad3c948f4d605d)
Start importing Assets/Cartoon UI/Icons/Gem7 Red.png using Guid(e1999a1d36c024841a4b7dc54d1dedb4) Importer(2089858483,b0f066a214c2f5e87bad3c948f4d605d) (ScriptedImporter) -> (artifact id: 'a89028d0b3da82d21e191efe81ad8d04') in 0.0184721 seconds
Number of updated asset objects reloaded before import = 0Number of asset objects unloaded after import = 3

========================================================================
Received Import Request.
  Time since last request: 0.000020 seconds.
  path: Assets/Cartoon UI/Icons/Lock Bronze.png
  artifactKey: Guid(7423fd6447e95aa4596409e7b45cb43e) Importer(2089858483,b0f066a214c2f5e87bad3c948f4d605d)
Start importing Assets/Cartoon UI/Icons/Lock Bronze.png using Guid(7423fd6447e95aa4596409e7b45cb43e) Importer(2089858483,b0f066a214c2f5e87bad3c948f4d605d) (ScriptedImporter) -> (artifact id: '0386aca070d0944610fbd03417510066') in 0.0661276 seconds
Number of updated asset objects reloaded before import = 0Number of asset objects unloaded after import = 3

========================================================================
Received Import Request.
  Time since last request: 0.000028 seconds.
  path: Assets/Cartoon UI/Icons/Gold Pile.png
  artifactKey: Guid(3379b48b0aad58949ae4fe1676a9d19c) Importer(2089858483,b0f066a214c2f5e87bad3c948f4d605d)
Start importing Assets/Cartoon UI/Icons/Gold Pile.png using Guid(3379b48b0aad58949ae4fe1676a9d19c) Importer(2089858483,b0f066a214c2f5e87bad3c948f4d605d) (ScriptedImporter) -> (artifact id: '658c76393713db9839c65315a0cb2694') in 0.0261085 seconds
Number of updated asset objects reloaded before import = 0Number of asset objects unloaded after import = 3

========================================================================
Received Import Request.
  Time since last request: 0.000031 seconds.
  path: Assets/Cartoon UI/Icons/Potion 1.png
  artifactKey: Guid(7c93a8171412aab4890d9317291cc899) Importer(2089858483,b0f066a214c2f5e87bad3c948f4d605d)
Start importing Assets/Cartoon UI/Icons/Potion 1.png using Guid(7c93a8171412aab4890d9317291cc899) Importer(2089858483,b0f066a214c2f5e87bad3c948f4d605d) (ScriptedImporter) -> (artifact id: 'e0b4903ce441c10e0b1bce92eaf2c33b') in 0.0208558 seconds
Number of updated asset objects reloaded before import = 0Number of asset objects unloaded after import = 3

========================================================================
Received Import Request.
  Time since last request: 0.000017 seconds.
  path: Assets/Cartoon UI/Icons/Lemon.png
  artifactKey: Guid(9978fc98a2d844346b3d2fb0c0fe9da9) Importer(2089858483,b0f066a214c2f5e87bad3c948f4d605d)
Start importing Assets/Cartoon UI/Icons/Lemon.png using Guid(9978fc98a2d844346b3d2fb0c0fe9da9) Importer(2089858483,b0f066a214c2f5e87bad3c948f4d605d) (ScriptedImporter) -> (artifact id: '8d460ce57883105867174920ef7b6a23') in 0.0183303 seconds
Number of updated asset objects reloaded before import = 0Number of asset objects unloaded after import = 3

========================================================================
Received Import Request.
  Time since last request: 0.000020 seconds.
  path: Assets/Cartoon UI/Icons/Pointer.png
  artifactKey: Guid(cb6d0548eaa90574384ff0594d043525) Importer(2089858483,b0f066a214c2f5e87bad3c948f4d605d)
Start importing Assets/Cartoon UI/Icons/Pointer.png using Guid(cb6d0548eaa90574384ff0594d043525) Importer(2089858483,b0f066a214c2f5e87bad3c948f4d605d) (ScriptedImporter) -> (artifact id: 'd2c8a04860c105604e2c955d15ca1cd9') in 0.0756104 seconds
Number of updated asset objects reloaded before import = 0Number of asset objects unloaded after import = 3

========================================================================
Received Import Request.
  Time since last request: 0.000021 seconds.
  path: Assets/Cartoon UI/Icons/Milk.png
  artifactKey: Guid(862ccdb9c3c649a4ebf80c2f2d28fd1d) Importer(2089858483,b0f066a214c2f5e87bad3c948f4d605d)
Start importing Assets/Cartoon UI/Icons/Milk.png using Guid(862ccdb9c3c649a4ebf80c2f2d28fd1d) Importer(2089858483,b0f066a214c2f5e87bad3c948f4d605d) (ScriptedImporter) -> (artifact id: '001b961a78774b0c175fd86eba6a7342') in 0.026747 seconds
Number of updated asset objects reloaded before import = 0Number of asset objects unloaded after import = 3

========================================================================
Received Import Request.
  Time since last request: 0.000029 seconds.
  path: Assets/Cartoon UI/Icons/Magnet.png
  artifactKey: Guid(7e71e4a87b4ad7d488fbc4c73b8dcdc3) Importer(2089858483,b0f066a214c2f5e87bad3c948f4d605d)
Start importing Assets/Cartoon UI/Icons/Magnet.png using Guid(7e71e4a87b4ad7d488fbc4c73b8dcdc3) Importer(2089858483,b0f066a214c2f5e87bad3c948f4d605d) (ScriptedImporter) -> (artifact id: 'afa2274432e28e2354ce4668a8755766') in 0.0325328 seconds
Number of updated asset objects reloaded before import = 0Number of asset objects unloaded after import = 3

========================================================================
Received Import Request.
  Time since last request: 0.000032 seconds.
  path: Assets/Cartoon UI/Icons/Bronze Crown.png
  artifactKey: Guid(7b9dcf7d2dda3094591ddbc53caaf680) Importer(2089858483,b0f066a214c2f5e87bad3c948f4d605d)
Start importing Assets/Cartoon UI/Icons/Bronze Crown.png using Guid(7b9dcf7d2dda3094591ddbc53caaf680) Importer(2089858483,b0f066a214c2f5e87bad3c948f4d605d) (ScriptedImporter) -> (artifact id: 'a8b74751e49e59ead8b16ed2d6a5b098') in 0.0218313 seconds
Number of updated asset objects reloaded before import = 0Number of asset objects unloaded after import = 3

========================================================================
Received Import Request.
  Time since last request: 0.000021 seconds.
  path: Assets/SSprites/—Pngtree—cute red panda character with_23678495.png
  artifactKey: Guid(734737ba2eb93944f81f5075ad6b9322) Importer(2089858483,b0f066a214c2f5e87bad3c948f4d605d)
Start importing Assets/SSprites/—Pngtree—cute red panda character with_23678495.png using Guid(734737ba2eb93944f81f5075ad6b9322) Importer(2089858483,b0f066a214c2f5e87bad3c948f4d605d) (ScriptedImporter) -> (artifact id: 'aae5a95ffdaa4d648f0f49a92218a009') in 0.0293415 seconds
Number of updated asset objects reloaded before import = 0Number of asset objects unloaded after import = 3

========================================================================
Received Import Request.
  Time since last request: 0.000028 seconds.
  path: Assets/Cartoon UI/Panels/Store Panels.png
  artifactKey: Guid(6c5d2b0942b4081418263112b7882c29) Importer(2089858483,b0f066a214c2f5e87bad3c948f4d605d)
Start importing Assets/Cartoon UI/Panels/Store Panels.png using Guid(6c5d2b0942b4081418263112b7882c29) Importer(2089858483,b0f066a214c2f5e87bad3c948f4d605d) (ScriptedImporter) -> (artifact id: 'c02fb06c9a31ef258b87d514822ac70a') in 0.02137 seconds
Number of updated asset objects reloaded before import = 0Number of asset objects unloaded after import = 3

========================================================================
Received Import Request.
  Time since last request: 0.000027 seconds.
  path: Assets/Cartoon UI/Icons/Trophy.png
  artifactKey: Guid(c9a5504d0a13e174282fe6d65e4ba951) Importer(2089858483,b0f066a214c2f5e87bad3c948f4d605d)
Start importing Assets/Cartoon UI/Icons/Trophy.png using Guid(c9a5504d0a13e174282fe6d65e4ba951) Importer(2089858483,b0f066a214c2f5e87bad3c948f4d605d) (ScriptedImporter) -> (artifact id: '664b1b240ce50c5e9ce080fd2f548027') in 0.0570537 seconds
Number of updated asset objects reloaded before import = 0Number of asset objects unloaded after import = 3

========================================================================
Received Import Request.
  Time since last request: 0.000021 seconds.
  path: Assets/Cartoon UI/Icons/Shield.png
  artifactKey: Guid(324849b1831425c4e9f6f7e0acb6a6d6) Importer(2089858483,b0f066a214c2f5e87bad3c948f4d605d)
Start importing Assets/Cartoon UI/Icons/Shield.png using Guid(324849b1831425c4e9f6f7e0acb6a6d6) Importer(2089858483,b0f066a214c2f5e87bad3c948f4d605d) (ScriptedImporter) -> (artifact id: 'a2c9ed1942efe15039febf4192d057e0') in 0.0193916 seconds
Number of updated asset objects reloaded before import = 0Number of asset objects unloaded after import = 3

========================================================================
Received Import Request.
  Time since last request: 0.000020 seconds.
  path: Assets/Cartoon UI/Panels/Store Pink.png
  artifactKey: Guid(f4ebab4683d96034f9a3efd1f3b9fc27) Importer(2089858483,b0f066a214c2f5e87bad3c948f4d605d)
Start importing Assets/Cartoon UI/Panels/Store Pink.png using Guid(f4ebab4683d96034f9a3efd1f3b9fc27) Importer(2089858483,b0f066a214c2f5e87bad3c948f4d605d) (ScriptedImporter) -> (artifact id: '72d8860f95abdb03706368ec9064d3f4') in 0.0206709 seconds
Number of updated asset objects reloaded before import = 0Number of asset objects unloaded after import = 3

========================================================================
Received Import Request.
  Time since last request: 0.000024 seconds.
  path: Assets/Cartoon UI/Icons/Star.png
  artifactKey: Guid(06c487ef7d0a52e45affa9b5203e224b) Importer(2089858483,b0f066a214c2f5e87bad3c948f4d605d)
Start importing Assets/Cartoon UI/Icons/Star.png using Guid(06c487ef7d0a52e45affa9b5203e224b) Importer(2089858483,b0f066a214c2f5e87bad3c948f4d605d) (ScriptedImporter) -> (artifact id: '1d4552702340f65ae65973be0a041265') in 0.0258511 seconds
Number of updated asset objects reloaded before import = 0Number of asset objects unloaded after import = 3

========================================================================
Received Import Request.
  Time since last request: 0.000029 seconds.
  path: Assets/Cartoon UI/Icons/Snow.png
  artifactKey: Guid(4a653af9b95b51c4c8fca76106cc66e1) Importer(2089858483,b0f066a214c2f5e87bad3c948f4d605d)
Start importing Assets/Cartoon UI/Icons/Snow.png using Guid(4a653af9b95b51c4c8fca76106cc66e1) Importer(2089858483,b0f066a214c2f5e87bad3c948f4d605d) (ScriptedImporter) -> (artifact id: '436bddea100b5344e647118e85c3336c') in 0.0226848 seconds
Number of updated asset objects reloaded before import = 0Number of asset objects unloaded after import = 3

========================================================================
Received Import Request.
  Time since last request: 0.000015 seconds.
  path: Assets/Cartoon UI/Icons/Calendar 1.png
  artifactKey: Guid(8a103dac04039e044a688db2e497b1ed) Importer(2089858483,b0f066a214c2f5e87bad3c948f4d605d)
Start importing Assets/Cartoon UI/Icons/Calendar 1.png using Guid(8a103dac04039e044a688db2e497b1ed) Importer(2089858483,b0f066a214c2f5e87bad3c948f4d605d) (ScriptedImporter) -> (artifact id: '7f4bf04339da823ff3cbb623a2ca4dcd') in 0.0149877 seconds
Number of updated asset objects reloaded before import = 0Number of asset objects unloaded after import = 3

========================================================================
Received Import Request.
  Time since last request: 0.000021 seconds.
  path: Assets/Cartoon UI/Icons/Telescope.png
  artifactKey: Guid(ad0e208beb0bb164abad2b7498ddbdb9) Importer(2089858483,b0f066a214c2f5e87bad3c948f4d605d)
Start importing Assets/Cartoon UI/Icons/Telescope.png using Guid(ad0e208beb0bb164abad2b7498ddbdb9) Importer(2089858483,b0f066a214c2f5e87bad3c948f4d605d) (ScriptedImporter) -> (artifact id: '4015ec58e6e59992df7fff274f00a2f3') in 0.0268058 seconds
Number of updated asset objects reloaded before import = 0Number of asset objects unloaded after import = 3

========================================================================
Received Import Request.
  Time since last request: 0.000018 seconds.
  path: Assets/Cartoon UI/Customizable/Custom Toggle CheckMark.prefab
  artifactKey: Guid(3ac4ff2144ecdfb49a2ad6ce96ec44d4) Importer(2089858483,b0f066a214c2f5e87bad3c948f4d605d)
Start importing Assets/Cartoon UI/Customizable/Custom Toggle CheckMark.prefab using Guid(3ac4ff2144ecdfb49a2ad6ce96ec44d4) Importer(2089858483,b0f066a214c2f5e87bad3c948f4d605d) (ScriptedImporter) -> (artifact id: 'ee1fde8962ece0b855697de7811a4b4f') in 0.0348962 seconds
Number of updated asset objects reloaded before import = 0Number of asset objects unloaded after import = 15

========================================================================
Received Import Request.
  Time since last request: 0.000030 seconds.
  path: Assets/Cartoon UI/Icons/Meat.png
  artifactKey: Guid(d2f2238128564eb4a86006c67b19cf65) Importer(2089858483,b0f066a214c2f5e87bad3c948f4d605d)
Start importing Assets/Cartoon UI/Icons/Meat.png using Guid(d2f2238128564eb4a86006c67b19cf65) Importer(2089858483,b0f066a214c2f5e87bad3c948f4d605d) (ScriptedImporter) -> (artifact id: '5be7117f574e78871387efdc2abc5ffa') in 0.0195972 seconds
Number of updated asset objects reloaded before import = 0Number of asset objects unloaded after import = 3

========================================================================
Received Import Request.
  Time since last request: 0.000019 seconds.
  path: Assets/Cartoon UI/Icons/Cow.png
  artifactKey: Guid(2f0ea2b5d8552c54f9b3a6f8fc3b1b5e) Importer(2089858483,b0f066a214c2f5e87bad3c948f4d605d)
Start importing Assets/Cartoon UI/Icons/Cow.png using Guid(2f0ea2b5d8552c54f9b3a6f8fc3b1b5e) Importer(2089858483,b0f066a214c2f5e87bad3c948f4d605d) (ScriptedImporter) -> (artifact id: 'a6b1955e1d700806d0861ed1d303ab90') in 0.0251757 seconds
Number of updated asset objects reloaded before import = 0Number of asset objects unloaded after import = 3

========================================================================
Received Import Request.
  Time since last request: 0.000022 seconds.
  path: Assets/Cartoon UI/Icons/Gem1 Purple.png
  artifactKey: Guid(cf5ad65533b8df34cab99b1f25c1d06e) Importer(2089858483,b0f066a214c2f5e87bad3c948f4d605d)
Start importing Assets/Cartoon UI/Icons/Gem1 Purple.png using Guid(cf5ad65533b8df34cab99b1f25c1d06e) Importer(2089858483,b0f066a214c2f5e87bad3c948f4d605d) (ScriptedImporter) -> (artifact id: '535132a879d2dd1804b819b95a3e2562') in 0.0293134 seconds
Number of updated asset objects reloaded before import = 0Number of asset objects unloaded after import = 3

========================================================================
Received Import Request.
  Time since last request: 0.000035 seconds.
  path: Assets/Cartoon UI/Icons/Battery.png
  artifactKey: Guid(fe02779507a9c494bae90aa7f3c06df5) Importer(2089858483,b0f066a214c2f5e87bad3c948f4d605d)
Start importing Assets/Cartoon UI/Icons/Battery.png using Guid(fe02779507a9c494bae90aa7f3c06df5) Importer(2089858483,b0f066a214c2f5e87bad3c948f4d605d) (ScriptedImporter) -> (artifact id: '9aa5e6b95a2fa0332d5813e7c75b4c7f') in 0.0267937 seconds
Number of updated asset objects reloaded before import = 0Number of asset objects unloaded after import = 3

========================================================================
Received Import Request.
  Time since last request: 0.000029 seconds.
  path: Assets/Cartoon UI/Customizable/Custom Panel.prefab
  artifactKey: Guid(05969ab1431ab8c4fb0b78ce7b1d23c8) Importer(2089858483,b0f066a214c2f5e87bad3c948f4d605d)
Start importing Assets/Cartoon UI/Customizable/Custom Panel.prefab using Guid(05969ab1431ab8c4fb0b78ce7b1d23c8) Importer(2089858483,b0f066a214c2f5e87bad3c948f4d605d) (ScriptedImporter) -> (artifact id: '14ae219ec129f15065e340552999c7fb') in 0.017399 seconds
Number of updated asset objects reloaded before import = 0Number of asset objects unloaded after import = 19

========================================================================
Received Import Request.
  Time since last request: 0.000062 seconds.
  path: Assets/Cartoon UI/Icons/Gift Yellow.png
  artifactKey: Guid(9974cb54c26ef3546ac8e316fe343eb6) Importer(2089858483,b0f066a214c2f5e87bad3c948f4d605d)
Start importing Assets/Cartoon UI/Icons/Gift Yellow.png using Guid(9974cb54c26ef3546ac8e316fe343eb6) Importer(2089858483,b0f066a214c2f5e87bad3c948f4d605d) (ScriptedImporter) -> (artifact id: '228b47d78d9d7b3962f6bd3c8273430c') in 0.0215351 seconds
Number of updated asset objects reloaded before import = 0Number of asset objects unloaded after import = 3

========================================================================
Received Import Request.
  Time since last request: 0.000028 seconds.
  path: Assets/Cartoon UI/Icons/Purple Book.png
  artifactKey: Guid(4b16e84cb7f1ada4aac6e1d8dc155cda) Importer(2089858483,b0f066a214c2f5e87bad3c948f4d605d)
Start importing Assets/Cartoon UI/Icons/Purple Book.png using Guid(4b16e84cb7f1ada4aac6e1d8dc155cda) Importer(2089858483,b0f066a214c2f5e87bad3c948f4d605d) (ScriptedImporter) -> (artifact id: '3c7b1084c65f86c71131a0b06260deb6') in 0.0252352 seconds
Number of updated asset objects reloaded before import = 0Number of asset objects unloaded after import = 3

========================================================================
Received Import Request.
  Time since last request: 0.000031 seconds.
  path: Assets/Cartoon UI/Sliders/Handle Blue.png
  artifactKey: Guid(a891f7de53040ad4b9fd4d06aa5d0edf) Importer(2089858483,b0f066a214c2f5e87bad3c948f4d605d)
Start importing Assets/Cartoon UI/Sliders/Handle Blue.png using Guid(a891f7de53040ad4b9fd4d06aa5d0edf) Importer(2089858483,b0f066a214c2f5e87bad3c948f4d605d) (ScriptedImporter) -> (artifact id: '07ecf7ad826c2c90c24c16e041d1df32') in 0.0247948 seconds
Number of updated asset objects reloaded before import = 0Number of asset objects unloaded after import = 3

========================================================================
Received Import Request.
  Time since last request: 0.000051 seconds.
  path: Assets/Cartoon UI/Prefabs/Store Panel.prefab
  artifactKey: Guid(0ca515d2d1606a94db58ea6debc38e88) Importer(2089858483,b0f066a214c2f5e87bad3c948f4d605d)
Start importing Assets/Cartoon UI/Prefabs/Store Panel.prefab using Guid(0ca515d2d1606a94db58ea6debc38e88) Importer(2089858483,b0f066a214c2f5e87bad3c948f4d605d) (ScriptedImporter) -> (artifact id: '32277579b2c937a19ec6a07bcddb4634') in 0.0493352 seconds
Number of updated asset objects reloaded before import = 0Number of asset objects unloaded after import = 308

========================================================================
Received Import Request.
  Time since last request: 0.000024 seconds.
  path: Assets/Cartoon UI/Panels/Title Bar Pink Purple.png
  artifactKey: Guid(3d811914549c640478087d06505815ba) Importer(2089858483,b0f066a214c2f5e87bad3c948f4d605d)
Start importing Assets/Cartoon UI/Panels/Title Bar Pink Purple.png using Guid(3d811914549c640478087d06505815ba) Importer(2089858483,b0f066a214c2f5e87bad3c948f4d605d) (ScriptedImporter) -> (artifact id: 'aa48e829c1a823b9fa8457090e5b22de') in 0.0180782 seconds
Number of updated asset objects reloaded before import = 0Number of asset objects unloaded after import = 3

========================================================================
Received Import Request.
  Time since last request: 0.000021 seconds.
  path: Assets/Cartoon UI/Panels/Store Red.png
  artifactKey: Guid(09161f8d27a31ae4598d2a137a7a5327) Importer(2089858483,b0f066a214c2f5e87bad3c948f4d605d)
Start importing Assets/Cartoon UI/Panels/Store Red.png using Guid(09161f8d27a31ae4598d2a137a7a5327) Importer(2089858483,b0f066a214c2f5e87bad3c948f4d605d) (ScriptedImporter) -> (artifact id: '46f136b819cf24ebbebe8f552b549e33') in 0.0178716 seconds
Number of updated asset objects reloaded before import = 0Number of asset objects unloaded after import = 3

========================================================================
Received Import Request.
  Time since last request: 0.000048 seconds.
  path: Assets/Cartoon UI/Script/MainControls.cs
  artifactKey: Guid(816fc23eafee75549bb184e13f6951ee) Importer(2089858483,b0f066a214c2f5e87bad3c948f4d605d)
Start importing Assets/Cartoon UI/Script/MainControls.cs using Guid(816fc23eafee75549bb184e13f6951ee) Importer(2089858483,b0f066a214c2f5e87bad3c948f4d605d) (ScriptedImporter) -> (artifact id: 'e92f1ea96e8031acb68d85fd2e7dd1fa') in 0.0185684 seconds
Number of updated asset objects reloaded before import = 0Number of asset objects unloaded after import = 0

========================================================================
Received Import Request.
  Time since last request: 0.000045 seconds.
  path: Assets/Cartoon UI/Panels/Title Bar Purple.png
  artifactKey: Guid(acef39310673cae4cad5529dae2b0e21) Importer(2089858483,b0f066a214c2f5e87bad3c948f4d605d)
Start importing Assets/Cartoon UI/Panels/Title Bar Purple.png using Guid(acef39310673cae4cad5529dae2b0e21) Importer(2089858483,b0f066a214c2f5e87bad3c948f4d605d) (ScriptedImporter) -> (artifact id: 'ffb46f07f8c41e8660bb1318fdd99aee') in 0.0261525 seconds
Number of updated asset objects reloaded before import = 0Number of asset objects unloaded after import = 3

========================================================================
Received Import Request.
  Time since last request: 0.000021 seconds.
  path: Assets/Cartoon UI/Panels/Wallpaper.png
  artifactKey: Guid(1362a74c9df834149a769dedda900e1f) Importer(2089858483,b0f066a214c2f5e87bad3c948f4d605d)
Start importing Assets/Cartoon UI/Panels/Wallpaper.png using Guid(1362a74c9df834149a769dedda900e1f) Importer(2089858483,b0f066a214c2f5e87bad3c948f4d605d) (ScriptedImporter) -> (artifact id: 'ea8b13ae3ef1a11dfed2a39806aee2fd') in 0.02959 seconds
Number of updated asset objects reloaded before import = 0Number of asset objects unloaded after import = 3

========================================================================
Received Import Request.
  Time since last request: 0.000018 seconds.
  path: Assets/Cartoon UI/Sliders/Handle Green.png
  artifactKey: Guid(b08bfce3edd2ce6449eaedfe95ec82de) Importer(2089858483,b0f066a214c2f5e87bad3c948f4d605d)
Start importing Assets/Cartoon UI/Sliders/Handle Green.png using Guid(b08bfce3edd2ce6449eaedfe95ec82de) Importer(2089858483,b0f066a214c2f5e87bad3c948f4d605d) (ScriptedImporter) -> (artifact id: '4a7dafaa614eb43347315790621efecf') in 0.0227092 seconds
Number of updated asset objects reloaded before import = 0Number of asset objects unloaded after import = 3

========================================================================
Received Import Request.
  Time since last request: 0.000037 seconds.
  path: Assets/Cartoon UI/Panels/Victory Title Bar.png
  artifactKey: Guid(27a2e88b6e05bc447afb3e8f14d5215c) Importer(2089858483,b0f066a214c2f5e87bad3c948f4d605d)
Start importing Assets/Cartoon UI/Panels/Victory Title Bar.png using Guid(27a2e88b6e05bc447afb3e8f14d5215c) Importer(2089858483,b0f066a214c2f5e87bad3c948f4d605d) (ScriptedImporter) -> (artifact id: '57c8f03f6771009bb8c98679d7d18f79') in 0.0261875 seconds
Number of updated asset objects reloaded before import = 0Number of asset objects unloaded after import = 3

========================================================================
Received Import Request.
  Time since last request: 0.000031 seconds.
  path: Assets/Cartoon UI/Prefabs/Lose Panel.prefab
  artifactKey: Guid(38f88013eee82bc48901f8adb4d79af8) Importer(2089858483,b0f066a214c2f5e87bad3c948f4d605d)
Start importing Assets/Cartoon UI/Prefabs/Lose Panel.prefab using Guid(38f88013eee82bc48901f8adb4d79af8) Importer(2089858483,b0f066a214c2f5e87bad3c948f4d605d) (ScriptedImporter) -> (artifact id: '3a58644d9e2de9a7c5d9f30e63ab027d') in 0.1913116 seconds
Number of updated asset objects reloaded before import = 0Number of asset objects unloaded after import = 46

========================================================================
Received Import Request.
  Time since last request: 0.000019 seconds.
  path: Assets/Cartoon UI/Icons/Red Flag.png
  artifactKey: Guid(a451a71b5b046f74fb84f12a6241b049) Importer(2089858483,b0f066a214c2f5e87bad3c948f4d605d)
Start importing Assets/Cartoon UI/Icons/Red Flag.png using Guid(a451a71b5b046f74fb84f12a6241b049) Importer(2089858483,b0f066a214c2f5e87bad3c948f4d605d) (ScriptedImporter) -> (artifact id: '3e33d62e50ed6050f07e25dca0f59963') in 0.0215629 seconds
Number of updated asset objects reloaded before import = 0Number of asset objects unloaded after import = 3

========================================================================
Received Import Request.
  Time since last request: 0.000046 seconds.
  path: Assets/Cartoon UI/Sliders/Handle Pink.png
  artifactKey: Guid(2721b5415852bd24c9da8f85915f760e) Importer(2089858483,b0f066a214c2f5e87bad3c948f4d605d)
Start importing Assets/Cartoon UI/Sliders/Handle Pink.png using Guid(2721b5415852bd24c9da8f85915f760e) Importer(2089858483,b0f066a214c2f5e87bad3c948f4d605d) (ScriptedImporter) -> (artifact id: '7132a0de11a194ac56deab09fa06c1f5') in 0.0206129 seconds
Number of updated asset objects reloaded before import = 0Number of asset objects unloaded after import = 3

========================================================================
Received Import Request.
  Time since last request: 0.000021 seconds.
  path: Assets/Cartoon UI/Panels/Title Bar Red.png
  artifactKey: Guid(9b14528e6e52fa643aac50217bc81308) Importer(2089858483,b0f066a214c2f5e87bad3c948f4d605d)
Start importing Assets/Cartoon UI/Panels/Title Bar Red.png using Guid(9b14528e6e52fa643aac50217bc81308) Importer(2089858483,b0f066a214c2f5e87bad3c948f4d605d) (ScriptedImporter) -> (artifact id: 'ab5ada030cd0d2c40d132a1d1d80b8bf') in 0.0219737 seconds
Number of updated asset objects reloaded before import = 0Number of asset objects unloaded after import = 3

========================================================================
Received Import Request.
  Time since last request: 0.000036 seconds.
  path: Assets/Cartoon UI/Toggles/Round Fill Red.png
  artifactKey: Guid(fe920d524f1600b4191b8d8445541c61) Importer(2089858483,b0f066a214c2f5e87bad3c948f4d605d)
Start importing Assets/Cartoon UI/Toggles/Round Fill Red.png using Guid(fe920d524f1600b4191b8d8445541c61) Importer(2089858483,b0f066a214c2f5e87bad3c948f4d605d) (ScriptedImporter) -> (artifact id: 'baf2d9d9043fb0ebbe4f16ef0bab1313') in 0.0230634 seconds
Number of updated asset objects reloaded before import = 0Number of asset objects unloaded after import = 3

========================================================================
Received Import Request.
  Time since last request: 0.000021 seconds.
  path: Assets/Cartoon UI/Toggles/Round Fill Skyblue.png
  artifactKey: Guid(b843a1f5242894b478fb35420cb5fbe6) Importer(2089858483,b0f066a214c2f5e87bad3c948f4d605d)
Start importing Assets/Cartoon UI/Toggles/Round Fill Skyblue.png using Guid(b843a1f5242894b478fb35420cb5fbe6) Importer(2089858483,b0f066a214c2f5e87bad3c948f4d605d) (ScriptedImporter) -> (artifact id: '219ea195654d1b8c5f6b47865eb08716') in 0.0186478 seconds
Number of updated asset objects reloaded before import = 0Number of asset objects unloaded after import = 3

========================================================================
Received Import Request.
  Time since last request: 0.000027 seconds.
  path: Assets/Cartoon UI/Sliders/Slider Fill Purple.png
  artifactKey: Guid(e9ef71f0d5cbea944823fb89e8bd1939) Importer(2089858483,b0f066a214c2f5e87bad3c948f4d605d)
Start importing Assets/Cartoon UI/Sliders/Slider Fill Purple.png using Guid(e9ef71f0d5cbea944823fb89e8bd1939) Importer(2089858483,b0f066a214c2f5e87bad3c948f4d605d) (ScriptedImporter) -> (artifact id: '261cace097e08e1d37a840e042cde65a') in 0.0217492 seconds
Number of updated asset objects reloaded before import = 0Number of asset objects unloaded after import = 3

========================================================================
Received Import Request.
  Time since last request: 0.000022 seconds.
  path: Assets/Cartoon UI/Toggles/Round Fill Purple.png
  artifactKey: Guid(bebd0a59f5931764fb9c1e9d7206acfa) Importer(2089858483,b0f066a214c2f5e87bad3c948f4d605d)
Start importing Assets/Cartoon UI/Toggles/Round Fill Purple.png using Guid(bebd0a59f5931764fb9c1e9d7206acfa) Importer(2089858483,b0f066a214c2f5e87bad3c948f4d605d) (ScriptedImporter) -> (artifact id: '045abee0758441929c0ff68c6a5d580d') in 0.0333094 seconds
Number of updated asset objects reloaded before import = 0Number of asset objects unloaded after import = 3

========================================================================
Received Import Request.
  Time since last request: 0.000017 seconds.
  path: Assets/Cartoon UI/Toggles/Square Toogle Background.png
  artifactKey: Guid(a4a928fdbfcbc9d46b374c6f66d93caa) Importer(2089858483,b0f066a214c2f5e87bad3c948f4d605d)
Start importing Assets/Cartoon UI/Toggles/Square Toogle Background.png using Guid(a4a928fdbfcbc9d46b374c6f66d93caa) Importer(2089858483,b0f066a214c2f5e87bad3c948f4d605d) (ScriptedImporter) -> (artifact id: 'bb781eca42404593ca99a6c65551e660') in 0.0242527 seconds
Number of updated asset objects reloaded before import = 0Number of asset objects unloaded after import = 3

========================================================================
Received Import Request.
  Time since last request: 0.000026 seconds.
  path: Assets/Cartoon UI/Sliders/Slider Fill Blue.png
  artifactKey: Guid(dc527bd6305f81144b949f2967462426) Importer(2089858483,b0f066a214c2f5e87bad3c948f4d605d)
Start importing Assets/Cartoon UI/Sliders/Slider Fill Blue.png using Guid(dc527bd6305f81144b949f2967462426) Importer(2089858483,b0f066a214c2f5e87bad3c948f4d605d) (ScriptedImporter) -> (artifact id: '7461ddd4cb68d1afbfc2aae7f5d37cff') in 0.0191631 seconds
Number of updated asset objects reloaded before import = 0Number of asset objects unloaded after import = 3

========================================================================
Received Import Request.
  Time since last request: 0.000038 seconds.
  path: Assets/Cartoon UI/Toggles/Round Fill Pink Purple.png
  artifactKey: Guid(d9aee858194e0c345b3407f73d19408a) Importer(2089858483,b0f066a214c2f5e87bad3c948f4d605d)
Start importing Assets/Cartoon UI/Toggles/Round Fill Pink Purple.png using Guid(d9aee858194e0c345b3407f73d19408a) Importer(2089858483,b0f066a214c2f5e87bad3c948f4d605d) (ScriptedImporter) -> (artifact id: 'a1253a1d7797633986bf09aec4b8edc3') in 0.0309622 seconds
Number of updated asset objects reloaded before import = 0Number of asset objects unloaded after import = 3

========================================================================
Received Import Request.
  Time since last request: 0.000018 seconds.
  path: Assets/Cartoon UI/Toggles/Round Fill Yellow.png
  artifactKey: Guid(4333303d250bdea4f9276d3f687ebb18) Importer(2089858483,b0f066a214c2f5e87bad3c948f4d605d)
Start importing Assets/Cartoon UI/Toggles/Round Fill Yellow.png using Guid(4333303d250bdea4f9276d3f687ebb18) Importer(2089858483,b0f066a214c2f5e87bad3c948f4d605d) (ScriptedImporter) -> (artifact id: 'b74ce97565a2f707e2e00248ec3134fd') in 0.0336797 seconds
Number of updated asset objects reloaded before import = 0Number of asset objects unloaded after import = 3

========================================================================
Received Import Request.
  Time since last request: 0.000018 seconds.
  path: Assets/Cartoon UI/Panels/Messages Panel.png
  artifactKey: Guid(fe8f08e501343834b86eb47f47ee6f56) Importer(2089858483,b0f066a214c2f5e87bad3c948f4d605d)
Start importing Assets/Cartoon UI/Panels/Messages Panel.png using Guid(fe8f08e501343834b86eb47f47ee6f56) Importer(2089858483,b0f066a214c2f5e87bad3c948f4d605d) (ScriptedImporter) -> (artifact id: '480988d61d99d33cea90a25d5896b92d') in 0.0204604 seconds
Number of updated asset objects reloaded before import = 0Number of asset objects unloaded after import = 3

========================================================================
Received Import Request.
  Time since last request: 0.000024 seconds.
  path: Assets/Cartoon UI/Panels/Victory title bar Pink.png
  artifactKey: Guid(b4bdbf78662bf194cb55128fff5f4480) Importer(2089858483,b0f066a214c2f5e87bad3c948f4d605d)
Start importing Assets/Cartoon UI/Panels/Victory title bar Pink.png using Guid(b4bdbf78662bf194cb55128fff5f4480) Importer(2089858483,b0f066a214c2f5e87bad3c948f4d605d) (ScriptedImporter) -> (artifact id: '5840241541bb11e8b7d0c29a104d1d74') in 0.0243343 seconds
Number of updated asset objects reloaded before import = 0Number of asset objects unloaded after import = 3

========================================================================
Received Import Request.
  Time since last request: 0.000026 seconds.
  path: Assets/Cartoon UI/Panels/Octagon Outlined.png
  artifactKey: Guid(f8ff172efde26054b8e1aba691543818) Importer(2089858483,b0f066a214c2f5e87bad3c948f4d605d)
Start importing Assets/Cartoon UI/Panels/Octagon Outlined.png using Guid(f8ff172efde26054b8e1aba691543818) Importer(2089858483,b0f066a214c2f5e87bad3c948f4d605d) (ScriptedImporter) -> (artifact id: '2563b4808f7e340243378fe96672bfb6') in 0.022448 seconds
Number of updated asset objects reloaded before import = 0Number of asset objects unloaded after import = 3

========================================================================
Received Import Request.
  Time since last request: 0.000022 seconds.
  path: Assets/Cartoon UI/Toggles/Check Fill Blue.png
  artifactKey: Guid(79b8999b4588a924aa9f967ac49df7bb) Importer(2089858483,b0f066a214c2f5e87bad3c948f4d605d)
Start importing Assets/Cartoon UI/Toggles/Check Fill Blue.png using Guid(79b8999b4588a924aa9f967ac49df7bb) Importer(2089858483,b0f066a214c2f5e87bad3c948f4d605d) (ScriptedImporter) -> (artifact id: '017009e413dd01d42bcb3fafd32934e0') in 0.0307861 seconds
Number of updated asset objects reloaded before import = 0Number of asset objects unloaded after import = 3

========================================================================
Received Import Request.
  Time since last request: 0.000023 seconds.
  path: Assets/Cartoon UI/Sliders/Handle Orange.png
  artifactKey: Guid(dfd17e7c9e5cc734392e3e28fd91c85c) Importer(2089858483,b0f066a214c2f5e87bad3c948f4d605d)
Start importing Assets/Cartoon UI/Sliders/Handle Orange.png using Guid(dfd17e7c9e5cc734392e3e28fd91c85c) Importer(2089858483,b0f066a214c2f5e87bad3c948f4d605d) (ScriptedImporter) -> (artifact id: '7b15f6954f385b30eb1c305d7b7331b2') in 0.050377 seconds
Number of updated asset objects reloaded before import = 0Number of asset objects unloaded after import = 3

========================================================================
Received Import Request.
  Time since last request: 0.000025 seconds.
  path: Assets/Cartoon UI/Sliders/Slider Fill Pink.png
  artifactKey: Guid(246035e8fd0f2824dbc0ca0eae5c378d) Importer(2089858483,b0f066a214c2f5e87bad3c948f4d605d)
Start importing Assets/Cartoon UI/Sliders/Slider Fill Pink.png using Guid(246035e8fd0f2824dbc0ca0eae5c378d) Importer(2089858483,b0f066a214c2f5e87bad3c948f4d605d) (ScriptedImporter) -> (artifact id: '53333e0a1d12380790a148242fe51de7') in 0.0190508 seconds
Number of updated asset objects reloaded before import = 0Number of asset objects unloaded after import = 3

========================================================================
Received Import Request.
  Time since last request: 0.000024 seconds.
  path: Assets/Cartoon UI/Panels/Divider.png
  artifactKey: Guid(c683fcf040beb9848b78f150152592ff) Importer(2089858483,b0f066a214c2f5e87bad3c948f4d605d)
Start importing Assets/Cartoon UI/Panels/Divider.png using Guid(c683fcf040beb9848b78f150152592ff) Importer(2089858483,b0f066a214c2f5e87bad3c948f4d605d) (ScriptedImporter) -> (artifact id: 'dfbcb22fd785736f73cd16e7987cb5ee') in 0.0231083 seconds
Number of updated asset objects reloaded before import = 0Number of asset objects unloaded after import = 3

========================================================================
Received Import Request.
  Time since last request: 0.000017 seconds.
  path: Assets/TextMesh Pro/Shaders/TMPro_Properties.cginc
  artifactKey: Guid(3997e2241185407d80309a82f9148466) Importer(2089858483,b0f066a214c2f5e87bad3c948f4d605d)
Start importing Assets/TextMesh Pro/Shaders/TMPro_Properties.cginc using Guid(3997e2241185407d80309a82f9148466) Importer(2089858483,b0f066a214c2f5e87bad3c948f4d605d) (ScriptedImporter) -> (artifact id: '3a9088700ef346eb1f33e426e22990fe') in 0.0184823 seconds
Number of updated asset objects reloaded before import = 0Number of asset objects unloaded after import = 1

========================================================================
Received Import Request.
  Time since last request: 0.000025 seconds.
  path: Assets/Scripts/nomber seq/DigitSpriteSet.cs
  artifactKey: Guid(fc6462e2371afe841b549954a6bde65f) Importer(2089858483,b0f066a214c2f5e87bad3c948f4d605d)
Start importing Assets/Scripts/nomber seq/DigitSpriteSet.cs using Guid(fc6462e2371afe841b549954a6bde65f) Importer(2089858483,b0f066a214c2f5e87bad3c948f4d605d) (ScriptedImporter) -> (artifact id: '1967fd153d0479c272749b77b8fbaef6') in 0.0146397 seconds
Number of updated asset objects reloaded before import = 0Number of asset objects unloaded after import = 0

========================================================================
Received Import Request.
  Time since last request: 0.000019 seconds.
  path: Assets/game assets/Memory card Game/Card Memory Game - Cats.rar
  artifactKey: Guid(d4c0c3c17cf20a2489a27bab2cefe607) Importer(2089858483,b0f066a214c2f5e87bad3c948f4d605d)
Start importing Assets/game assets/Memory card Game/Card Memory Game - Cats.rar using Guid(d4c0c3c17cf20a2489a27bab2cefe607) Importer(2089858483,b0f066a214c2f5e87bad3c948f4d605d) (ScriptedImporter) -> (artifact id: '495a4454747582ed1361005e63e762a5') in 0.0274248 seconds
Number of updated asset objects reloaded before import = 0Number of asset objects unloaded after import = 1

========================================================================
Received Import Request.
  Time since last request: 0.000027 seconds.
  path: Assets/Scripts/nomber seq/highlight.asset
  artifactKey: Guid(28b4a9401f27c2f4f8628c14ea982083) Importer(2089858483,b0f066a214c2f5e87bad3c948f4d605d)
Start importing Assets/Scripts/nomber seq/highlight.asset using Guid(28b4a9401f27c2f4f8628c14ea982083) Importer(2089858483,b0f066a214c2f5e87bad3c948f4d605d) (ScriptedImporter) -> (artifact id: 'c0a4423ac253c5c23f8bf7d20d813a57') in 0.0193885 seconds
Number of updated asset objects reloaded before import = 0Number of asset objects unloaded after import = 12

========================================================================
Received Import Request.
  Time since last request: 0.000026 seconds.
  path: Assets/TextMesh Pro/Shaders/TMP_SDF-Mobile SSD.shader
  artifactKey: Guid(c8d12adcee749c344b8117cf7c7eb912) Importer(2089858483,b0f066a214c2f5e87bad3c948f4d605d)
Start importing Assets/TextMesh Pro/Shaders/TMP_SDF-Mobile SSD.shader using Guid(c8d12adcee749c344b8117cf7c7eb912) Importer(2089858483,b0f066a214c2f5e87bad3c948f4d605d) (ScriptedImporter) -> (artifact id: 'a91aa0266b31f5974b50805cd8834ed7') in 0.0225469 seconds
Number of updated asset objects reloaded before import = 0Number of asset objects unloaded after import = 1

========================================================================
Received Import Request.
  Time since last request: 0.000025 seconds.
  path: Assets/TextMesh Pro/Shaders/TMP_SDF-Surface-Mobile.shader
  artifactKey: Guid(85187c2149c549c5b33f0cdb02836b17) Importer(2089858483,b0f066a214c2f5e87bad3c948f4d605d)
Start importing Assets/TextMesh Pro/Shaders/TMP_SDF-Surface-Mobile.shader using Guid(85187c2149c549c5b33f0cdb02836b17) Importer(2089858483,b0f066a214c2f5e87bad3c948f4d605d) (ScriptedImporter) -> (artifact id: 'b087c18dedda691d9ae70338b69f9ae9') in 0.0163603 seconds
Number of updated asset objects reloaded before import = 0Number of asset objects unloaded after import = 1

========================================================================
Received Import Request.
  Time since last request: 0.000018 seconds.
  path: Assets/TextMesh Pro/Fonts/LiberationSans.ttf
  artifactKey: Guid(e3265ab4bf004d28a9537516768c1c75) Importer(2089858483,b0f066a214c2f5e87bad3c948f4d605d)
Start importing Assets/TextMesh Pro/Fonts/LiberationSans.ttf using Guid(e3265ab4bf004d28a9537516768c1c75) Importer(2089858483,b0f066a214c2f5e87bad3c948f4d605d) (ScriptedImporter) -> (artifact id: 'b99df4036b634294b96d54ee702b38b5') in 0.030255 seconds
Number of updated asset objects reloaded before import = 0Number of asset objects unloaded after import = 3

========================================================================
Received Import Request.
  Time since last request: 0.000033 seconds.
  path: Assets/TextMesh Pro/Shaders/TMP_SDF-URP Lit.shadergraph
  artifactKey: Guid(a3d800b099a06e0478fb790c5e79057a) Importer(2089858483,b0f066a214c2f5e87bad3c948f4d605d)
Start importing Assets/TextMesh Pro/Shaders/TMP_SDF-URP Lit.shadergraph using Guid(a3d800b099a06e0478fb790c5e79057a) Importer(2089858483,b0f066a214c2f5e87bad3c948f4d605d) (ScriptedImporter) -> (artifact id: '4ea0c73a5ba63cc358384c1d01fdab6b') in 0.0501771 seconds
Number of updated asset objects reloaded before import = 0Number of asset objects unloaded after import = 4

========================================================================
Received Import Request.
  Time since last request: 0.000016 seconds.
  path: Assets/TextMesh Pro/Shaders/TMP_Bitmap-Custom-Atlas.shader
  artifactKey: Guid(48bb5f55d8670e349b6e614913f9d910) Importer(2089858483,b0f066a214c2f5e87bad3c948f4d605d)
Start importing Assets/TextMesh Pro/Shaders/TMP_Bitmap-Custom-Atlas.shader using Guid(48bb5f55d8670e349b6e614913f9d910) Importer(2089858483,b0f066a214c2f5e87bad3c948f4d605d) (ScriptedImporter) -> (artifact id: '0194b275328794f4d818af59f39c4667') in 0.0166418 seconds
Number of updated asset objects reloaded before import = 0Number of asset objects unloaded after import = 1

========================================================================
Received Import Request.
  Time since last request: 0.000023 seconds.
  path: Assets/TextMesh Pro/Resources/LineBreaking Leading Characters.txt
  artifactKey: Guid(d82c1b31c7e74239bff1220585707d2b) Importer(2089858483,b0f066a214c2f5e87bad3c948f4d605d)
Start importing Assets/TextMesh Pro/Resources/LineBreaking Leading Characters.txt using Guid(d82c1b31c7e74239bff1220585707d2b) Importer(2089858483,b0f066a214c2f5e87bad3c948f4d605d) (ScriptedImporter) -> (artifact id: '1031703842e08e1bad0489a9b429c629') in 0.0126095 seconds
Number of updated asset objects reloaded before import = 0Number of asset objects unloaded after import = 1

========================================================================
Received Import Request.
  Time since last request: 0.000072 seconds.
  path: Assets/TextMesh Pro/Shaders/SDFFunctions.hlsl
  artifactKey: Guid(96de908384869cd409c75efa351d5edf) Importer(2089858483,b0f066a214c2f5e87bad3c948f4d605d)
Start importing Assets/TextMesh Pro/Shaders/SDFFunctions.hlsl using Guid(96de908384869cd409c75efa351d5edf) Importer(2089858483,b0f066a214c2f5e87bad3c948f4d605d) (ScriptedImporter) -> (artifact id: '99c06e348b338734281d33f2f20e52ce') in 0.0104953 seconds
Number of updated asset objects reloaded before import = 0Number of asset objects unloaded after import = 1

========================================================================
Received Import Request.
  Time since last request: 0.000031 seconds.
  path: Assets/TextMesh Pro/Shaders/TMP_SDF-HDRP UNLIT.shadergraph
  artifactKey: Guid(f63d574838ccfb44f84acc05fed0af48) Importer(2089858483,b0f066a214c2f5e87bad3c948f4d605d)
Start importing Assets/TextMesh Pro/Shaders/TMP_SDF-HDRP UNLIT.shadergraph using Guid(f63d574838ccfb44f84acc05fed0af48) Importer(2089858483,b0f066a214c2f5e87bad3c948f4d605d) (ScriptedImporter) -> (artifact id: '8b2908c433b31ea044f835b045104ae4') in 0.0210904 seconds
Number of updated asset objects reloaded before import = 0Number of asset objects unloaded after import = 3

========================================================================
Received Import Request.
  Time since last request: 0.000020 seconds.
  path: Assets/Settings/Scenes/URP2DSceneTemplate.unity
  artifactKey: Guid(2cda990e2423bbf4892e6590ba056729) Importer(2089858483,b0f066a214c2f5e87bad3c948f4d605d)
Start importing Assets/Settings/Scenes/URP2DSceneTemplate.unity using Guid(2cda990e2423bbf4892e6590ba056729) Importer(2089858483,b0f066a214c2f5e87bad3c948f4d605d) (ScriptedImporter) -> (artifact id: 'd489bd3f9037acc05d065ea7aee1efbb') in 0.0131634 seconds
Number of updated asset objects reloaded before import = 0Number of asset objects unloaded after import = 1

========================================================================
Received Import Request.
  Time since last request: 0.000016 seconds.
  path: Assets/Scripts/Editor/NumberSequenceSetup.cs
  artifactKey: Guid(e19e83c70eddab640b704e56b81d0feb) Importer(2089858483,b0f066a214c2f5e87bad3c948f4d605d)
Start importing Assets/Scripts/Editor/NumberSequenceSetup.cs using Guid(e19e83c70eddab640b704e56b81d0feb) Importer(2089858483,b0f066a214c2f5e87bad3c948f4d605d) (ScriptedImporter) -> (artifact id: '87a4a39e41d0548e58d910644915a78e') in 0.0123278 seconds
Number of updated asset objects reloaded before import = 0Number of asset objects unloaded after import = 0

========================================================================
Received Import Request.
  Time since last request: 0.000038 seconds.
  path: Assets/Cartoon UI/Prefabs/Level Select Panel.prefab
  artifactKey: Guid(83418642717f5264f94bb0cc2eaa1428) Importer(2089858483,b0f066a214c2f5e87bad3c948f4d605d)
Start importing Assets/Cartoon UI/Prefabs/Level Select Panel.prefab using Guid(83418642717f5264f94bb0cc2eaa1428) Importer(2089858483,b0f066a214c2f5e87bad3c948f4d605d) (ScriptedImporter) -> (artifact id: '7709f22637ce9d5e818a0da6d266b6da') in 0.0256247 seconds
Number of updated asset objects reloaded before import = 0Number of asset objects unloaded after import = 286

========================================================================
Received Import Request.
  Time since last request: 0.000022 seconds.
  path: Assets/DefaultVolumeProfile.asset
  artifactKey: Guid(3f9215ea0144899419cfbc0957140d3f) Importer(2089858483,b0f066a214c2f5e87bad3c948f4d605d)
Start importing Assets/DefaultVolumeProfile.asset using Guid(3f9215ea0144899419cfbc0957140d3f) Importer(2089858483,b0f066a214c2f5e87bad3c948f4d605d) (ScriptedImporter) -> (artifact id: 'bd3e7ba158e134f07205177d2a1527ca') in 0.0137136 seconds
Number of updated asset objects reloaded before import = 0Number of asset objects unloaded after import = 0

========================================================================
Received Import Request.
  Time since last request: 0.000062 seconds.
  path: Assets/Aztech Games/PC&ConsoleButtonsIcons/Keyboard/a.png
  artifactKey: Guid(a62f620066ba1944a9d1dac34fe92fe6) Importer(2089858483,b0f066a214c2f5e87bad3c948f4d605d)
Start importing Assets/Aztech Games/PC&ConsoleButtonsIcons/Keyboard/a.png using Guid(a62f620066ba1944a9d1dac34fe92fe6) Importer(2089858483,b0f066a214c2f5e87bad3c948f4d605d) (ScriptedImporter) -> (artifact id: 'e5f38fb7b9c82fa2902561c879fcb816') in 0.0204427 seconds
Number of updated asset objects reloaded before import = 0Number of asset objects unloaded after import = 3

========================================================================
Received Import Request.
  Time since last request: 0.000019 seconds.
  path: Assets/Aztech Games/PC&ConsoleButtonsIcons/Keyboard/arrowU.png
  artifactKey: Guid(366e96d596c363144ad35af915b74144) Importer(2089858483,b0f066a214c2f5e87bad3c948f4d605d)
Start importing Assets/Aztech Games/PC&ConsoleButtonsIcons/Keyboard/arrowU.png using Guid(366e96d596c363144ad35af915b74144) Importer(2089858483,b0f066a214c2f5e87bad3c948f4d605d) (ScriptedImporter) -> (artifact id: 'ea0a32aa149840354a9725b5e9f7ed4a') in 0.0169743 seconds
Number of updated asset objects reloaded before import = 0Number of asset objects unloaded after import = 3

========================================================================
Received Import Request.
  Time since last request: 0.000018 seconds.
  path: Assets/Aztech Games/PC&ConsoleButtonsIcons/Keyboard/esc.png
  artifactKey: Guid(06995699ae8eea549a52d687570f0310) Importer(2089858483,b0f066a214c2f5e87bad3c948f4d605d)
Start importing Assets/Aztech Games/PC&ConsoleButtonsIcons/Keyboard/esc.png using Guid(06995699ae8eea549a52d687570f0310) Importer(2089858483,b0f066a214c2f5e87bad3c948f4d605d) (ScriptedImporter) -> (artifact id: '0d231d5509e783c1b613ecf628a41976') in 0.0173079 seconds
Number of updated asset objects reloaded before import = 0Number of asset objects unloaded after import = 3

========================================================================
Received Import Request.
  Time since last request: 0.000018 seconds.
  path: Assets/Aztech Games/PC&ConsoleButtonsIcons/Keyboard/curlybracketR.png
  artifactKey: Guid(11489c54886757c48b9479e078120e54) Importer(2089858483,b0f066a214c2f5e87bad3c948f4d605d)
Start importing Assets/Aztech Games/PC&ConsoleButtonsIcons/Keyboard/curlybracketR.png using Guid(11489c54886757c48b9479e078120e54) Importer(2089858483,b0f066a214c2f5e87bad3c948f4d605d) (ScriptedImporter) -> (artifact id: '43ad1885d58c69a1592eb2ce434a672b') in 0.0187105 seconds
Number of updated asset objects reloaded before import = 0Number of asset objects unloaded after import = 3

========================================================================
Received Import Request.
  Time since last request: 0.000061 seconds.
  path: Assets/Aztech Games/PC&ConsoleButtonsIcons/Keyboard/5.png
  artifactKey: Guid(731e921102ca3bc4c9c0f2dc13bab74d) Importer(2089858483,b0f066a214c2f5e87bad3c948f4d605d)
Start importing Assets/Aztech Games/PC&ConsoleButtonsIcons/Keyboard/5.png using Guid(731e921102ca3bc4c9c0f2dc13bab74d) Importer(2089858483,b0f066a214c2f5e87bad3c948f4d605d) (ScriptedImporter) -> (artifact id: 'b644c1ea067465beac178906fd877f79') in 0.0218663 seconds
Number of updated asset objects reloaded before import = 0Number of asset objects unloaded after import = 3

========================================================================
Received Import Request.
  Time since last request: 0.000026 seconds.
  path: Assets/Aztech Games/PC&ConsoleButtonsIcons/Keyboard/empty.png
  artifactKey: Guid(75c4d0407107e9b4fbb919b760d5cd58) Importer(2089858483,b0f066a214c2f5e87bad3c948f4d605d)
Start importing Assets/Aztech Games/PC&ConsoleButtonsIcons/Keyboard/empty.png using Guid(75c4d0407107e9b4fbb919b760d5cd58) Importer(2089858483,b0f066a214c2f5e87bad3c948f4d605d) (ScriptedImporter) -> (artifact id: '753e9d469972c1862b9ac85ba7d39fc4') in 0.0178642 seconds
Number of updated asset objects reloaded before import = 0Number of asset objects unloaded after import = 3

========================================================================
Received Import Request.
  Time since last request: 0.000026 seconds.
  path: Assets/Aztech Games/PC&ConsoleButtonsIcons/Keyboard/asteriks.png
  artifactKey: Guid(ca1e28a7af183354cbb75022e75403b2) Importer(2089858483,b0f066a214c2f5e87bad3c948f4d605d)
Start importing Assets/Aztech Games/PC&ConsoleButtonsIcons/Keyboard/asteriks.png using Guid(ca1e28a7af183354cbb75022e75403b2) Importer(2089858483,b0f066a214c2f5e87bad3c948f4d605d) (ScriptedImporter) -> (artifact id: '2dd0e2c631dc768aa2f17c1c54a92392') in 0.0177359 seconds
Number of updated asset objects reloaded before import = 0Number of asset objects unloaded after import = 3

========================================================================
Received Import Request.
  Time since last request: 0.000018 seconds.
  path: Assets/Aztech Games/PC&ConsoleButtonsIcons/Keyboard/exclamation.png
  artifactKey: Guid(47414c149dab69648957365eac0ba022) Importer(2089858483,b0f066a214c2f5e87bad3c948f4d605d)
Start importing Assets/Aztech Games/PC&ConsoleButtonsIcons/Keyboard/exclamation.png using Guid(47414c149dab69648957365eac0ba022) Importer(2089858483,b0f066a214c2f5e87bad3c948f4d605d) (ScriptedImporter) -> (artifact id: '28633b8ebbef4a6381893ace149fa5e9') in 0.0233249 seconds
Number of updated asset objects reloaded before import = 0Number of asset objects unloaded after import = 3

========================================================================
Received Import Request.
  Time since last request: 0.000038 seconds.
  path: Assets/Aztech Games/PC&ConsoleButtonsIcons/Keyboard/equal.png
  artifactKey: Guid(746c65263f4df8445ae07cc8310faa65) Importer(2089858483,b0f066a214c2f5e87bad3c948f4d605d)
Start importing Assets/Aztech Games/PC&ConsoleButtonsIcons/Keyboard/equal.png using Guid(746c65263f4df8445ae07cc8310faa65) Importer(2089858483,b0f066a214c2f5e87bad3c948f4d605d) (ScriptedImporter) -> (artifact id: '17345f3c9d1c40915b8a3e687eb2e855') in 0.0249701 seconds
Number of updated asset objects reloaded before import = 0Number of asset objects unloaded after import = 3

========================================================================
Received Import Request.
  Time since last request: 0.000020 seconds.
  path: Assets/Aztech Games/PC&ConsoleButtonsIcons/Keyboard/apostrophe.png
  artifactKey: Guid(ad9a7db1257f7504f8b8ece55b99affa) Importer(2089858483,b0f066a214c2f5e87bad3c948f4d605d)
Start importing Assets/Aztech Games/PC&ConsoleButtonsIcons/Keyboard/apostrophe.png using Guid(ad9a7db1257f7504f8b8ece55b99affa) Importer(2089858483,b0f066a214c2f5e87bad3c948f4d605d) (ScriptedImporter) -> (artifact id: '492825168d8a0f05159b1babcacc1db4') in 0.0214198 seconds
Number of updated asset objects reloaded before import = 0Number of asset objects unloaded after import = 3

========================================================================
Received Import Request.
  Time since last request: 0.000027 seconds.
  path: Assets/Aztech Games/PC&ConsoleButtonsIcons/Keyboard/doublegreaterthan.png
  artifactKey: Guid(658994e8cbafdd0479d331d6a8b0cc65) Importer(2089858483,b0f066a214c2f5e87bad3c948f4d605d)
Start importing Assets/Aztech Games/PC&ConsoleButtonsIcons/Keyboard/doublegreaterthan.png using Guid(658994e8cbafdd0479d331d6a8b0cc65) Importer(2089858483,b0f066a214c2f5e87bad3c948f4d605d) (ScriptedImporter) -> (artifact id: '295265c429b1089626e488e26c2e1db1') in 0.0291223 seconds
Number of updated asset objects reloaded before import = 0Number of asset objects unloaded after import = 3

========================================================================
Received Import Request.
  Time since last request: 0.000042 seconds.
  path: Assets/Aztech Games/PC&ConsoleButtonsIcons/Keyboard/backslash.png
  artifactKey: Guid(d13d5bb33975b3b4882bb9dd35fa01e1) Importer(2089858483,b0f066a214c2f5e87bad3c948f4d605d)
Start importing Assets/Aztech Games/PC&ConsoleButtonsIcons/Keyboard/backslash.png using Guid(d13d5bb33975b3b4882bb9dd35fa01e1) Importer(2089858483,b0f066a214c2f5e87bad3c948f4d605d) (ScriptedImporter) -> (artifact id: '88d6549bf3dfb610d25e33a20554145e') in 0.0278761 seconds
Number of updated asset objects reloaded before import = 0Number of asset objects unloaded after import = 3

========================================================================
Received Import Request.
  Time since last request: 0.000039 seconds.
  path: Assets/Aztech Games/PC&ConsoleButtonsIcons/Keyboard/c.png
  artifactKey: Guid(cfd17122cb1c62944afaee1b32bb201e) Importer(2089858483,b0f066a214c2f5e87bad3c948f4d605d)
Start importing Assets/Aztech Games/PC&ConsoleButtonsIcons/Keyboard/c.png using Guid(cfd17122cb1c62944afaee1b32bb201e) Importer(2089858483,b0f066a214c2f5e87bad3c948f4d605d) (ScriptedImporter) -> (artifact id: '9909d390bf20cc9d23ab5a9e60e604d3') in 0.0216155 seconds
Number of updated asset objects reloaded before import = 0Number of asset objects unloaded after import = 3

========================================================================
Received Import Request.
  Time since last request: 0.000023 seconds.
  path: Assets/Aztech Games/PC&ConsoleButtonsIcons/Keyboard/9.png
  artifactKey: Guid(f64d497e82290c74a96dfe8b595ba802) Importer(2089858483,b0f066a214c2f5e87bad3c948f4d605d)
Start importing Assets/Aztech Games/PC&ConsoleButtonsIcons/Keyboard/9.png using Guid(f64d497e82290c74a96dfe8b595ba802) Importer(2089858483,b0f066a214c2f5e87bad3c948f4d605d) (ScriptedImporter) -> (artifact id: 'aae65dd5980f614bbf5fd17c4d44c224') in 0.0276041 seconds
Number of updated asset objects reloaded before import = 0Number of asset objects unloaded after import = 3

========================================================================
Received Import Request.
  Time since last request: 0.000044 seconds.
  path: Assets/Aztech Games/PC&ConsoleButtonsIcons/Keyboard/f5.png
  artifactKey: Guid(0417478c0fcc821449c8b9cc05153400) Importer(2089858483,b0f066a214c2f5e87bad3c948f4d605d)
Start importing Assets/Aztech Games/PC&ConsoleButtonsIcons/Keyboard/f5.png using Guid(0417478c0fcc821449c8b9cc05153400) Importer(2089858483,b0f066a214c2f5e87bad3c948f4d605d) (ScriptedImporter) -> (artifact id: '8b7f12567493aabc8b8845a60420138f') in 0.0230719 seconds
Number of updated asset objects reloaded before import = 0Number of asset objects unloaded after import = 3

========================================================================
Received Import Request.
  Time since last request: 0.000022 seconds.
  path: Assets/Aztech Games/PC&ConsoleButtonsIcons/Keyboard/g.png
  artifactKey: Guid(59e71e72b71de5d4daf28def2abce1da) Importer(2089858483,b0f066a214c2f5e87bad3c948f4d605d)
Start importing Assets/Aztech Games/PC&ConsoleButtonsIcons/Keyboard/g.png using Guid(59e71e72b71de5d4daf28def2abce1da) Importer(2089858483,b0f066a214c2f5e87bad3c948f4d605d) (ScriptedImporter) -> (artifact id: '5312658f3f752321d7b3078d1fb4f917') in 0.028995 seconds
Number of updated asset objects reloaded before import = 0Number of asset objects unloaded after import = 3

========================================================================
Received Import Request.
  Time since last request: 0.000047 seconds.
  path: Assets/Aztech Games/PC&ConsoleButtonsIcons/Keyboard/mouse.png
  artifactKey: Guid(5795a050b602cba45a8c5a9fa8ae0ee6) Importer(2089858483,b0f066a214c2f5e87bad3c948f4d605d)
Start importing Assets/Aztech Games/PC&ConsoleButtonsIcons/Keyboard/mouse.png using Guid(5795a050b602cba45a8c5a9fa8ae0ee6) Importer(2089858483,b0f066a214c2f5e87bad3c948f4d605d) (ScriptedImporter) -> (artifact id: 'ac6ff9aa81ae6d571b5ee93c1401db1c') in 0.0239627 seconds
Number of updated asset objects reloaded before import = 0Number of asset objects unloaded after import = 3

========================================================================
Received Import Request.
  Time since last request: 0.000025 seconds.
  path: Assets/Aztech Games/PC&ConsoleButtonsIcons/Keyboard/mouseScrollWhell.png
  artifactKey: Guid(ce61f8cdc27421041bb5cbad566bf309) Importer(2089858483,b0f066a214c2f5e87bad3c948f4d605d)
Start importing Assets/Aztech Games/PC&ConsoleButtonsIcons/Keyboard/mouseScrollWhell.png using Guid(ce61f8cdc27421041bb5cbad566bf309) Importer(2089858483,b0f066a214c2f5e87bad3c948f4d605d) (ScriptedImporter) -> (artifact id: '4c7023e6bbde140f376485ea7a272f55') in 0.0274176 seconds
Number of updated asset objects reloaded before import = 0Number of asset objects unloaded after import = 3

========================================================================
Received Import Request.
  Time since last request: 0.000023 seconds.
  path: Assets/Aztech Games/PC&ConsoleButtonsIcons/Keyboard/home.png
  artifactKey: Guid(03e39150c48279249a5bf4e29c77f323) Importer(2089858483,b0f066a214c2f5e87bad3c948f4d605d)
Start importing Assets/Aztech Games/PC&ConsoleButtonsIcons/Keyboard/home.png using Guid(03e39150c48279249a5bf4e29c77f323) Importer(2089858483,b0f066a214c2f5e87bad3c948f4d605d) (ScriptedImporter) -> (artifact id: '6c8ea734e02fb80ef6b721ff6ea91cb9') in 0.0237225 seconds
Number of updated asset objects reloaded before import = 0Number of asset objects unloaded after import = 3

========================================================================
Received Import Request.
  Time since last request: 0.000024 seconds.
  path: Assets/Aztech Games/PC&ConsoleButtonsIcons/Keyboard/f6.png
  artifactKey: Guid(9ac9bc27005e4d945946e78cea53cc47) Importer(2089858483,b0f066a214c2f5e87bad3c948f4d605d)
Start importing Assets/Aztech Games/PC&ConsoleButtonsIcons/Keyboard/f6.png using Guid(9ac9bc27005e4d945946e78cea53cc47) Importer(2089858483,b0f066a214c2f5e87bad3c948f4d605d) (ScriptedImporter) -> (artifact id: '2f2f84346d4fc896e55e5232d9a8cb4e') in 0.0264671 seconds
Number of updated asset objects reloaded before import = 0Number of asset objects unloaded after import = 3

========================================================================
Received Import Request.
  Time since last request: 0.000036 seconds.
  path: Assets/Aztech Games/PC&ConsoleButtonsIcons/Keyboard/questionMark.png
  artifactKey: Guid(25d8a6cfdc466f04a89911dd50789af0) Importer(2089858483,b0f066a214c2f5e87bad3c948f4d605d)
Start importing Assets/Aztech Games/PC&ConsoleButtonsIcons/Keyboard/questionMark.png using Guid(25d8a6cfdc466f04a89911dd50789af0) Importer(2089858483,b0f066a214c2f5e87bad3c948f4d605d) (ScriptedImporter) -> (artifact id: '6a874e7fe9b3ea7673bb223ea5d1d276') in 0.0198003 seconds
Number of updated asset objects reloaded before import = 0Number of asset objects unloaded after import = 3

========================================================================
Received Import Request.
  Time since last request: 0.000023 seconds.
  path: Assets/Aztech Games/PC&ConsoleButtonsIcons/Keyboard/f7.png
  artifactKey: Guid(f1cc6b83086b0d84d8835927ff2f73a9) Importer(2089858483,b0f066a214c2f5e87bad3c948f4d605d)
Start importing Assets/Aztech Games/PC&ConsoleButtonsIcons/Keyboard/f7.png using Guid(f1cc6b83086b0d84d8835927ff2f73a9) Importer(2089858483,b0f066a214c2f5e87bad3c948f4d605d) (ScriptedImporter) -> (artifact id: 'c330e4726c8e9031c3ab694974ee7294') in 0.0194145 seconds
Number of updated asset objects reloaded before import = 0Number of asset objects unloaded after import = 3

========================================================================
Received Import Request.
  Time since last request: 0.000031 seconds.
  path: Assets/Aztech Games/PC&ConsoleButtonsIcons/Keyboard/h.png
  artifactKey: Guid(1e24c7daeaf5ebc49b9c8eebfbe0fb1b) Importer(2089858483,b0f066a214c2f5e87bad3c948f4d605d)
Start importing Assets/Aztech Games/PC&ConsoleButtonsIcons/Keyboard/h.png using Guid(1e24c7daeaf5ebc49b9c8eebfbe0fb1b) Importer(2089858483,b0f066a214c2f5e87bad3c948f4d605d) (ScriptedImporter) -> (artifact id: '4ced72feaedd27e3190453a7561cdc8c') in 0.0201111 seconds
Number of updated asset objects reloaded before import = 0Number of asset objects unloaded after import = 3

========================================================================
Received Import Request.
  Time since last request: 0.000057 seconds.
  path: Assets/Aztech Games/PC&ConsoleButtonsIcons/Keyboard/m.png
  artifactKey: Guid(6e98d82b49c7a424686735c41fe9d65a) Importer(2089858483,b0f066a214c2f5e87bad3c948f4d605d)
Start importing Assets/Aztech Games/PC&ConsoleButtonsIcons/Keyboard/m.png using Guid(6e98d82b49c7a424686735c41fe9d65a) Importer(2089858483,b0f066a214c2f5e87bad3c948f4d605d) (ScriptedImporter) -> (artifact id: 'e713ae9ddf2dce0f2a4530fd92742f54') in 0.0208041 seconds
Number of updated asset objects reloaded before import = 0Number of asset objects unloaded after import = 3

========================================================================
Received Import Request.
  Time since last request: 0.000037 seconds.
  path: Assets/Aztech Games/PC&ConsoleButtonsIcons/Keyboard/f1.png
  artifactKey: Guid(0c7d114d57c1df04289da63d1d332531) Importer(2089858483,b0f066a214c2f5e87bad3c948f4d605d)
Start importing Assets/Aztech Games/PC&ConsoleButtonsIcons/Keyboard/f1.png using Guid(0c7d114d57c1df04289da63d1d332531) Importer(2089858483,b0f066a214c2f5e87bad3c948f4d605d) (ScriptedImporter) -> (artifact id: '4cdda2fc379ad0fbbea9a2ad95a539e7') in 0.0179849 seconds
Number of updated asset objects reloaded before import = 0Number of asset objects unloaded after import = 3

========================================================================
Received Import Request.
  Time since last request: 0.000044 seconds.
  path: Assets/Aztech Games/PC&ConsoleButtonsIcons/Keyboard/f8.png
  artifactKey: Guid(e442cc50bc854ed4a95f56588571d3cc) Importer(2089858483,b0f066a214c2f5e87bad3c948f4d605d)
Start importing Assets/Aztech Games/PC&ConsoleButtonsIcons/Keyboard/f8.png using Guid(e442cc50bc854ed4a95f56588571d3cc) Importer(2089858483,b0f066a214c2f5e87bad3c948f4d605d) (ScriptedImporter) -> (artifact id: '75225b732231ead4b69c6812c6712afd') in 0.0189835 seconds
Number of updated asset objects reloaded before import = 0Number of asset objects unloaded after import = 3

========================================================================
Received Import Request.
  Time since last request: 0.000035 seconds.
  path: Assets/TextMesh Pro/Shaders/TMP_Sprite.shader
  artifactKey: Guid(cf81c85f95fe47e1a27f6ae460cf182c) Importer(2089858483,b0f066a214c2f5e87bad3c948f4d605d)
Start importing Assets/TextMesh Pro/Shaders/TMP_Sprite.shader using Guid(cf81c85f95fe47e1a27f6ae460cf182c) Importer(2089858483,b0f066a214c2f5e87bad3c948f4d605d) (ScriptedImporter) -> (artifact id: 'af5ef2e2767a71ee199450db00c9f1f8') in 0.0120503 seconds
Number of updated asset objects reloaded before import = 0Number of asset objects unloaded after import = 1

========================================================================
Received Import Request.
  Time since last request: 0.000034 seconds.
  path: Assets/Aztech Games/PC&ConsoleButtonsIcons/Keyboard/ü.png
  artifactKey: Guid(b5c89ce021bff41468835bf7ec118a82) Importer(2089858483,b0f066a214c2f5e87bad3c948f4d605d)
Start importing Assets/Aztech Games/PC&ConsoleButtonsIcons/Keyboard/ü.png using Guid(b5c89ce021bff41468835bf7ec118a82) Importer(2089858483,b0f066a214c2f5e87bad3c948f4d605d) (ScriptedImporter) -> (artifact id: '6a155c81303654722f559a8ae95c145b') in 0.0162325 seconds
Number of updated asset objects reloaded before import = 0Number of asset objects unloaded after import = 3

========================================================================
Received Import Request.
  Time since last request: 0.000033 seconds.
  path: Assets/Aztech Games/PC&ConsoleButtonsIcons/Keyboard/underscore.png
  artifactKey: Guid(371a5fe4123c12a4ea73a924c4e79406) Importer(2089858483,b0f066a214c2f5e87bad3c948f4d605d)
Start importing Assets/Aztech Games/PC&ConsoleButtonsIcons/Keyboard/underscore.png using Guid(371a5fe4123c12a4ea73a924c4e79406) Importer(2089858483,b0f066a214c2f5e87bad3c948f4d605d) (ScriptedImporter) -> (artifact id: '64750ff527c4feed9fe67bd0b8979b01') in 0.0187576 seconds
Number of updated asset objects reloaded before import = 0Number of asset objects unloaded after import = 3

========================================================================
Received Import Request.
  Time since last request: 0.000043 seconds.
  path: Assets/Aztech Games/PC&ConsoleButtonsIcons/Keyboard/shift (2).png
  artifactKey: Guid(5e39facfb6cc60d458d7d031f4ce2a2b) Importer(2089858483,b0f066a214c2f5e87bad3c948f4d605d)
Start importing Assets/Aztech Games/PC&ConsoleButtonsIcons/Keyboard/shift (2).png using Guid(5e39facfb6cc60d458d7d031f4ce2a2b) Importer(2089858483,b0f066a214c2f5e87bad3c948f4d605d) (ScriptedImporter) -> (artifact id: '2a84f55f36ef5d4ddc303a68dcba8b4b') in 0.018511 seconds
Number of updated asset objects reloaded before import = 0Number of asset objects unloaded after import = 3

========================================================================
Received Import Request.
  Time since last request: 0.000019 seconds.
  path: Assets/Aztech Games/PC&ConsoleButtonsIcons/Keyboard_White/3.png
  artifactKey: Guid(992e578ba2419e24cbc78bfe15333a41) Importer(2089858483,b0f066a214c2f5e87bad3c948f4d605d)
Start importing Assets/Aztech Games/PC&ConsoleButtonsIcons/Keyboard_White/3.png using Guid(992e578ba2419e24cbc78bfe15333a41) Importer(2089858483,b0f066a214c2f5e87bad3c948f4d605d) (ScriptedImporter) -> (artifact id: '251b3e29c0964d6d1c6db797b49a7f6c') in 0.0175668 seconds
Number of updated asset objects reloaded before import = 0Number of asset objects unloaded after import = 3

========================================================================
Received Import Request.
  Time since last request: 0.000026 seconds.
  path: Assets/Aztech Games/PC&ConsoleButtonsIcons/Keyboard/squarebracketR.png
  artifactKey: Guid(a08dd82189a853d44b64dca97da86202) Importer(2089858483,b0f066a214c2f5e87bad3c948f4d605d)
Start importing Assets/Aztech Games/PC&ConsoleButtonsIcons/Keyboard/squarebracketR.png using Guid(a08dd82189a853d44b64dca97da86202) Importer(2089858483,b0f066a214c2f5e87bad3c948f4d605d) (ScriptedImporter) -> (artifact id: '398549080370dabb2d59c8f554d86878') in 0.0143886 seconds
Number of updated asset objects reloaded before import = 0Number of asset objects unloaded after import = 3

========================================================================
Received Import Request.
  Time since last request: 0.000043 seconds.
  path: Assets/Aztech Games/PC&ConsoleButtonsIcons/Keyboard/shift.png
  artifactKey: Guid(6777b528948c1d94095b4f5faeb52494) Importer(2089858483,b0f066a214c2f5e87bad3c948f4d605d)
Start importing Assets/Aztech Games/PC&ConsoleButtonsIcons/Keyboard/shift.png using Guid(6777b528948c1d94095b4f5faeb52494) Importer(2089858483,b0f066a214c2f5e87bad3c948f4d605d) (ScriptedImporter) -> (artifact id: '55f34a0abf47748ce1b428983a5269cc') in 0.0208328 seconds
Number of updated asset objects reloaded before import = 0Number of asset objects unloaded after import = 3

========================================================================
Received Import Request.
  Time since last request: 0.000028 seconds.
  path: Assets/Aztech Games/PC&ConsoleButtonsIcons/Keyboard/squarebracketL.png
  artifactKey: Guid(d7f7fb2e4371b7b4db232da0f7b970bf) Importer(2089858483,b0f066a214c2f5e87bad3c948f4d605d)
Start importing Assets/Aztech Games/PC&ConsoleButtonsIcons/Keyboard/squarebracketL.png using Guid(d7f7fb2e4371b7b4db232da0f7b970bf) Importer(2089858483,b0f066a214c2f5e87bad3c948f4d605d) (ScriptedImporter) -> (artifact id: '2eefb26474134638a7f6f33de458ef23') in 0.0203534 seconds
Number of updated asset objects reloaded before import = 0Number of asset objects unloaded after import = 3

========================================================================
Received Import Request.
  Time since last request: 0.000024 seconds.
  path: Assets/Aztech Games/PC&ConsoleButtonsIcons/Keyboard/tilde.png
  artifactKey: Guid(a7b80fc48955fe44aa5fcc20f83f4df3) Importer(2089858483,b0f066a214c2f5e87bad3c948f4d605d)
Start importing Assets/Aztech Games/PC&ConsoleButtonsIcons/Keyboard/tilde.png using Guid(a7b80fc48955fe44aa5fcc20f83f4df3) Importer(2089858483,b0f066a214c2f5e87bad3c948f4d605d) (ScriptedImporter) -> (artifact id: '1f100df471f5b83848b112d6f2343f62') in 0.028581 seconds
Number of updated asset objects reloaded before import = 0Number of asset objects unloaded after import = 3

========================================================================
Received Import Request.
  Time since last request: 0.000028 seconds.
  path: Assets/Aztech Games/PC&ConsoleButtonsIcons/Keyboard/tab.png
  artifactKey: Guid(9f5d6af4a3809ef49bd5a7b39ab0e987) Importer(2089858483,b0f066a214c2f5e87bad3c948f4d605d)
Start importing Assets/Aztech Games/PC&ConsoleButtonsIcons/Keyboard/tab.png using Guid(9f5d6af4a3809ef49bd5a7b39ab0e987) Importer(2089858483,b0f066a214c2f5e87bad3c948f4d605d) (ScriptedImporter) -> (artifact id: 'c30252b083adb185d8b07b434c34790a') in 0.0147014 seconds
Number of updated asset objects reloaded before import = 0Number of asset objects unloaded after import = 3

========================================================================
Received Import Request.
  Time since last request: 0.000032 seconds.
  path: Assets/Aztech Games/PC&ConsoleButtonsIcons/Keyboard_White/6.png
  artifactKey: Guid(0eda5e0ad7ff22645bfb1a3ce0b03e06) Importer(2089858483,b0f066a214c2f5e87bad3c948f4d605d)
Start importing Assets/Aztech Games/PC&ConsoleButtonsIcons/Keyboard_White/6.png using Guid(0eda5e0ad7ff22645bfb1a3ce0b03e06) Importer(2089858483,b0f066a214c2f5e87bad3c948f4d605d) (ScriptedImporter) -> (artifact id: 'bbd9608497a1127013dc61ba22c9e8ed') in 0.0180281 seconds
Number of updated asset objects reloaded before import = 0Number of asset objects unloaded after import = 3

========================================================================
Received Import Request.
  Time since last request: 0.000041 seconds.
  path: Assets/Aztech Games/PC&ConsoleButtonsIcons/Keyboard_White/5.png
  artifactKey: Guid(d207acfe125da0b4cbefcdabccfa7056) Importer(2089858483,b0f066a214c2f5e87bad3c948f4d605d)
Start importing Assets/Aztech Games/PC&ConsoleButtonsIcons/Keyboard_White/5.png using Guid(d207acfe125da0b4cbefcdabccfa7056) Importer(2089858483,b0f066a214c2f5e87bad3c948f4d605d) (ScriptedImporter) -> (artifact id: '80b202b3abf874d7b389f8d8b27d2853') in 0.0202908 seconds
Number of updated asset objects reloaded before import = 0Number of asset objects unloaded after import = 3

========================================================================
Received Import Request.
  Time since last request: 0.000029 seconds.
  path: Assets/Cartoon UI/Icons/Bread.png
  artifactKey: Guid(f83c81e776adeea43a6230a0731cd0c3) Importer(2089858483,b0f066a214c2f5e87bad3c948f4d605d)
Start importing Assets/Cartoon UI/Icons/Bread.png using Guid(f83c81e776adeea43a6230a0731cd0c3) Importer(2089858483,b0f066a214c2f5e87bad3c948f4d605d) (ScriptedImporter) -> (artifact id: 'bc970a6455b8062d458016074d223756') in 0.0204 seconds
Number of updated asset objects reloaded before import = 0Number of asset objects unloaded after import = 3

========================================================================
Received Import Request.
  Time since last request: 0.000023 seconds.
  path: Assets/Cartoon UI/Icons/Gold Key.png
  artifactKey: Guid(6c7764f83d1fcc64699805038faf09c8) Importer(2089858483,b0f066a214c2f5e87bad3c948f4d605d)
Start importing Assets/Cartoon UI/Icons/Gold Key.png using Guid(6c7764f83d1fcc64699805038faf09c8) Importer(2089858483,b0f066a214c2f5e87bad3c948f4d605d) (ScriptedImporter) -> (artifact id: 'eceefdcb3802a7bb71c5b7a39a1fda67') in 0.0178687 seconds
Number of updated asset objects reloaded before import = 0Number of asset objects unloaded after import = 3

========================================================================
Received Import Request.
  Time since last request: 0.000041 seconds.
  path: Assets/Aztech Games/PC&ConsoleButtonsIcons/Keyboard_White/d.png
  artifactKey: Guid(89092ecea3625da4495d5b65a41eda6f) Importer(2089858483,b0f066a214c2f5e87bad3c948f4d605d)
Start importing Assets/Aztech Games/PC&ConsoleButtonsIcons/Keyboard_White/d.png using Guid(89092ecea3625da4495d5b65a41eda6f) Importer(2089858483,b0f066a214c2f5e87bad3c948f4d605d) (ScriptedImporter) -> (artifact id: 'd865e0a81bd7c3d3dac1929e777d9e18') in 0.0161895 seconds
Number of updated asset objects reloaded before import = 0Number of asset objects unloaded after import = 3

========================================================================
Received Import Request.
  Time since last request: 0.000022 seconds.
  path: Assets/Aztech Games/PC&ConsoleButtonsIcons/Keyboard_White/c.png
  artifactKey: Guid(65567b8cfed343442bf93e82fa9d0413) Importer(2089858483,b0f066a214c2f5e87bad3c948f4d605d)
Start importing Assets/Aztech Games/PC&ConsoleButtonsIcons/Keyboard_White/c.png using Guid(65567b8cfed343442bf93e82fa9d0413) Importer(2089858483,b0f066a214c2f5e87bad3c948f4d605d) (ScriptedImporter) -> (artifact id: '2198e55b065623e956fcc1dde4f730e3') in 0.0170371 seconds
Number of updated asset objects reloaded before import = 0Number of asset objects unloaded after import = 3

========================================================================
Received Import Request.
  Time since last request: 0.000040 seconds.
  path: Assets/Aztech Games/PC&ConsoleButtonsIcons/Keyboard_White/exclamationMark.png
  artifactKey: Guid(60936578bcd18b44682cc04028a74f3c) Importer(2089858483,b0f066a214c2f5e87bad3c948f4d605d)
Start importing Assets/Aztech Games/PC&ConsoleButtonsIcons/Keyboard_White/exclamationMark.png using Guid(60936578bcd18b44682cc04028a74f3c) Importer(2089858483,b0f066a214c2f5e87bad3c948f4d605d) (ScriptedImporter) -> (artifact id: 'c185daccb42bf2992d5eea03003311f4') in 0.0164281 seconds
Number of updated asset objects reloaded before import = 0Number of asset objects unloaded after import = 3

========================================================================
Received Import Request.
  Time since last request: 0.000048 seconds.
  path: Assets/Aztech Games/PC&ConsoleButtonsIcons/Keyboard_White/doublegreaterthan.png
  artifactKey: Guid(f6194a334cf3e4240b88b6c9bc92c1f0) Importer(2089858483,b0f066a214c2f5e87bad3c948f4d605d)
Start importing Assets/Aztech Games/PC&ConsoleButtonsIcons/Keyboard_White/doublegreaterthan.png using Guid(f6194a334cf3e4240b88b6c9bc92c1f0) Importer(2089858483,b0f066a214c2f5e87bad3c948f4d605d) (ScriptedImporter) -> (artifact id: 'e64436a19645f81acb04d7c44cc18efd') in 0.0147358 seconds
Number of updated asset objects reloaded before import = 0Number of asset objects unloaded after import = 3

========================================================================
Received Import Request.
  Time since last request: 0.000038 seconds.
  path: Assets/Aztech Games/PC&ConsoleButtonsIcons/Keyboard_White/doubleQuotes.png
  artifactKey: Guid(fcc4bc49bed830a478aec88093990420) Importer(2089858483,b0f066a214c2f5e87bad3c948f4d605d)
Start importing Assets/Aztech Games/PC&ConsoleButtonsIcons/Keyboard_White/doubleQuotes.png using Guid(fcc4bc49bed830a478aec88093990420) Importer(2089858483,b0f066a214c2f5e87bad3c948f4d605d) (ScriptedImporter) -> (artifact id: '0955e9cb0b413041bf81ba810e219947') in 0.0246819 seconds
Number of updated asset objects reloaded before import = 0Number of asset objects unloaded after import = 3

========================================================================
Received Import Request.
  Time since last request: 0.000028 seconds.
  path: Assets/Aztech Games/PC&ConsoleButtonsIcons/Keyboard_White/b.png
  artifactKey: Guid(e3e6b067c1a53ee4ba10a02b0965d09a) Importer(2089858483,b0f066a214c2f5e87bad3c948f4d605d)
Start importing Assets/Aztech Games/PC&ConsoleButtonsIcons/Keyboard_White/b.png using Guid(e3e6b067c1a53ee4ba10a02b0965d09a) Importer(2089858483,b0f066a214c2f5e87bad3c948f4d605d) (ScriptedImporter) -> (artifact id: 'd6ab84f830a4adaf34142fd78ecacc48') in 0.0175941 seconds
Number of updated asset objects reloaded before import = 0Number of asset objects unloaded after import = 3

========================================================================
Received Import Request.
  Time since last request: 0.000020 seconds.
  path: Assets/Aztech Games/PC&ConsoleButtonsIcons/Keyboard_White/curlybracketR.png
  artifactKey: Guid(a45d15fd07a3b1a438ef1a532a90b434) Importer(2089858483,b0f066a214c2f5e87bad3c948f4d605d)
Start importing Assets/Aztech Games/PC&ConsoleButtonsIcons/Keyboard_White/curlybracketR.png using Guid(a45d15fd07a3b1a438ef1a532a90b434) Importer(2089858483,b0f066a214c2f5e87bad3c948f4d605d) (ScriptedImporter) -> (artifact id: 'e060f097c368203f117d03466b7f1ec7') in 0.0196712 seconds
Number of updated asset objects reloaded before import = 0Number of asset objects unloaded after import = 3

========================================================================
Received Import Request.
  Time since last request: 0.000053 seconds.
  path: Assets/Aztech Games/PC&ConsoleButtonsIcons/Keyboard_White/f4.png
  artifactKey: Guid(5c3ea5d970f14eb4f88e1aeea9ed4513) Importer(2089858483,b0f066a214c2f5e87bad3c948f4d605d)
Start importing Assets/Aztech Games/PC&ConsoleButtonsIcons/Keyboard_White/f4.png using Guid(5c3ea5d970f14eb4f88e1aeea9ed4513) Importer(2089858483,b0f066a214c2f5e87bad3c948f4d605d) (ScriptedImporter) -> (artifact id: 'bec7aeebf975a9e0f2a20bda3b21c9e4') in 0.0183877 seconds
Number of updated asset objects reloaded before import = 0Number of asset objects unloaded after import = 3

========================================================================
Received Import Request.
  Time since last request: 0.000033 seconds.
  path: Assets/Aztech Games/PC&ConsoleButtonsIcons/Keyboard_White/f.png
  artifactKey: Guid(68625fe53e1b7f645a4b21e13d8b14fe) Importer(2089858483,b0f066a214c2f5e87bad3c948f4d605d)
Start importing Assets/Aztech Games/PC&ConsoleButtonsIcons/Keyboard_White/f.png using Guid(68625fe53e1b7f645a4b21e13d8b14fe) Importer(2089858483,b0f066a214c2f5e87bad3c948f4d605d) (ScriptedImporter) -> (artifact id: 'a934f6250daca6c096ec75b5124d78bd') in 0.0163633 seconds
Number of updated asset objects reloaded before import = 0Number of asset objects unloaded after import = 3

========================================================================
Received Import Request.
  Time since last request: 0.000029 seconds.
  path: Assets/Aztech Games/PC&ConsoleButtonsIcons/Keyboard_White/end.png
  artifactKey: Guid(21e090a0d6b040e4bba08bceef0fe5f0) Importer(2089858483,b0f066a214c2f5e87bad3c948f4d605d)
Start importing Assets/Aztech Games/PC&ConsoleButtonsIcons/Keyboard_White/end.png using Guid(21e090a0d6b040e4bba08bceef0fe5f0) Importer(2089858483,b0f066a214c2f5e87bad3c948f4d605d) (ScriptedImporter) -> (artifact id: '6cdc94df1c43dba7a234358a36294829') in 0.0185042 seconds
Number of updated asset objects reloaded before import = 0Number of asset objects unloaded after import = 3

========================================================================
Received Import Request.
  Time since last request: 0.000036 seconds.
  path: Assets/Aztech Games/PC&ConsoleButtonsIcons/Keyboard_White/f6.png
  artifactKey: Guid(27e6a4a9c62fe53419c911b0a271f514) Importer(2089858483,b0f066a214c2f5e87bad3c948f4d605d)
Start importing Assets/Aztech Games/PC&ConsoleButtonsIcons/Keyboard_White/f6.png using Guid(27e6a4a9c62fe53419c911b0a271f514) Importer(2089858483,b0f066a214c2f5e87bad3c948f4d605d) (ScriptedImporter) -> (artifact id: 'db1ebe393625d5141176e75ca178bf53') in 0.0158413 seconds
Number of updated asset objects reloaded before import = 0Number of asset objects unloaded after import = 3

========================================================================
Received Import Request.
  Time since last request: 0.000024 seconds.
  path: Assets/Aztech Games/PC&ConsoleButtonsIcons/Keyboard_White/backSlash.png
  artifactKey: Guid(6099e8e5843a94b43910c87e5bca8af4) Importer(2089858483,b0f066a214c2f5e87bad3c948f4d605d)
Start importing Assets/Aztech Games/PC&ConsoleButtonsIcons/Keyboard_White/backSlash.png using Guid(6099e8e5843a94b43910c87e5bca8af4) Importer(2089858483,b0f066a214c2f5e87bad3c948f4d605d) (ScriptedImporter) -> (artifact id: 'b28132e77a8bdc9ce36ab37b61f5c3d2') in 0.0175472 seconds
Number of updated asset objects reloaded before import = 0Number of asset objects unloaded after import = 3

========================================================================
Received Import Request.
  Time since last request: 0.000031 seconds.
  path: Assets/Aztech Games/PC&ConsoleButtonsIcons/Keyboard_White/colon.png
  artifactKey: Guid(73eb2ec7cf31fd94791b6fe273946956) Importer(2089858483,b0f066a214c2f5e87bad3c948f4d605d)
Start importing Assets/Aztech Games/PC&ConsoleButtonsIcons/Keyboard_White/colon.png using Guid(73eb2ec7cf31fd94791b6fe273946956) Importer(2089858483,b0f066a214c2f5e87bad3c948f4d605d) (ScriptedImporter) -> (artifact id: '4d16bd443c92b16ee59f7f4604ae678e') in 0.0258378 seconds
Number of updated asset objects reloaded before import = 0Number of asset objects unloaded after import = 3

========================================================================
Received Import Request.
  Time since last request: 0.000036 seconds.
  path: Assets/Aztech Games/PC&ConsoleButtonsIcons/Keyboard_White/shift.png
  artifactKey: Guid(17b449693b03917459d6f26109c9e067) Importer(2089858483,b0f066a214c2f5e87bad3c948f4d605d)
Start importing Assets/Aztech Games/PC&ConsoleButtonsIcons/Keyboard_White/shift.png using Guid(17b449693b03917459d6f26109c9e067) Importer(2089858483,b0f066a214c2f5e87bad3c948f4d605d) (ScriptedImporter) -> (artifact id: '2faf58f5b4a1bee3ee3fb37cb3e9540b') in 0.0152863 seconds
Number of updated asset objects reloaded before import = 0Number of asset objects unloaded after import = 3

========================================================================
Received Import Request.
  Time since last request: 0.000019 seconds.
  path: Assets/Aztech Games/PC&ConsoleButtonsIcons/Keyboard_White/mouseRightClick.png
  artifactKey: Guid(badf853f2d4ff074aa3762860e12615a) Importer(2089858483,b0f066a214c2f5e87bad3c948f4d605d)
Start importing Assets/Aztech Games/PC&ConsoleButtonsIcons/Keyboard_White/mouseRightClick.png using Guid(badf853f2d4ff074aa3762860e12615a) Importer(2089858483,b0f066a214c2f5e87bad3c948f4d605d) (ScriptedImporter) -> (artifact id: 'a639ea3f20b8d592768d9edab4f7049b') in 0.0196231 seconds
Number of updated asset objects reloaded before import = 0Number of asset objects unloaded after import = 3

========================================================================
Received Import Request.
  Time since last request: 0.000020 seconds.
  path: Assets/Aztech Games/PC&ConsoleButtonsIcons/Keyboard_White/t.png
  artifactKey: Guid(808b6c093ba5a3b49a066cd74864d334) Importer(2089858483,b0f066a214c2f5e87bad3c948f4d605d)
Start importing Assets/Aztech Games/PC&ConsoleButtonsIcons/Keyboard_White/t.png using Guid(808b6c093ba5a3b49a066cd74864d334) Importer(2089858483,b0f066a214c2f5e87bad3c948f4d605d) (ScriptedImporter) -> (artifact id: 'a82b25505a3b6684d9efa8ff494332c1') in 0.0167526 seconds
Number of updated asset objects reloaded before import = 0Number of asset objects unloaded after import = 3

========================================================================
Received Import Request.
  Time since last request: 0.000035 seconds.
  path: Assets/Aztech Games/PC&ConsoleButtonsIcons/Keyboard_White/pageUp.png
  artifactKey: Guid(1ec9bea9f4f3a6d48998df558cba6a22) Importer(2089858483,b0f066a214c2f5e87bad3c948f4d605d)
Start importing Assets/Aztech Games/PC&ConsoleButtonsIcons/Keyboard_White/pageUp.png using Guid(1ec9bea9f4f3a6d48998df558cba6a22) Importer(2089858483,b0f066a214c2f5e87bad3c948f4d605d) (ScriptedImporter) -> (artifact id: '5d6df68d7247b04131c442cddb5db181') in 0.01948 seconds
Number of updated asset objects reloaded before import = 0Number of asset objects unloaded after import = 3

========================================================================
Received Import Request.
  Time since last request: 0.000017 seconds.
  path: Assets/Aztech Games/PC&ConsoleButtonsIcons/Keyboard_White/tilde.png
  artifactKey: Guid(ca6922a8469b4b048bd1ab5fdf75f8c4) Importer(2089858483,b0f066a214c2f5e87bad3c948f4d605d)
Start importing Assets/Aztech Games/PC&ConsoleButtonsIcons/Keyboard_White/tilde.png using Guid(ca6922a8469b4b048bd1ab5fdf75f8c4) Importer(2089858483,b0f066a214c2f5e87bad3c948f4d605d) (ScriptedImporter) -> (artifact id: '958cda4ebdc611ee5ebb269a07db4a98') in 0.0200643 seconds
Number of updated asset objects reloaded before import = 0Number of asset objects unloaded after import = 3

========================================================================
Received Import Request.
  Time since last request: 0.000019 seconds.
  path: Assets/Aztech Games/PC&ConsoleButtonsIcons/Keyboard_White/quit.png
  artifactKey: Guid(15db3a3397457c1499558f961863a31e) Importer(2089858483,b0f066a214c2f5e87bad3c948f4d605d)
Start importing Assets/Aztech Games/PC&ConsoleButtonsIcons/Keyboard_White/quit.png using Guid(15db3a3397457c1499558f961863a31e) Importer(2089858483,b0f066a214c2f5e87bad3c948f4d605d) (ScriptedImporter) -> (artifact id: 'e8e3d36040762443105d1e304a560014') in 0.0191571 seconds
Number of updated asset objects reloaded before import = 0Number of asset objects unloaded after import = 3

========================================================================
Received Import Request.
  Time since last request: 0.000020 seconds.
  path: Assets/Aztech Games/PC&ConsoleButtonsIcons/Keyboard_White/h.png
  artifactKey: Guid(f398db25059369a468ca12a01375b3b5) Importer(2089858483,b0f066a214c2f5e87bad3c948f4d605d)
Start importing Assets/Aztech Games/PC&ConsoleButtonsIcons/Keyboard_White/h.png using Guid(f398db25059369a468ca12a01375b3b5) Importer(2089858483,b0f066a214c2f5e87bad3c948f4d605d) (ScriptedImporter) -> (artifact id: '798ebd168559c98bacc46b0a62e8fc93') in 0.0238623 seconds
Number of updated asset objects reloaded before import = 0Number of asset objects unloaded after import = 3

========================================================================
Received Import Request.
  Time since last request: 0.000031 seconds.
  path: Assets/Aztech Games/PC&ConsoleButtonsIcons/Keyboard_White/i.png
  artifactKey: Guid(e439fbcf7ed0ca64aa2ebf9b28620a48) Importer(2089858483,b0f066a214c2f5e87bad3c948f4d605d)
Start importing Assets/Aztech Games/PC&ConsoleButtonsIcons/Keyboard_White/i.png using Guid(e439fbcf7ed0ca64aa2ebf9b28620a48) Importer(2089858483,b0f066a214c2f5e87bad3c948f4d605d) (ScriptedImporter) -> (artifact id: 'a7d402a455a4bc275f45ac7d19d62a14') in 0.0223632 seconds
Number of updated asset objects reloaded before import = 0Number of asset objects unloaded after import = 3

========================================================================
Received Import Request.
  Time since last request: 0.000024 seconds.
  path: Assets/Aztech Games/PC&ConsoleButtonsIcons/Keyboard_White/mouseLeftClick.png
  artifactKey: Guid(280a4ce806e2da944a4a3ad5423673f4) Importer(2089858483,b0f066a214c2f5e87bad3c948f4d605d)
Start importing Assets/Aztech Games/PC&ConsoleButtonsIcons/Keyboard_White/mouseLeftClick.png using Guid(280a4ce806e2da944a4a3ad5423673f4) Importer(2089858483,b0f066a214c2f5e87bad3c948f4d605d) (ScriptedImporter) -> (artifact id: '47b465cfdf280e0af82275dce54dd0f6') in 0.0207931 seconds
Number of updated asset objects reloaded before import = 0Number of asset objects unloaded after import = 3

========================================================================
Received Import Request.
  Time since last request: 0.000022 seconds.
  path: Assets/Aztech Games/PC&ConsoleButtonsIcons/Keyboard_White/s.png
  artifactKey: Guid(46cf24ab17dcb5b42ba70198d70c9fbc) Importer(2089858483,b0f066a214c2f5e87bad3c948f4d605d)
Start importing Assets/Aztech Games/PC&ConsoleButtonsIcons/Keyboard_White/s.png using Guid(46cf24ab17dcb5b42ba70198d70c9fbc) Importer(2089858483,b0f066a214c2f5e87bad3c948f4d605d) (ScriptedImporter) -> (artifact id: 'f137294125bc57b9d9afb507ffc9cd09') in 0.0196358 seconds
Number of updated asset objects reloaded before import = 0Number of asset objects unloaded after import = 3

========================================================================
Received Import Request.
  Time since last request: 0.000017 seconds.
  path: Assets/Aztech Games/PC&ConsoleButtonsIcons/Keyboard_White/semicolon.png
  artifactKey: Guid(e7ae620b497beb746910bc31207952c1) Importer(2089858483,b0f066a214c2f5e87bad3c948f4d605d)
Start importing Assets/Aztech Games/PC&ConsoleButtonsIcons/Keyboard_White/semicolon.png using Guid(e7ae620b497beb746910bc31207952c1) Importer(2089858483,b0f066a214c2f5e87bad3c948f4d605d) (ScriptedImporter) -> (artifact id: 'dd07b44a5be753b08b839a0ae363499c') in 0.0179112 seconds
Number of updated asset objects reloaded before import = 0Number of asset objects unloaded after import = 3

========================================================================
Received Import Request.
  Time since last request: 0.000025 seconds.
  path: Assets/Aztech Games/PC&ConsoleButtonsIcons/Keyboard_White/lessthan.png
  artifactKey: Guid(a0019b1723fda0a408c9f21b18f0ea7e) Importer(2089858483,b0f066a214c2f5e87bad3c948f4d605d)
Start importing Assets/Aztech Games/PC&ConsoleButtonsIcons/Keyboard_White/lessthan.png using Guid(a0019b1723fda0a408c9f21b18f0ea7e) Importer(2089858483,b0f066a214c2f5e87bad3c948f4d605d) (ScriptedImporter) -> (artifact id: '6e4237f2a99ac5be58b63d5d2095f0ba') in 0.0203975 seconds
Number of updated asset objects reloaded before import = 0Number of asset objects unloaded after import = 3

========================================================================
Received Import Request.
  Time since last request: 0.000015 seconds.
  path: Assets/Aztech Games/PC&ConsoleButtonsIcons/Keyboard_White/z.png
  artifactKey: Guid(59bee00cea5b50e4a9f336ec55360a52) Importer(2089858483,b0f066a214c2f5e87bad3c948f4d605d)
Start importing Assets/Aztech Games/PC&ConsoleButtonsIcons/Keyboard_White/z.png using Guid(59bee00cea5b50e4a9f336ec55360a52) Importer(2089858483,b0f066a214c2f5e87bad3c948f4d605d) (ScriptedImporter) -> (artifact id: 'ff88b352cc355a4d49030eab891f0ec9') in 0.0277367 seconds
Number of updated asset objects reloaded before import = 0Number of asset objects unloaded after import = 3

========================================================================
Received Import Request.
  Time since last request: 0.000020 seconds.
  path: Assets/Aztech Games/PC&ConsoleButtonsIcons/Ps5/Square.png
  artifactKey: Guid(4c7b6fb174ccc4b4bbaf7d6c697faae5) Importer(2089858483,b0f066a214c2f5e87bad3c948f4d605d)
Start importing Assets/Aztech Games/PC&ConsoleButtonsIcons/Ps5/Square.png using Guid(4c7b6fb174ccc4b4bbaf7d6c697faae5) Importer(2089858483,b0f066a214c2f5e87bad3c948f4d605d) (ScriptedImporter) -> (artifact id: 'a247c6b5e6104645e05cbe3ca1a5ac2c') in 0.0198075 seconds
Number of updated asset objects reloaded before import = 0Number of asset objects unloaded after import = 3

========================================================================
Received Import Request.
  Time since last request: 0.000039 seconds.
  path: Assets/Aztech Games/PC&ConsoleButtonsIcons/Ps5/UpDown.png
  artifactKey: Guid(f5f185052e1a999418c2e48d5d96f86f) Importer(2089858483,b0f066a214c2f5e87bad3c948f4d605d)
Start importing Assets/Aztech Games/PC&ConsoleButtonsIcons/Ps5/UpDown.png using Guid(f5f185052e1a999418c2e48d5d96f86f) Importer(2089858483,b0f066a214c2f5e87bad3c948f4d605d) (ScriptedImporter) -> (artifact id: 'c1a0754632c54c87ae784cf5aca10d3a') in 0.0219781 seconds
Number of updated asset objects reloaded before import = 0Number of asset objects unloaded after import = 3

========================================================================
Received Import Request.
  Time since last request: 0.000029 seconds.
  path: Assets/Aztech Games/PC&ConsoleButtonsIcons/Ps5/RightLeft.png
  artifactKey: Guid(a9bdffe981f9cec4aab226c21f35f4c2) Importer(2089858483,b0f066a214c2f5e87bad3c948f4d605d)
Start importing Assets/Aztech Games/PC&ConsoleButtonsIcons/Ps5/RightLeft.png using Guid(a9bdffe981f9cec4aab226c21f35f4c2) Importer(2089858483,b0f066a214c2f5e87bad3c948f4d605d) (ScriptedImporter) -> (artifact id: 'dbc3483628a2e38c9b9057c595aa65d2') in 0.0189474 seconds
Number of updated asset objects reloaded before import = 0Number of asset objects unloaded after import = 3

========================================================================
Received Import Request.
  Time since last request: 0.000020 seconds.
  path: Assets/Aztech Games/PC&ConsoleButtonsIcons/Ps5/Triangle.png
  artifactKey: Guid(df50c126ad254c54084f663223a891a7) Importer(2089858483,b0f066a214c2f5e87bad3c948f4d605d)
Start importing Assets/Aztech Games/PC&ConsoleButtonsIcons/Ps5/Triangle.png using Guid(df50c126ad254c54084f663223a891a7) Importer(2089858483,b0f066a214c2f5e87bad3c948f4d605d) (ScriptedImporter) -> (artifact id: '65842d55dcf47b468d15c432f7c8dfc7') in 0.019306 seconds
Number of updated asset objects reloaded before import = 0Number of asset objects unloaded after import = 3

========================================================================
Received Import Request.
  Time since last request: 0.000017 seconds.
  path: Assets/Aztech Games/PC&ConsoleButtonsIcons/Ps5/Down.png
  artifactKey: Guid(d0b97318f0861a245805854fbfe05307) Importer(2089858483,b0f066a214c2f5e87bad3c948f4d605d)
Start importing Assets/Aztech Games/PC&ConsoleButtonsIcons/Ps5/Down.png using Guid(d0b97318f0861a245805854fbfe05307) Importer(2089858483,b0f066a214c2f5e87bad3c948f4d605d) (ScriptedImporter) -> (artifact id: 'f9240ccf2e5573a0c64f2166e6e36560') in 0.0264636 seconds
Number of updated asset objects reloaded before import = 0Number of asset objects unloaded after import = 3

========================================================================
Received Import Request.
  Time since last request: 0.000041 seconds.
  path: Assets/Aztech Games/PC&ConsoleButtonsIcons/Mockups/keyboard.png
  artifactKey: Guid(7db46578c690fb84d9d6da123e7c2207) Importer(2089858483,b0f066a214c2f5e87bad3c948f4d605d)
Start importing Assets/Aztech Games/PC&ConsoleButtonsIcons/Mockups/keyboard.png using Guid(7db46578c690fb84d9d6da123e7c2207) Importer(2089858483,b0f066a214c2f5e87bad3c948f4d605d) (ScriptedImporter) -> (artifact id: '869cf18e8d29b550ac8121484acc37ad') in 0.0210694 seconds
Number of updated asset objects reloaded before import = 0Number of asset objects unloaded after import = 3

========================================================================
Received Import Request.
  Time since last request: 0.000035 seconds.
  path: Assets/Aztech Games/PC&ConsoleButtonsIcons/Ps5/R3.png
  artifactKey: Guid(dddfaf6158171084ba4b6de506352306) Importer(2089858483,b0f066a214c2f5e87bad3c948f4d605d)
Start importing Assets/Aztech Games/PC&ConsoleButtonsIcons/Ps5/R3.png using Guid(dddfaf6158171084ba4b6de506352306) Importer(2089858483,b0f066a214c2f5e87bad3c948f4d605d) (ScriptedImporter) -> (artifact id: '5348348650d802c373e1247e29319cb0') in 0.0203517 seconds
Number of updated asset objects reloaded before import = 0Number of asset objects unloaded after import = 3

========================================================================
Received Import Request.
  Time since last request: 0.000024 seconds.
  path: Assets/Aztech Games/PC&ConsoleButtonsIcons/Mockups/x_White.png
  artifactKey: Guid(9d72d2b52dc2452439a942b24d650745) Importer(2089858483,b0f066a214c2f5e87bad3c948f4d605d)
Start importing Assets/Aztech Games/PC&ConsoleButtonsIcons/Mockups/x_White.png using Guid(9d72d2b52dc2452439a942b24d650745) Importer(2089858483,b0f066a214c2f5e87bad3c948f4d605d) (ScriptedImporter) -> (artifact id: 'ccb06e197e555d90f2f080a3815d8fba') in 0.0193706 seconds
Number of updated asset objects reloaded before import = 0Number of asset objects unloaded after import = 3

========================================================================
Received Import Request.
  Time since last request: 0.000016 seconds.
  path: Assets/Aztech Games/PC&ConsoleButtonsIcons/Ps5/R1.png
  artifactKey: Guid(c38fb42252cb35f42add7a763094ca46) Importer(2089858483,b0f066a214c2f5e87bad3c948f4d605d)
Start importing Assets/Aztech Games/PC&ConsoleButtonsIcons/Ps5/R1.png using Guid(c38fb42252cb35f42add7a763094ca46) Importer(2089858483,b0f066a214c2f5e87bad3c948f4d605d) (ScriptedImporter) -> (artifact id: '5c7bd068b4f6e4702962f40cb199e897') in 0.0228226 seconds
Number of updated asset objects reloaded before import = 0Number of asset objects unloaded after import = 3

========================================================================
Received Import Request.
  Time since last request: 0.000030 seconds.
  path: Assets/Aztech Games/PC&ConsoleButtonsIcons/Mockups/x.png
  artifactKey: Guid(894884b45079bc64986289aa8375df47) Importer(2089858483,b0f066a214c2f5e87bad3c948f4d605d)
Start importing Assets/Aztech Games/PC&ConsoleButtonsIcons/Mockups/x.png using Guid(894884b45079bc64986289aa8375df47) Importer(2089858483,b0f066a214c2f5e87bad3c948f4d605d) (ScriptedImporter) -> (artifact id: 'a9ee399177c4297223df2bab7c0be4b0') in 0.0187062 seconds
Number of updated asset objects reloaded before import = 0Number of asset objects unloaded after import = 3

========================================================================
Received Import Request.
  Time since last request: 0.000077 seconds.
  path: Assets/Aztech Games/PC&ConsoleButtonsIcons/Keyboard_White/ı.png
  artifactKey: Guid(fd315cf46e721e347865547e8ffc15bc) Importer(2089858483,b0f066a214c2f5e87bad3c948f4d605d)
Start importing Assets/Aztech Games/PC&ConsoleButtonsIcons/Keyboard_White/ı.png using Guid(fd315cf46e721e347865547e8ffc15bc) Importer(2089858483,b0f066a214c2f5e87bad3c948f4d605d) (ScriptedImporter) -> (artifact id: '56a37ba89b65d6136714744f91d4cead') in 0.0165376 seconds
Number of updated asset objects reloaded before import = 0Number of asset objects unloaded after import = 3

========================================================================
Received Import Request.
  Time since last request: 0.000017 seconds.
  path: Assets/Aztech Games/PC&ConsoleButtonsIcons/Ps5_White/R2.png
  artifactKey: Guid(ee50df5432b7a184189da9bb8c94f59c) Importer(2089858483,b0f066a214c2f5e87bad3c948f4d605d)
Start importing Assets/Aztech Games/PC&ConsoleButtonsIcons/Ps5_White/R2.png using Guid(ee50df5432b7a184189da9bb8c94f59c) Importer(2089858483,b0f066a214c2f5e87bad3c948f4d605d) (ScriptedImporter) -> (artifact id: '5e5097feb1e21af198f2d42b1dc9a54a') in 0.0217207 seconds
Number of updated asset objects reloaded before import = 0Number of asset objects unloaded after import = 3

========================================================================
Received Import Request.
  Time since last request: 0.000021 seconds.
  path: Assets/Aztech Games/PC&ConsoleButtonsIcons/XConsole/R.png
  artifactKey: Guid(56ce80d8c24a78f4187d6849cd4b943d) Importer(2089858483,b0f066a214c2f5e87bad3c948f4d605d)
Start importing Assets/Aztech Games/PC&ConsoleButtonsIcons/XConsole/R.png using Guid(56ce80d8c24a78f4187d6849cd4b943d) Importer(2089858483,b0f066a214c2f5e87bad3c948f4d605d) (ScriptedImporter) -> (artifact id: 'cf4bdb969b998834b9656041ba81ae8b') in 0.0228517 seconds
Number of updated asset objects reloaded before import = 0Number of asset objects unloaded after import = 3

========================================================================
Received Import Request.
  Time since last request: 0.000019 seconds.
  path: Assets/Aztech Games/PC&ConsoleButtonsIcons/Ps5_White/Right.png
  artifactKey: Guid(53745dc51f09ea547be59c43bb6f18ea) Importer(2089858483,b0f066a214c2f5e87bad3c948f4d605d)
Start importing Assets/Aztech Games/PC&ConsoleButtonsIcons/Ps5_White/Right.png using Guid(53745dc51f09ea547be59c43bb6f18ea) Importer(2089858483,b0f066a214c2f5e87bad3c948f4d605d) (ScriptedImporter) -> (artifact id: 'c5cfabf1db60f181b55a47fdd1de0267') in 0.0191806 seconds
Number of updated asset objects reloaded before import = 0Number of asset objects unloaded after import = 3

========================================================================
Received Import Request.
  Time since last request: 0.000053 seconds.
  path: Assets/Aztech Games/PC&ConsoleButtonsIcons/Ps5_White/Cross.png
  artifactKey: Guid(97f9c39c0fa68454cbbc27361a340b51) Importer(2089858483,b0f066a214c2f5e87bad3c948f4d605d)
Start importing Assets/Aztech Games/PC&ConsoleButtonsIcons/Ps5_White/Cross.png using Guid(97f9c39c0fa68454cbbc27361a340b51) Importer(2089858483,b0f066a214c2f5e87bad3c948f4d605d) (ScriptedImporter) -> (artifact id: '24973e0543203648de018ee670c58ae9') in 0.0203714 seconds
Number of updated asset objects reloaded before import = 0Number of asset objects unloaded after import = 3

========================================================================
Received Import Request.
  Time since last request: 0.000023 seconds.
  path: Assets/Aztech Games/PC&ConsoleButtonsIcons/Ps5_White/Up.png
  artifactKey: Guid(230576a927222aa45be41b8e73ec6ea2) Importer(2089858483,b0f066a214c2f5e87bad3c948f4d605d)
Start importing Assets/Aztech Games/PC&ConsoleButtonsIcons/Ps5_White/Up.png using Guid(230576a927222aa45be41b8e73ec6ea2) Importer(2089858483,b0f066a214c2f5e87bad3c948f4d605d) (ScriptedImporter) -> (artifact id: 'c2e19d814313b1b62532804779134df4') in 0.0199314 seconds
Number of updated asset objects reloaded before import = 0Number of asset objects unloaded after import = 3

========================================================================
Received Import Request.
  Time since last request: 0.000022 seconds.
  path: Assets/Aztech Games/PC&ConsoleButtonsIcons/XConsole/LUp.png
  artifactKey: Guid(488d4b03455d48e48bc1d661e731f62f) Importer(2089858483,b0f066a214c2f5e87bad3c948f4d605d)
Start importing Assets/Aztech Games/PC&ConsoleButtonsIcons/XConsole/LUp.png using Guid(488d4b03455d48e48bc1d661e731f62f) Importer(2089858483,b0f066a214c2f5e87bad3c948f4d605d) (ScriptedImporter) -> (artifact id: 'e33cc667bc180bc75d5a7b4fdba124a8') in 0.0244925 seconds
Number of updated asset objects reloaded before import = 0Number of asset objects unloaded after import = 3

========================================================================
Received Import Request.
  Time since last request: 0.000024 seconds.
  path: Assets/Aztech Games/PC&ConsoleButtonsIcons/Ps5_White/Left.png
  artifactKey: Guid(a6d5088ebcc29f54984d275f03fa139c) Importer(2089858483,b0f066a214c2f5e87bad3c948f4d605d)
Start importing Assets/Aztech Games/PC&ConsoleButtonsIcons/Ps5_White/Left.png using Guid(a6d5088ebcc29f54984d275f03fa139c) Importer(2089858483,b0f066a214c2f5e87bad3c948f4d605d) (ScriptedImporter) -> (artifact id: 'bcb7a2624f0cb46573c23f192d44b6af') in 0.021145 seconds
Number of updated asset objects reloaded before import = 0Number of asset objects unloaded after import = 3

========================================================================
Received Import Request.
  Time since last request: 0.000031 seconds.
  path: Assets/Aztech Games/PC&ConsoleButtonsIcons/XConsole/Down.png
  artifactKey: Guid(1e24d6eab3b71924f95a3b82d6d92a70) Importer(2089858483,b0f066a214c2f5e87bad3c948f4d605d)
Start importing Assets/Aztech Games/PC&ConsoleButtonsIcons/XConsole/Down.png using Guid(1e24d6eab3b71924f95a3b82d6d92a70) Importer(2089858483,b0f066a214c2f5e87bad3c948f4d605d) (ScriptedImporter) -> (artifact id: '9b978a350cadc993176a26dcadefb269') in 0.0174679 seconds
Number of updated asset objects reloaded before import = 0Number of asset objects unloaded after import = 3

========================================================================
Received Import Request.
  Time since last request: 0.000026 seconds.
  path: Assets/Aztech Games/PC&ConsoleButtonsIcons/XConsole/colorA.png
  artifactKey: Guid(b64cf0efba808004bb6bcb8a9b4b3db2) Importer(2089858483,b0f066a214c2f5e87bad3c948f4d605d)
Start importing Assets/Aztech Games/PC&ConsoleButtonsIcons/XConsole/colorA.png using Guid(b64cf0efba808004bb6bcb8a9b4b3db2) Importer(2089858483,b0f066a214c2f5e87bad3c948f4d605d) (ScriptedImporter) -> (artifact id: '57aa5fb10eee7156cc4e4ac073399c42') in 0.0173803 seconds
Number of updated asset objects reloaded before import = 0Number of asset objects unloaded after import = 3

========================================================================
Received Import Request.
  Time since last request: 0.000037 seconds.
  path: Assets/Aztech Games/PC&ConsoleButtonsIcons/Ps5_White/RightLeft.png
  artifactKey: Guid(e337f6af0b4bacc4e85bbdd201f99071) Importer(2089858483,b0f066a214c2f5e87bad3c948f4d605d)
Start importing Assets/Aztech Games/PC&ConsoleButtonsIcons/Ps5_White/RightLeft.png using Guid(e337f6af0b4bacc4e85bbdd201f99071) Importer(2089858483,b0f066a214c2f5e87bad3c948f4d605d) (ScriptedImporter) -> (artifact id: '472c2591e566b8e0b4e94b34f12f9042') in 0.0199207 seconds
Number of updated asset objects reloaded before import = 0Number of asset objects unloaded after import = 3

========================================================================
Received Import Request.
  Time since last request: 0.000052 seconds.
  path: Assets/Aztech Games/PC&ConsoleButtonsIcons/XConsole/LPush.png
  artifactKey: Guid(39b7053d879baaf4e974502b526802de) Importer(2089858483,b0f066a214c2f5e87bad3c948f4d605d)
Start importing Assets/Aztech Games/PC&ConsoleButtonsIcons/XConsole/LPush.png using Guid(39b7053d879baaf4e974502b526802de) Importer(2089858483,b0f066a214c2f5e87bad3c948f4d605d) (ScriptedImporter) -> (artifact id: '5ebb5a5a59fa00652f001420a73d1599') in 0.0209714 seconds
Number of updated asset objects reloaded before import = 0Number of asset objects unloaded after import = 3

========================================================================
Received Import Request.
  Time since last request: 0.000034 seconds.
  path: Assets/Aztech Games/PC&ConsoleButtonsIcons/XConsole/Y.png
  artifactKey: Guid(ba230086bab5dbe4d90662a876c15cca) Importer(2089858483,b0f066a214c2f5e87bad3c948f4d605d)
Start importing Assets/Aztech Games/PC&ConsoleButtonsIcons/XConsole/Y.png using Guid(ba230086bab5dbe4d90662a876c15cca) Importer(2089858483,b0f066a214c2f5e87bad3c948f4d605d) (ScriptedImporter) -> (artifact id: '17ae62938682bab16c118d7a21906537') in 0.0238627 seconds
Number of updated asset objects reloaded before import = 0Number of asset objects unloaded after import = 3

========================================================================
Received Import Request.
  Time since last request: 0.000046 seconds.
  path: Assets/Aztech Games/PC&ConsoleButtonsIcons/XConsole_White/LRİght.png
  artifactKey: Guid(e965bc1ff8ecf2a45b4f05cda4a6af41) Importer(2089858483,b0f066a214c2f5e87bad3c948f4d605d)
Start importing Assets/Aztech Games/PC&ConsoleButtonsIcons/XConsole_White/LRİght.png using Guid(e965bc1ff8ecf2a45b4f05cda4a6af41) Importer(2089858483,b0f066a214c2f5e87bad3c948f4d605d) (ScriptedImporter) -> (artifact id: '994c53fdb50c438ab33f03c24ea649b6') in 0.0204267 seconds
Number of updated asset objects reloaded before import = 0Number of asset objects unloaded after import = 3

========================================================================
Received Import Request.
  Time since last request: 0.000034 seconds.
  path: Assets/Aztech Games/PC&ConsoleButtonsIcons/XConsole_White/LDown.png
  artifactKey: Guid(29b74ffaa5940ac4a8af941c88677e5a) Importer(2089858483,b0f066a214c2f5e87bad3c948f4d605d)
Start importing Assets/Aztech Games/PC&ConsoleButtonsIcons/XConsole_White/LDown.png using Guid(29b74ffaa5940ac4a8af941c88677e5a) Importer(2089858483,b0f066a214c2f5e87bad3c948f4d605d) (ScriptedImporter) -> (artifact id: '7209be6621e75cfb9f99f3a3a1677821') in 0.020185 seconds
Number of updated asset objects reloaded before import = 0Number of asset objects unloaded after import = 3

========================================================================
Received Import Request.
  Time since last request: 0.000025 seconds.
  path: Assets/Aztech Games/PC&ConsoleButtonsIcons/XConsole/RUp.png
  artifactKey: Guid(d7a90adec3299df46aa1bc349afba4d2) Importer(2089858483,b0f066a214c2f5e87bad3c948f4d605d)
Start importing Assets/Aztech Games/PC&ConsoleButtonsIcons/XConsole/RUp.png using Guid(d7a90adec3299df46aa1bc349afba4d2) Importer(2089858483,b0f066a214c2f5e87bad3c948f4d605d) (ScriptedImporter) -> (artifact id: 'bfebbef036fe608e57b3e992bc418cb2') in 0.0193794 seconds
Number of updated asset objects reloaded before import = 0Number of asset objects unloaded after import = 3

========================================================================
Received Import Request.
  Time since last request: 0.000044 seconds.
  path: Assets/Aztech Games/PC&ConsoleButtonsIcons/XConsole/RightLeft.png
  artifactKey: Guid(3f4af8bc9e4e3474498b457e8db2dd7b) Importer(2089858483,b0f066a214c2f5e87bad3c948f4d605d)
Start importing Assets/Aztech Games/PC&ConsoleButtonsIcons/XConsole/RightLeft.png using Guid(3f4af8bc9e4e3474498b457e8db2dd7b) Importer(2089858483,b0f066a214c2f5e87bad3c948f4d605d) (ScriptedImporter) -> (artifact id: '0abc46f2c2cf1708b4aacf5db3242bfe') in 0.0213184 seconds
Number of updated asset objects reloaded before import = 0Number of asset objects unloaded after import = 3

========================================================================
Received Import Request.
  Time since last request: 0.000038 seconds.
  path: Assets/Aztech Games/PC&ConsoleButtonsIcons/XConsole_White/B.png
  artifactKey: Guid(59b349dd83c4367478be54a8fd050ea0) Importer(2089858483,b0f066a214c2f5e87bad3c948f4d605d)
Start importing Assets/Aztech Games/PC&ConsoleButtonsIcons/XConsole_White/B.png using Guid(59b349dd83c4367478be54a8fd050ea0) Importer(2089858483,b0f066a214c2f5e87bad3c948f4d605d) (ScriptedImporter) -> (artifact id: '528a7f73fa494ea0686da78edf0454cd') in 0.0216021 seconds
Number of updated asset objects reloaded before import = 0Number of asset objects unloaded after import = 3

========================================================================
Received Import Request.
  Time since last request: 0.000019 seconds.
  path: Assets/Aztech Games/PC&ConsoleButtonsIcons/XConsole/Up.png
  artifactKey: Guid(750804e7401f77340acde030932c1620) Importer(2089858483,b0f066a214c2f5e87bad3c948f4d605d)
Start importing Assets/Aztech Games/PC&ConsoleButtonsIcons/XConsole/Up.png using Guid(750804e7401f77340acde030932c1620) Importer(2089858483,b0f066a214c2f5e87bad3c948f4d605d) (ScriptedImporter) -> (artifact id: '986b7807f7ab013606f1cbe1fd0cfe9e') in 0.0164064 seconds
Number of updated asset objects reloaded before import = 0Number of asset objects unloaded after import = 3

========================================================================
Received Import Request.
  Time since last request: 0.000035 seconds.
  path: Assets/Aztech Games/PC&ConsoleButtonsIcons/XConsole/RRight.png
  artifactKey: Guid(aef3c7fa6ea11544f9e2cd524f0aba33) Importer(2089858483,b0f066a214c2f5e87bad3c948f4d605d)
Start importing Assets/Aztech Games/PC&ConsoleButtonsIcons/XConsole/RRight.png using Guid(aef3c7fa6ea11544f9e2cd524f0aba33) Importer(2089858483,b0f066a214c2f5e87bad3c948f4d605d) (ScriptedImporter) -> (artifact id: '8a67418c75970099f8cfe5c89b9f9c92') in 0.0246431 seconds
Number of updated asset objects reloaded before import = 0Number of asset objects unloaded after import = 3

========================================================================
Received Import Request.
  Time since last request: 0.000036 seconds.
  path: Assets/Aztech Games/PC&ConsoleButtonsIcons/XConsole_White/RB.png
  artifactKey: Guid(9a88613d6ad85b146acd6c3bb0bd4ff6) Importer(2089858483,b0f066a214c2f5e87bad3c948f4d605d)
Start importing Assets/Aztech Games/PC&ConsoleButtonsIcons/XConsole_White/RB.png using Guid(9a88613d6ad85b146acd6c3bb0bd4ff6) Importer(2089858483,b0f066a214c2f5e87bad3c948f4d605d) (ScriptedImporter) -> (artifact id: '439f3707308d09bdd82e8dde7aabe2b2') in 0.0192849 seconds
Number of updated asset objects reloaded before import = 0Number of asset objects unloaded after import = 3

========================================================================
Received Import Request.
  Time since last request: 0.000047 seconds.
  path: Assets/Aztech Games/PC&ConsoleButtonsIcons/XConsole_White/A.png
  artifactKey: Guid(5bd7128a10b877b4f83f0b293f72e2a0) Importer(2089858483,b0f066a214c2f5e87bad3c948f4d605d)
Start importing Assets/Aztech Games/PC&ConsoleButtonsIcons/XConsole_White/A.png using Guid(5bd7128a10b877b4f83f0b293f72e2a0) Importer(2089858483,b0f066a214c2f5e87bad3c948f4d605d) (ScriptedImporter) -> (artifact id: '6305413c2ddd35ac14d5b05bec87c2cd') in 0.0204217 seconds
Number of updated asset objects reloaded before import = 0Number of asset objects unloaded after import = 3

========================================================================
Received Import Request.
  Time since last request: 0.000022 seconds.
  path: Assets/Aztech Games/PC&ConsoleButtonsIcons/XConsole_White/L.png
  artifactKey: Guid(2a28e30fe4a906e4e9cd4fc1f675d84e) Importer(2089858483,b0f066a214c2f5e87bad3c948f4d605d)
Start importing Assets/Aztech Games/PC&ConsoleButtonsIcons/XConsole_White/L.png using Guid(2a28e30fe4a906e4e9cd4fc1f675d84e) Importer(2089858483,b0f066a214c2f5e87bad3c948f4d605d) (ScriptedImporter) -> (artifact id: '6eb514962ec83ab3cdf0900c141f96a8') in 0.0162451 seconds
Number of updated asset objects reloaded before import = 0Number of asset objects unloaded after import = 3

========================================================================
Received Import Request.
  Time since last request: 0.000020 seconds.
  path: Assets/Aztech Games/PC&ConsoleButtonsIcons/XConsole_White/RRight.png
  artifactKey: Guid(0632f1b788c42c6498c413e27684f74b) Importer(2089858483,b0f066a214c2f5e87bad3c948f4d605d)
Start importing Assets/Aztech Games/PC&ConsoleButtonsIcons/XConsole_White/RRight.png using Guid(0632f1b788c42c6498c413e27684f74b) Importer(2089858483,b0f066a214c2f5e87bad3c948f4d605d) (ScriptedImporter) -> (artifact id: 'd30a82b5e9c105e04d773a5340605180') in 0.0187354 seconds
Number of updated asset objects reloaded before import = 0Number of asset objects unloaded after import = 3

========================================================================
Received Import Request.
  Time since last request: 0.000032 seconds.
  path: Assets/Cartoon UI/Buttons/Long Round/Long Round Red.png
  artifactKey: Guid(6e7cda24cdeb04d4fb3b6613a548b166) Importer(2089858483,b0f066a214c2f5e87bad3c948f4d605d)
Start importing Assets/Cartoon UI/Buttons/Long Round/Long Round Red.png using Guid(6e7cda24cdeb04d4fb3b6613a548b166) Importer(2089858483,b0f066a214c2f5e87bad3c948f4d605d) (ScriptedImporter) -> (artifact id: 'd7d8752a96c3538636b3dfdf36b2e5c0') in 0.0215113 seconds
Number of updated asset objects reloaded before import = 0Number of asset objects unloaded after import = 3

========================================================================
Received Import Request.
  Time since last request: 0.000016 seconds.
  path: Assets/Cartoon UI/Buttons/Long Round/Long Round Green.png
  artifactKey: Guid(8e86ae80ea19fd948b6d0a406edfc8cb) Importer(2089858483,b0f066a214c2f5e87bad3c948f4d605d)
Start importing Assets/Cartoon UI/Buttons/Long Round/Long Round Green.png using Guid(8e86ae80ea19fd948b6d0a406edfc8cb) Importer(2089858483,b0f066a214c2f5e87bad3c948f4d605d) (ScriptedImporter) -> (artifact id: 'cd3050fec1d8b8862b8bafd01f2199e2') in 0.0227538 seconds
Number of updated asset objects reloaded before import = 0Number of asset objects unloaded after import = 3

========================================================================
Received Import Request.
  Time since last request: 0.000016 seconds.
  path: Assets/Cartoon UI/Buttons/Long Square/Long Square Pink Purple.png
  artifactKey: Guid(82ba2010228788145905b8a9cba2c0f4) Importer(2089858483,b0f066a214c2f5e87bad3c948f4d605d)
Start importing Assets/Cartoon UI/Buttons/Long Square/Long Square Pink Purple.png using Guid(82ba2010228788145905b8a9cba2c0f4) Importer(2089858483,b0f066a214c2f5e87bad3c948f4d605d) (ScriptedImporter) -> (artifact id: 'a966deffee1d9c80e07093899c9eb0b3') in 0.0252461 seconds
Number of updated asset objects reloaded before import = 0Number of asset objects unloaded after import = 3

========================================================================
Received Import Request.
  Time since last request: 0.000022 seconds.
  path: Assets/Cartoon UI/Buttons/Long Square/Long Square Pink.png
  artifactKey: Guid(d8d136e6a4fde8b4c8dd48286a3a1635) Importer(2089858483,b0f066a214c2f5e87bad3c948f4d605d)
Start importing Assets/Cartoon UI/Buttons/Long Square/Long Square Pink.png using Guid(d8d136e6a4fde8b4c8dd48286a3a1635) Importer(2089858483,b0f066a214c2f5e87bad3c948f4d605d) (ScriptedImporter) -> (artifact id: '8886ad7194d1e64d76cd0bc84e733d4b') in 0.0203794 seconds
Number of updated asset objects reloaded before import = 0Number of asset objects unloaded after import = 3

========================================================================
Received Import Request.
  Time since last request: 0.000026 seconds.
  path: Assets/Aztech Games/PC&ConsoleButtonsIcons/XConsole_White/Up.png
  artifactKey: Guid(3f258b88604a54b4ca78f75aa09da5ca) Importer(2089858483,b0f066a214c2f5e87bad3c948f4d605d)
Start importing Assets/Aztech Games/PC&ConsoleButtonsIcons/XConsole_White/Up.png using Guid(3f258b88604a54b4ca78f75aa09da5ca) Importer(2089858483,b0f066a214c2f5e87bad3c948f4d605d) (ScriptedImporter) -> (artifact id: '678d534361d2fb859f69c1982d516ef0') in 0.0268574 seconds
Number of updated asset objects reloaded before import = 0Number of asset objects unloaded after import = 3

========================================================================
Received Import Request.
  Time since last request: 0.000017 seconds.
  path: Assets/Cartoon UI/Buttons/Round/Circle Blue.png
  artifactKey: Guid(e18b78ae43d0b804083c8eb41bfc677c) Importer(2089858483,b0f066a214c2f5e87bad3c948f4d605d)
Start importing Assets/Cartoon UI/Buttons/Round/Circle Blue.png using Guid(e18b78ae43d0b804083c8eb41bfc677c) Importer(2089858483,b0f066a214c2f5e87bad3c948f4d605d) (ScriptedImporter) -> (artifact id: '2d04f9681b452b7dd3638cffd1e24cf0') in 0.0212507 seconds
Number of updated asset objects reloaded before import = 0Number of asset objects unloaded after import = 3

========================================================================
Received Import Request.
  Time since last request: 0.000017 seconds.
  path: Assets/Cartoon UI/Buttons/Long Round/Long Round Purple.png
  artifactKey: Guid(0f7f945bf20572042af1ef7075dd57b8) Importer(2089858483,b0f066a214c2f5e87bad3c948f4d605d)
Start importing Assets/Cartoon UI/Buttons/Long Round/Long Round Purple.png using Guid(0f7f945bf20572042af1ef7075dd57b8) Importer(2089858483,b0f066a214c2f5e87bad3c948f4d605d) (ScriptedImporter) -> (artifact id: 'a042b902ed4f38259c942f674c6d80c4') in 0.0179369 seconds
Number of updated asset objects reloaded before import = 0Number of asset objects unloaded after import = 3

========================================================================
Received Import Request.
  Time since last request: 0.000018 seconds.
  path: Assets/Cartoon UI/Buttons/Long Square/Long Square Blue.png
  artifactKey: Guid(fbf7c75668bd24543b5886dc3a30203a) Importer(2089858483,b0f066a214c2f5e87bad3c948f4d605d)
Start importing Assets/Cartoon UI/Buttons/Long Square/Long Square Blue.png using Guid(fbf7c75668bd24543b5886dc3a30203a) Importer(2089858483,b0f066a214c2f5e87bad3c948f4d605d) (ScriptedImporter) -> (artifact id: '47d740843a0c9b4eef23798279332389') in 0.0187816 seconds
Number of updated asset objects reloaded before import = 0Number of asset objects unloaded after import = 3

========================================================================
Received Import Request.
  Time since last request: 0.000026 seconds.
  path: Assets/Cartoon UI/Buttons/Long Round/Long Round Skyblue.png
  artifactKey: Guid(a2275757f22f70947b119297b0d617f0) Importer(2089858483,b0f066a214c2f5e87bad3c948f4d605d)
Start importing Assets/Cartoon UI/Buttons/Long Round/Long Round Skyblue.png using Guid(a2275757f22f70947b119297b0d617f0) Importer(2089858483,b0f066a214c2f5e87bad3c948f4d605d) (ScriptedImporter) -> (artifact id: '19c07153736b7007886dfabcd5e2bd99') in 0.0173707 seconds
Number of updated asset objects reloaded before import = 0Number of asset objects unloaded after import = 3

========================================================================
Received Import Request.
  Time since last request: 0.000024 seconds.
  path: Assets/Cartoon UI/Buttons/Round/Circle Green.png
  artifactKey: Guid(a70120c7f55a8094f9ef9061ea7d8923) Importer(2089858483,b0f066a214c2f5e87bad3c948f4d605d)
Start importing Assets/Cartoon UI/Buttons/Round/Circle Green.png using Guid(a70120c7f55a8094f9ef9061ea7d8923) Importer(2089858483,b0f066a214c2f5e87bad3c948f4d605d) (ScriptedImporter) -> (artifact id: 'ef86da028756a433b6f85669c845743d') in 0.0265742 seconds
Number of updated asset objects reloaded before import = 0Number of asset objects unloaded after import = 3

========================================================================
Received Import Request.
  Time since last request: 0.000019 seconds.
  path: Assets/Cartoon UI/Buttons/Round/Circle Orange.png
  artifactKey: Guid(815b5cccd211d644ba402a087bbb9576) Importer(2089858483,b0f066a214c2f5e87bad3c948f4d605d)
Start importing Assets/Cartoon UI/Buttons/Round/Circle Orange.png using Guid(815b5cccd211d644ba402a087bbb9576) Importer(2089858483,b0f066a214c2f5e87bad3c948f4d605d) (ScriptedImporter) -> (artifact id: '64e6f5194b75926531b886bc26d12adb') in 0.0143691 seconds
Number of updated asset objects reloaded before import = 0Number of asset objects unloaded after import = 3

========================================================================
Received Import Request.
  Time since last request: 0.000026 seconds.
  path: Assets/Cartoon UI/Customizable/Sprites/Circle Front.png
  artifactKey: Guid(da09a7d6f7096d7429e49f73c756c23e) Importer(2089858483,b0f066a214c2f5e87bad3c948f4d605d)
Start importing Assets/Cartoon UI/Customizable/Sprites/Circle Front.png using Guid(da09a7d6f7096d7429e49f73c756c23e) Importer(2089858483,b0f066a214c2f5e87bad3c948f4d605d) (ScriptedImporter) -> (artifact id: 'f609036543a3135ab675d38e0009bdb9') in 0.0166482 seconds
Number of updated asset objects reloaded before import = 0Number of asset objects unloaded after import = 3

========================================================================
Received Import Request.
  Time since last request: 0.000034 seconds.
  path: Assets/Cartoon UI/Customizable/Sprites/Long Square Back.png
  artifactKey: Guid(0bfe1db5e842bf847b7a42950218b68f) Importer(2089858483,b0f066a214c2f5e87bad3c948f4d605d)
Start importing Assets/Cartoon UI/Customizable/Sprites/Long Square Back.png using Guid(0bfe1db5e842bf847b7a42950218b68f) Importer(2089858483,b0f066a214c2f5e87bad3c948f4d605d) (ScriptedImporter) -> (artifact id: 'c268ade26495a2ef3e82f80f00580c94') in 0.0184063 seconds
Number of updated asset objects reloaded before import = 0Number of asset objects unloaded after import = 3

========================================================================
Received Import Request.
  Time since last request: 0.000018 seconds.
  path: Assets/Cartoon UI/Customizable/Sprites/Panel Front.png
  artifactKey: Guid(aa1db6a12ef5a0b4eb230deb3e02fde9) Importer(2089858483,b0f066a214c2f5e87bad3c948f4d605d)
Start importing Assets/Cartoon UI/Customizable/Sprites/Panel Front.png using Guid(aa1db6a12ef5a0b4eb230deb3e02fde9) Importer(2089858483,b0f066a214c2f5e87bad3c948f4d605d) (ScriptedImporter) -> (artifact id: 'b17071e78d6944d0f712f00b6d81db9a') in 0.0290071 seconds
Number of updated asset objects reloaded before import = 0Number of asset objects unloaded after import = 3

========================================================================
Received Import Request.
  Time since last request: 0.000016 seconds.
  path: Assets/Cartoon UI/Customizable/Sprites/Handle Outer.png
  artifactKey: Guid(c692faa8cd035124690496c1e1f7042e) Importer(2089858483,b0f066a214c2f5e87bad3c948f4d605d)
Start importing Assets/Cartoon UI/Customizable/Sprites/Handle Outer.png using Guid(c692faa8cd035124690496c1e1f7042e) Importer(2089858483,b0f066a214c2f5e87bad3c948f4d605d) (ScriptedImporter) -> (artifact id: 'cdd6b73ef50926fea6b558255ee46912') in 0.014262 seconds
Number of updated asset objects reloaded before import = 0Number of asset objects unloaded after import = 3

========================================================================
Received Import Request.
  Time since last request: 0.000024 seconds.
  path: Assets/Cartoon UI/Buttons/Round/Circle Grey.png
  artifactKey: Guid(c6974e2b5e9922a4e8fe65b4e304d5ab) Importer(2089858483,b0f066a214c2f5e87bad3c948f4d605d)
Start importing Assets/Cartoon UI/Buttons/Round/Circle Grey.png using Guid(c6974e2b5e9922a4e8fe65b4e304d5ab) Importer(2089858483,b0f066a214c2f5e87bad3c948f4d605d) (ScriptedImporter) -> (artifact id: 'e9a0b5ff451e4f1ed89835f57c41758c') in 0.0177726 seconds
Number of updated asset objects reloaded before import = 0Number of asset objects unloaded after import = 3

========================================================================
Received Import Request.
  Time since last request: 0.000056 seconds.
  path: Assets/Cartoon UI/Buttons/Round Big/Circle Pink Purple.png
  artifactKey: Guid(f628af80d166d2049bce62874bae6d46) Importer(2089858483,b0f066a214c2f5e87bad3c948f4d605d)
Start importing Assets/Cartoon UI/Buttons/Round Big/Circle Pink Purple.png using Guid(f628af80d166d2049bce62874bae6d46) Importer(2089858483,b0f066a214c2f5e87bad3c948f4d605d) (ScriptedImporter) -> (artifact id: 'b40a19505f54a1fc1583ccd02dc2d875') in 0.0196487 seconds
Number of updated asset objects reloaded before import = 0Number of asset objects unloaded after import = 3

========================================================================
Received Import Request.
  Time since last request: 0.000022 seconds.
  path: Assets/Cartoon UI/Buttons/Round/Circle Skyblue.png
  artifactKey: Guid(37b29d4f15e98ca49bf07ed50308f3b5) Importer(2089858483,b0f066a214c2f5e87bad3c948f4d605d)
Start importing Assets/Cartoon UI/Buttons/Round/Circle Skyblue.png using Guid(37b29d4f15e98ca49bf07ed50308f3b5) Importer(2089858483,b0f066a214c2f5e87bad3c948f4d605d) (ScriptedImporter) -> (artifact id: 'c1495d62786921b62e4611ea84a0f744') in 0.0191258 seconds
Number of updated asset objects reloaded before import = 0Number of asset objects unloaded after import = 3

========================================================================
Received Import Request.
  Time since last request: 0.000041 seconds.
  path: Assets/Cartoon UI/Buttons/Round/Circle Purle.png
  artifactKey: Guid(6449aa22b6da8914b85752b24c52a282) Importer(2089858483,b0f066a214c2f5e87bad3c948f4d605d)
Start importing Assets/Cartoon UI/Buttons/Round/Circle Purle.png using Guid(6449aa22b6da8914b85752b24c52a282) Importer(2089858483,b0f066a214c2f5e87bad3c948f4d605d) (ScriptedImporter) -> (artifact id: 'c74b403ca9e35c33b98a8886d0461102') in 0.0154764 seconds
Number of updated asset objects reloaded before import = 0Number of asset objects unloaded after import = 3

========================================================================
Received Import Request.
  Time since last request: 0.000037 seconds.
  path: Assets/Cartoon UI/Buttons/Round Big/Circle Purple.png
  artifactKey: Guid(84618e6aaee68ca4e9245e5599d7ff93) Importer(2089858483,b0f066a214c2f5e87bad3c948f4d605d)
Start importing Assets/Cartoon UI/Buttons/Round Big/Circle Purple.png using Guid(84618e6aaee68ca4e9245e5599d7ff93) Importer(2089858483,b0f066a214c2f5e87bad3c948f4d605d) (ScriptedImporter) -> (artifact id: 'fab68879dc3091ce8e527dce00456adb') in 0.0242015 seconds
Number of updated asset objects reloaded before import = 0Number of asset objects unloaded after import = 3

========================================================================
Received Import Request.
  Time since last request: 0.000032 seconds.
  path: Assets/Cartoon UI/Prefabs/Toggles Dot/Toggle Dot Grey.prefab
  artifactKey: Guid(82fbe3cd159e3b2438291efeb4c21c21) Importer(2089858483,b0f066a214c2f5e87bad3c948f4d605d)
Start importing Assets/Cartoon UI/Prefabs/Toggles Dot/Toggle Dot Grey.prefab using Guid(82fbe3cd159e3b2438291efeb4c21c21) Importer(2089858483,b0f066a214c2f5e87bad3c948f4d605d) (ScriptedImporter) -> (artifact id: 'a8b27ab630fe0add10a6a4697fa4b317') in 0.0218432 seconds
Number of updated asset objects reloaded before import = 0Number of asset objects unloaded after import = 15

========================================================================
Received Import Request.
  Time since last request: 0.000029 seconds.
  path: Assets/Cartoon UI/Prefabs/Toggles CheckMark/Toggle CheckMark Skyblue.prefab
  artifactKey: Guid(df9a39732d68b78418a7f52db4a5bc41) Importer(2089858483,b0f066a214c2f5e87bad3c948f4d605d)
Start importing Assets/Cartoon UI/Prefabs/Toggles CheckMark/Toggle CheckMark Skyblue.prefab using Guid(df9a39732d68b78418a7f52db4a5bc41) Importer(2089858483,b0f066a214c2f5e87bad3c948f4d605d) (ScriptedImporter) -> (artifact id: '685bf106d87f2ff6439883cc07c0b10c') in 0.0218168 seconds
Number of updated asset objects reloaded before import = 0Number of asset objects unloaded after import = 15

========================================================================
Received Import Request.
  Time since last request: 0.000023 seconds.
  path: Assets/Cartoon UI/Prefabs/Toggles CheckMark/Toggle CheckMark Yellow.prefab
  artifactKey: Guid(7b793cdb5d6024945b12d6c60e767004) Importer(2089858483,b0f066a214c2f5e87bad3c948f4d605d)
Start importing Assets/Cartoon UI/Prefabs/Toggles CheckMark/Toggle CheckMark Yellow.prefab using Guid(7b793cdb5d6024945b12d6c60e767004) Importer(2089858483,b0f066a214c2f5e87bad3c948f4d605d) (ScriptedImporter) -> (artifact id: 'b51d349b7a75a7ff0212e4579d049b49') in 0.0289528 seconds
Number of updated asset objects reloaded before import = 0Number of asset objects unloaded after import = 15

========================================================================
Received Import Request.
  Time since last request: 0.000033 seconds.
  path: Assets/Cartoon UI/Prefabs/Sliders/Slider Blue.prefab
  artifactKey: Guid(77f4068a95fbf924a9cc60ef66111c9e) Importer(2089858483,b0f066a214c2f5e87bad3c948f4d605d)
Start importing Assets/Cartoon UI/Prefabs/Sliders/Slider Blue.prefab using Guid(77f4068a95fbf924a9cc60ef66111c9e) Importer(2089858483,b0f066a214c2f5e87bad3c948f4d605d) (ScriptedImporter) -> (artifact id: '7c6d3e159eac6c405bac9d4aa5f41956') in 0.0296737 seconds
Number of updated asset objects reloaded before import = 0Number of asset objects unloaded after import = 24

========================================================================
Received Import Request.
  Time since last request: 0.000078 seconds.
  path: Assets/Cartoon UI/Prefabs/Toggles CheckMark/Toggle CheckMark Pink Purple.prefab
  artifactKey: Guid(1ea61190fc03b184aa3bb7ead1c30bd4) Importer(2089858483,b0f066a214c2f5e87bad3c948f4d605d)
Start importing Assets/Cartoon UI/Prefabs/Toggles CheckMark/Toggle CheckMark Pink Purple.prefab using Guid(1ea61190fc03b184aa3bb7ead1c30bd4) Importer(2089858483,b0f066a214c2f5e87bad3c948f4d605d) (ScriptedImporter) -> (artifact id: 'b1c3fb0dd83e24581eb693894f38a669') in 0.0228924 seconds
Number of updated asset objects reloaded before import = 0Number of asset objects unloaded after import = 15

========================================================================
Received Import Request.
  Time since last request: 0.000051 seconds.
  path: Assets/Cartoon UI/Prefabs/Toggles Dot/Toggle Dot Green.prefab
  artifactKey: Guid(2fdbdafdf7e9c534a880434cadd03e89) Importer(2089858483,b0f066a214c2f5e87bad3c948f4d605d)
Start importing Assets/Cartoon UI/Prefabs/Toggles Dot/Toggle Dot Green.prefab using Guid(2fdbdafdf7e9c534a880434cadd03e89) Importer(2089858483,b0f066a214c2f5e87bad3c948f4d605d) (ScriptedImporter) -> (artifact id: 'ce41e55f583afd903aa5c42ed4d86f8c') in 0.0232865 seconds
Number of updated asset objects reloaded before import = 0Number of asset objects unloaded after import = 15

========================================================================
Received Import Request.
  Time since last request: 0.000040 seconds.
  path: Assets/Cartoon UI/Customizable/Sprites/Progress Bar Fill 1.png
  artifactKey: Guid(1a8bdf1589fb7a64e99a67dd803835a1) Importer(2089858483,b0f066a214c2f5e87bad3c948f4d605d)
Start importing Assets/Cartoon UI/Customizable/Sprites/Progress Bar Fill 1.png using Guid(1a8bdf1589fb7a64e99a67dd803835a1) Importer(2089858483,b0f066a214c2f5e87bad3c948f4d605d) (ScriptedImporter) -> (artifact id: 'c8612cede65ac4775212096be87a7e34') in 0.0243086 seconds
Number of updated asset objects reloaded before import = 0Number of asset objects unloaded after import = 3

========================================================================
Received Import Request.
  Time since last request: 0.000025 seconds.
  path: Assets/Cartoon UI/Prefabs/Sliders/Slider Red.prefab
  artifactKey: Guid(bb2f028903007cf468d245ae6c9716ed) Importer(2089858483,b0f066a214c2f5e87bad3c948f4d605d)
Start importing Assets/Cartoon UI/Prefabs/Sliders/Slider Red.prefab using Guid(bb2f028903007cf468d245ae6c9716ed) Importer(2089858483,b0f066a214c2f5e87bad3c948f4d605d) (ScriptedImporter) -> (artifact id: 'a46a66e57b90c618a120e7c0cd3511a2') in 0.0205876 seconds
Number of updated asset objects reloaded before import = 0Number of asset objects unloaded after import = 24

========================================================================
Received Import Request.
  Time since last request: 0.000034 seconds.
  path: Assets/Cartoon UI/Prefabs/Toggles CheckMark/Toggle CheckMark Green.prefab
  artifactKey: Guid(774ba78d17b3fac4b9c62f5495f6a65e) Importer(2089858483,b0f066a214c2f5e87bad3c948f4d605d)
Start importing Assets/Cartoon UI/Prefabs/Toggles CheckMark/Toggle CheckMark Green.prefab using Guid(774ba78d17b3fac4b9c62f5495f6a65e) Importer(2089858483,b0f066a214c2f5e87bad3c948f4d605d) (ScriptedImporter) -> (artifact id: 'a9d5d36443970ff5a2eee90ce99e0435') in 0.0216494 seconds
Number of updated asset objects reloaded before import = 0Number of asset objects unloaded after import = 15

========================================================================
Received Import Request.
  Time since last request: 0.000041 seconds.
  path: Assets/Cartoon UI/Progress Bar/Type 2/ProgressBar Fill Pink.png
  artifactKey: Guid(c9c7e69ffa8ad3a4ea537bbd632e7ed5) Importer(2089858483,b0f066a214c2f5e87bad3c948f4d605d)
Start importing Assets/Cartoon UI/Progress Bar/Type 2/ProgressBar Fill Pink.png using Guid(c9c7e69ffa8ad3a4ea537bbd632e7ed5) Importer(2089858483,b0f066a214c2f5e87bad3c948f4d605d) (ScriptedImporter) -> (artifact id: '59862cc4a8b35ac8eb6233d0b495669b') in 0.1576896 seconds
Number of updated asset objects reloaded before import = 0Number of asset objects unloaded after import = 3

========================================================================
Received Import Request.
  Time since last request: 0.000016 seconds.
  path: Assets/Cartoon UI/Progress Bar/Type 2/ProgressBar Fill Pink Purple.png
  artifactKey: Guid(ae53a15f1d7415d448c9ebdfd7cb2a04) Importer(2089858483,b0f066a214c2f5e87bad3c948f4d605d)
Start importing Assets/Cartoon UI/Progress Bar/Type 2/ProgressBar Fill Pink Purple.png using Guid(ae53a15f1d7415d448c9ebdfd7cb2a04) Importer(2089858483,b0f066a214c2f5e87bad3c948f4d605d) (ScriptedImporter) -> (artifact id: 'c9696ae48db7fb4538db061dabf5dae1') in 0.0148116 seconds
Number of updated asset objects reloaded before import = 0Number of asset objects unloaded after import = 3

========================================================================
Received Import Request.
  Time since last request: 0.000026 seconds.
  path: Assets/Cartoon UI/Progress Bar/Type 1/Progress Bar Fill Green.png
  artifactKey: Guid(ecdc06bf2954ac64a9447a76825dd902) Importer(2089858483,b0f066a214c2f5e87bad3c948f4d605d)
Start importing Assets/Cartoon UI/Progress Bar/Type 1/Progress Bar Fill Green.png using Guid(ecdc06bf2954ac64a9447a76825dd902) Importer(2089858483,b0f066a214c2f5e87bad3c948f4d605d) (ScriptedImporter) -> (artifact id: 'ff67446a6e9e38bae1a543c973f5109d') in 0.0182625 seconds
Number of updated asset objects reloaded before import = 0Number of asset objects unloaded after import = 3

========================================================================
Received Import Request.
  Time since last request: 0.000016 seconds.
  path: Assets/Cartoon UI/Progress Bar/Type 1/Progress Bar Fill Red.png
  artifactKey: Guid(f052a49b1f7e48040bea63df7207cb5c) Importer(2089858483,b0f066a214c2f5e87bad3c948f4d605d)
Start importing Assets/Cartoon UI/Progress Bar/Type 1/Progress Bar Fill Red.png using Guid(f052a49b1f7e48040bea63df7207cb5c) Importer(2089858483,b0f066a214c2f5e87bad3c948f4d605d) (ScriptedImporter) -> (artifact id: 'd87bd137aa37a9bd7a6ec8feb2ad8bd4') in 0.0152651 seconds
Number of updated asset objects reloaded before import = 0Number of asset objects unloaded after import = 3

========================================================================
Received Import Request.
  Time since last request: 0.000017 seconds.
  path: Assets/Cartoon UI/Progress Bar/Type 1/Progress Bar Fill Grey.png
  artifactKey: Guid(1171c77ddab3a09468becf9f854ad149) Importer(2089858483,b0f066a214c2f5e87bad3c948f4d605d)
Start importing Assets/Cartoon UI/Progress Bar/Type 1/Progress Bar Fill Grey.png using Guid(1171c77ddab3a09468becf9f854ad149) Importer(2089858483,b0f066a214c2f5e87bad3c948f4d605d) (ScriptedImporter) -> (artifact id: '23f701a8fb5a6867430cd328fdf2f984') in 0.0229914 seconds
Number of updated asset objects reloaded before import = 0Number of asset objects unloaded after import = 3

========================================================================
Received Import Request.
  Time since last request: 0.000023 seconds.
  path: Assets/Cartoon UI/Progress Bar/Type 2/ProgressBar Fill Yellow.png
  artifactKey: Guid(757f2d5b9bf9a994894b39f32a926185) Importer(2089858483,b0f066a214c2f5e87bad3c948f4d605d)
Start importing Assets/Cartoon UI/Progress Bar/Type 2/ProgressBar Fill Yellow.png using Guid(757f2d5b9bf9a994894b39f32a926185) Importer(2089858483,b0f066a214c2f5e87bad3c948f4d605d) (ScriptedImporter) -> (artifact id: '7937aae36f5f10e5af0bf41fe7b296e1') in 0.0165749 seconds
Number of updated asset objects reloaded before import = 0Number of asset objects unloaded after import = 3

========================================================================
Received Import Request.
  Time since last request: 0.000036 seconds.
  path: Assets/Cartoon UI/Progress Bar/Type 2/ProgressBar Fill Green.png
  artifactKey: Guid(d4f4418ebfe22ea42bb79679fd089e3a) Importer(2089858483,b0f066a214c2f5e87bad3c948f4d605d)
Start importing Assets/Cartoon UI/Progress Bar/Type 2/ProgressBar Fill Green.png using Guid(d4f4418ebfe22ea42bb79679fd089e3a) Importer(2089858483,b0f066a214c2f5e87bad3c948f4d605d) (ScriptedImporter) -> (artifact id: 'dd399c6ebc73bb8e56377ff9dc15091f') in 0.0143275 seconds
Number of updated asset objects reloaded before import = 0Number of asset objects unloaded after import = 3

========================================================================
Received Import Request.
  Time since last request: 0.000018 seconds.
  path: Assets/Cartoon UI/Progress Bar/Type 2/ProgressBar Fill Orange.png
  artifactKey: Guid(3f8d931e66809d348b30d336c0506250) Importer(2089858483,b0f066a214c2f5e87bad3c948f4d605d)
Start importing Assets/Cartoon UI/Progress Bar/Type 2/ProgressBar Fill Orange.png using Guid(3f8d931e66809d348b30d336c0506250) Importer(2089858483,b0f066a214c2f5e87bad3c948f4d605d) (ScriptedImporter) -> (artifact id: 'dc9dd0bb7e1e7ebd5191b5d7d9778ed4') in 0.0179276 seconds
Number of updated asset objects reloaded before import = 0Number of asset objects unloaded after import = 3

========================================================================
Received Import Request.
  Time since last request: 0.000020 seconds.
  path: Assets/TextMesh Pro/Resources/Fonts & Materials/LiberationSans SDF - Fallback.asset
  artifactKey: Guid(2e498d1c8094910479dc3e1b768306a4) Importer(2089858483,b0f066a214c2f5e87bad3c948f4d605d)
Start importing Assets/TextMesh Pro/Resources/Fonts & Materials/LiberationSans SDF - Fallback.asset using Guid(2e498d1c8094910479dc3e1b768306a4) Importer(2089858483,b0f066a214c2f5e87bad3c948f4d605d) (ScriptedImporter) -> (artifact id: '95e5801458691597bfb838a2f7df78e5') in 0.0367998 seconds
Number of updated asset objects reloaded before import = 0Number of asset objects unloaded after import = 5

========================================================================
Received Import Request.
  Time since last request: 0.000021 seconds.
  path: Assets/TextMesh Pro/Resources/Fonts & Materials/LiberationSans SDF - Outline.mat
  artifactKey: Guid(79459efec17a4d00a321bdcc27bbc385) Importer(2089858483,b0f066a214c2f5e87bad3c948f4d605d)
Start importing Assets/TextMesh Pro/Resources/Fonts & Materials/LiberationSans SDF - Outline.mat using Guid(79459efec17a4d00a321bdcc27bbc385) Importer(2089858483,b0f066a214c2f5e87bad3c948f4d605d) (ScriptedImporter) -> (artifact id: 'fd7280483c4c43f163e70a3bf298f9ca') in 0.031569 seconds
Number of updated asset objects reloaded before import = 0Number of asset objects unloaded after import = 2

========================================================================
Received Import Request.
  Time since last request: 0.000040 seconds.
  path: Assets/Cartoon UI/White Icons/UI Icons/Check.png
  artifactKey: Guid(2e3cf56ad99604c4187d7b2f2264bf67) Importer(2089858483,b0f066a214c2f5e87bad3c948f4d605d)
Start importing Assets/Cartoon UI/White Icons/UI Icons/Check.png using Guid(2e3cf56ad99604c4187d7b2f2264bf67) Importer(2089858483,b0f066a214c2f5e87bad3c948f4d605d) (ScriptedImporter) -> (artifact id: '80988bd49e11c94b144676ff8eb91bd4') in 0.0206441 seconds
Number of updated asset objects reloaded before import = 0Number of asset objects unloaded after import = 3

========================================================================
Received Import Request.
  Time since last request: 0.000029 seconds.
  path: Assets/Clouded Studio/2D Simple Nature Pack/Materials/ShaderGraph_Tree_Wind_Lit.mat
  artifactKey: Guid(b2bbfb8dcfa40fe4aa26bf7654417ed9) Importer(2089858483,b0f066a214c2f5e87bad3c948f4d605d)
Start importing Assets/Clouded Studio/2D Simple Nature Pack/Materials/ShaderGraph_Tree_Wind_Lit.mat using Guid(b2bbfb8dcfa40fe4aa26bf7654417ed9) Importer(2089858483,b0f066a214c2f5e87bad3c948f4d605d) (ScriptedImporter) -> (artifact id: '22d58cff3fb6b16158cef0bc268d6808') in 0.0185608 seconds
Number of updated asset objects reloaded before import = 0Number of asset objects unloaded after import = 2

========================================================================
Received Import Request.
  Time since last request: 0.000021 seconds.
  path: Assets/Clouded Studio/2D Simple Nature Pack/Materials/Material_Clouds_Unlit.mat
  artifactKey: Guid(3c0bb7a029ebba04da21cff1c22d5bd7) Importer(2089858483,b0f066a214c2f5e87bad3c948f4d605d)
Start importing Assets/Clouded Studio/2D Simple Nature Pack/Materials/Material_Clouds_Unlit.mat using Guid(3c0bb7a029ebba04da21cff1c22d5bd7) Importer(2089858483,b0f066a214c2f5e87bad3c948f4d605d) (ScriptedImporter) -> (artifact id: '6c613a31e0b12eb1c94193acd3087283') in 0.0219598 seconds
Number of updated asset objects reloaded before import = 0Number of asset objects unloaded after import = 3

========================================================================
Received Import Request.
  Time since last request: 0.000022 seconds.
  path: Assets/TextMesh Pro/Resources/Fonts & Materials/LiberationSans SDF - Drop Shadow.mat
  artifactKey: Guid(e73a58f6e2794ae7b1b7e50b7fb811b0) Importer(2089858483,b0f066a214c2f5e87bad3c948f4d605d)
Start importing Assets/TextMesh Pro/Resources/Fonts & Materials/LiberationSans SDF - Drop Shadow.mat using Guid(e73a58f6e2794ae7b1b7e50b7fb811b0) Importer(2089858483,b0f066a214c2f5e87bad3c948f4d605d) (ScriptedImporter) -> (artifact id: '2842544476a47e8571d47a7505038cab') in 0.027134 seconds
Number of updated asset objects reloaded before import = 0Number of asset objects unloaded after import = 2

========================================================================
Received Import Request.
  Time since last request: 0.000052 seconds.
  path: Assets/Clouded Studio/2D Simple Nature Pack/FX/FallingLeavesBack.prefab
  artifactKey: Guid(e32e07211f0c3ee4ea0f82b956a0e889) Importer(2089858483,b0f066a214c2f5e87bad3c948f4d605d)
Start importing Assets/Clouded Studio/2D Simple Nature Pack/FX/FallingLeavesBack.prefab using Guid(e32e07211f0c3ee4ea0f82b956a0e889) Importer(2089858483,b0f066a214c2f5e87bad3c948f4d605d) (ScriptedImporter) -> (artifact id: 'e164e648a1d13cfffba93ad9ae0702ce') in 0.1108864 seconds
Number of updated asset objects reloaded before import = 0Number of asset objects unloaded after import = 6

========================================================================
Received Import Request.
  Time since last request: 0.000022 seconds.
  path: Assets/Clouded Studio/2D Simple Nature Pack/Materials/Background_Unlit.mat
  artifactKey: Guid(0df7a4597a9cc374aa9a72d053f7c1a2) Importer(2089858483,b0f066a214c2f5e87bad3c948f4d605d)
Start importing Assets/Clouded Studio/2D Simple Nature Pack/Materials/Background_Unlit.mat using Guid(0df7a4597a9cc374aa9a72d053f7c1a2) Importer(2089858483,b0f066a214c2f5e87bad3c948f4d605d) (ScriptedImporter) -> (artifact id: 'a3778b7a569a7a9a331c54b4dc479f6a') in 0.0288373 seconds
Number of updated asset objects reloaded before import = 0Number of asset objects unloaded after import = 3

========================================================================
Received Import Request.
  Time since last request: 0.000024 seconds.
  path: Assets/Cartoon UI/Prefabs/Progress Bars/Type 2/ProgressBar 2 Green.prefab
  artifactKey: Guid(c4fc2eeed938eea4a964a6be297e4ea8) Importer(2089858483,b0f066a214c2f5e87bad3c948f4d605d)
Start importing Assets/Cartoon UI/Prefabs/Progress Bars/Type 2/ProgressBar 2 Green.prefab using Guid(c4fc2eeed938eea4a964a6be297e4ea8) Importer(2089858483,b0f066a214c2f5e87bad3c948f4d605d) (ScriptedImporter) -> (artifact id: '767960679682f40db5b695039b127cfc') in 0.0253814 seconds
Number of updated asset objects reloaded before import = 0Number of asset objects unloaded after import = 21

========================================================================
Received Import Request.
  Time since last request: 0.000033 seconds.
  path: Assets/Cartoon UI/Prefabs/Progress Bars/Type 1/ProgressBar Orange.prefab
  artifactKey: Guid(671f6e87ce7832846a442cdaf8b313f1) Importer(2089858483,b0f066a214c2f5e87bad3c948f4d605d)
Start importing Assets/Cartoon UI/Prefabs/Progress Bars/Type 1/ProgressBar Orange.prefab using Guid(671f6e87ce7832846a442cdaf8b313f1) Importer(2089858483,b0f066a214c2f5e87bad3c948f4d605d) (ScriptedImporter) -> (artifact id: '2d6d702525821bf1b5037635b81fcdc5') in 0.027405 seconds
Number of updated asset objects reloaded before import = 0Number of asset objects unloaded after import = 21

========================================================================
Received Import Request.
  Time since last request: 0.000016 seconds.
  path: Assets/Cartoon UI/Prefabs/Progress Bars/Type 2/ProgressBar 2 Skyblue.prefab
  artifactKey: Guid(11a77482dc7691245b408fd532bbdd2d) Importer(2089858483,b0f066a214c2f5e87bad3c948f4d605d)
Start importing Assets/Cartoon UI/Prefabs/Progress Bars/Type 2/ProgressBar 2 Skyblue.prefab using Guid(11a77482dc7691245b408fd532bbdd2d) Importer(2089858483,b0f066a214c2f5e87bad3c948f4d605d) (ScriptedImporter) -> (artifact id: 'eb55295bb0a71931d6115fe71e309707') in 0.030002 seconds
Number of updated asset objects reloaded before import = 0Number of asset objects unloaded after import = 21

========================================================================
Received Import Request.
  Time since last request: 0.000019 seconds.
  path: Assets/Cartoon UI/Prefabs/Progress Bars/Type 1/ProgressBar Grey.prefab
  artifactKey: Guid(c251525902555bf45a7274a790b1d69f) Importer(2089858483,b0f066a214c2f5e87bad3c948f4d605d)
Start importing Assets/Cartoon UI/Prefabs/Progress Bars/Type 1/ProgressBar Grey.prefab using Guid(c251525902555bf45a7274a790b1d69f) Importer(2089858483,b0f066a214c2f5e87bad3c948f4d605d) (ScriptedImporter) -> (artifact id: '42b6fd96d8b5efa6dc562b86bff280a8') in 0.0233672 seconds
Number of updated asset objects reloaded before import = 0Number of asset objects unloaded after import = 21

========================================================================
Received Import Request.
  Time since last request: 0.000024 seconds.
  path: Assets/Cartoon UI/Prefabs/Progress Bars/Type 1/ProgressBar Yellow.prefab
  artifactKey: Guid(c61d776448c73744e8a8b5d17ae2e925) Importer(2089858483,b0f066a214c2f5e87bad3c948f4d605d)
Start importing Assets/Cartoon UI/Prefabs/Progress Bars/Type 1/ProgressBar Yellow.prefab using Guid(c61d776448c73744e8a8b5d17ae2e925) Importer(2089858483,b0f066a214c2f5e87bad3c948f4d605d) (ScriptedImporter) -> (artifact id: '4f495a925991c59c37349fced9441e14') in 0.0294262 seconds
Number of updated asset objects reloaded before import = 0Number of asset objects unloaded after import = 21

========================================================================
Received Import Request.
  Time since last request: 0.000055 seconds.
  path: Assets/Cartoon UI/Prefabs/Progress Bars/Type 2/ProgressBar 2 Pink.prefab
  artifactKey: Guid(845cf2867d8b8af4296809c448c7a7f7) Importer(2089858483,b0f066a214c2f5e87bad3c948f4d605d)
Start importing Assets/Cartoon UI/Prefabs/Progress Bars/Type 2/ProgressBar 2 Pink.prefab using Guid(845cf2867d8b8af4296809c448c7a7f7) Importer(2089858483,b0f066a214c2f5e87bad3c948f4d605d) (ScriptedImporter) -> (artifact id: 'c108f11ec80b3b94555bbd9969891c50') in 0.0291366 seconds
Number of updated asset objects reloaded before import = 0Number of asset objects unloaded after import = 21

========================================================================
Received Import Request.
  Time since last request: 0.000020 seconds.
  path: Assets/Clouded Studio/2D Simple Nature Pack/Materials/Leafs.mat
  artifactKey: Guid(6f41ba84e8f17d442a6e753b12bad54a) Importer(2089858483,b0f066a214c2f5e87bad3c948f4d605d)
Start importing Assets/Clouded Studio/2D Simple Nature Pack/Materials/Leafs.mat using Guid(6f41ba84e8f17d442a6e753b12bad54a) Importer(2089858483,b0f066a214c2f5e87bad3c948f4d605d) (ScriptedImporter) -> (artifact id: '512ffb8e0015eb4a212f29a084496129') in 0.0301769 seconds
Number of updated asset objects reloaded before import = 0Number of asset objects unloaded after import = 3

========================================================================
Received Import Request.
  Time since last request: 0.000023 seconds.
  path: Assets/Cartoon UI/Prefabs/Progress Bars/Type 1/ProgressBar Skyblue.prefab
  artifactKey: Guid(6676a5d3f9648cc4abe0eef29cdbae8f) Importer(2089858483,b0f066a214c2f5e87bad3c948f4d605d)
Start importing Assets/Cartoon UI/Prefabs/Progress Bars/Type 1/ProgressBar Skyblue.prefab using Guid(6676a5d3f9648cc4abe0eef29cdbae8f) Importer(2089858483,b0f066a214c2f5e87bad3c948f4d605d) (ScriptedImporter) -> (artifact id: '4cfaff6b043b0688efb38e60dec5c225') in 0.0228221 seconds
Number of updated asset objects reloaded before import = 0Number of asset objects unloaded after import = 21

========================================================================
Received Import Request.
  Time since last request: 0.000023 seconds.
  path: Assets/Cartoon UI/White Icons/White Icons/UI Icons/Arrow Left.png
  artifactKey: Guid(ec611ea516930c044b563d84ba1750f6) Importer(2089858483,b0f066a214c2f5e87bad3c948f4d605d)
Start importing Assets/Cartoon UI/White Icons/White Icons/UI Icons/Arrow Left.png using Guid(ec611ea516930c044b563d84ba1750f6) Importer(2089858483,b0f066a214c2f5e87bad3c948f4d605d) (ScriptedImporter) -> (artifact id: 'bd7d68a72f3c338b60d318100df91880') in 0.0305946 seconds
Number of updated asset objects reloaded before import = 0Number of asset objects unloaded after import = 3

========================================================================
Received Import Request.
  Time since last request: 0.000041 seconds.
  path: Assets/Cartoon UI/White Icons/White Icons/UI Icons/Dollar.png
  artifactKey: Guid(551773d761264df47aa0288e9503ea67) Importer(2089858483,b0f066a214c2f5e87bad3c948f4d605d)
Start importing Assets/Cartoon UI/White Icons/White Icons/UI Icons/Dollar.png using Guid(551773d761264df47aa0288e9503ea67) Importer(2089858483,b0f066a214c2f5e87bad3c948f4d605d) (ScriptedImporter) -> (artifact id: 'ca47cc1e142035e7f7b89b1e92e238b9') in 0.0236905 seconds
Number of updated asset objects reloaded before import = 0Number of asset objects unloaded after import = 3

========================================================================
Received Import Request.
  Time since last request: 0.000027 seconds.
  path: Assets/Cartoon UI/White Icons/White Icons/UI Icons/Bell.png
  artifactKey: Guid(afb05417089d2d647b6834739f9dca5a) Importer(2089858483,b0f066a214c2f5e87bad3c948f4d605d)
Start importing Assets/Cartoon UI/White Icons/White Icons/UI Icons/Bell.png using Guid(afb05417089d2d647b6834739f9dca5a) Importer(2089858483,b0f066a214c2f5e87bad3c948f4d605d) (ScriptedImporter) -> (artifact id: 'ce4f426c9a0838c24ead5296eab12955') in 0.0194242 seconds
Number of updated asset objects reloaded before import = 0Number of asset objects unloaded after import = 3

========================================================================
Received Import Request.
  Time since last request: 0.000018 seconds.
  path: Assets/Cartoon UI/White Icons/White Icons/UI Icons/Key.png
  artifactKey: Guid(3226b3c49ceed10449e5f955e790b81b) Importer(2089858483,b0f066a214c2f5e87bad3c948f4d605d)
Start importing Assets/Cartoon UI/White Icons/White Icons/UI Icons/Key.png using Guid(3226b3c49ceed10449e5f955e790b81b) Importer(2089858483,b0f066a214c2f5e87bad3c948f4d605d) (ScriptedImporter) -> (artifact id: '41594a6ab3fa8b3edb2cbf1dd3c075bf') in 0.0197334 seconds
Number of updated asset objects reloaded before import = 0Number of asset objects unloaded after import = 3

========================================================================
Received Import Request.
  Time since last request: 0.000072 seconds.
  path: Assets/Cartoon UI/White Icons/White Icons/UI Icons/Arrow Right.png
  artifactKey: Guid(eff5a7a79ce2af446a110e8d44c17a8a) Importer(2089858483,b0f066a214c2f5e87bad3c948f4d605d)
Start importing Assets/Cartoon UI/White Icons/White Icons/UI Icons/Arrow Right.png using Guid(eff5a7a79ce2af446a110e8d44c17a8a) Importer(2089858483,b0f066a214c2f5e87bad3c948f4d605d) (ScriptedImporter) -> (artifact id: '3dc4e760ae846994eaa93fb1619004be') in 0.0157978 seconds
Number of updated asset objects reloaded before import = 0Number of asset objects unloaded after import = 3

========================================================================
Received Import Request.
  Time since last request: 0.001072 seconds.
  path: Assets/Cartoon UI/White Icons/White Icons/UI Icons/Bomb.png
  artifactKey: Guid(33aba9d34509d1a47801dac4828943a5) Importer(2089858483,b0f066a214c2f5e87bad3c948f4d605d)
Start importing Assets/Cartoon UI/White Icons/White Icons/UI Icons/Bomb.png using Guid(33aba9d34509d1a47801dac4828943a5) Importer(2089858483,b0f066a214c2f5e87bad3c948f4d605d) (ScriptedImporter) -> (artifact id: '812266d1188640f434aa4d5eb5a3f2d8') in 0.0145447 seconds
Number of updated asset objects reloaded before import = 0Number of asset objects unloaded after import = 3

========================================================================
Received Import Request.
  Time since last request: 0.000022 seconds.
  path: Assets/Cartoon UI/White Icons/White Icons/UI Icons/Left.png
  artifactKey: Guid(0fa573ec9981fce41863c4db37ba1973) Importer(2089858483,b0f066a214c2f5e87bad3c948f4d605d)
Start importing Assets/Cartoon UI/White Icons/White Icons/UI Icons/Left.png using Guid(0fa573ec9981fce41863c4db37ba1973) Importer(2089858483,b0f066a214c2f5e87bad3c948f4d605d) (ScriptedImporter) -> (artifact id: 'e309dcb888f22f29b943cdef0bf83ad1') in 0.0191247 seconds
Number of updated asset objects reloaded before import = 0Number of asset objects unloaded after import = 3

========================================================================
Received Import Request.
  Time since last request: 0.000055 seconds.
  path: Assets/Cartoon UI/Progress Bar/Type 2/ProgressBar Fill Skyblue.png
  artifactKey: Guid(86e33e99e18b4a24c84ec2b62d3a55fd) Importer(2089858483,b0f066a214c2f5e87bad3c948f4d605d)
Start importing Assets/Cartoon UI/Progress Bar/Type 2/ProgressBar Fill Skyblue.png using Guid(86e33e99e18b4a24c84ec2b62d3a55fd) Importer(2089858483,b0f066a214c2f5e87bad3c948f4d605d) (ScriptedImporter) -> (artifact id: '4dbd9dfa19a28194c726408cd4af3513') in 0.0156753 seconds
Number of updated asset objects reloaded before import = 0Number of asset objects unloaded after import = 3

========================================================================
Received Import Request.
  Time since last request: 0.000023 seconds.
  path: Assets/Cartoon UI/White Icons/White Icons/UI Icons/Power.png
  artifactKey: Guid(a7a29a498d4783d43902adc95e9bc0b8) Importer(2089858483,b0f066a214c2f5e87bad3c948f4d605d)
Start importing Assets/Cartoon UI/White Icons/White Icons/UI Icons/Power.png using Guid(a7a29a498d4783d43902adc95e9bc0b8) Importer(2089858483,b0f066a214c2f5e87bad3c948f4d605d) (ScriptedImporter) -> (artifact id: '6ba35a2235b926c4e6ce41b7775cb650') in 0.0171146 seconds
Number of updated asset objects reloaded before import = 0Number of asset objects unloaded after import = 3

========================================================================
Received Import Request.
  Time since last request: 0.000034 seconds.
  path: Assets/Cartoon UI/White Icons/White Icons/UI Icons/Settings.png
  artifactKey: Guid(ad593cda10124b44e8d29584ba48f08b) Importer(2089858483,b0f066a214c2f5e87bad3c948f4d605d)
Start importing Assets/Cartoon UI/White Icons/White Icons/UI Icons/Settings.png using Guid(ad593cda10124b44e8d29584ba48f08b) Importer(2089858483,b0f066a214c2f5e87bad3c948f4d605d) (ScriptedImporter) -> (artifact id: 'ba91a67559fac9ab3abe8368ade6df7c') in 0.0183545 seconds
Number of updated asset objects reloaded before import = 0Number of asset objects unloaded after import = 3

========================================================================
Received Import Request.
  Time since last request: 0.000026 seconds.
  path: Assets/Cartoon UI/White Icons/White Icons/UI Icons/Ribbon.png
  artifactKey: Guid(7f16e2502127e654283996ef91eed3c9) Importer(2089858483,b0f066a214c2f5e87bad3c948f4d605d)
Start importing Assets/Cartoon UI/White Icons/White Icons/UI Icons/Ribbon.png using Guid(7f16e2502127e654283996ef91eed3c9) Importer(2089858483,b0f066a214c2f5e87bad3c948f4d605d) (ScriptedImporter) -> (artifact id: '2f922e90444e26b3c07997a6a68ceca9') in 0.0185876 seconds
Number of updated asset objects reloaded before import = 0Number of asset objects unloaded after import = 3

========================================================================
Received Import Request.
  Time since last request: 0.000018 seconds.
  path: Assets/Cartoon UI/White Icons/White Icons/UI Icons/Right.png
  artifactKey: Guid(236557d9be157bb4a966b270ef909eda) Importer(2089858483,b0f066a214c2f5e87bad3c948f4d605d)
Start importing Assets/Cartoon UI/White Icons/White Icons/UI Icons/Right.png using Guid(236557d9be157bb4a966b270ef909eda) Importer(2089858483,b0f066a214c2f5e87bad3c948f4d605d) (ScriptedImporter) -> (artifact id: '16d6690feb6dd251bdabf570a264262b') in 0.0169505 seconds
Number of updated asset objects reloaded before import = 0Number of asset objects unloaded after import = 3

========================================================================
Received Import Request.
  Time since last request: 0.000029 seconds.
  path: Assets/Cartoon UI/White Icons/White Icons/UI Icons/Question.png
  artifactKey: Guid(1a285dc5d93afa346aca62b88a86bd9c) Importer(2089858483,b0f066a214c2f5e87bad3c948f4d605d)
Start importing Assets/Cartoon UI/White Icons/White Icons/UI Icons/Question.png using Guid(1a285dc5d93afa346aca62b88a86bd9c) Importer(2089858483,b0f066a214c2f5e87bad3c948f4d605d) (ScriptedImporter) -> (artifact id: '18e5514ae56a0997f627cb58fb14bd2d') in 0.0156169 seconds
Number of updated asset objects reloaded before import = 0Number of asset objects unloaded after import = 3

========================================================================
Received Import Request.
  Time since last request: 0.000062 seconds.
  path: Assets/Cartoon UI/White Icons/White Icons/UI Icons/Minus.png
  artifactKey: Guid(79e7ba47a2a242e4cb71635ba6a9ab09) Importer(2089858483,b0f066a214c2f5e87bad3c948f4d605d)
Start importing Assets/Cartoon UI/White Icons/White Icons/UI Icons/Minus.png using Guid(79e7ba47a2a242e4cb71635ba6a9ab09) Importer(2089858483,b0f066a214c2f5e87bad3c948f4d605d) (ScriptedImporter) -> (artifact id: 'fe0b2155868fbc303820424d9c142d2b') in 0.0175868 seconds
Number of updated asset objects reloaded before import = 0Number of asset objects unloaded after import = 3

========================================================================
Received Import Request.
  Time since last request: 0.000056 seconds.
  path: Assets/Cartoon UI/White Icons/White Icons/UI Icons/Unlock.png
  artifactKey: Guid(be567e57250d7954693a9b9cd33bbd18) Importer(2089858483,b0f066a214c2f5e87bad3c948f4d605d)
Start importing Assets/Cartoon UI/White Icons/White Icons/UI Icons/Unlock.png using Guid(be567e57250d7954693a9b9cd33bbd18) Importer(2089858483,b0f066a214c2f5e87bad3c948f4d605d) (ScriptedImporter) -> (artifact id: 'feb133a07005af4ba93bf07ca92a257b') in 0.0141613 seconds
Number of updated asset objects reloaded before import = 0Number of asset objects unloaded after import = 3

========================================================================
Received Import Request.
  Time since last request: 0.000025 seconds.
  path: Assets/Cartoon UI/White Icons/White Icons/UI Icons/Star.png
  artifactKey: Guid(8d961f1554b2da444a45a15725a7c92a) Importer(2089858483,b0f066a214c2f5e87bad3c948f4d605d)
Start importing Assets/Cartoon UI/White Icons/White Icons/UI Icons/Star.png using Guid(8d961f1554b2da444a45a15725a7c92a) Importer(2089858483,b0f066a214c2f5e87bad3c948f4d605d) (ScriptedImporter) -> (artifact id: 'b17ac7c00bd50d54e2152a1d6e69f979') in 0.0174163 seconds
Number of updated asset objects reloaded before import = 0Number of asset objects unloaded after import = 3

========================================================================
Received Import Request.
  Time since last request: 0.000074 seconds.
  path: Assets/Cartoon UI/White Icons/White Icons/UI Icons/Warning.png
  artifactKey: Guid(48f41f17450e68a4490b2be7c1f01dd1) Importer(2089858483,b0f066a214c2f5e87bad3c948f4d605d)
Start importing Assets/Cartoon UI/White Icons/White Icons/UI Icons/Warning.png using Guid(48f41f17450e68a4490b2be7c1f01dd1) Importer(2089858483,b0f066a214c2f5e87bad3c948f4d605d) (ScriptedImporter) -> (artifact id: '8ca298df8290d62141d5f765d6952511') in 0.0197328 seconds
Number of updated asset objects reloaded before import = 0Number of asset objects unloaded after import = 3

========================================================================
Received Import Request.
  Time since last request: 0.000052 seconds.
  path: Assets/Cartoon UI/White Icons/White Icons/White Icons 1/Arrow Up.png
  artifactKey: Guid(4b5e965ea3611424dbd5c8ab6043a1bf) Importer(2089858483,b0f066a214c2f5e87bad3c948f4d605d)
Start importing Assets/Cartoon UI/White Icons/White Icons/White Icons 1/Arrow Up.png using Guid(4b5e965ea3611424dbd5c8ab6043a1bf) Importer(2089858483,b0f066a214c2f5e87bad3c948f4d605d) (ScriptedImporter) -> (artifact id: 'bdd8e2ac4182609e47b3191ae8d8fddf') in 0.0157832 seconds
Number of updated asset objects reloaded before import = 0Number of asset objects unloaded after import = 3

========================================================================
Received Import Request.
  Time since last request: 0.000023 seconds.
  path: Assets/Cartoon UI/White Icons/White Icons/White Icons 1/Arrow Right 2.png
  artifactKey: Guid(99d63112396bde74fb83e3dddea918f9) Importer(2089858483,b0f066a214c2f5e87bad3c948f4d605d)
Start importing Assets/Cartoon UI/White Icons/White Icons/White Icons 1/Arrow Right 2.png using Guid(99d63112396bde74fb83e3dddea918f9) Importer(2089858483,b0f066a214c2f5e87bad3c948f4d605d) (ScriptedImporter) -> (artifact id: '7fe55283e77e05beac4bd038fd88ef00') in 0.0212808 seconds
Number of updated asset objects reloaded before import = 0Number of asset objects unloaded after import = 3

========================================================================
Received Import Request.
  Time since last request: 0.000044 seconds.
  path: Assets/Cartoon UI/White Icons/White Icons/UI Icons/Volume Off.png
  artifactKey: Guid(e72eee42cf5c1c34cad1c3b14582eb14) Importer(2089858483,b0f066a214c2f5e87bad3c948f4d605d)
Start importing Assets/Cartoon UI/White Icons/White Icons/UI Icons/Volume Off.png using Guid(e72eee42cf5c1c34cad1c3b14582eb14) Importer(2089858483,b0f066a214c2f5e87bad3c948f4d605d) (ScriptedImporter) -> (artifact id: '44f02c7857f86b910c064487615f5009') in 0.0230339 seconds
Number of updated asset objects reloaded before import = 0Number of asset objects unloaded after import = 3

========================================================================
Received Import Request.
  Time since last request: 0.000017 seconds.
  path: Assets/Cartoon UI/White Icons/White Icons/UI Icons/Volume On.png
  artifactKey: Guid(ef482ba870365004fbd0ee78604f1f61) Importer(2089858483,b0f066a214c2f5e87bad3c948f4d605d)
Start importing Assets/Cartoon UI/White Icons/White Icons/UI Icons/Volume On.png using Guid(ef482ba870365004fbd0ee78604f1f61) Importer(2089858483,b0f066a214c2f5e87bad3c948f4d605d) (ScriptedImporter) -> (artifact id: '4f217afbad45979152106992e7e7a767') in 0.023161 seconds
Number of updated asset objects reloaded before import = 0Number of asset objects unloaded after import = 3

========================================================================
Received Import Request.
  Time since last request: 0.000034 seconds.
  path: Assets/Cartoon UI/White Icons/White Icons/White Icons 1/Arrow Left.png
  artifactKey: Guid(979886f42f6b9b64aaaacbf05a1454b2) Importer(2089858483,b0f066a214c2f5e87bad3c948f4d605d)
Start importing Assets/Cartoon UI/White Icons/White Icons/White Icons 1/Arrow Left.png using Guid(979886f42f6b9b64aaaacbf05a1454b2) Importer(2089858483,b0f066a214c2f5e87bad3c948f4d605d) (ScriptedImporter) -> (artifact id: 'a12bcf4cc3592572bb7816a38b13bd39') in 0.025106 seconds
Number of updated asset objects reloaded before import = 0Number of asset objects unloaded after import = 3

========================================================================
Received Import Request.
  Time since last request: 0.000017 seconds.
  path: Assets/Cartoon UI/White Icons/White Icons/White Icons 1/Arrow Right.png
  artifactKey: Guid(8c6b0a478964b4d45900eb62c6ac6af6) Importer(2089858483,b0f066a214c2f5e87bad3c948f4d605d)
Start importing Assets/Cartoon UI/White Icons/White Icons/White Icons 1/Arrow Right.png using Guid(8c6b0a478964b4d45900eb62c6ac6af6) Importer(2089858483,b0f066a214c2f5e87bad3c948f4d605d) (ScriptedImporter) -> (artifact id: '0f38622445aa238d5bea3be4b7af5631') in 0.019703 seconds
Number of updated asset objects reloaded before import = 0Number of asset objects unloaded after import = 3

========================================================================
Received Import Request.
  Time since last request: 0.000018 seconds.
  path: Assets/Cartoon UI/White Icons/White Icons/UI Icons/Recycle.png
  artifactKey: Guid(6f782b5c32530824c9a51f7e18f792bc) Importer(2089858483,b0f066a214c2f5e87bad3c948f4d605d)
Start importing Assets/Cartoon UI/White Icons/White Icons/UI Icons/Recycle.png using Guid(6f782b5c32530824c9a51f7e18f792bc) Importer(2089858483,b0f066a214c2f5e87bad3c948f4d605d) (ScriptedImporter) -> (artifact id: '3bc6ee3578758283da311a7a04a6964e') in 0.019279 seconds
Number of updated asset objects reloaded before import = 0Number of asset objects unloaded after import = 3

========================================================================
Received Import Request.
  Time since last request: 0.000022 seconds.
  path: Assets/Cartoon UI/White Icons/White Icons/White Icons 1/Expand 2.png
  artifactKey: Guid(8efa7d976a67b3a4a99df9154c9ff462) Importer(2089858483,b0f066a214c2f5e87bad3c948f4d605d)
Start importing Assets/Cartoon UI/White Icons/White Icons/White Icons 1/Expand 2.png using Guid(8efa7d976a67b3a4a99df9154c9ff462) Importer(2089858483,b0f066a214c2f5e87bad3c948f4d605d) (ScriptedImporter) -> (artifact id: 'e25d73c3b3dde707ffb4bae196c4a50c') in 0.0155854 seconds
Number of updated asset objects reloaded before import = 0Number of asset objects unloaded after import = 3

========================================================================
Received Import Request.
  Time since last request: 0.000033 seconds.
  path: Assets/Cartoon UI/White Icons/White Icons/White Icons 1/Friends.png
  artifactKey: Guid(f34342dfa175e584c95e6d7752bbdc4a) Importer(2089858483,b0f066a214c2f5e87bad3c948f4d605d)
Start importing Assets/Cartoon UI/White Icons/White Icons/White Icons 1/Friends.png using Guid(f34342dfa175e584c95e6d7752bbdc4a) Importer(2089858483,b0f066a214c2f5e87bad3c948f4d605d) (ScriptedImporter) -> (artifact id: '0456cbb2416585ff271ed237135b1a5f') in 0.0188227 seconds
Number of updated asset objects reloaded before import = 0Number of asset objects unloaded after import = 3

========================================================================
Received Import Request.
  Time since last request: 0.000020 seconds.
  path: Assets/Cartoon UI/White Icons/White Icons/White Icons 1/Flag.png
  artifactKey: Guid(bbb08a2e6715fe1478591707f893b559) Importer(2089858483,b0f066a214c2f5e87bad3c948f4d605d)
Start importing Assets/Cartoon UI/White Icons/White Icons/White Icons 1/Flag.png using Guid(bbb08a2e6715fe1478591707f893b559) Importer(2089858483,b0f066a214c2f5e87bad3c948f4d605d) (ScriptedImporter) -> (artifact id: '17466e1fe8baa466c42e40e99292495f') in 0.0226474 seconds
Number of updated asset objects reloaded before import = 0Number of asset objects unloaded after import = 3

========================================================================
Received Import Request.
  Time since last request: 0.000020 seconds.
  path: Assets/Cartoon UI/White Icons/White Icons/White Icons 1/Exclamation Mark.png
  artifactKey: Guid(d62034c807954e14aa51f06c83e8be31) Importer(2089858483,b0f066a214c2f5e87bad3c948f4d605d)
Start importing Assets/Cartoon UI/White Icons/White Icons/White Icons 1/Exclamation Mark.png using Guid(d62034c807954e14aa51f06c83e8be31) Importer(2089858483,b0f066a214c2f5e87bad3c948f4d605d) (ScriptedImporter) -> (artifact id: '5cc463e9a79e0e93da2cd173c69ca1d0') in 0.0345208 seconds
Number of updated asset objects reloaded before import = 0Number of asset objects unloaded after import = 3

========================================================================
Received Import Request.
  Time since last request: 0.000023 seconds.
  path: Assets/Cartoon UI/White Icons/White Icons/White Icons 1/Compact Full.png
  artifactKey: Guid(783bf5d6bc4ea944f9441f31c4846a0b) Importer(2089858483,b0f066a214c2f5e87bad3c948f4d605d)
Start importing Assets/Cartoon UI/White Icons/White Icons/White Icons 1/Compact Full.png using Guid(783bf5d6bc4ea944f9441f31c4846a0b) Importer(2089858483,b0f066a214c2f5e87bad3c948f4d605d) (ScriptedImporter) -> (artifact id: '2ac08fae8dde09453cb564fcc2094432') in 0.0202198 seconds
Number of updated asset objects reloaded before import = 0Number of asset objects unloaded after import = 3

========================================================================
Received Import Request.
  Time since last request: 0.000031 seconds.
  path: Assets/Cartoon UI/White Icons/White Icons/White Icons 1/Cycle.png
  artifactKey: Guid(a588bd89fa72a87489a76d64f64f9ab7) Importer(2089858483,b0f066a214c2f5e87bad3c948f4d605d)
Start importing Assets/Cartoon UI/White Icons/White Icons/White Icons 1/Cycle.png using Guid(a588bd89fa72a87489a76d64f64f9ab7) Importer(2089858483,b0f066a214c2f5e87bad3c948f4d605d) (ScriptedImporter) -> (artifact id: '7313863ddc91ba9130fb03a53aa32fa9') in 0.0186663 seconds
Number of updated asset objects reloaded before import = 0Number of asset objects unloaded after import = 3

========================================================================
Received Import Request.
  Time since last request: 0.000032 seconds.
  path: Assets/Cartoon UI/White Icons/White Icons/White Icons 1/Fastforward.png
  artifactKey: Guid(1883fdf013639854593091cd4386a8ec) Importer(2089858483,b0f066a214c2f5e87bad3c948f4d605d)
Start importing Assets/Cartoon UI/White Icons/White Icons/White Icons 1/Fastforward.png using Guid(1883fdf013639854593091cd4386a8ec) Importer(2089858483,b0f066a214c2f5e87bad3c948f4d605d) (ScriptedImporter) -> (artifact id: '7a43650fba949bff1a3ef26365dcba0c') in 0.0216637 seconds
Number of updated asset objects reloaded before import = 0Number of asset objects unloaded after import = 3

========================================================================
Received Import Request.
  Time since last request: 0.000019 seconds.
  path: Assets/Cartoon UI/White Icons/White Icons/White Icons 1/Expand Full.png
  artifactKey: Guid(cf91964f22ee7864d8a39e21929da9f8) Importer(2089858483,b0f066a214c2f5e87bad3c948f4d605d)
Start importing Assets/Cartoon UI/White Icons/White Icons/White Icons 1/Expand Full.png using Guid(cf91964f22ee7864d8a39e21929da9f8) Importer(2089858483,b0f066a214c2f5e87bad3c948f4d605d) (ScriptedImporter) -> (artifact id: 'd3471bb9163bdcc5e66e2ebc700b565a') in 0.0240517 seconds
Number of updated asset objects reloaded before import = 0Number of asset objects unloaded after import = 3

========================================================================
Received Import Request.
  Time since last request: 0.000027 seconds.
  path: Assets/Cartoon UI/White Icons/White Icons/White Icons 1/Message.png
  artifactKey: Guid(f83af56f82aceae4eb41a213f3dfb170) Importer(2089858483,b0f066a214c2f5e87bad3c948f4d605d)
Start importing Assets/Cartoon UI/White Icons/White Icons/White Icons 1/Message.png using Guid(f83af56f82aceae4eb41a213f3dfb170) Importer(2089858483,b0f066a214c2f5e87bad3c948f4d605d) (ScriptedImporter) -> (artifact id: 'e445e08850f5b37b6eac2832b8f4965e') in 0.0163819 seconds
Number of updated asset objects reloaded before import = 0Number of asset objects unloaded after import = 3

========================================================================
Received Import Request.
  Time since last request: 0.000046 seconds.
  path: Assets/Cartoon UI/White Icons/White Icons/White Icons 1/Numer.png
  artifactKey: Guid(446b8021724714f4bb50b3e59fd42a06) Importer(2089858483,b0f066a214c2f5e87bad3c948f4d605d)
Start importing Assets/Cartoon UI/White Icons/White Icons/White Icons 1/Numer.png using Guid(446b8021724714f4bb50b3e59fd42a06) Importer(2089858483,b0f066a214c2f5e87bad3c948f4d605d) (ScriptedImporter) -> (artifact id: '5a2accfe8530d64416faafc057415e87') in 0.0201742 seconds
Number of updated asset objects reloaded before import = 0Number of asset objects unloaded after import = 3

========================================================================
Received Import Request.
  Time since last request: 0.000045 seconds.
  path: Assets/Cartoon UI/White Icons/White Icons/White Icons 1/Return left.png
  artifactKey: Guid(c78b55b6b5423cf4d9d254a8d7a34666) Importer(2089858483,b0f066a214c2f5e87bad3c948f4d605d)
Start importing Assets/Cartoon UI/White Icons/White Icons/White Icons 1/Return left.png using Guid(c78b55b6b5423cf4d9d254a8d7a34666) Importer(2089858483,b0f066a214c2f5e87bad3c948f4d605d) (ScriptedImporter) -> (artifact id: 'f647ad3eee0572b772a8e96bf4d99648') in 0.015628 seconds
Number of updated asset objects reloaded before import = 0Number of asset objects unloaded after import = 3

========================================================================
Received Import Request.
  Time since last request: 0.000017 seconds.
  path: Assets/Cartoon UI/White Icons/White Icons/White Icons 1/Rank.png
  artifactKey: Guid(38f2d1b1e8e378f4998a85fcbda1945b) Importer(2089858483,b0f066a214c2f5e87bad3c948f4d605d)
Start importing Assets/Cartoon UI/White Icons/White Icons/White Icons 1/Rank.png using Guid(38f2d1b1e8e378f4998a85fcbda1945b) Importer(2089858483,b0f066a214c2f5e87bad3c948f4d605d) (ScriptedImporter) -> (artifact id: 'e19f4f56e5a2a980a889023fee75d44e') in 0.0267703 seconds
Number of updated asset objects reloaded before import = 0Number of asset objects unloaded after import = 3

========================================================================
Received Import Request.
  Time since last request: 0.000020 seconds.
  path: Assets/Cartoon UI/White Icons/White Icons/White Icons 1/Magnify.png
  artifactKey: Guid(560c724ecbba47446b26c08b8f6b2d60) Importer(2089858483,b0f066a214c2f5e87bad3c948f4d605d)
Start importing Assets/Cartoon UI/White Icons/White Icons/White Icons 1/Magnify.png using Guid(560c724ecbba47446b26c08b8f6b2d60) Importer(2089858483,b0f066a214c2f5e87bad3c948f4d605d) (ScriptedImporter) -> (artifact id: '38a2208db3b52284dd33bbdb911d18e7') in 0.0237995 seconds
Number of updated asset objects reloaded before import = 0Number of asset objects unloaded after import = 3

========================================================================
Received Import Request.
  Time since last request: 0.000032 seconds.
  path: Assets/Cartoon UI/White Icons/White Icons/White Icons 1/Left.png
  artifactKey: Guid(e9d52f6b2e6fd824680cdd422c17a29c) Importer(2089858483,b0f066a214c2f5e87bad3c948f4d605d)
Start importing Assets/Cartoon UI/White Icons/White Icons/White Icons 1/Left.png using Guid(e9d52f6b2e6fd824680cdd422c17a29c) Importer(2089858483,b0f066a214c2f5e87bad3c948f4d605d) (ScriptedImporter) -> (artifact id: '9bb54fad32fbbdb9f1794bd165b0ac82') in 0.0221304 seconds
Number of updated asset objects reloaded before import = 0Number of asset objects unloaded after import = 3

========================================================================
Received Import Request.
  Time since last request: 0.000018 seconds.
  path: Assets/Cartoon UI/White Icons/White Icons/White Icons 1/Right 2.png
  artifactKey: Guid(6c0aa4c706d972d4585d146c9d7b7858) Importer(2089858483,b0f066a214c2f5e87bad3c948f4d605d)
Start importing Assets/Cartoon UI/White Icons/White Icons/White Icons 1/Right 2.png using Guid(6c0aa4c706d972d4585d146c9d7b7858) Importer(2089858483,b0f066a214c2f5e87bad3c948f4d605d) (ScriptedImporter) -> (artifact id: '9d55533901d49506a4d124cb77223cd3') in 0.0201283 seconds
Number of updated asset objects reloaded before import = 0Number of asset objects unloaded after import = 3

========================================================================
Received Import Request.
  Time since last request: 0.000016 seconds.
  path: Assets/Cartoon UI/White Icons/White Icons/White Icons 2/White Acorn.png
  artifactKey: Guid(36ebe68b338ff6641925ed6d306c2f9f) Importer(2089858483,b0f066a214c2f5e87bad3c948f4d605d)
Start importing Assets/Cartoon UI/White Icons/White Icons/White Icons 2/White Acorn.png using Guid(36ebe68b338ff6641925ed6d306c2f9f) Importer(2089858483,b0f066a214c2f5e87bad3c948f4d605d) (ScriptedImporter) -> (artifact id: '04c59eafa075d353a92de3edd1ec7a67') in 0.0182175 seconds
Number of updated asset objects reloaded before import = 0Number of asset objects unloaded after import = 3

========================================================================
Received Import Request.
  Time since last request: 0.000019 seconds.
  path: Assets/Cartoon UI/White Icons/White Icons/White Icons 1/Thumb Down.png
  artifactKey: Guid(2cc6c31a46f7349499476ba2efa8abd6) Importer(2089858483,b0f066a214c2f5e87bad3c948f4d605d)
Start importing Assets/Cartoon UI/White Icons/White Icons/White Icons 1/Thumb Down.png using Guid(2cc6c31a46f7349499476ba2efa8abd6) Importer(2089858483,b0f066a214c2f5e87bad3c948f4d605d) (ScriptedImporter) -> (artifact id: '6dee330895f6649e293be6dddd936b7c') in 0.019655 seconds
Number of updated asset objects reloaded before import = 0Number of asset objects unloaded after import = 3

========================================================================
Received Import Request.
  Time since last request: 0.000028 seconds.
  path: Assets/Cartoon UI/White Icons/White Icons/White Icons 2/White Alarm.png
  artifactKey: Guid(e8ad1a7835de65647a7310d33b5100c2) Importer(2089858483,b0f066a214c2f5e87bad3c948f4d605d)
Start importing Assets/Cartoon UI/White Icons/White Icons/White Icons 2/White Alarm.png using Guid(e8ad1a7835de65647a7310d33b5100c2) Importer(2089858483,b0f066a214c2f5e87bad3c948f4d605d) (ScriptedImporter) -> (artifact id: '1878ce66f92c339f080ef7e2c77b40d2') in 0.0233267 seconds
Number of updated asset objects reloaded before import = 0Number of asset objects unloaded after import = 3

========================================================================
Received Import Request.
  Time since last request: 0.000018 seconds.
  path: Assets/Cartoon UI/White Icons/White Icons/White Icons 2/White Alarm 2 off.png
  artifactKey: Guid(06d139d7fc9612f469835dd53c2c10fb) Importer(2089858483,b0f066a214c2f5e87bad3c948f4d605d)
Start importing Assets/Cartoon UI/White Icons/White Icons/White Icons 2/White Alarm 2 off.png using Guid(06d139d7fc9612f469835dd53c2c10fb) Importer(2089858483,b0f066a214c2f5e87bad3c948f4d605d) (ScriptedImporter) -> (artifact id: '210420805bfcd03c750189f640fd73e7') in 0.0193792 seconds
Number of updated asset objects reloaded before import = 0Number of asset objects unloaded after import = 3

========================================================================
Received Import Request.
  Time since last request: 0.000017 seconds.
  path: Assets/Cartoon UI/White Icons/White Icons/White Icons 1/Trophy.png
  artifactKey: Guid(fe4698300e43be744a9b46f99e1babfa) Importer(2089858483,b0f066a214c2f5e87bad3c948f4d605d)
Start importing Assets/Cartoon UI/White Icons/White Icons/White Icons 1/Trophy.png using Guid(fe4698300e43be744a9b46f99e1babfa) Importer(2089858483,b0f066a214c2f5e87bad3c948f4d605d) (ScriptedImporter) -> (artifact id: '65d023114c9b4dcd80af8a4ff5f2975d') in 0.0205758 seconds
Number of updated asset objects reloaded before import = 0Number of asset objects unloaded after import = 3

========================================================================
Received Import Request.
  Time since last request: 0.000020 seconds.
  path: Assets/Cartoon UI/White Icons/White Icons/White Icons 2/White AddFriend.png
  artifactKey: Guid(9a0764fbfd492fd4c81c2dbc1bce31a1) Importer(2089858483,b0f066a214c2f5e87bad3c948f4d605d)
Start importing Assets/Cartoon UI/White Icons/White Icons/White Icons 2/White AddFriend.png using Guid(9a0764fbfd492fd4c81c2dbc1bce31a1) Importer(2089858483,b0f066a214c2f5e87bad3c948f4d605d) (ScriptedImporter) -> (artifact id: 'a1078d2ce0dfbc054f6b290111efa297') in 0.0189325 seconds
Number of updated asset objects reloaded before import = 0Number of asset objects unloaded after import = 3

========================================================================
Received Import Request.
  Time since last request: 0.000031 seconds.
  path: Assets/Cartoon UI/White Icons/White Icons/White Icons 1/Return Right.png
  artifactKey: Guid(ce447c8842cb8ea4aa4c7c75ebd207a0) Importer(2089858483,b0f066a214c2f5e87bad3c948f4d605d)
Start importing Assets/Cartoon UI/White Icons/White Icons/White Icons 1/Return Right.png using Guid(ce447c8842cb8ea4aa4c7c75ebd207a0) Importer(2089858483,b0f066a214c2f5e87bad3c948f4d605d) (ScriptedImporter) -> (artifact id: '10b6595162dc8740ad01f15ffb2f5f8e') in 0.0170711 seconds
Number of updated asset objects reloaded before import = 0Number of asset objects unloaded after import = 3

========================================================================
Received Import Request.
  Time since last request: 0.000026 seconds.
  path: Assets/Cartoon UI/White Icons/White Icons/White Icons 2/White Anvil.png
  artifactKey: Guid(3d4f25cbee299f44bbfa95e520b6022f) Importer(2089858483,b0f066a214c2f5e87bad3c948f4d605d)
Start importing Assets/Cartoon UI/White Icons/White Icons/White Icons 2/White Anvil.png using Guid(3d4f25cbee299f44bbfa95e520b6022f) Importer(2089858483,b0f066a214c2f5e87bad3c948f4d605d) (ScriptedImporter) -> (artifact id: 'c7aed718cbcc90659ab78cba64cd0514') in 0.0162162 seconds
Number of updated asset objects reloaded before import = 0Number of asset objects unloaded after import = 3

========================================================================
Received Import Request.
  Time since last request: 0.000020 seconds.
  path: Assets/Cartoon UI/White Icons/White Icons/White Icons 2/White Armor.png
  artifactKey: Guid(70f3c6b5b38437d43883b7f3b8a7a9d7) Importer(2089858483,b0f066a214c2f5e87bad3c948f4d605d)
Start importing Assets/Cartoon UI/White Icons/White Icons/White Icons 2/White Armor.png using Guid(70f3c6b5b38437d43883b7f3b8a7a9d7) Importer(2089858483,b0f066a214c2f5e87bad3c948f4d605d) (ScriptedImporter) -> (artifact id: 'b05b8ab000f0c758d95d9b0b79c25e44') in 0.0179703 seconds
Number of updated asset objects reloaded before import = 0Number of asset objects unloaded after import = 3

========================================================================
Received Import Request.
  Time since last request: 0.000019 seconds.
  path: Assets/Cartoon UI/White Icons/White Icons/White Icons 2/White Battery Storage.png
  artifactKey: Guid(9b283cfdea18b6f459baece63abd40cc) Importer(2089858483,b0f066a214c2f5e87bad3c948f4d605d)
Start importing Assets/Cartoon UI/White Icons/White Icons/White Icons 2/White Battery Storage.png using Guid(9b283cfdea18b6f459baece63abd40cc) Importer(2089858483,b0f066a214c2f5e87bad3c948f4d605d) (ScriptedImporter) -> (artifact id: '76acd6fe2e396094074cd7db7dcc2783') in 0.0177845 seconds
Number of updated asset objects reloaded before import = 0Number of asset objects unloaded after import = 3

========================================================================
Received Import Request.
  Time since last request: 0.000036 seconds.
  path: Assets/Cartoon UI/White Icons/White Icons/White Icons 2/White Anchor.png
  artifactKey: Guid(e466d21ce2f328046abdbffa193e4958) Importer(2089858483,b0f066a214c2f5e87bad3c948f4d605d)
Start importing Assets/Cartoon UI/White Icons/White Icons/White Icons 2/White Anchor.png using Guid(e466d21ce2f328046abdbffa193e4958) Importer(2089858483,b0f066a214c2f5e87bad3c948f4d605d) (ScriptedImporter) -> (artifact id: '2e831bde85c23b1ec6a19e50220335e4') in 0.0175183 seconds
Number of updated asset objects reloaded before import = 0Number of asset objects unloaded after import = 3

========================================================================
Received Import Request.
  Time since last request: 0.000023 seconds.
  path: Assets/Cartoon UI/White Icons/White Icons/White Icons 2/White Arrow.png
  artifactKey: Guid(663b332e2f9288746b3562fb372fe9fc) Importer(2089858483,b0f066a214c2f5e87bad3c948f4d605d)
Start importing Assets/Cartoon UI/White Icons/White Icons/White Icons 2/White Arrow.png using Guid(663b332e2f9288746b3562fb372fe9fc) Importer(2089858483,b0f066a214c2f5e87bad3c948f4d605d) (ScriptedImporter) -> (artifact id: '284f6520b003bb549cc53c9257f17c3b') in 0.0220368 seconds
Number of updated asset objects reloaded before import = 0Number of asset objects unloaded after import = 3

========================================================================
Received Import Request.
  Time since last request: 0.000023 seconds.
  path: Assets/Cartoon UI/White Icons/White Icons/White Icons 2/White Axe 3.png
  artifactKey: Guid(10a9a6f5b52e3244b83cc7f332c85175) Importer(2089858483,b0f066a214c2f5e87bad3c948f4d605d)
Start importing Assets/Cartoon UI/White Icons/White Icons/White Icons 2/White Axe 3.png using Guid(10a9a6f5b52e3244b83cc7f332c85175) Importer(2089858483,b0f066a214c2f5e87bad3c948f4d605d) (ScriptedImporter) -> (artifact id: 'fcb2df4e82a3a9a7c1c08d874decd0dd') in 0.0185726 seconds
Number of updated asset objects reloaded before import = 0Number of asset objects unloaded after import = 3

========================================================================
Received Import Request.
  Time since last request: 0.000019 seconds.
  path: Assets/Cartoon UI/White Icons/White Icons/White Icons 2/White Bishop.png
  artifactKey: Guid(aa119866ac682694386aaede41e12f74) Importer(2089858483,b0f066a214c2f5e87bad3c948f4d605d)
Start importing Assets/Cartoon UI/White Icons/White Icons/White Icons 2/White Bishop.png using Guid(aa119866ac682694386aaede41e12f74) Importer(2089858483,b0f066a214c2f5e87bad3c948f4d605d) (ScriptedImporter) -> (artifact id: '8e5330f83b6f8a0d73de000c346bdfdd') in 0.0209193 seconds
Number of updated asset objects reloaded before import = 0Number of asset objects unloaded after import = 3

========================================================================
Received Import Request.
  Time since last request: 0.000030 seconds.
  path: Assets/Cartoon UI/White Icons/White Icons/White Icons 2/White Boxing Glove 1.png
  artifactKey: Guid(9294474ddce14184cb412d3c446aa259) Importer(2089858483,b0f066a214c2f5e87bad3c948f4d605d)
Start importing Assets/Cartoon UI/White Icons/White Icons/White Icons 2/White Boxing Glove 1.png using Guid(9294474ddce14184cb412d3c446aa259) Importer(2089858483,b0f066a214c2f5e87bad3c948f4d605d) (ScriptedImporter) -> (artifact id: '8cbd6ad5be052b00cc303aec9ffd09ca') in 0.0210821 seconds
Number of updated asset objects reloaded before import = 0Number of asset objects unloaded after import = 3

========================================================================
Received Import Request.
  Time since last request: 0.000017 seconds.
  path: Assets/Cartoon UI/White Icons/White Icons/White Icons 2/White Calendar 2.png
  artifactKey: Guid(252c229fe10b12341a74e69b5e6021f8) Importer(2089858483,b0f066a214c2f5e87bad3c948f4d605d)
Start importing Assets/Cartoon UI/White Icons/White Icons/White Icons 2/White Calendar 2.png using Guid(252c229fe10b12341a74e69b5e6021f8) Importer(2089858483,b0f066a214c2f5e87bad3c948f4d605d) (ScriptedImporter) -> (artifact id: '3714a4e19ecbce64de9c148b7ac3bb33') in 0.0170647 seconds
Number of updated asset objects reloaded before import = 0Number of asset objects unloaded after import = 3

========================================================================
Received Import Request.
  Time since last request: 0.000017 seconds.
  path: Assets/Cartoon UI/White Icons/White Icons/White Icons 2/White Calendar 1.png
  artifactKey: Guid(cbad10ea020b3354a8e9a80357c8d3df) Importer(2089858483,b0f066a214c2f5e87bad3c948f4d605d)
Start importing Assets/Cartoon UI/White Icons/White Icons/White Icons 2/White Calendar 1.png using Guid(cbad10ea020b3354a8e9a80357c8d3df) Importer(2089858483,b0f066a214c2f5e87bad3c948f4d605d) (ScriptedImporter) -> (artifact id: '3c06423dcb21a5745db4b50ddeb13385') in 0.018787 seconds
Number of updated asset objects reloaded before import = 0Number of asset objects unloaded after import = 3

========================================================================
Received Import Request.
  Time since last request: 0.000019 seconds.
  path: Assets/Cartoon UI/White Icons/White Icons/White Icons 2/White Books.png
  artifactKey: Guid(f0a1b0ff8c4a9c8439d2c683e893d4cf) Importer(2089858483,b0f066a214c2f5e87bad3c948f4d605d)
Start importing Assets/Cartoon UI/White Icons/White Icons/White Icons 2/White Books.png using Guid(f0a1b0ff8c4a9c8439d2c683e893d4cf) Importer(2089858483,b0f066a214c2f5e87bad3c948f4d605d) (ScriptedImporter) -> (artifact id: 'fe0139a99f849a29831dc5344d0a647c') in 0.0205025 seconds
Number of updated asset objects reloaded before import = 0Number of asset objects unloaded after import = 3

========================================================================
Received Import Request.
  Time since last request: 0.000029 seconds.
  path: Assets/Cartoon UI/White Icons/White Icons/White Icons 2/White Calculator.png
  artifactKey: Guid(06a3f69276f13204fb0301806074ebb7) Importer(2089858483,b0f066a214c2f5e87bad3c948f4d605d)
Start importing Assets/Cartoon UI/White Icons/White Icons/White Icons 2/White Calculator.png using Guid(06a3f69276f13204fb0301806074ebb7) Importer(2089858483,b0f066a214c2f5e87bad3c948f4d605d) (ScriptedImporter) -> (artifact id: 'af775769c3b8ea8fd7d63a31961a85d6') in 0.0180951 seconds
Number of updated asset objects reloaded before import = 0Number of asset objects unloaded after import = 3

========================================================================
Received Import Request.
  Time since last request: 0.000018 seconds.
  path: Assets/Cartoon UI/White Icons/White Icons/White Icons 2/White Bomb.png
  artifactKey: Guid(23eec5b35be8e5d4a803d6d24e5af925) Importer(2089858483,b0f066a214c2f5e87bad3c948f4d605d)
Start importing Assets/Cartoon UI/White Icons/White Icons/White Icons 2/White Bomb.png using Guid(23eec5b35be8e5d4a803d6d24e5af925) Importer(2089858483,b0f066a214c2f5e87bad3c948f4d605d) (ScriptedImporter) -> (artifact id: '2f86a5245dee508ccd2ec4a5ff097e6e') in 0.0202161 seconds
Number of updated asset objects reloaded before import = 0Number of asset objects unloaded after import = 3

========================================================================
Received Import Request.
  Time since last request: 0.000022 seconds.
  path: Assets/Cartoon UI/White Icons/White Icons/White Icons 2/White Blade 2.png
  artifactKey: Guid(224954e407c33ff4e94534f1073b4ff3) Importer(2089858483,b0f066a214c2f5e87bad3c948f4d605d)
Start importing Assets/Cartoon UI/White Icons/White Icons/White Icons 2/White Blade 2.png using Guid(224954e407c33ff4e94534f1073b4ff3) Importer(2089858483,b0f066a214c2f5e87bad3c948f4d605d) (ScriptedImporter) -> (artifact id: 'd407d9a0baf86f0e2a0380842253afaa') in 0.0227134 seconds
Number of updated asset objects reloaded before import = 0Number of asset objects unloaded after import = 3

========================================================================
Received Import Request.
  Time since last request: 0.000023 seconds.
  path: Assets/Cartoon UI/White Icons/White Icons/White Icons 2/White Close.png
  artifactKey: Guid(17b5fd7b462635947a93df388e807e1b) Importer(2089858483,b0f066a214c2f5e87bad3c948f4d605d)
Start importing Assets/Cartoon UI/White Icons/White Icons/White Icons 2/White Close.png using Guid(17b5fd7b462635947a93df388e807e1b) Importer(2089858483,b0f066a214c2f5e87bad3c948f4d605d) (ScriptedImporter) -> (artifact id: 'd9631a47d29901c09ca3cee57104dc60') in 0.0218904 seconds
Number of updated asset objects reloaded before import = 0Number of asset objects unloaded after import = 3

========================================================================
Received Import Request.
  Time since last request: 0.000029 seconds.
  path: Assets/Cartoon UI/White Icons/White Icons/White Icons 2/White Camera.png
  artifactKey: Guid(dbcc493e18ef3ef4ebc293aac3fe11c2) Importer(2089858483,b0f066a214c2f5e87bad3c948f4d605d)
Start importing Assets/Cartoon UI/White Icons/White Icons/White Icons 2/White Camera.png using Guid(dbcc493e18ef3ef4ebc293aac3fe11c2) Importer(2089858483,b0f066a214c2f5e87bad3c948f4d605d) (ScriptedImporter) -> (artifact id: '826b35e5971ae1f231e17c9c98ff75ae') in 0.0189609 seconds
Number of updated asset objects reloaded before import = 0Number of asset objects unloaded after import = 3

========================================================================
Received Import Request.
  Time since last request: 0.000023 seconds.
  path: Assets/Cartoon UI/White Icons/White Icons/White Icons 2/White Castle 1.png
  artifactKey: Guid(a1c4626df164abf48a8f6e8a95a765da) Importer(2089858483,b0f066a214c2f5e87bad3c948f4d605d)
Start importing Assets/Cartoon UI/White Icons/White Icons/White Icons 2/White Castle 1.png using Guid(a1c4626df164abf48a8f6e8a95a765da) Importer(2089858483,b0f066a214c2f5e87bad3c948f4d605d) (ScriptedImporter) -> (artifact id: '47b011c39b3d4c170c8d74ca797e0c29') in 0.0215665 seconds
Number of updated asset objects reloaded before import = 0Number of asset objects unloaded after import = 3

========================================================================
Received Import Request.
  Time since last request: 0.000016 seconds.
  path: Assets/Cartoon UI/White Icons/White Icons/White Icons 2/White Click.png
  artifactKey: Guid(a0759375471186a4fb32abf35e8aa91d) Importer(2089858483,b0f066a214c2f5e87bad3c948f4d605d)
Start importing Assets/Cartoon UI/White Icons/White Icons/White Icons 2/White Click.png using Guid(a0759375471186a4fb32abf35e8aa91d) Importer(2089858483,b0f066a214c2f5e87bad3c948f4d605d) (ScriptedImporter) -> (artifact id: 'af50d3d195fee5ec1cfcbe09b03753c2') in 0.0223851 seconds
Number of updated asset objects reloaded before import = 0Number of asset objects unloaded after import = 3

========================================================================
Received Import Request.
  Time since last request: 0.000028 seconds.
  path: Assets/Cartoon UI/White Icons/White Icons/White Icons 2/White Clip.png
  artifactKey: Guid(f4762b6ff41cc094ba86add5a6204063) Importer(2089858483,b0f066a214c2f5e87bad3c948f4d605d)
Start importing Assets/Cartoon UI/White Icons/White Icons/White Icons 2/White Clip.png using Guid(f4762b6ff41cc094ba86add5a6204063) Importer(2089858483,b0f066a214c2f5e87bad3c948f4d605d) (ScriptedImporter) -> (artifact id: '31c1baf51c2fe23508d23853e6219b3b') in 0.0186643 seconds
Number of updated asset objects reloaded before import = 0Number of asset objects unloaded after import = 3

========================================================================
Received Import Request.
  Time since last request: 0.000036 seconds.
  path: Assets/Cartoon UI/White Icons/White Icons/White Icons 2/White Calendar 3.png
  artifactKey: Guid(70b229459ec0c1b4ba675eb093b2cdd8) Importer(2089858483,b0f066a214c2f5e87bad3c948f4d605d)
Start importing Assets/Cartoon UI/White Icons/White Icons/White Icons 2/White Calendar 3.png using Guid(70b229459ec0c1b4ba675eb093b2cdd8) Importer(2089858483,b0f066a214c2f5e87bad3c948f4d605d) (ScriptedImporter) -> (artifact id: '6f82bea1da080106d1163cfcf197e5c2') in 0.0202 seconds
Number of updated asset objects reloaded before import = 0Number of asset objects unloaded after import = 3

========================================================================
Received Import Request.
  Time since last request: 0.000017 seconds.
  path: Assets/Cartoon UI/White Icons/White Icons/White Icons 2/White Device Vibration.png
  artifactKey: Guid(e49ef21eb2ca4cd4cb7b7ccaecd67db0) Importer(2089858483,b0f066a214c2f5e87bad3c948f4d605d)
Start importing Assets/Cartoon UI/White Icons/White Icons/White Icons 2/White Device Vibration.png using Guid(e49ef21eb2ca4cd4cb7b7ccaecd67db0) Importer(2089858483,b0f066a214c2f5e87bad3c948f4d605d) (ScriptedImporter) -> (artifact id: 'c61665af70adbd1c7a425d0239d7b6cf') in 0.0187147 seconds
Number of updated asset objects reloaded before import = 0Number of asset objects unloaded after import = 3

========================================================================
Received Import Request.
  Time since last request: 0.000021 seconds.
  path: Assets/Cartoon UI/White Icons/White Icons/White Icons 2/White Camera 2.png
  artifactKey: Guid(4e8ea99eef0b35045853494b6f589e6d) Importer(2089858483,b0f066a214c2f5e87bad3c948f4d605d)
Start importing Assets/Cartoon UI/White Icons/White Icons/White Icons 2/White Camera 2.png using Guid(4e8ea99eef0b35045853494b6f589e6d) Importer(2089858483,b0f066a214c2f5e87bad3c948f4d605d) (ScriptedImporter) -> (artifact id: 'ceac5680223c40881eb019b6284072a5') in 0.0222739 seconds
Number of updated asset objects reloaded before import = 0Number of asset objects unloaded after import = 3

========================================================================
Received Import Request.
  Time since last request: 0.000034 seconds.
  path: Assets/Cartoon UI/Prefabs/Progress Bars/Type 2/ProgressBar 2 Blue.prefab
  artifactKey: Guid(19d9ad6a5e2ac6147a8969d40914e650) Importer(2089858483,b0f066a214c2f5e87bad3c948f4d605d)
Start importing Assets/Cartoon UI/Prefabs/Progress Bars/Type 2/ProgressBar 2 Blue.prefab using Guid(19d9ad6a5e2ac6147a8969d40914e650) Importer(2089858483,b0f066a214c2f5e87bad3c948f4d605d) (ScriptedImporter) -> (artifact id: '3e9b4d1da4a4eeadd30b185d0911cc6d') in 0.0175062 seconds
Number of updated asset objects reloaded before import = 0Number of asset objects unloaded after import = 21

========================================================================
Received Import Request.
  Time since last request: 0.000073 seconds.
  path: Assets/Cartoon UI/White Icons/White Icons/UI Icons/Gem.png
  artifactKey: Guid(e6cfcf186e84d6349a9167060c19239a) Importer(2089858483,b0f066a214c2f5e87bad3c948f4d605d)
Start importing Assets/Cartoon UI/White Icons/White Icons/UI Icons/Gem.png using Guid(e6cfcf186e84d6349a9167060c19239a) Importer(2089858483,b0f066a214c2f5e87bad3c948f4d605d) (ScriptedImporter) -> (artifact id: '570e056f1c7e6172df983b70a0da103b') in 0.0194041 seconds
Number of updated asset objects reloaded before import = 0Number of asset objects unloaded after import = 3

========================================================================
Received Import Request.
  Time since last request: 0.000026 seconds.
  path: Assets/Cartoon UI/Prefabs/Toggles Dot/Toggle Dot Pink.prefab
  artifactKey: Guid(c258b39f485c86e468d7b5b358e0a74e) Importer(2089858483,b0f066a214c2f5e87bad3c948f4d605d)
Start importing Assets/Cartoon UI/Prefabs/Toggles Dot/Toggle Dot Pink.prefab using Guid(c258b39f485c86e468d7b5b358e0a74e) Importer(2089858483,b0f066a214c2f5e87bad3c948f4d605d) (ScriptedImporter) -> (artifact id: 'b6acd663ad4353a6eff5b1f982faf5fc') in 0.019175 seconds
Number of updated asset objects reloaded before import = 0Number of asset objects unloaded after import = 15

========================================================================
Received Import Request.
  Time since last request: 0.000026 seconds.
  path: Assets/Aztech Games/PC&ConsoleButtonsIcons/XConsole/colorB.png
  artifactKey: Guid(bd9000827a33ee04c9fd7ba95f00900e) Importer(2089858483,b0f066a214c2f5e87bad3c948f4d605d)
Start importing Assets/Aztech Games/PC&ConsoleButtonsIcons/XConsole/colorB.png using Guid(bd9000827a33ee04c9fd7ba95f00900e) Importer(2089858483,b0f066a214c2f5e87bad3c948f4d605d) (ScriptedImporter) -> (artifact id: '61da889bd5effc1851c9f0320e5b2d34') in 0.0229335 seconds
Number of updated asset objects reloaded before import = 0Number of asset objects unloaded after import = 3

========================================================================
Received Import Request.
  Time since last request: 0.000030 seconds.
  path: Assets/Cartoon UI/White Icons/White Icons/White Icons 2/White Down.png
  artifactKey: Guid(cfdbda97ba4c29440b216953dc08d11b) Importer(2089858483,b0f066a214c2f5e87bad3c948f4d605d)
Start importing Assets/Cartoon UI/White Icons/White Icons/White Icons 2/White Down.png using Guid(cfdbda97ba4c29440b216953dc08d11b) Importer(2089858483,b0f066a214c2f5e87bad3c948f4d605d) (ScriptedImporter) -> (artifact id: 'ef6fee13c6205535a75361ac84d2f3e1') in 0.0223139 seconds
Number of updated asset objects reloaded before import = 0Number of asset objects unloaded after import = 3

========================================================================
Received Import Request.
  Time since last request: 0.000074 seconds.
  path: Assets/Cartoon UI/White Icons/White Icons/White Icons 2/White DropDown.png
  artifactKey: Guid(f9a6f099c243aae4d99da6e3ada59e8e) Importer(2089858483,b0f066a214c2f5e87bad3c948f4d605d)
Start importing Assets/Cartoon UI/White Icons/White Icons/White Icons 2/White DropDown.png using Guid(f9a6f099c243aae4d99da6e3ada59e8e) Importer(2089858483,b0f066a214c2f5e87bad3c948f4d605d) (ScriptedImporter) -> (artifact id: '766be9568950cb2a378e9709c758eafc') in 0.0242662 seconds
Number of updated asset objects reloaded before import = 0Number of asset objects unloaded after import = 3

========================================================================
Received Import Request.
  Time since last request: 0.000021 seconds.
  path: Assets/Cartoon UI/White Icons/White Icons/White Icons 2/White Fan.png
  artifactKey: Guid(427379b63ab28ff4d8a5b5fd2317d7b0) Importer(2089858483,b0f066a214c2f5e87bad3c948f4d605d)
Start importing Assets/Cartoon UI/White Icons/White Icons/White Icons 2/White Fan.png using Guid(427379b63ab28ff4d8a5b5fd2317d7b0) Importer(2089858483,b0f066a214c2f5e87bad3c948f4d605d) (ScriptedImporter) -> (artifact id: '926e1446d2d96262a64b88c6d26c1a9e') in 0.0243145 seconds
Number of updated asset objects reloaded before import = 0Number of asset objects unloaded after import = 3

========================================================================
Received Import Request.
  Time since last request: 0.000029 seconds.
  path: Assets/Cartoon UI/White Icons/White Icons/White Icons 2/White Fish 1.png
  artifactKey: Guid(80da1076f5ab2a548b9bdf1f5fc16964) Importer(2089858483,b0f066a214c2f5e87bad3c948f4d605d)
Start importing Assets/Cartoon UI/White Icons/White Icons/White Icons 2/White Fish 1.png using Guid(80da1076f5ab2a548b9bdf1f5fc16964) Importer(2089858483,b0f066a214c2f5e87bad3c948f4d605d) (ScriptedImporter) -> (artifact id: '4472652dcc74d969f4462ba80f3e0c8b') in 0.0304244 seconds
Number of updated asset objects reloaded before import = 0Number of asset objects unloaded after import = 3

========================================================================
Received Import Request.
  Time since last request: 0.000023 seconds.
  path: Assets/Cartoon UI/White Icons/White Icons/White Icons 2/White Energy.png
  artifactKey: Guid(2df5e928a134135438f25933f8046ea8) Importer(2089858483,b0f066a214c2f5e87bad3c948f4d605d)
Start importing Assets/Cartoon UI/White Icons/White Icons/White Icons 2/White Energy.png using Guid(2df5e928a134135438f25933f8046ea8) Importer(2089858483,b0f066a214c2f5e87bad3c948f4d605d) (ScriptedImporter) -> (artifact id: '7e85104856f3371353727fb5f5247717') in 0.0603563 seconds
Number of updated asset objects reloaded before import = 0Number of asset objects unloaded after import = 3

========================================================================
Received Import Request.
  Time since last request: 0.000059 seconds.
  path: Assets/Cartoon UI/White Icons/White Icons/White Icons 2/White Globe.png
  artifactKey: Guid(25f33bcba58cd864a9eccfddbc5106b7) Importer(2089858483,b0f066a214c2f5e87bad3c948f4d605d)
Start importing Assets/Cartoon UI/White Icons/White Icons/White Icons 2/White Globe.png using Guid(25f33bcba58cd864a9eccfddbc5106b7) Importer(2089858483,b0f066a214c2f5e87bad3c948f4d605d) (ScriptedImporter) -> (artifact id: 'b94d5e69d21cf2448693db26add4250c') in 0.030312 seconds
Number of updated asset objects reloaded before import = 0Number of asset objects unloaded after import = 3

========================================================================
Received Import Request.
  Time since last request: 0.000024 seconds.
  path: Assets/Cartoon UI/White Icons/White Icons/White Icons 2/White Flow Sysmbol.png
  artifactKey: Guid(94e0adb7bed0b54498fa61a0e44e9168) Importer(2089858483,b0f066a214c2f5e87bad3c948f4d605d)
Start importing Assets/Cartoon UI/White Icons/White Icons/White Icons 2/White Flow Sysmbol.png using Guid(94e0adb7bed0b54498fa61a0e44e9168) Importer(2089858483,b0f066a214c2f5e87bad3c948f4d605d) (ScriptedImporter) -> (artifact id: 'f966ae76ef6dbca280e6f0c328e195d3') in 0.0259748 seconds
Number of updated asset objects reloaded before import = 0Number of asset objects unloaded after import = 3

========================================================================
Received Import Request.
  Time since last request: 0.000064 seconds.
  path: Assets/Cartoon UI/White Icons/White Icons/White Icons 2/White Gem 2.png
  artifactKey: Guid(695f98d8d424bb44184d4e542e4f676f) Importer(2089858483,b0f066a214c2f5e87bad3c948f4d605d)
Start importing Assets/Cartoon UI/White Icons/White Icons/White Icons 2/White Gem 2.png using Guid(695f98d8d424bb44184d4e542e4f676f) Importer(2089858483,b0f066a214c2f5e87bad3c948f4d605d) (ScriptedImporter) -> (artifact id: '916427c725c3e879366c704f9f312bd1') in 0.0737736 seconds
Number of updated asset objects reloaded before import = 0Number of asset objects unloaded after import = 3

========================================================================
Received Import Request.
  Time since last request: 0.000041 seconds.
  path: Assets/Cartoon UI/White Icons/White Icons/White Icons 2/White Gun 2.png
  artifactKey: Guid(d96372e1ec6c50a4bb61a61882358bbe) Importer(2089858483,b0f066a214c2f5e87bad3c948f4d605d)
Start importing Assets/Cartoon UI/White Icons/White Icons/White Icons 2/White Gun 2.png using Guid(d96372e1ec6c50a4bb61a61882358bbe) Importer(2089858483,b0f066a214c2f5e87bad3c948f4d605d) (ScriptedImporter) -> (artifact id: '286c2c574d47218c4548889874a43193') in 0.0254299 seconds
Number of updated asset objects reloaded before import = 0Number of asset objects unloaded after import = 3

========================================================================
Received Import Request.
  Time since last request: 0.000033 seconds.
  path: Assets/Cartoon UI/White Icons/White Icons/White Icons 2/White Grenade.png
  artifactKey: Guid(f68396a9b6209944d9ed8ba60394ef81) Importer(2089858483,b0f066a214c2f5e87bad3c948f4d605d)
Start importing Assets/Cartoon UI/White Icons/White Icons/White Icons 2/White Grenade.png using Guid(f68396a9b6209944d9ed8ba60394ef81) Importer(2089858483,b0f066a214c2f5e87bad3c948f4d605d) (ScriptedImporter) -> (artifact id: 'bb446f8350134ccbc44df727c401fabf') in 0.0247833 seconds
Number of updated asset objects reloaded before import = 0Number of asset objects unloaded after import = 3

========================================================================
Received Import Request.
  Time since last request: 0.000046 seconds.
  path: Assets/Cartoon UI/White Icons/White Icons/White Icons 2/White Graduation Cap.png
  artifactKey: Guid(c4cd56e7d08fb83448dfabaab6aae31c) Importer(2089858483,b0f066a214c2f5e87bad3c948f4d605d)
Start importing Assets/Cartoon UI/White Icons/White Icons/White Icons 2/White Graduation Cap.png using Guid(c4cd56e7d08fb83448dfabaab6aae31c) Importer(2089858483,b0f066a214c2f5e87bad3c948f4d605d) (ScriptedImporter) -> (artifact id: 'd9e87f79bdffaa9595ad79bd6853d36d') in 0.0300313 seconds
Number of updated asset objects reloaded before import = 0Number of asset objects unloaded after import = 3

========================================================================
Received Import Request.
  Time since last request: 0.000034 seconds.
  path: Assets/Cartoon UI/White Icons/White Icons/White Icons 2/White Heart Arrow.png
  artifactKey: Guid(bd8169d1b0534734b8ea86b0f2a14af7) Importer(2089858483,b0f066a214c2f5e87bad3c948f4d605d)
Start importing Assets/Cartoon UI/White Icons/White Icons/White Icons 2/White Heart Arrow.png using Guid(bd8169d1b0534734b8ea86b0f2a14af7) Importer(2089858483,b0f066a214c2f5e87bad3c948f4d605d) (ScriptedImporter) -> (artifact id: '867e9f334f8aab529240959eccffbdd5') in 0.0196183 seconds
Number of updated asset objects reloaded before import = 0Number of asset objects unloaded after import = 3

========================================================================
Received Import Request.
  Time since last request: 0.000028 seconds.
  path: Assets/Cartoon UI/White Icons/White Icons/White Icons 2/White Gun.png
  artifactKey: Guid(006ff4502ca8ef64682e03da976e22d8) Importer(2089858483,b0f066a214c2f5e87bad3c948f4d605d)
Start importing Assets/Cartoon UI/White Icons/White Icons/White Icons 2/White Gun.png using Guid(006ff4502ca8ef64682e03da976e22d8) Importer(2089858483,b0f066a214c2f5e87bad3c948f4d605d) (ScriptedImporter) -> (artifact id: '65f3b019827ee62022a8b14fc1ffceb0') in 0.0226572 seconds
Number of updated asset objects reloaded before import = 0Number of asset objects unloaded after import = 3

========================================================================
Received Import Request.
  Time since last request: 0.000045 seconds.
  path: Assets/Cartoon UI/White Icons/White Icons/White Icons 2/White Cross Arows.png
  artifactKey: Guid(bfdfa4138c762314298e37860c683007) Importer(2089858483,b0f066a214c2f5e87bad3c948f4d605d)
Start importing Assets/Cartoon UI/White Icons/White Icons/White Icons 2/White Cross Arows.png using Guid(bfdfa4138c762314298e37860c683007) Importer(2089858483,b0f066a214c2f5e87bad3c948f4d605d) (ScriptedImporter) -> (artifact id: '33a0f4c1ba1aa2c9453d93e2b8f29401') in 0.0241941 seconds
Number of updated asset objects reloaded before import = 0Number of asset objects unloaded after import = 3

========================================================================
Received Import Request.
  Time since last request: 0.000071 seconds.
  path: Assets/Cartoon UI/White Icons/White Icons/White Icons 2/White FastFordward.png
  artifactKey: Guid(6c566ad20f853a243bedee82852fae41) Importer(2089858483,b0f066a214c2f5e87bad3c948f4d605d)
Start importing Assets/Cartoon UI/White Icons/White Icons/White Icons 2/White FastFordward.png using Guid(6c566ad20f853a243bedee82852fae41) Importer(2089858483,b0f066a214c2f5e87bad3c948f4d605d) (ScriptedImporter) -> (artifact id: '01965fb0af6938c6d2220dcce09b2ead') in 0.0315575 seconds
Number of updated asset objects reloaded before import = 0Number of asset objects unloaded after import = 3

========================================================================
Received Import Request.
  Time since last request: 0.000087 seconds.
  path: Assets/Cartoon UI/White Icons/White Icons/White Icons 2/White Infinite Symbol.png
  artifactKey: Guid(1fdc74be47536eb4d8bc6037c4373865) Importer(2089858483,b0f066a214c2f5e87bad3c948f4d605d)
Start importing Assets/Cartoon UI/White Icons/White Icons/White Icons 2/White Infinite Symbol.png using Guid(1fdc74be47536eb4d8bc6037c4373865) Importer(2089858483,b0f066a214c2f5e87bad3c948f4d605d) (ScriptedImporter) -> (artifact id: 'aff62dc5f3514dc0f0490923b22fda52') in 0.0277498 seconds
Number of updated asset objects reloaded before import = 0Number of asset objects unloaded after import = 3

========================================================================
Received Import Request.
  Time since last request: 0.000038 seconds.
  path: Assets/Cartoon UI/White Icons/White Icons/White Icons 2/White Layers Round.png
  artifactKey: Guid(96772915c83d7e645a91604f266d3b02) Importer(2089858483,b0f066a214c2f5e87bad3c948f4d605d)
Start importing Assets/Cartoon UI/White Icons/White Icons/White Icons 2/White Layers Round.png using Guid(96772915c83d7e645a91604f266d3b02) Importer(2089858483,b0f066a214c2f5e87bad3c948f4d605d) (ScriptedImporter) -> (artifact id: '68cfd91b1440e951546f024012264ab8') in 0.0328177 seconds
Number of updated asset objects reloaded before import = 0Number of asset objects unloaded after import = 3

========================================================================
Received Import Request.
  Time since last request: 0.000016 seconds.
  path: Assets/Cartoon UI/White Icons/White Icons/White Icons 2/White Hour Glass.png
  artifactKey: Guid(9c0f9b39d3e5b974c8c9293075d3d33c) Importer(2089858483,b0f066a214c2f5e87bad3c948f4d605d)
Start importing Assets/Cartoon UI/White Icons/White Icons/White Icons 2/White Hour Glass.png using Guid(9c0f9b39d3e5b974c8c9293075d3d33c) Importer(2089858483,b0f066a214c2f5e87bad3c948f4d605d) (ScriptedImporter) -> (artifact id: '156c3dc7a3847be43a7264608a65e147') in 0.0346964 seconds
Number of updated asset objects reloaded before import = 0Number of asset objects unloaded after import = 3

========================================================================
Received Import Request.
  Time since last request: 0.000031 seconds.
  path: Assets/Cartoon UI/White Icons/White Icons/White Icons 2/White Expand.png
  artifactKey: Guid(ae61fe97a6857a5469cacd0b74c66460) Importer(2089858483,b0f066a214c2f5e87bad3c948f4d605d)
Start importing Assets/Cartoon UI/White Icons/White Icons/White Icons 2/White Expand.png using Guid(ae61fe97a6857a5469cacd0b74c66460) Importer(2089858483,b0f066a214c2f5e87bad3c948f4d605d) (ScriptedImporter) -> (artifact id: '4528d9baf07be76b6348e1b903ee5570') in 0.0412178 seconds
Number of updated asset objects reloaded before import = 0Number of asset objects unloaded after import = 3

========================================================================
Received Import Request.
  Time since last request: 0.000032 seconds.
  path: Assets/Cartoon UI/White Icons/White Icons/White Icons 2/White ID.png
  artifactKey: Guid(e0039a461bdbf0f43941f027c9013a27) Importer(2089858483,b0f066a214c2f5e87bad3c948f4d605d)
Start importing Assets/Cartoon UI/White Icons/White Icons/White Icons 2/White ID.png using Guid(e0039a461bdbf0f43941f027c9013a27) Importer(2089858483,b0f066a214c2f5e87bad3c948f4d605d) (ScriptedImporter) -> (artifact id: '6e73d02d5a4c7c4b117dffae6b1b129c') in 0.0245436 seconds
Number of updated asset objects reloaded before import = 0Number of asset objects unloaded after import = 3

========================================================================
Received Import Request.
  Time since last request: 0.000048 seconds.
  path: Assets/Cartoon UI/White Icons/White Icons/White Icons 2/White Magnet 2.png
  artifactKey: Guid(795a872c87b1e4745b9cca9f5d5f5dae) Importer(2089858483,b0f066a214c2f5e87bad3c948f4d605d)
Start importing Assets/Cartoon UI/White Icons/White Icons/White Icons 2/White Magnet 2.png using Guid(795a872c87b1e4745b9cca9f5d5f5dae) Importer(2089858483,b0f066a214c2f5e87bad3c948f4d605d) (ScriptedImporter) -> (artifact id: 'd771ac28465601cfd0e3659a4bf027cb') in 0.0412211 seconds
Number of updated asset objects reloaded before import = 0Number of asset objects unloaded after import = 3

========================================================================
Received Import Request.
  Time since last request: 0.000023 seconds.
  path: Assets/Cartoon UI/White Icons/White Icons/White Icons 2/White Male.png
  artifactKey: Guid(266ed6503b33fd84eb2e53378cdb641a) Importer(2089858483,b0f066a214c2f5e87bad3c948f4d605d)
Start importing Assets/Cartoon UI/White Icons/White Icons/White Icons 2/White Male.png using Guid(266ed6503b33fd84eb2e53378cdb641a) Importer(2089858483,b0f066a214c2f5e87bad3c948f4d605d) (ScriptedImporter) -> (artifact id: '6f347f4460b17e74beec61c2d69e78c1') in 0.0258899 seconds
Number of updated asset objects reloaded before import = 0Number of asset objects unloaded after import = 3

========================================================================
Received Import Request.
  Time since last request: 0.000048 seconds.
  path: Assets/Cartoon UI/White Icons/White Icons/White Icons 2/White Light.png
  artifactKey: Guid(7d18e926d0d8a4e489baed61515811ec) Importer(2089858483,b0f066a214c2f5e87bad3c948f4d605d)
Start importing Assets/Cartoon UI/White Icons/White Icons/White Icons 2/White Light.png using Guid(7d18e926d0d8a4e489baed61515811ec) Importer(2089858483,b0f066a214c2f5e87bad3c948f4d605d) (ScriptedImporter) -> (artifact id: 'c3c8362204f55985d22cf623ba49c4f8') in 0.0254477 seconds
Number of updated asset objects reloaded before import = 0Number of asset objects unloaded after import = 3

========================================================================
Received Import Request.
  Time since last request: 0.000040 seconds.
  path: Assets/Cartoon UI/White Icons/White Icons/White Icons 2/White Menu 3.png
  artifactKey: Guid(6cd495915ed0d674e862641309f76d85) Importer(2089858483,b0f066a214c2f5e87bad3c948f4d605d)
Start importing Assets/Cartoon UI/White Icons/White Icons/White Icons 2/White Menu 3.png using Guid(6cd495915ed0d674e862641309f76d85) Importer(2089858483,b0f066a214c2f5e87bad3c948f4d605d) (ScriptedImporter) -> (artifact id: '2fd9fa18ca70ac0ec9043b68593db770') in 0.0316795 seconds
Number of updated asset objects reloaded before import = 0Number of asset objects unloaded after import = 3

========================================================================
Received Import Request.
  Time since last request: 0.000064 seconds.
  path: Assets/Cartoon UI/White Icons/White Icons/White Icons 2/White Moon.png
  artifactKey: Guid(18d5dd4d27c95d44f8d5b00cf50a772f) Importer(2089858483,b0f066a214c2f5e87bad3c948f4d605d)
Start importing Assets/Cartoon UI/White Icons/White Icons/White Icons 2/White Moon.png using Guid(18d5dd4d27c95d44f8d5b00cf50a772f) Importer(2089858483,b0f066a214c2f5e87bad3c948f4d605d) (ScriptedImporter) -> (artifact id: '1e0a04946e42bc9916bf7467d44d8413') in 0.040565 seconds
Number of updated asset objects reloaded before import = 0Number of asset objects unloaded after import = 3

========================================================================
Received Import Request.
  Time since last request: 0.000041 seconds.
  path: Assets/Cartoon UI/White Icons/White Icons/White Icons 2/White Location 1.png
  artifactKey: Guid(e2271c3f31463894eb0eefd09640139c) Importer(2089858483,b0f066a214c2f5e87bad3c948f4d605d)
Start importing Assets/Cartoon UI/White Icons/White Icons/White Icons 2/White Location 1.png using Guid(e2271c3f31463894eb0eefd09640139c) Importer(2089858483,b0f066a214c2f5e87bad3c948f4d605d) (ScriptedImporter) -> (artifact id: '3dc536f61b21f6b6fb10a73136900d01') in 0.022478 seconds
Number of updated asset objects reloaded before import = 0Number of asset objects unloaded after import = 3

========================================================================
Received Import Request.
  Time since last request: 0.000021 seconds.
  path: Assets/Cartoon UI/White Icons/White Icons/White Icons 2/White Fast Rewind.png
  artifactKey: Guid(7e92777a87c767b489b37d1090846f31) Importer(2089858483,b0f066a214c2f5e87bad3c948f4d605d)
Start importing Assets/Cartoon UI/White Icons/White Icons/White Icons 2/White Fast Rewind.png using Guid(7e92777a87c767b489b37d1090846f31) Importer(2089858483,b0f066a214c2f5e87bad3c948f4d605d) (ScriptedImporter) -> (artifact id: 'd0f494eb5e39d71d9fb9d126b458299a') in 0.020905 seconds
Number of updated asset objects reloaded before import = 0Number of asset objects unloaded after import = 3

========================================================================
Received Import Request.
  Time since last request: 0.000024 seconds.
  path: Assets/Cartoon UI/White Icons/White Icons/White Icons 2/White Move Down.png
  artifactKey: Guid(a7af8e647923bfa49b9849b109f3ea24) Importer(2089858483,b0f066a214c2f5e87bad3c948f4d605d)
Start importing Assets/Cartoon UI/White Icons/White Icons/White Icons 2/White Move Down.png using Guid(a7af8e647923bfa49b9849b109f3ea24) Importer(2089858483,b0f066a214c2f5e87bad3c948f4d605d) (ScriptedImporter) -> (artifact id: 'cbdbcd7aa61fdc80f9716bb6296dbb73') in 0.0219745 seconds
Number of updated asset objects reloaded before import = 0Number of asset objects unloaded after import = 3

========================================================================
Received Import Request.
  Time since last request: 0.000020 seconds.
  path: Assets/Cartoon UI/White Icons/White Icons/White Icons 2/White Move Up.png
  artifactKey: Guid(95b23bc00e65f0b44bc90624a285d4f9) Importer(2089858483,b0f066a214c2f5e87bad3c948f4d605d)
Start importing Assets/Cartoon UI/White Icons/White Icons/White Icons 2/White Move Up.png using Guid(95b23bc00e65f0b44bc90624a285d4f9) Importer(2089858483,b0f066a214c2f5e87bad3c948f4d605d) (ScriptedImporter) -> (artifact id: 'a5688fe418d4503f95ab2d674623908c') in 0.02373 seconds
Number of updated asset objects reloaded before import = 0Number of asset objects unloaded after import = 3

========================================================================
Received Import Request.
  Time since last request: 0.000117 seconds.
  path: Assets/Cartoon UI/White Icons/White Icons/White Icons 2/White Music Off.png
  artifactKey: Guid(774fa6c138776024e878c5798313f56a) Importer(2089858483,b0f066a214c2f5e87bad3c948f4d605d)
Start importing Assets/Cartoon UI/White Icons/White Icons/White Icons 2/White Music Off.png using Guid(774fa6c138776024e878c5798313f56a) Importer(2089858483,b0f066a214c2f5e87bad3c948f4d605d) (ScriptedImporter) -> (artifact id: 'f1eed9bd850d50e156bfcab10543576e') in 0.0202211 seconds
Number of updated asset objects reloaded before import = 0Number of asset objects unloaded after import = 3

========================================================================
Received Import Request.
  Time since last request: 0.000023 seconds.
  path: Assets/Cartoon UI/White Icons/White Icons/White Icons 2/White Clover.png
  artifactKey: Guid(1c32f067d2133d44eb75eda070ca2948) Importer(2089858483,b0f066a214c2f5e87bad3c948f4d605d)
Start importing Assets/Cartoon UI/White Icons/White Icons/White Icons 2/White Clover.png using Guid(1c32f067d2133d44eb75eda070ca2948) Importer(2089858483,b0f066a214c2f5e87bad3c948f4d605d) (ScriptedImporter) -> (artifact id: '5caf119df6583dd419aaecd1fd8750cd') in 0.0223138 seconds
Number of updated asset objects reloaded before import = 0Number of asset objects unloaded after import = 3

========================================================================
Received Import Request.
  Time since last request: 0.000020 seconds.
  path: Assets/Cartoon UI/White Icons/White Icons/White Icons 2/White Fish 2.png
  artifactKey: Guid(05b7b326f02ba4c47a2b880481e40a94) Importer(2089858483,b0f066a214c2f5e87bad3c948f4d605d)
Start importing Assets/Cartoon UI/White Icons/White Icons/White Icons 2/White Fish 2.png using Guid(05b7b326f02ba4c47a2b880481e40a94) Importer(2089858483,b0f066a214c2f5e87bad3c948f4d605d) (ScriptedImporter) -> (artifact id: '23a65b961f404b00331833515b2228c5') in 0.0322981 seconds
Number of updated asset objects reloaded before import = 0Number of asset objects unloaded after import = 3

========================================================================
Received Import Request.
  Time since last request: 0.000025 seconds.
  path: Assets/Cartoon UI/White Icons/White Icons/White Icons 2/White Gear 1.png
  artifactKey: Guid(429de2586680cc749adafc8a36ca5a04) Importer(2089858483,b0f066a214c2f5e87bad3c948f4d605d)
Start importing Assets/Cartoon UI/White Icons/White Icons/White Icons 2/White Gear 1.png using Guid(429de2586680cc749adafc8a36ca5a04) Importer(2089858483,b0f066a214c2f5e87bad3c948f4d605d) (ScriptedImporter) -> (artifact id: '490c8a2510b02b6506eba33363f2345c') in 0.0336573 seconds
Number of updated asset objects reloaded before import = 0Number of asset objects unloaded after import = 3

========================================================================
Received Import Request.
  Time since last request: 0.000089 seconds.
  path: Assets/Cartoon UI/White Icons/White Icons/White Icons 2/White Person.png
  artifactKey: Guid(f3ba09077b8b84543841f713eee7d2d4) Importer(2089858483,b0f066a214c2f5e87bad3c948f4d605d)
Start importing Assets/Cartoon UI/White Icons/White Icons/White Icons 2/White Person.png using Guid(f3ba09077b8b84543841f713eee7d2d4) Importer(2089858483,b0f066a214c2f5e87bad3c948f4d605d) (ScriptedImporter) -> (artifact id: '2325689b52c50402dc9321f47477de62') in 0.0225574 seconds
Number of updated asset objects reloaded before import = 0Number of asset objects unloaded after import = 3

========================================================================
Received Import Request.
  Time since last request: 0.000028 seconds.
  path: Assets/Cartoon UI/White Icons/White Icons/White Icons 2/White Pawn.png
  artifactKey: Guid(4b2fc8cea129bdf4d9afd593528e8396) Importer(2089858483,b0f066a214c2f5e87bad3c948f4d605d)
Start importing Assets/Cartoon UI/White Icons/White Icons/White Icons 2/White Pawn.png using Guid(4b2fc8cea129bdf4d9afd593528e8396) Importer(2089858483,b0f066a214c2f5e87bad3c948f4d605d) (ScriptedImporter) -> (artifact id: '0ea526bbf239bccb8eec4aec72652741') in 0.0264395 seconds
Number of updated asset objects reloaded before import = 0Number of asset objects unloaded after import = 3

========================================================================
Received Import Request.
  Time since last request: 0.000023 seconds.
  path: Assets/Cartoon UI/White Icons/White Icons/White Icons 2/White Pen 2.png
  artifactKey: Guid(75566b635e585b048a24f6e3f063d95b) Importer(2089858483,b0f066a214c2f5e87bad3c948f4d605d)
Start importing Assets/Cartoon UI/White Icons/White Icons/White Icons 2/White Pen 2.png using Guid(75566b635e585b048a24f6e3f063d95b) Importer(2089858483,b0f066a214c2f5e87bad3c948f4d605d) (ScriptedImporter) -> (artifact id: '502077a1aaa975808b1e4ab991441c08') in 0.0327861 seconds
Number of updated asset objects reloaded before import = 0Number of asset objects unloaded after import = 3

========================================================================
Received Import Request.
  Time since last request: 0.000029 seconds.
  path: Assets/Cartoon UI/White Icons/White Icons/White Icons 2/White Pie Chart.png
  artifactKey: Guid(605e4903ebce2d644b8635ee478364f8) Importer(2089858483,b0f066a214c2f5e87bad3c948f4d605d)
Start importing Assets/Cartoon UI/White Icons/White Icons/White Icons 2/White Pie Chart.png using Guid(605e4903ebce2d644b8635ee478364f8) Importer(2089858483,b0f066a214c2f5e87bad3c948f4d605d) (ScriptedImporter) -> (artifact id: '608a4661501edab3d75a8398f72acfbc') in 0.0423128 seconds
Number of updated asset objects reloaded before import = 0Number of asset objects unloaded after import = 3

========================================================================
Received Import Request.
  Time since last request: 0.000039 seconds.
  path: Assets/Cartoon UI/White Icons/White Icons/White Icons 2/White Paint.png
  artifactKey: Guid(f27ce1a30a988c942b754ac35d354ab9) Importer(2089858483,b0f066a214c2f5e87bad3c948f4d605d)
Start importing Assets/Cartoon UI/White Icons/White Icons/White Icons 2/White Paint.png using Guid(f27ce1a30a988c942b754ac35d354ab9) Importer(2089858483,b0f066a214c2f5e87bad3c948f4d605d) (ScriptedImporter) -> (artifact id: 'eda25c39d194f673ef2397b4a48cb1a9') in 0.0384019 seconds
Number of updated asset objects reloaded before import = 0Number of asset objects unloaded after import = 3

========================================================================
Received Import Request.
  Time since last request: 0.000023 seconds.
  path: Assets/Cartoon UI/White Icons/White Icons/White Icons 2/White Pound.png
  artifactKey: Guid(4a12eae8e5c931a42a0d5bb8d4bd5d30) Importer(2089858483,b0f066a214c2f5e87bad3c948f4d605d)
Start importing Assets/Cartoon UI/White Icons/White Icons/White Icons 2/White Pound.png using Guid(4a12eae8e5c931a42a0d5bb8d4bd5d30) Importer(2089858483,b0f066a214c2f5e87bad3c948f4d605d) (ScriptedImporter) -> (artifact id: '88bc4e19228bca9c259b853556e06ac2') in 0.0371754 seconds
Number of updated asset objects reloaded before import = 0Number of asset objects unloaded after import = 3

========================================================================
Received Import Request.
  Time since last request: 0.000028 seconds.
  path: Assets/Cartoon UI/White Icons/White Icons/White Icons 2/White Plug.png
  artifactKey: Guid(ada281c010c1be4439776792435874e8) Importer(2089858483,b0f066a214c2f5e87bad3c948f4d605d)
Start importing Assets/Cartoon UI/White Icons/White Icons/White Icons 2/White Plug.png using Guid(ada281c010c1be4439776792435874e8) Importer(2089858483,b0f066a214c2f5e87bad3c948f4d605d) (ScriptedImporter) -> (artifact id: 'd5df0e14491c782e3f384c6e9e6fef2e') in 0.0482022 seconds
Number of updated asset objects reloaded before import = 0Number of asset objects unloaded after import = 3

========================================================================
Received Import Request.
  Time since last request: 0.000035 seconds.
  path: Assets/Cartoon UI/White Icons/White Icons/White Icons 2/White Power Up 2.png
  artifactKey: Guid(acd0c2dcb3c55c74e84430fdf90cfc86) Importer(2089858483,b0f066a214c2f5e87bad3c948f4d605d)
Start importing Assets/Cartoon UI/White Icons/White Icons/White Icons 2/White Power Up 2.png using Guid(acd0c2dcb3c55c74e84430fdf90cfc86) Importer(2089858483,b0f066a214c2f5e87bad3c948f4d605d) (ScriptedImporter) -> (artifact id: '65590baf21e5ab1c1ef7fd104ed7f3bb') in 0.0223548 seconds
Number of updated asset objects reloaded before import = 0Number of asset objects unloaded after import = 3

========================================================================
Received Import Request.
  Time since last request: 0.000031 seconds.
  path: Assets/Cartoon UI/White Icons/White Icons/White Icons 2/White Pole.png
  artifactKey: Guid(abe61d0ca1b13f7468c6411e3e15a6e4) Importer(2089858483,b0f066a214c2f5e87bad3c948f4d605d)
Start importing Assets/Cartoon UI/White Icons/White Icons/White Icons 2/White Pole.png using Guid(abe61d0ca1b13f7468c6411e3e15a6e4) Importer(2089858483,b0f066a214c2f5e87bad3c948f4d605d) (ScriptedImporter) -> (artifact id: '440d3048bc55c6197363b2af14137114') in 0.0236226 seconds
Number of updated asset objects reloaded before import = 0Number of asset objects unloaded after import = 3

========================================================================
Received Import Request.
  Time since last request: 0.000029 seconds.
  path: Assets/Cartoon UI/White Icons/White Icons/White Icons 2/White Questions.png
  artifactKey: Guid(0c2fb70fb4780314e9a8486090b32740) Importer(2089858483,b0f066a214c2f5e87bad3c948f4d605d)
Start importing Assets/Cartoon UI/White Icons/White Icons/White Icons 2/White Questions.png using Guid(0c2fb70fb4780314e9a8486090b32740) Importer(2089858483,b0f066a214c2f5e87bad3c948f4d605d) (ScriptedImporter) -> (artifact id: 'fdc104a8476b568a76807e353536c55b') in 0.0254601 seconds
Number of updated asset objects reloaded before import = 0Number of asset objects unloaded after import = 3

========================================================================
Received Import Request.
  Time since last request: 0.000046 seconds.
  path: Assets/Cartoon UI/White Icons/White Icons/White Icons 2/White Queen.png
  artifactKey: Guid(00ac55c0b37b9b746a1dbc4789a3fb96) Importer(2089858483,b0f066a214c2f5e87bad3c948f4d605d)
Start importing Assets/Cartoon UI/White Icons/White Icons/White Icons 2/White Queen.png using Guid(00ac55c0b37b9b746a1dbc4789a3fb96) Importer(2089858483,b0f066a214c2f5e87bad3c948f4d605d) (ScriptedImporter) -> (artifact id: '66085d91f6cfd6a1d0bd3452cf267053') in 0.0372458 seconds
Number of updated asset objects reloaded before import = 0Number of asset objects unloaded after import = 3

========================================================================
Received Import Request.
  Time since last request: 0.000022 seconds.
  path: Assets/Cartoon UI/White Icons/White Icons/White Icons 2/White Questions 1.png
  artifactKey: Guid(45725d04034303443b232bf7df2c895a) Importer(2089858483,b0f066a214c2f5e87bad3c948f4d605d)
Start importing Assets/Cartoon UI/White Icons/White Icons/White Icons 2/White Questions 1.png using Guid(45725d04034303443b232bf7df2c895a) Importer(2089858483,b0f066a214c2f5e87bad3c948f4d605d) (ScriptedImporter) -> (artifact id: '1fa7ff7e0e9aef90ae28fbcacb6c7fa5') in 0.034642 seconds
Number of updated asset objects reloaded before import = 0Number of asset objects unloaded after import = 3

========================================================================
Received Import Request.
  Time since last request: 0.000023 seconds.
  path: Assets/Cartoon UI/White Icons/White Icons/White Icons 2/White Potion 2.png
  artifactKey: Guid(840b212ac0edd594c92cf82f3e69bb6f) Importer(2089858483,b0f066a214c2f5e87bad3c948f4d605d)
Start importing Assets/Cartoon UI/White Icons/White Icons/White Icons 2/White Potion 2.png using Guid(840b212ac0edd594c92cf82f3e69bb6f) Importer(2089858483,b0f066a214c2f5e87bad3c948f4d605d) (ScriptedImporter) -> (artifact id: 'd78ab623365af352c79ec67a50fc139d') in 0.0285222 seconds
Number of updated asset objects reloaded before import = 0Number of asset objects unloaded after import = 3

========================================================================
Received Import Request.
  Time since last request: 0.000044 seconds.
  path: Assets/Cartoon UI/White Icons/White Icons/White Icons 2/White Scroll.png
  artifactKey: Guid(488f7a9a94cc94e41876c2813b4dc469) Importer(2089858483,b0f066a214c2f5e87bad3c948f4d605d)
Start importing Assets/Cartoon UI/White Icons/White Icons/White Icons 2/White Scroll.png using Guid(488f7a9a94cc94e41876c2813b4dc469) Importer(2089858483,b0f066a214c2f5e87bad3c948f4d605d) (ScriptedImporter) -> (artifact id: '6a49493cd34c871d53af8fc2ac768941') in 0.0398952 seconds
Number of updated asset objects reloaded before import = 0Number of asset objects unloaded after import = 3

========================================================================
Received Import Request.
  Time since last request: 0.000038 seconds.
  path: Assets/Cartoon UI/White Icons/White Icons/White Icons 2/White Right.png
  artifactKey: Guid(b9570ee7c7d4f3c4096ffd44e9d537f4) Importer(2089858483,b0f066a214c2f5e87bad3c948f4d605d)
Start importing Assets/Cartoon UI/White Icons/White Icons/White Icons 2/White Right.png using Guid(b9570ee7c7d4f3c4096ffd44e9d537f4) Importer(2089858483,b0f066a214c2f5e87bad3c948f4d605d) (ScriptedImporter) -> (artifact id: 'cc8b5bbb8e9b40861945f64d88cf6134') in 0.030008 seconds
Number of updated asset objects reloaded before import = 0Number of asset objects unloaded after import = 3

========================================================================
Received Import Request.
  Time since last request: 0.000021 seconds.
  path: Assets/Cartoon UI/White Icons/White Icons/White Icons 2/White Sad 1.png
  artifactKey: Guid(43e4fea4e350598418db2fc74357b29c) Importer(2089858483,b0f066a214c2f5e87bad3c948f4d605d)
Start importing Assets/Cartoon UI/White Icons/White Icons/White Icons 2/White Sad 1.png using Guid(43e4fea4e350598418db2fc74357b29c) Importer(2089858483,b0f066a214c2f5e87bad3c948f4d605d) (ScriptedImporter) -> (artifact id: 'b4287147413a7a87ae7a759f215623fe') in 0.0330705 seconds
Number of updated asset objects reloaded before import = 0Number of asset objects unloaded after import = 3

========================================================================
Received Import Request.
  Time since last request: 0.000171 seconds.
  path: Assets/Cartoon UI/White Icons/White Icons/White Icons 2/White Rocket.png
  artifactKey: Guid(13addd7f0242d624f911ed02b8429286) Importer(2089858483,b0f066a214c2f5e87bad3c948f4d605d)
Start importing Assets/Cartoon UI/White Icons/White Icons/White Icons 2/White Rocket.png using Guid(13addd7f0242d624f911ed02b8429286) Importer(2089858483,b0f066a214c2f5e87bad3c948f4d605d) (ScriptedImporter) -> (artifact id: '1d20d1c5e4648ea579244e596524d169') in 0.0274033 seconds
Number of updated asset objects reloaded before import = 0Number of asset objects unloaded after import = 3

========================================================================
Received Import Request.
  Time since last request: 0.000033 seconds.
  path: Assets/Cartoon UI/White Icons/White Icons/White Icons 2/White Pen 3.png
  artifactKey: Guid(1777e3864739a494fbacf5f37da98fa4) Importer(2089858483,b0f066a214c2f5e87bad3c948f4d605d)
Start importing Assets/Cartoon UI/White Icons/White Icons/White Icons 2/White Pen 3.png using Guid(1777e3864739a494fbacf5f37da98fa4) Importer(2089858483,b0f066a214c2f5e87bad3c948f4d605d) (ScriptedImporter) -> (artifact id: 'b21f5b40e66cc69f9aec22ce39b3b5ac') in 0.0332096 seconds
Number of updated asset objects reloaded before import = 0Number of asset objects unloaded after import = 3

========================================================================
Received Import Request.
  Time since last request: 0.000027 seconds.
  path: Assets/Cartoon UI/White Icons/White Icons/White Icons 2/White Shop 1.png
  artifactKey: Guid(8eb11ff26a1db344590f18226950449f) Importer(2089858483,b0f066a214c2f5e87bad3c948f4d605d)
Start importing Assets/Cartoon UI/White Icons/White Icons/White Icons 2/White Shop 1.png using Guid(8eb11ff26a1db344590f18226950449f) Importer(2089858483,b0f066a214c2f5e87bad3c948f4d605d) (ScriptedImporter) -> (artifact id: '3fcce441b601854bd7e0c018932f65a5') in 0.0426825 seconds
Number of updated asset objects reloaded before import = 0Number of asset objects unloaded after import = 3

========================================================================
Received Import Request.
  Time since last request: 0.000036 seconds.
  path: Assets/Cartoon UI/White Icons/White Icons/White Icons 2/White Smiley.png
  artifactKey: Guid(971dfc96735fdb846bfa1d3dd7cc1983) Importer(2089858483,b0f066a214c2f5e87bad3c948f4d605d)
Start importing Assets/Cartoon UI/White Icons/White Icons/White Icons 2/White Smiley.png using Guid(971dfc96735fdb846bfa1d3dd7cc1983) Importer(2089858483,b0f066a214c2f5e87bad3c948f4d605d) (ScriptedImporter) -> (artifact id: 'e9a72f82cb5169e4253a3b63615c9172') in 0.0398099 seconds
Number of updated asset objects reloaded before import = 0Number of asset objects unloaded after import = 3

========================================================================
Received Import Request.
  Time since last request: 0.000027 seconds.
  path: Assets/Cartoon UI/White Icons/White Icons/White Icons 2/White Signal.png
  artifactKey: Guid(eff5c937dd04ff14db477ccbb309cdb6) Importer(2089858483,b0f066a214c2f5e87bad3c948f4d605d)
Start importing Assets/Cartoon UI/White Icons/White Icons/White Icons 2/White Signal.png using Guid(eff5c937dd04ff14db477ccbb309cdb6) Importer(2089858483,b0f066a214c2f5e87bad3c948f4d605d) (ScriptedImporter) -> (artifact id: '7b026db0b5e871ab548c3d3113722fbd') in 0.0200461 seconds
Number of updated asset objects reloaded before import = 0Number of asset objects unloaded after import = 3

========================================================================
Received Import Request.
  Time since last request: 0.000019 seconds.
  path: Assets/Cartoon UI/White Icons/White Icons/White Icons 2/White Shield 2.png
  artifactKey: Guid(49ae6ae379356a04cbc8b7bf6214a3df) Importer(2089858483,b0f066a214c2f5e87bad3c948f4d605d)
Start importing Assets/Cartoon UI/White Icons/White Icons/White Icons 2/White Shield 2.png using Guid(49ae6ae379356a04cbc8b7bf6214a3df) Importer(2089858483,b0f066a214c2f5e87bad3c948f4d605d) (ScriptedImporter) -> (artifact id: 'b7ac9984e709ead327051850988e70a3') in 0.0262127 seconds
Number of updated asset objects reloaded before import = 0Number of asset objects unloaded after import = 3

========================================================================
Received Import Request.
  Time since last request: 0.000021 seconds.
  path: Assets/Cartoon UI/White Icons/White Icons/White Icons 2/White Shield 1.png
  artifactKey: Guid(c2a6784568cbfbc4db0394f5dfc48130) Importer(2089858483,b0f066a214c2f5e87bad3c948f4d605d)
Start importing Assets/Cartoon UI/White Icons/White Icons/White Icons 2/White Shield 1.png using Guid(c2a6784568cbfbc4db0394f5dfc48130) Importer(2089858483,b0f066a214c2f5e87bad3c948f4d605d) (ScriptedImporter) -> (artifact id: '8317f9f9e9f673955d687fd394bade80') in 0.0258424 seconds
Number of updated asset objects reloaded before import = 0Number of asset objects unloaded after import = 3

========================================================================
Received Import Request.
  Time since last request: 0.000025 seconds.
  path: Assets/Cartoon UI/White Icons/White Icons/White Icons 2/White Stop.png
  artifactKey: Guid(3a7012dd0345cf748a881e96c40547a1) Importer(2089858483,b0f066a214c2f5e87bad3c948f4d605d)
Start importing Assets/Cartoon UI/White Icons/White Icons/White Icons 2/White Stop.png using Guid(3a7012dd0345cf748a881e96c40547a1) Importer(2089858483,b0f066a214c2f5e87bad3c948f4d605d) (ScriptedImporter) -> (artifact id: '035afd4a672f9f48d3b20d17a343776b') in 0.0284139 seconds
Number of updated asset objects reloaded before import = 0Number of asset objects unloaded after import = 3

========================================================================
Received Import Request.
  Time since last request: 0.000025 seconds.
  path: Assets/Cartoon UI/White Icons/White Icons/White Icons 2/White Speed Boost 2.png
  artifactKey: Guid(f9f6ea2a2be745249a49d7efd36c4dbf) Importer(2089858483,b0f066a214c2f5e87bad3c948f4d605d)
Start importing Assets/Cartoon UI/White Icons/White Icons/White Icons 2/White Speed Boost 2.png using Guid(f9f6ea2a2be745249a49d7efd36c4dbf) Importer(2089858483,b0f066a214c2f5e87bad3c948f4d605d) (ScriptedImporter) -> (artifact id: '63601f2ac13eb8715cbdd12403112eb7') in 0.0220171 seconds
Number of updated asset objects reloaded before import = 0Number of asset objects unloaded after import = 3

========================================================================
Received Import Request.
  Time since last request: 0.000022 seconds.
  path: Assets/Cartoon UI/White Icons/White Icons/White Icons 2/White Sound On.png
  artifactKey: Guid(95144eae5e1045845997ac7725cc1bfe) Importer(2089858483,b0f066a214c2f5e87bad3c948f4d605d)
Start importing Assets/Cartoon UI/White Icons/White Icons/White Icons 2/White Sound On.png using Guid(95144eae5e1045845997ac7725cc1bfe) Importer(2089858483,b0f066a214c2f5e87bad3c948f4d605d) (ScriptedImporter) -> (artifact id: 'badaaab6bbb7d896e12d3c64b8205345') in 0.0244015 seconds
Number of updated asset objects reloaded before import = 0Number of asset objects unloaded after import = 3

========================================================================
Received Import Request.
  Time since last request: 0.000019 seconds.
  path: Assets/Cartoon UI/White Icons/White Icons/White Icons 2/White Sound Icom.png
  artifactKey: Guid(d23749ae9c68b65409470b4f066090cb) Importer(2089858483,b0f066a214c2f5e87bad3c948f4d605d)
Start importing Assets/Cartoon UI/White Icons/White Icons/White Icons 2/White Sound Icom.png using Guid(d23749ae9c68b65409470b4f066090cb) Importer(2089858483,b0f066a214c2f5e87bad3c948f4d605d) (ScriptedImporter) -> (artifact id: '593bfed58996de8ba9b7d1c699e52e6b') in 0.0222859 seconds
Number of updated asset objects reloaded before import = 0Number of asset objects unloaded after import = 3

========================================================================
Received Import Request.
  Time since last request: 0.000018 seconds.
  path: Assets/Cartoon UI/White Icons/White Icons/White Icons 2/White Sound Off 2.png
  artifactKey: Guid(85921956520e92542af3fce6463a847c) Importer(2089858483,b0f066a214c2f5e87bad3c948f4d605d)
Start importing Assets/Cartoon UI/White Icons/White Icons/White Icons 2/White Sound Off 2.png using Guid(85921956520e92542af3fce6463a847c) Importer(2089858483,b0f066a214c2f5e87bad3c948f4d605d) (ScriptedImporter) -> (artifact id: '1be76184a7555094961af361cfa0a3a7') in 0.0217559 seconds
Number of updated asset objects reloaded before import = 0Number of asset objects unloaded after import = 3

========================================================================
Received Import Request.
  Time since last request: 0.000064 seconds.
  path: Assets/Cartoon UI/White Icons/White Icons/White Icons 2/White Information.png
  artifactKey: Guid(5bdd999a9b5abe248ba06b441af5604d) Importer(2089858483,b0f066a214c2f5e87bad3c948f4d605d)
Start importing Assets/Cartoon UI/White Icons/White Icons/White Icons 2/White Information.png using Guid(5bdd999a9b5abe248ba06b441af5604d) Importer(2089858483,b0f066a214c2f5e87bad3c948f4d605d) (ScriptedImporter) -> (artifact id: '0a62d5d2940ab192bb96eaf8b152ab8a') in 0.0194953 seconds
Number of updated asset objects reloaded before import = 0Number of asset objects unloaded after import = 3

========================================================================
Received Import Request.
  Time since last request: 0.000019 seconds.
  path: Assets/Cartoon UI/White Icons/White Icons/White Icons 2/White Symbol 11.png
  artifactKey: Guid(7e7f4436a92b53e4ab73d82214db4c71) Importer(2089858483,b0f066a214c2f5e87bad3c948f4d605d)
Start importing Assets/Cartoon UI/White Icons/White Icons/White Icons 2/White Symbol 11.png using Guid(7e7f4436a92b53e4ab73d82214db4c71) Importer(2089858483,b0f066a214c2f5e87bad3c948f4d605d) (ScriptedImporter) -> (artifact id: '8e9577cb4cad41196aca7cb1531180e5') in 0.0227187 seconds
Number of updated asset objects reloaded before import = 0Number of asset objects unloaded after import = 3

========================================================================
Received Import Request.
  Time since last request: 0.000017 seconds.
  path: Assets/Cartoon UI/White Icons/White Icons/White Icons 2/White Symbol 21.png
  artifactKey: Guid(5bc673f05cc608c4baecc760b991743f) Importer(2089858483,b0f066a214c2f5e87bad3c948f4d605d)
Start importing Assets/Cartoon UI/White Icons/White Icons/White Icons 2/White Symbol 21.png using Guid(5bc673f05cc608c4baecc760b991743f) Importer(2089858483,b0f066a214c2f5e87bad3c948f4d605d) (ScriptedImporter) -> (artifact id: '287003c6e5801dda094659814a748d58') in 0.0225771 seconds
Number of updated asset objects reloaded before import = 0Number of asset objects unloaded after import = 3

========================================================================
Received Import Request.
  Time since last request: 0.000025 seconds.
  path: Assets/Cartoon UI/White Icons/White Icons/White Icons 2/White Strength Up.png
  artifactKey: Guid(32d8155e173e5964394d50865767f726) Importer(2089858483,b0f066a214c2f5e87bad3c948f4d605d)
Start importing Assets/Cartoon UI/White Icons/White Icons/White Icons 2/White Strength Up.png using Guid(32d8155e173e5964394d50865767f726) Importer(2089858483,b0f066a214c2f5e87bad3c948f4d605d) (ScriptedImporter) -> (artifact id: '713bbf7459ccc4c6aaf69161e0de5909') in 0.0304046 seconds
Number of updated asset objects reloaded before import = 0Number of asset objects unloaded after import = 3

========================================================================
Received Import Request.
  Time since last request: 0.000039 seconds.
  path: Assets/Cartoon UI/White Icons/White Icons/White Icons 2/White Symbol 10.png
  artifactKey: Guid(7bfb146b0f883364490991f45c2ea060) Importer(2089858483,b0f066a214c2f5e87bad3c948f4d605d)
Start importing Assets/Cartoon UI/White Icons/White Icons/White Icons 2/White Symbol 10.png using Guid(7bfb146b0f883364490991f45c2ea060) Importer(2089858483,b0f066a214c2f5e87bad3c948f4d605d) (ScriptedImporter) -> (artifact id: 'b6fd5c5da4de19ebfd9577685f877af2') in 0.0232092 seconds
Number of updated asset objects reloaded before import = 0Number of asset objects unloaded after import = 3

========================================================================
Received Import Request.
  Time since last request: 0.000021 seconds.
  path: Assets/Cartoon UI/White Icons/White Icons/White Icons 2/White Sun.png
  artifactKey: Guid(7184745642756904e89930cc75bf5184) Importer(2089858483,b0f066a214c2f5e87bad3c948f4d605d)
Start importing Assets/Cartoon UI/White Icons/White Icons/White Icons 2/White Sun.png using Guid(7184745642756904e89930cc75bf5184) Importer(2089858483,b0f066a214c2f5e87bad3c948f4d605d) (ScriptedImporter) -> (artifact id: '5d9762d92560d407b9d83aab6d873ab0') in 0.0304815 seconds
Number of updated asset objects reloaded before import = 0Number of asset objects unloaded after import = 3

========================================================================
Received Import Request.
  Time since last request: 0.000018 seconds.
  path: Assets/Cartoon UI/White Icons/White Icons/White Icons 2/White Symbol 15.png
  artifactKey: Guid(e9bfb256fd5bce34c82dedc382b30890) Importer(2089858483,b0f066a214c2f5e87bad3c948f4d605d)
Start importing Assets/Cartoon UI/White Icons/White Icons/White Icons 2/White Symbol 15.png using Guid(e9bfb256fd5bce34c82dedc382b30890) Importer(2089858483,b0f066a214c2f5e87bad3c948f4d605d) (ScriptedImporter) -> (artifact id: '49a544f0decf4c16734d937f53c8a33a') in 0.0242875 seconds
Number of updated asset objects reloaded before import = 0Number of asset objects unloaded after import = 3

========================================================================
Received Import Request.
  Time since last request: 0.000034 seconds.
  path: Assets/Cartoon UI/White Icons/White Icons/White Icons 2/White Ticket 1.png
  artifactKey: Guid(1048abd1d2742e9459705dda2a3d7fa8) Importer(2089858483,b0f066a214c2f5e87bad3c948f4d605d)
Start importing Assets/Cartoon UI/White Icons/White Icons/White Icons 2/White Ticket 1.png using Guid(1048abd1d2742e9459705dda2a3d7fa8) Importer(2089858483,b0f066a214c2f5e87bad3c948f4d605d) (ScriptedImporter) -> (artifact id: 'ce1fc1a2a5f9a758d764971b322a4ce8') in 0.0314601 seconds
Number of updated asset objects reloaded before import = 0Number of asset objects unloaded after import = 3

========================================================================
Received Import Request.
  Time since last request: 0.000033 seconds.
  path: Assets/Cartoon UI/White Icons/White Icons/White Icons 2/White Thumb Down.png
  artifactKey: Guid(d0913099e5588224f8b59cabe2d0d814) Importer(2089858483,b0f066a214c2f5e87bad3c948f4d605d)
Start importing Assets/Cartoon UI/White Icons/White Icons/White Icons 2/White Thumb Down.png using Guid(d0913099e5588224f8b59cabe2d0d814) Importer(2089858483,b0f066a214c2f5e87bad3c948f4d605d) (ScriptedImporter) -> (artifact id: '1660c69db67b6a1dde9f0eec30d05d65') in 0.0288168 seconds
Number of updated asset objects reloaded before import = 0Number of asset objects unloaded after import = 3

========================================================================
Received Import Request.
  Time since last request: 0.000016 seconds.
  path: Assets/Cartoon UI/White Icons/White Icons/White Icons 2/White Symbol 4.png
  artifactKey: Guid(ecdd24570ac53e34587cf906dd24689f) Importer(2089858483,b0f066a214c2f5e87bad3c948f4d605d)
Start importing Assets/Cartoon UI/White Icons/White Icons/White Icons 2/White Symbol 4.png using Guid(ecdd24570ac53e34587cf906dd24689f) Importer(2089858483,b0f066a214c2f5e87bad3c948f4d605d) (ScriptedImporter) -> (artifact id: 'bc7c5ffae6211179d4963c69e988abe9') in 0.0186512 seconds
Number of updated asset objects reloaded before import = 0Number of asset objects unloaded after import = 3

========================================================================
Received Import Request.
  Time since last request: 0.000018 seconds.
  path: Assets/Cartoon UI/White Icons/White Icons/White Icons 2/White Symbol 5.png
  artifactKey: Guid(58f2dfd344903cd41b01940893abf137) Importer(2089858483,b0f066a214c2f5e87bad3c948f4d605d)
Start importing Assets/Cartoon UI/White Icons/White Icons/White Icons 2/White Symbol 5.png using Guid(58f2dfd344903cd41b01940893abf137) Importer(2089858483,b0f066a214c2f5e87bad3c948f4d605d) (ScriptedImporter) -> (artifact id: '0023fd685b38f2e5f92f432c70a60f5d') in 0.0220767 seconds
Number of updated asset objects reloaded before import = 0Number of asset objects unloaded after import = 3

========================================================================
Received Import Request.
  Time since last request: 0.000046 seconds.
  path: Assets/Cartoon UI/White Icons/White Icons/White Icons 2/White Symbol 3.png
  artifactKey: Guid(4fb481d504d8f444cab60da3d816aeb5) Importer(2089858483,b0f066a214c2f5e87bad3c948f4d605d)
Start importing Assets/Cartoon UI/White Icons/White Icons/White Icons 2/White Symbol 3.png using Guid(4fb481d504d8f444cab60da3d816aeb5) Importer(2089858483,b0f066a214c2f5e87bad3c948f4d605d) (ScriptedImporter) -> (artifact id: 'b330037b92d7e9b4351f508661d4ff55') in 0.0210319 seconds
Number of updated asset objects reloaded before import = 0Number of asset objects unloaded after import = 3

========================================================================
Received Import Request.
  Time since last request: 0.000039 seconds.
  path: Assets/Cartoon UI/White Icons/White Icons/White Icons 2/White Location 2.png
  artifactKey: Guid(7619ed48a1933db46a8321c6ad2db6bd) Importer(2089858483,b0f066a214c2f5e87bad3c948f4d605d)
Start importing Assets/Cartoon UI/White Icons/White Icons/White Icons 2/White Location 2.png using Guid(7619ed48a1933db46a8321c6ad2db6bd) Importer(2089858483,b0f066a214c2f5e87bad3c948f4d605d) (ScriptedImporter) -> (artifact id: 'dd5044e0f6827084088f368f3a3e3971') in 0.0202256 seconds
Number of updated asset objects reloaded before import = 0Number of asset objects unloaded after import = 3

========================================================================
Received Import Request.
  Time since last request: 0.000017 seconds.
  path: Assets/Cartoon UI/White Icons/White Icons/White Icons 2/White Warning.png
  artifactKey: Guid(9affea7dcc6ee4744bba2319c06be09e) Importer(2089858483,b0f066a214c2f5e87bad3c948f4d605d)
Start importing Assets/Cartoon UI/White Icons/White Icons/White Icons 2/White Warning.png using Guid(9affea7dcc6ee4744bba2319c06be09e) Importer(2089858483,b0f066a214c2f5e87bad3c948f4d605d) (ScriptedImporter) -> (artifact id: '109e607ddeedcf50b7c025ebdbc68b68') in 0.0385804 seconds
Number of updated asset objects reloaded before import = 0Number of asset objects unloaded after import = 3

========================================================================
Received Import Request.
  Time since last request: 0.000019 seconds.
  path: Assets/Cartoon UI/White Icons/White Icons/White Icons 2/White Unlock.png
  artifactKey: Guid(a1a4adba519277a49aa900d406b77f45) Importer(2089858483,b0f066a214c2f5e87bad3c948f4d605d)
Start importing Assets/Cartoon UI/White Icons/White Icons/White Icons 2/White Unlock.png using Guid(a1a4adba519277a49aa900d406b77f45) Importer(2089858483,b0f066a214c2f5e87bad3c948f4d605d) (ScriptedImporter) -> (artifact id: 'e788018035f879a8f217408cf7bb0027') in 0.0316108 seconds
Number of updated asset objects reloaded before import = 0Number of asset objects unloaded after import = 3

========================================================================
Received Import Request.
  Time since last request: 0.000027 seconds.
  path: Assets/Cartoon UI/White Icons/White Icons/White Icons 2/White Trophy.png
  artifactKey: Guid(ad27065ccdac7ae4f80414a07bae2e68) Importer(2089858483,b0f066a214c2f5e87bad3c948f4d605d)
Start importing Assets/Cartoon UI/White Icons/White Icons/White Icons 2/White Trophy.png using Guid(ad27065ccdac7ae4f80414a07bae2e68) Importer(2089858483,b0f066a214c2f5e87bad3c948f4d605d) (ScriptedImporter) -> (artifact id: '8e60a39d267b5500911d4abbcc23a58f') in 0.0257424 seconds
Number of updated asset objects reloaded before import = 0Number of asset objects unloaded after import = 3

========================================================================
Received Import Request.
  Time since last request: 0.000037 seconds.
  path: Assets/Cartoon UI/White Icons/White Icons/White Icons 2/White Voice Off.png
  artifactKey: Guid(23509884d79892d40bfb8b95f943db1c) Importer(2089858483,b0f066a214c2f5e87bad3c948f4d605d)
Start importing Assets/Cartoon UI/White Icons/White Icons/White Icons 2/White Voice Off.png using Guid(23509884d79892d40bfb8b95f943db1c) Importer(2089858483,b0f066a214c2f5e87bad3c948f4d605d) (ScriptedImporter) -> (artifact id: '733ab360add8c124ccb8c6c0b04f94a7') in 0.02014 seconds
Number of updated asset objects reloaded before import = 0Number of asset objects unloaded after import = 3

========================================================================
Received Import Request.
  Time since last request: 0.000031 seconds.
  path: Assets/Cartoon UI/White Icons/White Icons/White Icons 2/White Weight.png
  artifactKey: Guid(3be3e773bdbaba34cae33e34ed76a7c7) Importer(2089858483,b0f066a214c2f5e87bad3c948f4d605d)
Start importing Assets/Cartoon UI/White Icons/White Icons/White Icons 2/White Weight.png using Guid(3be3e773bdbaba34cae33e34ed76a7c7) Importer(2089858483,b0f066a214c2f5e87bad3c948f4d605d) (ScriptedImporter) -> (artifact id: '3218aa796575ab2fc4de2377f4020f4d') in 0.0202965 seconds
Number of updated asset objects reloaded before import = 0Number of asset objects unloaded after import = 3

========================================================================
Received Import Request.
  Time since last request: 0.000040 seconds.
  path: Assets/Cartoon UI/White Icons/White Icons/White Icons 2/White Water Droplet.png
  artifactKey: Guid(4fb7ddd919ab14a499d4394635378133) Importer(2089858483,b0f066a214c2f5e87bad3c948f4d605d)
Start importing Assets/Cartoon UI/White Icons/White Icons/White Icons 2/White Water Droplet.png using Guid(4fb7ddd919ab14a499d4394635378133) Importer(2089858483,b0f066a214c2f5e87bad3c948f4d605d) (ScriptedImporter) -> (artifact id: '811ececa4b09498b74a7a64a5fdcf77a') in 0.0218789 seconds
Number of updated asset objects reloaded before import = 0Number of asset objects unloaded after import = 3

========================================================================
Received Import Request.
  Time since last request: 0.000023 seconds.
  path: Assets/Cartoon UI/White Icons/White Icons/White Icons 2/White Wifi Off.png
  artifactKey: Guid(56857a74049b2e2498cef760bc3a1803) Importer(2089858483,b0f066a214c2f5e87bad3c948f4d605d)
Start importing Assets/Cartoon UI/White Icons/White Icons/White Icons 2/White Wifi Off.png using Guid(56857a74049b2e2498cef760bc3a1803) Importer(2089858483,b0f066a214c2f5e87bad3c948f4d605d) (ScriptedImporter) -> (artifact id: '6e12df21462d0dfd7ba9f05aff46350e') in 0.0200859 seconds
Number of updated asset objects reloaded before import = 0Number of asset objects unloaded after import = 3

========================================================================
Received Import Request.
  Time since last request: 0.000037 seconds.
  path: Assets/Cartoon UI/White Icons/White Icons/White Icons 2/White Wind.png
  artifactKey: Guid(a4a3cd3b77caa4f4aaa84719ce9d3f51) Importer(2089858483,b0f066a214c2f5e87bad3c948f4d605d)
Start importing Assets/Cartoon UI/White Icons/White Icons/White Icons 2/White Wind.png using Guid(a4a3cd3b77caa4f4aaa84719ce9d3f51) Importer(2089858483,b0f066a214c2f5e87bad3c948f4d605d) (ScriptedImporter) -> (artifact id: '575a26b4232fc07fbd7fd73ca735d817') in 0.0234453 seconds
Number of updated asset objects reloaded before import = 0Number of asset objects unloaded after import = 3

========================================================================
Received Import Request.
  Time since last request: 0.000020 seconds.
  path: Assets/Cartoon UI/White Icons/White Icons/White Icons 2/White Zoom Out.png
  artifactKey: Guid(ccafd2359dd0ece4ba3f247526882894) Importer(2089858483,b0f066a214c2f5e87bad3c948f4d605d)
Start importing Assets/Cartoon UI/White Icons/White Icons/White Icons 2/White Zoom Out.png using Guid(ccafd2359dd0ece4ba3f247526882894) Importer(2089858483,b0f066a214c2f5e87bad3c948f4d605d) (ScriptedImporter) -> (artifact id: '7c64f34d8cc077616799ee59025bb59a') in 0.0216129 seconds
Number of updated asset objects reloaded before import = 0Number of asset objects unloaded after import = 3

========================================================================
Received Import Request.
  Time since last request: 0.000021 seconds.
  path: Assets/Cartoon UI/White Icons/White Icons/White Icons 2/White Wrench.png
  artifactKey: Guid(6bf3d38b4f90261499bea5dc28b2f66c) Importer(2089858483,b0f066a214c2f5e87bad3c948f4d605d)
Start importing Assets/Cartoon UI/White Icons/White Icons/White Icons 2/White Wrench.png using Guid(6bf3d38b4f90261499bea5dc28b2f66c) Importer(2089858483,b0f066a214c2f5e87bad3c948f4d605d) (ScriptedImporter) -> (artifact id: 'a3241982c8b050fa903200bd1acd5cbe') in 0.0264324 seconds
Number of updated asset objects reloaded before import = 0Number of asset objects unloaded after import = 3

========================================================================
Received Import Request.
  Time since last request: 0.000025 seconds.
  path: Assets/Cartoon UI/White Icons/White Icons/White Icons 2/White Wheel.png
  artifactKey: Guid(d8bc0490af9efe74a9ec0fa3663db8de) Importer(2089858483,b0f066a214c2f5e87bad3c948f4d605d)
Start importing Assets/Cartoon UI/White Icons/White Icons/White Icons 2/White Wheel.png using Guid(d8bc0490af9efe74a9ec0fa3663db8de) Importer(2089858483,b0f066a214c2f5e87bad3c948f4d605d) (ScriptedImporter) -> (artifact id: '653b48d15e1057c405cfa4bb4aff95e8') in 0.0260706 seconds
Number of updated asset objects reloaded before import = 0Number of asset objects unloaded after import = 3

========================================================================
Received Import Request.
  Time since last request: 0.000036 seconds.
  path: Assets/Clouded Studio/2D Simple Nature Pack/Prefabs/Bushes/bush_08.prefab
  artifactKey: Guid(8e0966d50ca852148ada46c9eae6c6e7) Importer(2089858483,b0f066a214c2f5e87bad3c948f4d605d)
Start importing Assets/Clouded Studio/2D Simple Nature Pack/Prefabs/Bushes/bush_08.prefab using Guid(8e0966d50ca852148ada46c9eae6c6e7) Importer(2089858483,b0f066a214c2f5e87bad3c948f4d605d) (ScriptedImporter) -> (artifact id: '349c50560e865ad9b4d642b8fb547eb2') in 0.0370046 seconds
Number of updated asset objects reloaded before import = 0Number of asset objects unloaded after import = 9

========================================================================
Received Import Request.
  Time since last request: 0.000021 seconds.
  path: Assets/Clouded Studio/2D Simple Nature Pack/Sprite Shapes/Profiles/SS_GrassBlockIn.asset
  artifactKey: Guid(037f1c3272760ca4c97cd1bcc987b196) Importer(2089858483,b0f066a214c2f5e87bad3c948f4d605d)
Start importing Assets/Clouded Studio/2D Simple Nature Pack/Sprite Shapes/Profiles/SS_GrassBlockIn.asset using Guid(037f1c3272760ca4c97cd1bcc987b196) Importer(2089858483,b0f066a214c2f5e87bad3c948f4d605d) (ScriptedImporter) -> (artifact id: '5c86508d5f0859ac0569d90db85e71cb') in 0.0328226 seconds
Number of updated asset objects reloaded before import = 0Number of asset objects unloaded after import = 3

========================================================================
Received Import Request.
  Time since last request: 0.000019 seconds.
  path: Assets/Clouded Studio/2D Simple Nature Pack/Prefabs/Lights/ShaftsLarge.prefab
  artifactKey: Guid(a87c68d4d7533bc47a14281ce1be5885) Importer(2089858483,b0f066a214c2f5e87bad3c948f4d605d)
Start importing Assets/Clouded Studio/2D Simple Nature Pack/Prefabs/Lights/ShaftsLarge.prefab using Guid(a87c68d4d7533bc47a14281ce1be5885) Importer(2089858483,b0f066a214c2f5e87bad3c948f4d605d) (ScriptedImporter) -> (artifact id: 'a1e588bee1c3f1632375e1f9443a504f') in 0.0339815 seconds
Number of updated asset objects reloaded before import = 0Number of asset objects unloaded after import = 7

========================================================================
Received Import Request.
  Time since last request: 0.000114 seconds.
  path: Assets/Clouded Studio/2D Simple Nature Pack/Prefabs/Trees/TreesMidground.prefab
  artifactKey: Guid(d0188b4bf8da1f843a5ab29474c6a27c) Importer(2089858483,b0f066a214c2f5e87bad3c948f4d605d)
Start importing Assets/Clouded Studio/2D Simple Nature Pack/Prefabs/Trees/TreesMidground.prefab using Guid(d0188b4bf8da1f843a5ab29474c6a27c) Importer(2089858483,b0f066a214c2f5e87bad3c948f4d605d) (ScriptedImporter) -> (artifact id: '13d332165f325cb139dd35ef15528097') in 0.1141486 seconds
Number of updated asset objects reloaded before import = 0Number of asset objects unloaded after import = 24

========================================================================
Received Import Request.
  Time since last request: 0.000049 seconds.
  path: Assets/Clouded Studio/2D Simple Nature Pack/Prefabs/Trees/simple_tree_far.prefab
  artifactKey: Guid(1c07e85797da7864db161e32a91c83c5) Importer(2089858483,b0f066a214c2f5e87bad3c948f4d605d)
Start importing Assets/Clouded Studio/2D Simple Nature Pack/Prefabs/Trees/simple_tree_far.prefab using Guid(1c07e85797da7864db161e32a91c83c5) Importer(2089858483,b0f066a214c2f5e87bad3c948f4d605d) (ScriptedImporter) -> (artifact id: 'a37280cb5545fd4d142079e7797f155e') in 0.0961239 seconds
Number of updated asset objects reloaded before import = 0Number of asset objects unloaded after import = 10

========================================================================
Received Import Request.
  Time since last request: 0.000049 seconds.
  path: Assets/Clouded Studio/2D Simple Nature Pack/Sprites/Vegetations/simple_tree_01.png
  artifactKey: Guid(1931f8499481e0344b7c3e3ed2beb0c3) Importer(2089858483,b0f066a214c2f5e87bad3c948f4d605d)
Start importing Assets/Clouded Studio/2D Simple Nature Pack/Sprites/Vegetations/simple_tree_01.png using Guid(1931f8499481e0344b7c3e3ed2beb0c3) Importer(2089858483,b0f066a214c2f5e87bad3c948f4d605d) (ScriptedImporter) -> (artifact id: 'e984af9c4e33177591ef1673312fc35f') in 0.0399455 seconds
Number of updated asset objects reloaded before import = 0Number of asset objects unloaded after import = 3

========================================================================
Received Import Request.
  Time since last request: 0.000041 seconds.
  path: Assets/Clouded Studio/2D Simple Nature Pack/Sprites/Vegetations/tree_background_base_02.png
  artifactKey: Guid(30361bc5c2b32064eb4a8b1839b15be4) Importer(2089858483,b0f066a214c2f5e87bad3c948f4d605d)
Start importing Assets/Clouded Studio/2D Simple Nature Pack/Sprites/Vegetations/tree_background_base_02.png using Guid(30361bc5c2b32064eb4a8b1839b15be4) Importer(2089858483,b0f066a214c2f5e87bad3c948f4d605d) (ScriptedImporter) -> (artifact id: 'cecf64bdcc4a0cae80fc275a6efbc951') in 0.031159 seconds
Number of updated asset objects reloaded before import = 0Number of asset objects unloaded after import = 3

========================================================================
Received Import Request.
  Time since last request: 0.000034 seconds.
  path: Assets/Clouded Studio/2D Simple Nature Pack/Sprites/Leafs/Leafs.png
  artifactKey: Guid(2703e09036844454fbf7e6139fa6054e) Importer(2089858483,b0f066a214c2f5e87bad3c948f4d605d)
Start importing Assets/Clouded Studio/2D Simple Nature Pack/Sprites/Leafs/Leafs.png using Guid(2703e09036844454fbf7e6139fa6054e) Importer(2089858483,b0f066a214c2f5e87bad3c948f4d605d) (ScriptedImporter) -> (artifact id: '6df8617627061ab2282ad3c367298104') in 0.0256688 seconds
Number of updated asset objects reloaded before import = 0Number of asset objects unloaded after import = 3

========================================================================
Received Import Request.
  Time since last request: 0.000031 seconds.
  path: Assets/Clouded Studio/2D Simple Nature Pack/Sprites/Vegetations/tree_background_foliage_05.png
  artifactKey: Guid(23371dbb23cc5d644aea7e58dfc10116) Importer(2089858483,b0f066a214c2f5e87bad3c948f4d605d)
Start importing Assets/Clouded Studio/2D Simple Nature Pack/Sprites/Vegetations/tree_background_foliage_05.png using Guid(23371dbb23cc5d644aea7e58dfc10116) Importer(2089858483,b0f066a214c2f5e87bad3c948f4d605d) (ScriptedImporter) -> (artifact id: '78074242cc3da795957c66f4aa24aa77') in 0.0259898 seconds
Number of updated asset objects reloaded before import = 0Number of asset objects unloaded after import = 3

========================================================================
Received Import Request.
  Time since last request: 0.000020 seconds.
  path: Assets/Clouded Studio/2D Simple Nature Pack/Sprites/Vegetations/tree_background_foliage_07.png
  artifactKey: Guid(c7e1ea00c103c2346bf6917217f7bd71) Importer(2089858483,b0f066a214c2f5e87bad3c948f4d605d)
Start importing Assets/Clouded Studio/2D Simple Nature Pack/Sprites/Vegetations/tree_background_foliage_07.png using Guid(c7e1ea00c103c2346bf6917217f7bd71) Importer(2089858483,b0f066a214c2f5e87bad3c948f4d605d) (ScriptedImporter) -> (artifact id: '24da30e0613c992bf7c691bc0c29907b') in 0.032686 seconds
Number of updated asset objects reloaded before import = 0Number of asset objects unloaded after import = 3

========================================================================
Received Import Request.
  Time since last request: 0.000025 seconds.
  path: Assets/Clouded Studio/2D Simple Nature Pack/Sprites/Vegetations/tree_background_foliage_04.png
  artifactKey: Guid(215b854e2c6bd8e42b4759cd7b415072) Importer(2089858483,b0f066a214c2f5e87bad3c948f4d605d)
Start importing Assets/Clouded Studio/2D Simple Nature Pack/Sprites/Vegetations/tree_background_foliage_04.png using Guid(215b854e2c6bd8e42b4759cd7b415072) Importer(2089858483,b0f066a214c2f5e87bad3c948f4d605d) (ScriptedImporter) -> (artifact id: '4b2c0ae022919ae5d52f9a2f2f444eb5') in 0.2072178 seconds
Number of updated asset objects reloaded before import = 0Number of asset objects unloaded after import = 3

========================================================================
Received Import Request.
  Time since last request: 0.000026 seconds.
  path: Assets/Clouded Studio/2D Simple Nature Pack/Prefabs/Sky/Cloud.prefab
  artifactKey: Guid(20bc947ee1b87714c87ab8abf50bbc58) Importer(2089858483,b0f066a214c2f5e87bad3c948f4d605d)
Start importing Assets/Clouded Studio/2D Simple Nature Pack/Prefabs/Sky/Cloud.prefab using Guid(20bc947ee1b87714c87ab8abf50bbc58) Importer(2089858483,b0f066a214c2f5e87bad3c948f4d605d) (ScriptedImporter) -> (artifact id: 'c28e1b9dd6cb82666f1f3a0d1972f48b') in 0.0488036 seconds
Number of updated asset objects reloaded before import = 0Number of asset objects unloaded after import = 9

========================================================================
Received Import Request.
  Time since last request: 0.000146 seconds.
  path: Assets/Plugins/PrimeTween/Demo/Scripts/Demo.cs
  artifactKey: Guid(945298e218f9841b08c8270c494cb200) Importer(2089858483,b0f066a214c2f5e87bad3c948f4d605d)
Start importing Assets/Plugins/PrimeTween/Demo/Scripts/Demo.cs using Guid(945298e218f9841b08c8270c494cb200) Importer(2089858483,b0f066a214c2f5e87bad3c948f4d605d) (ScriptedImporter) -> (artifact id: 'fb7ae739de9a7057310450a19764f855') in 0.0179628 seconds
Number of updated asset objects reloaded before import = 0Number of asset objects unloaded after import = 0

========================================================================
Received Import Request.
  Time since last request: 0.000026 seconds.
  path: Assets/game assets/chess/Chess Pieces/Chess Pieces/LICENSE.txt
  artifactKey: Guid(e5e2ad625ea17d74ba49beb29f8c3e84) Importer(2089858483,b0f066a214c2f5e87bad3c948f4d605d)
Start importing Assets/game assets/chess/Chess Pieces/Chess Pieces/LICENSE.txt using Guid(e5e2ad625ea17d74ba49beb29f8c3e84) Importer(2089858483,b0f066a214c2f5e87bad3c948f4d605d) (ScriptedImporter) -> (artifact id: 'd8f2280b2c5cf64727fe104d46c49531') in 0.0136443 seconds
Number of updated asset objects reloaded before import = 0Number of asset objects unloaded after import = 1

========================================================================
Received Import Request.
  Time since last request: 0.000033 seconds.
  path: Assets/Plugins/PrimeTween/Demo/Scripts/CameraController.cs
  artifactKey: Guid(3f2f29997e7148b98e1d84f3de1011bc) Importer(2089858483,b0f066a214c2f5e87bad3c948f4d605d)
Start importing Assets/Plugins/PrimeTween/Demo/Scripts/CameraController.cs using Guid(3f2f29997e7148b98e1d84f3de1011bc) Importer(2089858483,b0f066a214c2f5e87bad3c948f4d605d) (ScriptedImporter) -> (artifact id: 'fc9e45ea4e1121f1bde66c07a7a1cec8') in 0.0170967 seconds
Number of updated asset objects reloaded before import = 0Number of asset objects unloaded after import = 0

========================================================================
Received Import Request.
  Time since last request: 0.000048 seconds.
  path: Assets/Clouded Studio/2D Simple Nature Pack/Sprites/Vegetations/tree_background_foliage_08.png
  artifactKey: Guid(627e5307a454f6141804f03a4b2e9a3a) Importer(2089858483,b0f066a214c2f5e87bad3c948f4d605d)
Start importing Assets/Clouded Studio/2D Simple Nature Pack/Sprites/Vegetations/tree_background_foliage_08.png using Guid(627e5307a454f6141804f03a4b2e9a3a) Importer(2089858483,b0f066a214c2f5e87bad3c948f4d605d) (ScriptedImporter) -> (artifact id: 'beb6f1026e3151a2272b375a6dfe3323') in 0.0431191 seconds
Number of updated asset objects reloaded before import = 0Number of asset objects unloaded after import = 3

========================================================================
Received Import Request.
  Time since last request: 0.000024 seconds.
  path: Assets/Plugins/PrimeTween/Demo/Scripts/InputController.cs
  artifactKey: Guid(ea1502cb33ab4d4ca1fedbdde163c980) Importer(2089858483,b0f066a214c2f5e87bad3c948f4d605d)
Start importing Assets/Plugins/PrimeTween/Demo/Scripts/InputController.cs using Guid(ea1502cb33ab4d4ca1fedbdde163c980) Importer(2089858483,b0f066a214c2f5e87bad3c948f4d605d) (ScriptedImporter) -> (artifact id: 'ebfccfb847d3e21c7a7988b56dd11e38') in 0.0159803 seconds
Number of updated asset objects reloaded before import = 0Number of asset objects unloaded after import = 0

========================================================================
Received Import Request.
  Time since last request: 0.000020 seconds.
  path: Assets/Plugins/PrimeTween/Demo/Scripts/SqueezeAnimation.cs
  artifactKey: Guid(613ad9fe5121a4b02b556b6b16cad710) Importer(2089858483,b0f066a214c2f5e87bad3c948f4d605d)
Start importing Assets/Plugins/PrimeTween/Demo/Scripts/SqueezeAnimation.cs using Guid(613ad9fe5121a4b02b556b6b16cad710) Importer(2089858483,b0f066a214c2f5e87bad3c948f4d605d) (ScriptedImporter) -> (artifact id: '5285c3d2ef4ffbbd9ce37ea03df46970') in 0.014378 seconds
Number of updated asset objects reloaded before import = 0Number of asset objects unloaded after import = 0

========================================================================
Received Import Request.
  Time since last request: 0.000053 seconds.
  path: Assets/Plugins/PrimeTween/Demo/Scripts/PrimeTween.Demo.asmdef
  artifactKey: Guid(85ffa6ed6408b405d94d60bf1dce1057) Importer(2089858483,b0f066a214c2f5e87bad3c948f4d605d)
Start importing Assets/Plugins/PrimeTween/Demo/Scripts/PrimeTween.Demo.asmdef using Guid(85ffa6ed6408b405d94d60bf1dce1057) Importer(2089858483,b0f066a214c2f5e87bad3c948f4d605d) (ScriptedImporter) -> (artifact id: '4d9f33506f837b0fecd21e5827bf574b') in 0.0239984 seconds
Number of updated asset objects reloaded before import = 0Number of asset objects unloaded after import = 1

========================================================================
Received Import Request.
  Time since last request: 0.000041 seconds.
  path: Assets/Plugins/PrimeTween/Demo/Scripts/JumpAnimation.cs
  artifactKey: Guid(453932c77a72487599d5103bcde610da) Importer(2089858483,b0f066a214c2f5e87bad3c948f4d605d)
Start importing Assets/Plugins/PrimeTween/Demo/Scripts/JumpAnimation.cs using Guid(453932c77a72487599d5103bcde610da) Importer(2089858483,b0f066a214c2f5e87bad3c948f4d605d) (ScriptedImporter) -> (artifact id: 'f8e32b6b516a58acb8cff8fe3a9661eb') in 0.016471 seconds
Number of updated asset objects reloaded before import = 0Number of asset objects unloaded after import = 0

========================================================================
Received Import Request.
  Time since last request: 0.000025 seconds.
  path: Assets/game assets/chess/Chess Pieces/Chess Pieces/Chess.png
  artifactKey: Guid(a6a682f57bcd4d64e89005d270f17457) Importer(2089858483,b0f066a214c2f5e87bad3c948f4d605d)
Start importing Assets/game assets/chess/Chess Pieces/Chess Pieces/Chess.png using Guid(a6a682f57bcd4d64e89005d270f17457) Importer(2089858483,b0f066a214c2f5e87bad3c948f4d605d) (ScriptedImporter) -> (artifact id: 'edfd82b8be19107e8ac6b41f7591417f') in 0.0364463 seconds
Number of updated asset objects reloaded before import = 0Number of asset objects unloaded after import = 14

========================================================================
Received Import Request.
  Time since last request: 0.000063 seconds.
  path: Assets/Plugins/PrimeTween/Demo/Stylized Sand by Joao Paulo/Stylized_Sand_001_basecolor.mat
  artifactKey: Guid(26e88e1e3f85449949238833334c3914) Importer(2089858483,b0f066a214c2f5e87bad3c948f4d605d)
Start importing Assets/Plugins/PrimeTween/Demo/Stylized Sand by Joao Paulo/Stylized_Sand_001_basecolor.mat using Guid(26e88e1e3f85449949238833334c3914) Importer(2089858483,b0f066a214c2f5e87bad3c948f4d605d) (ScriptedImporter) -> (artifact id: 'b4d2b24190607da2caa34efde6dea252') in 0.1129906 seconds
Number of updated asset objects reloaded before import = 0Number of asset objects unloaded after import = 6

========================================================================
Received Import Request.
  Time since last request: 0.000113 seconds.
  path: Assets/Clouded Studio/2D Simple Nature Pack/Sprites/Vegetations/Bushes/bush03.png
  artifactKey: Guid(db16bf227277243459372fc6fe258ad0) Importer(2089858483,b0f066a214c2f5e87bad3c948f4d605d)
Start importing Assets/Clouded Studio/2D Simple Nature Pack/Sprites/Vegetations/Bushes/bush03.png using Guid(db16bf227277243459372fc6fe258ad0) Importer(2089858483,b0f066a214c2f5e87bad3c948f4d605d) (ScriptedImporter) -> (artifact id: '5c20156db630190c7db6c930ea843f4f') in 0.0236577 seconds
Number of updated asset objects reloaded before import = 0Number of asset objects unloaded after import = 3

========================================================================
Received Import Request.
  Time since last request: 0.000023 seconds.
  path: Assets/Plugins/PrimeTween/Demo/Stylized Cartoon Van by Fero Andezo/Window.png
  artifactKey: Guid(b294bf67965a84cc8b4efe16fa9aa316) Importer(2089858483,b0f066a214c2f5e87bad3c948f4d605d)
Start importing Assets/Plugins/PrimeTween/Demo/Stylized Cartoon Van by Fero Andezo/Window.png using Guid(b294bf67965a84cc8b4efe16fa9aa316) Importer(2089858483,b0f066a214c2f5e87bad3c948f4d605d) (ScriptedImporter) -> (artifact id: '0389076aa8265ac41e400b5b8a946855') in 0.0330179 seconds
Number of updated asset objects reloaded before import = 0Number of asset objects unloaded after import = 1

========================================================================
Received Import Request.
  Time since last request: 0.000017 seconds.
  path: Assets/Plugins/PrimeTween/Demo/Stylized Cartoon Van by Fero Andezo/Wheel.png
  artifactKey: Guid(a6031cf05af9b4bea8d67125e8027bdf) Importer(2089858483,b0f066a214c2f5e87bad3c948f4d605d)
Start importing Assets/Plugins/PrimeTween/Demo/Stylized Cartoon Van by Fero Andezo/Wheel.png using Guid(a6031cf05af9b4bea8d67125e8027bdf) Importer(2089858483,b0f066a214c2f5e87bad3c948f4d605d) (ScriptedImporter) -> (artifact id: 'e67fdbe5c3ad7cb2c85157315bf46a38') in 0.031059 seconds
Number of updated asset objects reloaded before import = 0Number of asset objects unloaded after import = 1

========================================================================
Received Import Request.
  Time since last request: 0.000021 seconds.
  path: Assets/game assets/chess/Chess Pieces/Chess Pieces/Pieces/sprite_04.png
  artifactKey: Guid(318d69a00717a2344b5ba2a25e659ff7) Importer(2089858483,b0f066a214c2f5e87bad3c948f4d605d)
Start importing Assets/game assets/chess/Chess Pieces/Chess Pieces/Pieces/sprite_04.png using Guid(318d69a00717a2344b5ba2a25e659ff7) Importer(2089858483,b0f066a214c2f5e87bad3c948f4d605d) (ScriptedImporter) -> (artifact id: '1fdae9350463f0217eb22ec9e2e8b20b') in 0.0285066 seconds
Number of updated asset objects reloaded before import = 0Number of asset objects unloaded after import = 3

========================================================================
Received Import Request.
  Time since last request: 0.000040 seconds.
  path: Assets/Clouded Studio/2D Simple Nature Pack/Sprites/Vegetations/Bushes/bush07.png
  artifactKey: Guid(8ca5ccfbbc91da941b81cdbc20213321) Importer(2089858483,b0f066a214c2f5e87bad3c948f4d605d)
Start importing Assets/Clouded Studio/2D Simple Nature Pack/Sprites/Vegetations/Bushes/bush07.png using Guid(8ca5ccfbbc91da941b81cdbc20213321) Importer(2089858483,b0f066a214c2f5e87bad3c948f4d605d) (ScriptedImporter) -> (artifact id: '5027d8e76162a8789a298fd7a14a3c97') in 0.0306999 seconds
Number of updated asset objects reloaded before import = 0Number of asset objects unloaded after import = 3

========================================================================
Received Import Request.
  Time since last request: 0.000046 seconds.
  path: Assets/Clouded Studio/2D Simple Nature Pack/Sprites/Vegetations/Bushes/bush09.png
  artifactKey: Guid(87a52e1559c987a4386ea33338cfb2b0) Importer(2089858483,b0f066a214c2f5e87bad3c948f4d605d)
Start importing Assets/Clouded Studio/2D Simple Nature Pack/Sprites/Vegetations/Bushes/bush09.png using Guid(87a52e1559c987a4386ea33338cfb2b0) Importer(2089858483,b0f066a214c2f5e87bad3c948f4d605d) (ScriptedImporter) -> (artifact id: 'f9ef67cb70c616be2daf2e0d656e84e5') in 0.0332724 seconds
Number of updated asset objects reloaded before import = 0Number of asset objects unloaded after import = 3

========================================================================
Received Import Request.
  Time since last request: 0.000019 seconds.
  path: Assets/Clouded Studio/2D Simple Nature Pack/Sprites/Vegetations/Bushes/bush10.png
  artifactKey: Guid(5156f6f576af97a4f92d6342e81c8fdc) Importer(2089858483,b0f066a214c2f5e87bad3c948f4d605d)
Start importing Assets/Clouded Studio/2D Simple Nature Pack/Sprites/Vegetations/Bushes/bush10.png using Guid(5156f6f576af97a4f92d6342e81c8fdc) Importer(2089858483,b0f066a214c2f5e87bad3c948f4d605d) (ScriptedImporter) -> (artifact id: 'a605a6f6b34af3fbaab9d38112b5a66d') in 0.0291852 seconds
Number of updated asset objects reloaded before import = 0Number of asset objects unloaded after import = 3

========================================================================
Received Import Request.
  Time since last request: 0.000026 seconds.
  path: Assets/Clouded Studio/2D Simple Nature Pack/Sprites/Vegetations/Bushes/bush04.png
  artifactKey: Guid(2d2e6720f76ea78488bfc5e6789f49ab) Importer(2089858483,b0f066a214c2f5e87bad3c948f4d605d)
Start importing Assets/Clouded Studio/2D Simple Nature Pack/Sprites/Vegetations/Bushes/bush04.png using Guid(2d2e6720f76ea78488bfc5e6789f49ab) Importer(2089858483,b0f066a214c2f5e87bad3c948f4d605d) (ScriptedImporter) -> (artifact id: '3db7ffba73a404dd09cb088a3d83ee65') in 0.0284045 seconds
Number of updated asset objects reloaded before import = 0Number of asset objects unloaded after import = 3

========================================================================
Received Import Request.
  Time since last request: 0.000031 seconds.
  path: Assets/game assets/chess/Chess Pieces/Chess Pieces/Pieces/sprite_08.png
  artifactKey: Guid(8682a5ac50612ba41bad25478e5f1bc1) Importer(2089858483,b0f066a214c2f5e87bad3c948f4d605d)
Start importing Assets/game assets/chess/Chess Pieces/Chess Pieces/Pieces/sprite_08.png using Guid(8682a5ac50612ba41bad25478e5f1bc1) Importer(2089858483,b0f066a214c2f5e87bad3c948f4d605d) (ScriptedImporter) -> (artifact id: '4f4d49e6493dd1b9e5832bca46f7656d') in 0.0329174 seconds
Number of updated asset objects reloaded before import = 0Number of asset objects unloaded after import = 3

========================================================================
Received Import Request.
  Time since last request: 0.000027 seconds.
  path: Assets/game assets/Memory card Game/Card Memory Game - Cats/Card Memory Game - Cats/Cards/Bat-Cat.png
  artifactKey: Guid(5b452bf45ecd93245af91b91386524c3) Importer(2089858483,b0f066a214c2f5e87bad3c948f4d605d)
Start importing Assets/game assets/Memory card Game/Card Memory Game - Cats/Card Memory Game - Cats/Cards/Bat-Cat.png using Guid(5b452bf45ecd93245af91b91386524c3) Importer(2089858483,b0f066a214c2f5e87bad3c948f4d605d) (ScriptedImporter) -> (artifact id: '823ac8704a4a812d110504f94eaeff87') in 0.0291587 seconds
Number of updated asset objects reloaded before import = 0Number of asset objects unloaded after import = 3

========================================================================
Received Import Request.
  Time since last request: 0.000022 seconds.
  path: Assets/game assets/Memory card Game/Card Memory Game - Cats/Card Memory Game - Cats/Background/Background.png
  artifactKey: Guid(54a1c117e07c2674bb3a63e5e08f46bd) Importer(2089858483,b0f066a214c2f5e87bad3c948f4d605d)
Start importing Assets/game assets/Memory card Game/Card Memory Game - Cats/Card Memory Game - Cats/Background/Background.png using Guid(54a1c117e07c2674bb3a63e5e08f46bd) Importer(2089858483,b0f066a214c2f5e87bad3c948f4d605d) (ScriptedImporter) -> (artifact id: '24e39cb3b22c11680f21da35e74052e1') in 0.0295559 seconds
Number of updated asset objects reloaded before import = 0Number of asset objects unloaded after import = 1

========================================================================
Received Import Request.
  Time since last request: 0.001744 seconds.
  path: Assets/game assets/Memory card Game/Card Memory Game - Cats/Card Memory Game - Cats/Cards/Verse-Card.png
  artifactKey: Guid(72f9a3f249fa72a41b91d38ccd8c96cc) Importer(2089858483,b0f066a214c2f5e87bad3c948f4d605d)
Start importing Assets/game assets/Memory card Game/Card Memory Game - Cats/Card Memory Game - Cats/Cards/Verse-Card.png using Guid(72f9a3f249fa72a41b91d38ccd8c96cc) Importer(2089858483,b0f066a214c2f5e87bad3c948f4d605d) (ScriptedImporter) -> (artifact id: '7ff4918dbb8adad2595b5f567c746687') in 0.0364562 seconds
Number of updated asset objects reloaded before import = 0Number of asset objects unloaded after import = 3

========================================================================
Received Import Request.
  Time since last request: 0.000034 seconds.
  path: Assets/game assets/chess/Chess Pieces/Chess Pieces/Pieces/sprite_11.png
  artifactKey: Guid(e2c2495657c2efb4388cbbfd4c316ae3) Importer(2089858483,b0f066a214c2f5e87bad3c948f4d605d)
Start importing Assets/game assets/chess/Chess Pieces/Chess Pieces/Pieces/sprite_11.png using Guid(e2c2495657c2efb4388cbbfd4c316ae3) Importer(2089858483,b0f066a214c2f5e87bad3c948f4d605d) (ScriptedImporter) -> (artifact id: 'cd10c395f1b6df8c5c5ca8fa4c82a31a') in 0.0329968 seconds
Number of updated asset objects reloaded before import = 0Number of asset objects unloaded after import = 3

========================================================================
Received Import Request.
  Time since last request: 0.000025 seconds.
  path: Assets/Plugins/PrimeTween/Demo/Scripts/MeasureAllocations/PrimeTween.Debug.asmdef
  artifactKey: Guid(bd26724a735bb4282b7fbdef4681eb5f) Importer(2089858483,b0f066a214c2f5e87bad3c948f4d605d)
Start importing Assets/Plugins/PrimeTween/Demo/Scripts/MeasureAllocations/PrimeTween.Debug.asmdef using Guid(bd26724a735bb4282b7fbdef4681eb5f) Importer(2089858483,b0f066a214c2f5e87bad3c948f4d605d) (ScriptedImporter) -> (artifact id: 'f7da4883ca4cef66ce8bb0c9936e4b5f') in 0.0235028 seconds
Number of updated asset objects reloaded before import = 0Number of asset objects unloaded after import = 1

========================================================================
Received Import Request.
  Time since last request: 0.000030 seconds.
  path: Assets/Plugins/PrimeTween/Demo/Stylized Cartoon Van by Fero Andezo/Materials/interior.mat
  artifactKey: Guid(004ae8b11200d44ac83be82a3ee1ebb8) Importer(2089858483,b0f066a214c2f5e87bad3c948f4d605d)
Start importing Assets/Plugins/PrimeTween/Demo/Stylized Cartoon Van by Fero Andezo/Materials/interior.mat using Guid(004ae8b11200d44ac83be82a3ee1ebb8) Importer(2089858483,b0f066a214c2f5e87bad3c948f4d605d) (ScriptedImporter) -> (artifact id: 'fcd6b5f816aa0ecb6142ca7e8b4576dd') in 0.0217234 seconds
Number of updated asset objects reloaded before import = 0Number of asset objects unloaded after import = 2

========================================================================
Received Import Request.
  Time since last request: 0.000033 seconds.
  path: Assets/Plugins/PrimeTween/Demo/Scripts/MeasureAllocations/MeasureMemoryAllocations.cs
  artifactKey: Guid(6af581ca2a164600b2d47b0f7f7d5570) Importer(2089858483,b0f066a214c2f5e87bad3c948f4d605d)
Start importing Assets/Plugins/PrimeTween/Demo/Scripts/MeasureAllocations/MeasureMemoryAllocations.cs using Guid(6af581ca2a164600b2d47b0f7f7d5570) Importer(2089858483,b0f066a214c2f5e87bad3c948f4d605d) (ScriptedImporter) -> (artifact id: '4fbac69421a15f455cbb3b50980ac768') in 0.0272535 seconds
Number of updated asset objects reloaded before import = 0Number of asset objects unloaded after import = 0

========================================================================
Received Import Request.
  Time since last request: 0.000034 seconds.
  path: Assets/Plugins/PrimeTween/Demo/Stylized Cartoon Van by Fero Andezo/Materials/Wheel.mat
  artifactKey: Guid(697445d70f82745a39de4df5f36c514c) Importer(2089858483,b0f066a214c2f5e87bad3c948f4d605d)
Start importing Assets/Plugins/PrimeTween/Demo/Stylized Cartoon Van by Fero Andezo/Materials/Wheel.mat using Guid(697445d70f82745a39de4df5f36c514c) Importer(2089858483,b0f066a214c2f5e87bad3c948f4d605d) (ScriptedImporter) -> (artifact id: 'e9408ef06409c8212647e4f8fb1a2a40') in 0.018793 seconds
Number of updated asset objects reloaded before import = 0Number of asset objects unloaded after import = 2

========================================================================
Received Import Request.
  Time since last request: 0.000023 seconds.
  path: Assets/game assets/Memory card Game/Card Memory Game - Cats/Card Memory Game - Cats/Preview/Preview.png
  artifactKey: Guid(3737f9cbac236b54b945ed209cfe922a) Importer(2089858483,b0f066a214c2f5e87bad3c948f4d605d)
Start importing Assets/game assets/Memory card Game/Card Memory Game - Cats/Card Memory Game - Cats/Preview/Preview.png using Guid(3737f9cbac236b54b945ed209cfe922a) Importer(2089858483,b0f066a214c2f5e87bad3c948f4d605d) (ScriptedImporter) -> (artifact id: '1b552c0b6620aa93bb60c98a624f3688') in 0.0474876 seconds
Number of updated asset objects reloaded before import = 0Number of asset objects unloaded after import = 3

========================================================================
Received Import Request.
  Time since last request: 0.000023 seconds.
  path: Assets/Clouded Studio/2D Simple Nature Pack/Sprites/Vegetations/Bushes/bush08.png
  artifactKey: Guid(2f15bdfe3ee0cb84f841840d20f82981) Importer(2089858483,b0f066a214c2f5e87bad3c948f4d605d)
Start importing Assets/Clouded Studio/2D Simple Nature Pack/Sprites/Vegetations/Bushes/bush08.png using Guid(2f15bdfe3ee0cb84f841840d20f82981) Importer(2089858483,b0f066a214c2f5e87bad3c948f4d605d) (ScriptedImporter) -> (artifact id: '8b54b8b0092b132a7d33614a30212046') in 0.0490055 seconds
Number of updated asset objects reloaded before import = 0Number of asset objects unloaded after import = 3

========================================================================
Received Import Request.
  Time since last request: 0.000052 seconds.
  path: Assets/Cartoon UI/White Icons/White Icons/White Icons 2/White Sysmbol 2.png
  artifactKey: Guid(da463a701be90614fb800213191b5d5e) Importer(2089858483,b0f066a214c2f5e87bad3c948f4d605d)
Start importing Assets/Cartoon UI/White Icons/White Icons/White Icons 2/White Sysmbol 2.png using Guid(da463a701be90614fb800213191b5d5e) Importer(2089858483,b0f066a214c2f5e87bad3c948f4d605d) (ScriptedImporter) -> (artifact id: '4d9e42f85b9429d5d322ae28070487d9') in 0.0345693 seconds
Number of updated asset objects reloaded before import = 0Number of asset objects unloaded after import = 3

========================================================================
Received Import Request.
  Time since last request: 0.000047 seconds.
  path: Assets/Cartoon UI/Prefabs/Progress Bars/Type 2/ProgressBar 2 Yellow.prefab
  artifactKey: Guid(95f8b443fb6b7834c82e7d2b0bc1b1d2) Importer(2089858483,b0f066a214c2f5e87bad3c948f4d605d)
Start importing Assets/Cartoon UI/Prefabs/Progress Bars/Type 2/ProgressBar 2 Yellow.prefab using Guid(95f8b443fb6b7834c82e7d2b0bc1b1d2) Importer(2089858483,b0f066a214c2f5e87bad3c948f4d605d) (ScriptedImporter) -> (artifact id: 'e806860d875557d62ee910f08f63207a') in 0.0301963 seconds
Number of updated asset objects reloaded before import = 0Number of asset objects unloaded after import = 21

========================================================================
Received Import Request.
  Time since last request: 0.000025 seconds.
  path: Assets/Cartoon UI/Customizable/Sprites/Circle Outer.png
  artifactKey: Guid(784674de0b7e7cd41a4741345222dbb1) Importer(2089858483,b0f066a214c2f5e87bad3c948f4d605d)
Start importing Assets/Cartoon UI/Customizable/Sprites/Circle Outer.png using Guid(784674de0b7e7cd41a4741345222dbb1) Importer(2089858483,b0f066a214c2f5e87bad3c948f4d605d) (ScriptedImporter) -> (artifact id: '5859be7c93575e48801e346a983e39e5') in 0.0294889 seconds
Number of updated asset objects reloaded before import = 0Number of asset objects unloaded after import = 3

========================================================================
Received Import Request.
  Time since last request: 0.000027 seconds.
  path: Assets/Cartoon UI/White Icons/White Icons/White Icons 2/White Open File.png
  artifactKey: Guid(836192ee940c9f44db1c800caa0e764e) Importer(2089858483,b0f066a214c2f5e87bad3c948f4d605d)
Start importing Assets/Cartoon UI/White Icons/White Icons/White Icons 2/White Open File.png using Guid(836192ee940c9f44db1c800caa0e764e) Importer(2089858483,b0f066a214c2f5e87bad3c948f4d605d) (ScriptedImporter) -> (artifact id: 'd2e73867d0dbe2a4862445934233710a') in 0.0412609 seconds
Number of updated asset objects reloaded before import = 0Number of asset objects unloaded after import = 3

========================================================================
Received Import Request.
  Time since last request: 0.000035 seconds.
  path: Assets/Cartoon UI/White Icons/White Icons/White Icons 2/White Rank.png
  artifactKey: Guid(6543cc5b373800b459d3db857399aed2) Importer(2089858483,b0f066a214c2f5e87bad3c948f4d605d)
Start importing Assets/Cartoon UI/White Icons/White Icons/White Icons 2/White Rank.png using Guid(6543cc5b373800b459d3db857399aed2) Importer(2089858483,b0f066a214c2f5e87bad3c948f4d605d) (ScriptedImporter) -> (artifact id: '155df7b7a7ad8fef3ed2c568df80f15d') in 0.0337421 seconds
Number of updated asset objects reloaded before import = 0Number of asset objects unloaded after import = 3

========================================================================
Received Import Request.
  Time since last request: 0.000035 seconds.
  path: Assets/Cartoon UI/White Icons/White Icons/White Icons 2/White Sad 3.png
  artifactKey: Guid(8c49376640787244fbb1171b3b853b37) Importer(2089858483,b0f066a214c2f5e87bad3c948f4d605d)
Start importing Assets/Cartoon UI/White Icons/White Icons/White Icons 2/White Sad 3.png using Guid(8c49376640787244fbb1171b3b853b37) Importer(2089858483,b0f066a214c2f5e87bad3c948f4d605d) (ScriptedImporter) -> (artifact id: '7ca00a2c8078e3e12ca8c185e77e8812') in 0.0290656 seconds
Number of updated asset objects reloaded before import = 0Number of asset objects unloaded after import = 3

========================================================================
Received Import Request.
  Time since last request: 0.000040 seconds.
  path: Assets/Cartoon UI/Icons/Star Off.png
  artifactKey: Guid(67f584718dfc4a142bfe20e5962fdef4) Importer(2089858483,b0f066a214c2f5e87bad3c948f4d605d)
Start importing Assets/Cartoon UI/Icons/Star Off.png using Guid(67f584718dfc4a142bfe20e5962fdef4) Importer(2089858483,b0f066a214c2f5e87bad3c948f4d605d) (ScriptedImporter) -> (artifact id: '34830a2e1156ba44ef76f7a9be213649') in 0.0313551 seconds
Number of updated asset objects reloaded before import = 0Number of asset objects unloaded after import = 3

========================================================================
Received Import Request.
  Time since last request: 0.000050 seconds.
  path: Assets/TextMesh Pro/Shaders/TMP_SDF SSD.shader
  artifactKey: Guid(14eb328de4b8eb245bb7cea29e4ac00b) Importer(2089858483,b0f066a214c2f5e87bad3c948f4d605d)
Start importing Assets/TextMesh Pro/Shaders/TMP_SDF SSD.shader using Guid(14eb328de4b8eb245bb7cea29e4ac00b) Importer(2089858483,b0f066a214c2f5e87bad3c948f4d605d) (ScriptedImporter) -> (artifact id: '1e6e4bcee2e452b71dc653203c41494f') in 0.0249689 seconds
Number of updated asset objects reloaded before import = 0Number of asset objects unloaded after import = 1

========================================================================
Received Import Request.
  Time since last request: 0.000055 seconds.
  path: Assets/Cartoon UI/White Icons/White Icons/White Icons 2/White Party Pop.png
  artifactKey: Guid(773ee602bf78d34458d02f606738f128) Importer(2089858483,b0f066a214c2f5e87bad3c948f4d605d)
Start importing Assets/Cartoon UI/White Icons/White Icons/White Icons 2/White Party Pop.png using Guid(773ee602bf78d34458d02f606738f128) Importer(2089858483,b0f066a214c2f5e87bad3c948f4d605d) (ScriptedImporter) -> (artifact id: '65220d0abef18791878f267b2bc8a2ee') in 0.0479428 seconds
Number of updated asset objects reloaded before import = 0Number of asset objects unloaded after import = 3

========================================================================
Received Import Request.
  Time since last request: 0.000055 seconds.
  path: Assets/Scenes/main.unity
  artifactKey: Guid(ed77cf3c41846c942a0b297943a7bb01) Importer(2089858483,b0f066a214c2f5e87bad3c948f4d605d)
Start importing Assets/Scenes/main.unity using Guid(ed77cf3c41846c942a0b297943a7bb01) Importer(2089858483,b0f066a214c2f5e87bad3c948f4d605d) (ScriptedImporter) -> (artifact id: 'ca1d9e378d1a2005a904376d6e62460b') in 0.0204594 seconds
Number of updated asset objects reloaded before import = 0Number of asset objects unloaded after import = 1

========================================================================
Received Import Request.
  Time since last request: 0.000036 seconds.
  path: Assets/Cartoon UI/Icons/Blue Book.png
  artifactKey: Guid(8df97c5178807fb4094b7392555dbf59) Importer(2089858483,b0f066a214c2f5e87bad3c948f4d605d)
Start importing Assets/Cartoon UI/Icons/Blue Book.png using Guid(8df97c5178807fb4094b7392555dbf59) Importer(2089858483,b0f066a214c2f5e87bad3c948f4d605d) (ScriptedImporter) -> (artifact id: '389742a58e1340266c284fac23ea2efb') in 0.0307807 seconds
Number of updated asset objects reloaded before import = 0Number of asset objects unloaded after import = 3

========================================================================
Received Import Request.
  Time since last request: 0.000023 seconds.
  path: Assets/Cartoon UI/Icons/Pear.png
  artifactKey: Guid(5cd4d2e575aac21449b4860290000c49) Importer(2089858483,b0f066a214c2f5e87bad3c948f4d605d)
Start importing Assets/Cartoon UI/Icons/Pear.png using Guid(5cd4d2e575aac21449b4860290000c49) Importer(2089858483,b0f066a214c2f5e87bad3c948f4d605d) (ScriptedImporter) -> (artifact id: '0e32bafad43d16bc82d99cbafdd4f881') in 0.0217972 seconds
Number of updated asset objects reloaded before import = 0Number of asset objects unloaded after import = 3

========================================================================
Received Import Request.
  Time since last request: 0.000022 seconds.
  path: Assets/Cartoon UI/Icons/Sword.png
  artifactKey: Guid(9cb7e38e72bcacf4f930acdaeee792ca) Importer(2089858483,b0f066a214c2f5e87bad3c948f4d605d)
Start importing Assets/Cartoon UI/Icons/Sword.png using Guid(9cb7e38e72bcacf4f930acdaeee792ca) Importer(2089858483,b0f066a214c2f5e87bad3c948f4d605d) (ScriptedImporter) -> (artifact id: '36a73dfa06d59b8809b04027f4dc48ab') in 0.025838 seconds
Number of updated asset objects reloaded before import = 0Number of asset objects unloaded after import = 3

========================================================================
Received Import Request.
  Time since last request: 0.000058 seconds.
  path: Assets/Aztech Games/PC&ConsoleButtonsIcons/Keyboard/f11.png
  artifactKey: Guid(ee44952a42b6fc24e9ac2c3fc42ff5f8) Importer(2089858483,b0f066a214c2f5e87bad3c948f4d605d)
Start importing Assets/Aztech Games/PC&ConsoleButtonsIcons/Keyboard/f11.png using Guid(ee44952a42b6fc24e9ac2c3fc42ff5f8) Importer(2089858483,b0f066a214c2f5e87bad3c948f4d605d) (ScriptedImporter) -> (artifact id: '7e2a52d3cfa117f52b548c1658e55869') in 0.0293748 seconds
Number of updated asset objects reloaded before import = 0Number of asset objects unloaded after import = 3

========================================================================
Received Import Request.
  Time since last request: 0.000100 seconds.
  path: Assets/TextMesh Pro/Shaders/TMPro.cginc
  artifactKey: Guid(407bc68d299748449bbf7f48ee690f8d) Importer(2089858483,b0f066a214c2f5e87bad3c948f4d605d)
Start importing Assets/TextMesh Pro/Shaders/TMPro.cginc using Guid(407bc68d299748449bbf7f48ee690f8d) Importer(2089858483,b0f066a214c2f5e87bad3c948f4d605d) (ScriptedImporter) -> (artifact id: '7251520d01710e39c0dfa13d8e79d258') in 0.0260061 seconds
Number of updated asset objects reloaded before import = 0Number of asset objects unloaded after import = 1

========================================================================
Received Import Request.
  Time since last request: 0.000050 seconds.
  path: Assets/Cartoon UI/Icons/Gem6 Green.png
  artifactKey: Guid(69e5569ce693e8846ab58c6d28752ee8) Importer(2089858483,b0f066a214c2f5e87bad3c948f4d605d)
Start importing Assets/Cartoon UI/Icons/Gem6 Green.png using Guid(69e5569ce693e8846ab58c6d28752ee8) Importer(2089858483,b0f066a214c2f5e87bad3c948f4d605d) (ScriptedImporter) -> (artifact id: '0666067afb863704fb64322d5a9a85fb') in 0.0431025 seconds
Number of updated asset objects reloaded before import = 0Number of asset objects unloaded after import = 3

========================================================================
Received Import Request.
  Time since last request: 0.000048 seconds.
  path: Assets/Cartoon UI/Icons/Energy Yellow.png
  artifactKey: Guid(6b85ac62291ceb5458fd01e083a45b6a) Importer(2089858483,b0f066a214c2f5e87bad3c948f4d605d)
Start importing Assets/Cartoon UI/Icons/Energy Yellow.png using Guid(6b85ac62291ceb5458fd01e083a45b6a) Importer(2089858483,b0f066a214c2f5e87bad3c948f4d605d) (ScriptedImporter) -> (artifact id: '909dfd4aa1001d470b4fdd9811f9f3e5') in 0.029974 seconds
Number of updated asset objects reloaded before import = 0Number of asset objects unloaded after import = 3

========================================================================
Received Import Request.
  Time since last request: 0.000036 seconds.
  path: Assets/Cartoon UI/Customizable/Custom Slider.prefab
  artifactKey: Guid(660aad445db1ff1489da06180fc773a9) Importer(2089858483,b0f066a214c2f5e87bad3c948f4d605d)
Start importing Assets/Cartoon UI/Customizable/Custom Slider.prefab using Guid(660aad445db1ff1489da06180fc773a9) Importer(2089858483,b0f066a214c2f5e87bad3c948f4d605d) (ScriptedImporter) -> (artifact id: 'c850d620f72a132e080e9c1dff6b2cec') in 0.0305646 seconds
Number of updated asset objects reloaded before import = 0Number of asset objects unloaded after import = 29

========================================================================
Received Import Request.
  Time since last request: 0.000036 seconds.
  path: Assets/Cartoon UI/Icons/Gem1 Red.png
  artifactKey: Guid(080ee3bbcbe73284d97b6ca7ba2059e6) Importer(2089858483,b0f066a214c2f5e87bad3c948f4d605d)
Start importing Assets/Cartoon UI/Icons/Gem1 Red.png using Guid(080ee3bbcbe73284d97b6ca7ba2059e6) Importer(2089858483,b0f066a214c2f5e87bad3c948f4d605d) (ScriptedImporter) -> (artifact id: '3e037433e99f64e272663dfa5cc21b1c') in 0.048201 seconds
Number of updated asset objects reloaded before import = 0Number of asset objects unloaded after import = 3

========================================================================
Received Import Request.
  Time since last request: 0.000030 seconds.
  path: Assets/Cartoon UI/Icons/Star Wand.png
  artifactKey: Guid(f389727ec242c194c87378a7d33a1ea6) Importer(2089858483,b0f066a214c2f5e87bad3c948f4d605d)
Start importing Assets/Cartoon UI/Icons/Star Wand.png using Guid(f389727ec242c194c87378a7d33a1ea6) Importer(2089858483,b0f066a214c2f5e87bad3c948f4d605d) (ScriptedImporter) -> (artifact id: 'cabe3f964d183724d4f5c2bf16384ba3') in 0.0605614 seconds
Number of updated asset objects reloaded before import = 0Number of asset objects unloaded after import = 3

========================================================================
Received Import Request.
  Time since last request: 0.000043 seconds.
  path: Assets/Cartoon UI/Icons/Hourglass.png
  artifactKey: Guid(1aae4fc4150c38c4eae24db270b80348) Importer(2089858483,b0f066a214c2f5e87bad3c948f4d605d)
Start importing Assets/Cartoon UI/Icons/Hourglass.png using Guid(1aae4fc4150c38c4eae24db270b80348) Importer(2089858483,b0f066a214c2f5e87bad3c948f4d605d) (ScriptedImporter) -> (artifact id: '8ce1477f2de278c8d8e18826ecca1e97') in 0.0296931 seconds
Number of updated asset objects reloaded before import = 0Number of asset objects unloaded after import = 3

========================================================================
Received Import Request.
  Time since last request: 0.000056 seconds.
  path: Assets/Aztech Games/PC&ConsoleButtonsIcons/Keyboard/mouseLeftClick.png
  artifactKey: Guid(b2495b61e16793046a9068b4a54cd102) Importer(2089858483,b0f066a214c2f5e87bad3c948f4d605d)
Start importing Assets/Aztech Games/PC&ConsoleButtonsIcons/Keyboard/mouseLeftClick.png using Guid(b2495b61e16793046a9068b4a54cd102) Importer(2089858483,b0f066a214c2f5e87bad3c948f4d605d) (ScriptedImporter) -> (artifact id: '22b8bfc0f8ac918eeb088979bacc5a75') in 0.0347969 seconds
Number of updated asset objects reloaded before import = 0Number of asset objects unloaded after import = 3

========================================================================
Received Import Request.
  Time since last request: 0.000026 seconds.
  path: Assets/Cartoon UI/Panels/GemCoinSlot.png
  artifactKey: Guid(63dfe1836a42d9a47b37f48f7f2ecc83) Importer(2089858483,b0f066a214c2f5e87bad3c948f4d605d)
Start importing Assets/Cartoon UI/Panels/GemCoinSlot.png using Guid(63dfe1836a42d9a47b37f48f7f2ecc83) Importer(2089858483,b0f066a214c2f5e87bad3c948f4d605d) (ScriptedImporter) -> (artifact id: 'daddb4c6740e613b55da52117489c646') in 0.0421845 seconds
Number of updated asset objects reloaded before import = 0Number of asset objects unloaded after import = 3

========================================================================
Received Import Request.
  Time since last request: 0.000030 seconds.
  path: Assets/Aztech Games/PC&ConsoleButtonsIcons/Keyboard/curlybracketL.png
  artifactKey: Guid(a5835242024862f438a00d5fddab32cd) Importer(2089858483,b0f066a214c2f5e87bad3c948f4d605d)
Start importing Assets/Aztech Games/PC&ConsoleButtonsIcons/Keyboard/curlybracketL.png using Guid(a5835242024862f438a00d5fddab32cd) Importer(2089858483,b0f066a214c2f5e87bad3c948f4d605d) (ScriptedImporter) -> (artifact id: '54058f03d08b7d5a180803a1cf9c402e') in 0.037241 seconds
Number of updated asset objects reloaded before import = 0Number of asset objects unloaded after import = 3

========================================================================
Received Import Request.
  Time since last request: 0.000021 seconds.
  path: Assets/Aztech Games/PC&ConsoleButtonsIcons/Keyboard/ı.png
  artifactKey: Guid(312cbec68ba0e584abdb13194c94b314) Importer(2089858483,b0f066a214c2f5e87bad3c948f4d605d)
Start importing Assets/Aztech Games/PC&ConsoleButtonsIcons/Keyboard/ı.png using Guid(312cbec68ba0e584abdb13194c94b314) Importer(2089858483,b0f066a214c2f5e87bad3c948f4d605d) (ScriptedImporter) -> (artifact id: 'cb41c3c127539cafa4073d0544bfaef6') in 0.0353407 seconds
Number of updated asset objects reloaded before import = 0Number of asset objects unloaded after import = 3

========================================================================
Received Import Request.
  Time since last request: 0.000032 seconds.
  path: Assets/Aztech Games/PC&ConsoleButtonsIcons/Keyboard/pageDown.png
  artifactKey: Guid(ddb40842c01d218438ead0cd335ed047) Importer(2089858483,b0f066a214c2f5e87bad3c948f4d605d)
Start importing Assets/Aztech Games/PC&ConsoleButtonsIcons/Keyboard/pageDown.png using Guid(ddb40842c01d218438ead0cd335ed047) Importer(2089858483,b0f066a214c2f5e87bad3c948f4d605d) (ScriptedImporter) -> (artifact id: 'dc9dacbd1d8cf39b4b5a8235658493b1') in 0.0273619 seconds
Number of updated asset objects reloaded before import = 0Number of asset objects unloaded after import = 3

Editor requested this worker to shutdown with reason: Scaling down because of idle timeout
AssetImportWorker is now disconnected from the server
Process exiting
Exiting without the bug reporter. Application will terminate with return code 0