[Licensing::Module] Trying to connect to existing licensing client channel...
Built from '6000.3/staging' branch; Version is '6000.3.9f1 (7a9955a4f2fa) revision 8034645'; Using compiler version '194234433'; Build Type 'Release'
OS: 'Windows 11  (10.0.26200) Core' Language: 'en' Physical Memory: 15743 MB
BatchMode: 1, IsHumanControllingUs: 0, StartBugReporterOnCrash: 0, Is64bit: 1
System  architecture: x64
Process architecture: x64
Date: 2026-09-09T13:59:52Z
[Licensing::IpcConnector] Successfully connected to: "LicenseClient-Mehran" at "2026-09-09T13:59:52.056002Z"
[Licensing::Client] Code 10 while verifying Licensing Client signature (process Id: 11380, path: "C:/Program Files/Unity Hub/UnityLicensingClient_V1/Unity.Licensing.Client.exe")
[Licensing::Module] LicensingClient has failed validation; ignoring
[Licensing::Client] Handshaking with LicensingClient:
  Version:                 1.18.3+d7ffd15
  Session Id:              4866838aa51948279c1b377defca781e
  Correlation Id:          43817759048f46e5ba48ca5501f664c0
  External correlation Id: 2821641498816508064
  Machine Id:              DK+L0caBMZTr5YsxNxL4HGi2ATY=
[Licensing::Module] Successfully connected to LicensingClient on channel: "LicenseClient-Mehran" (connect: 0.00s, validation: 0.00s, handshake: 0.06s)
[Licensing::IpcConnector] Successfully connected to: "LicenseClient-Mehran-notifications" at "2026-09-09T13:59:52.1189477Z"
[Licensing::Module] Licensing Background thread has ended after 0.06s

COMMAND LINE ARGUMENTS:
C:\Program Files\Unity\Hub\Editor\6000.3.9f1\Editor\Unity.exe
-adb2
-batchMode
-noUpm
-name
AssetImportWorker1
-projectPath
C:/Users/Mehran/unitygames/SMRITICARE APP/SmritiCare_App
-logFile
Logs/AssetImportWorker1.log
-srvPort
55967
-licensingIpc
LicenseClient-Mehran
-job-worker-count
5
-background-job-worker-count
8
-gc-helper-count
1
-name
AssetImport
Successfully changed project path to: C:/Users/Mehran/unitygames/SMRITICARE APP/SmritiCare_App
C:/Users/Mehran/unitygames/SMRITICARE APP/SmritiCare_App
[UnityMemory] Configuration Parameters - Can be set up in boot.config
    "memorysetup-temp-allocator-size-nav-mesh-worker=65536"
    "memorysetup-temp-allocator-size-audio-worker=65536"
    "memorysetup-temp-allocator-size-gfx=262144"
    "memorysetup-allocator-temp-initial-block-size-main=262144"
    "memorysetup-allocator-temp-initial-block-size-worker=262144"
    "memorysetup-temp-allocator-size-background-worker=32768"
    "memorysetup-temp-allocator-size-job-worker=262144"
    "memorysetup-temp-allocator-size-preload-manager=33554432"
    "memorysetup-temp-allocator-size-gi-baking-worker=262144"
    "memorysetup-temp-allocator-size-gi-baking-worker=262144"
    "memorysetup-temp-allocator-size-gi-baking-worker=262144"
    "memorysetup-temp-allocator-size-gi-baking-worker=262144"
    "memorysetup-temp-allocator-size-gi-baking-worker=262144"
    "memorysetup-bucket-allocator-granularity=16"
    "memorysetup-bucket-allocator-bucket-count=8"
    "memorysetup-bucket-allocator-block-size=33554432"
    "memorysetup-bucket-allocator-block-count=8"
    "memorysetup-main-allocator-block-size=16777216"
    "memorysetup-thread-allocator-block-size=16777216"
    "memorysetup-gfx-main-allocator-block-size=16777216"
    "memorysetup-gfx-thread-allocator-block-size=16777216"
    "memorysetup-cache-allocator-block-size=4194304"
    "memorysetup-typetree-allocator-block-size=2097152"
    "memorysetup-profiler-bucket-allocator-granularity=16"
    "memorysetup-profiler-bucket-allocator-bucket-count=8"
    "memorysetup-profiler-bucket-allocator-block-size=33554432"
    "memorysetup-profiler-bucket-allocator-block-count=8"
    "memorysetup-profiler-allocator-block-size=16777216"
    "memorysetup-profiler-editor-allocator-block-size=1048576"
    "memorysetup-temp-allocator-size-main=16777216"
    "memorysetup-job-temp-allocator-block-size=2097152"
    "memorysetup-job-temp-allocator-block-size-background=1048576"
    "memorysetup-job-temp-allocator-reduction-small-platforms=262144"
    "memorysetup-temp-allocator-size-cloud-worker=32768"
Player connection [10308]  Target information:

Player connection [10308]  * "[IP] 192.168.1.2 [Port] 0 [Flags] 2 [Guid] 1060556956 [EditorId] 1060556956 [Version] 1048832 [Id] WindowsEditor(7,DESKTOP-FKC2D1R) [Debug] 1 [PackageName] WindowsEditor [ProjectName] Editor" 

Player connection [10308] Host joined multi-casting on [225.0.0.222:54997]...
Player connection [10308] Host joined alternative multi-casting on [225.0.0.222:34997]...
JobSystem: Creating JobQueue using job-worker-count value 5
Input System module state changed to: Initialized.
[Physics::Module] Initialized fallback backend.
[Physics::Module] Id: 0xdecafbad
Library Redirect Path: Library/
[Physics::Module] Selected backend.
[Physics::Module] Name: PhysX
[Physics::Module] Id: 0xf2b8ea05
[Physics::Module] SDK Version: 4.1.2
[Physics::Module] Integration Version: 1.0.0
[Physics::Module] Threading Mode: Multi-Threaded
Refreshing native plugins compatible for Editor in 6.04 ms, found 4 plugins.
Preloading 0 native plugins for Editor in 0.00 ms.
Initialize engine version: 6000.3.9f1 (7a9955a4f2fa)
[Subsystems] Discovering subsystems at path C:/Program Files/Unity/Hub/Editor/6000.3.9f1/Editor/Data/Resources/UnitySubsystems
[Subsystems] Discovering subsystems at path C:/Users/Mehran/unitygames/SMRITICARE APP/SmritiCare_App/Assets
GfxDevice: creating device client; kGfxThreadingModeNonThreaded
Direct3D:
    Version:  Direct3D 11.0 [level 11.1]
    Renderer: AMD Radeon(TM) Graphics (ID=0x1638)
    Vendor:   ATI
    VRAM:     7871 MB
    Driver:   31.0.21923.11000
Initialize mono
Mono path[0] = 'C:/Program Files/Unity/Hub/Editor/6000.3.9f1/Editor/Data/Managed'
Mono path[1] = 'C:/Program Files/Unity/Hub/Editor/6000.3.9f1/Editor/Data/MonoBleedingEdge/lib/mono/unityjit-win32'
Mono config path = 'C:/Program Files/Unity/Hub/Editor/6000.3.9f1/Editor/Data/MonoBleedingEdge/etc'
Using monoOptions --debugger-agent=transport=dt_socket,embedding=1,server=y,suspend=n,address=127.0.0.1:56256
Begin MonoManager ReloadAssembly
Registering precompiled unity dll's ...
Register platform support module: C:/Program Files/Unity/Hub/Editor/6000.3.9f1/Editor/Data/PlaybackEngines/WebGLSupport/UnityEditor.WebGL.Extensions.dll
Register platform support module: C:/Program Files/Unity/Hub/Editor/6000.3.9f1/Editor/Data/PlaybackEngines/WindowsStandaloneSupport/UnityEditor.WindowsStandalone.Extensions.dll
Registered in 0.003139 seconds.
- Loaded All Assemblies, in  0.543 seconds
Native extension for WindowsStandalone target not found
Native extension for WebGL target not found
ScheduleIndexationOnStartup MainProcess:False IndexOnStartup:True
Mono: successfully reloaded assembly
- Finished resetting the current domain, in  0.562 seconds
Domain Reload Profiling: 1100ms
	BeginReloadAssembly (205ms)
		ExecutionOrderSort (0ms)
		DisableScriptedObjects (0ms)
		BackupInstance (0ms)
		ReleaseScriptingObjects (0ms)
		CreateAndSetChildDomain (1ms)
	RebuildCommonClasses (41ms)
	RebuildNativeTypeToScriptingClass (12ms)
	initialDomainReloadingComplete (66ms)
	LoadAllAssembliesAndSetupDomain (215ms)
		LoadAssemblies (199ms)
		RebuildTransferFunctionScriptingTraits (0ms)
		AnalyzeDomain (209ms)
			TypeCache.Refresh (206ms)
				TypeCache.ScanAssembly (188ms)
			BuildScriptInfoCaches (0ms)
			ResolveRequiredComponents (0ms)
	FinalizeReload (562ms)
		ReleaseScriptCaches (0ms)
		RebuildScriptCaches (0ms)
		SetupLoadedEditorAssemblies (506ms)
			LogAssemblyErrors (0ms)
			InitializePlatformSupportModulesInManaged (68ms)
			SetLoadedEditorAssemblies (4ms)
			BeforeProcessingInitializeOnLoad (127ms)
			ProcessInitializeOnLoadAttributes (215ms)
			ProcessInitializeOnLoadMethodAttributes (91ms)
			AfterProcessingInitializeOnLoad (0ms)
			EditorAssembliesLoaded (0ms)
		ExecutionOrderSort2 (0ms)
		AwakeInstancesAfterBackupRestoration (0ms)
========================================================================
Worker process is ready to serve import requests
Import Worker Mode flag is 0x00
Begin MonoManager ReloadAssembly
[Licensing::Client] Successfully resolved entitlement details
[Licensing::Module] License group:
  Id: 13469805414795-UnityPersXXXX
  Product: Unity Personal
  Type: Assigned
  Expiration: Unlimited
- Loaded All Assemblies, in  1.231 seconds
Refreshing native plugins compatible for Editor in 2.41 ms, found 4 plugins.
Native extension for WindowsStandalone target not found
Native extension for WebGL target not found
Package Manager log level set to [2]
[Package Manager] Failed to launch server process. Reason: Unity was launched with the -noUpm command-line argument
[Package Manager] Unable to send message (not connected to server process).
[Package Manager] Cannot connect to Unity Package Manager local server
ScheduleIndexationOnStartup MainProcess:False IndexOnStartup:True
Mono: successfully reloaded assembly
- Finished resetting the current domain, in  1.179 seconds
Domain Reload Profiling: 2397ms
	BeginReloadAssembly (260ms)
		ExecutionOrderSort (0ms)
		DisableScriptedObjects (7ms)
		BackupInstance (0ms)
		ReleaseScriptingObjects (0ms)
		CreateAndSetChildDomain (50ms)
	RebuildCommonClasses (47ms)
	RebuildNativeTypeToScriptingClass (12ms)
	initialDomainReloadingComplete (57ms)
	LoadAllAssembliesAndSetupDomain (841ms)
		LoadAssemblies (630ms)
		RebuildTransferFunctionScriptingTraits (0ms)
		AnalyzeDomain (360ms)
			TypeCache.Refresh (252ms)
				TypeCache.ScanAssembly (226ms)
			BuildScriptInfoCaches (93ms)
			ResolveRequiredComponents (11ms)
	FinalizeReload (1179ms)
		ReleaseScriptCaches (0ms)
		RebuildScriptCaches (0ms)
		SetupLoadedEditorAssemblies (962ms)
			LogAssemblyErrors (0ms)
			InitializePlatformSupportModulesInManaged (3ms)
			SetLoadedEditorAssemblies (7ms)
			BeforeProcessingInitializeOnLoad (281ms)
			ProcessInitializeOnLoadAttributes (463ms)
			ProcessInitializeOnLoadMethodAttributes (199ms)
			AfterProcessingInitializeOnLoad (9ms)
			EditorAssembliesLoaded (0ms)
		ExecutionOrderSort2 (0ms)
		AwakeInstancesAfterBackupRestoration (10ms)
Launched and connected shader compiler UnityShaderCompiler.exe after 0.02 seconds
Refreshing native plugins compatible for Editor in 2.74 ms, found 4 plugins.
Preloading 0 native plugins for Editor in 0.00 ms.
Unloading 16 Unused Serialized files (Serialized files now loaded: 0)
Unloading 7004 unused Assets / (4.7 MB). Loaded Objects now: 7836.
Memory consumption went from 158.1 MB to 153.4 MB.
Total: 14.797300 ms (FindLiveObjects: 1.926400 ms CreateObjectMapping: 0.803000 ms MarkObjects: 7.859100 ms  DeleteObjects: 4.206300 ms)

========================================================================
Received Import Request.
  Time since last request: 16607.586493 seconds.
  path: Assets/Cartoon UI/Icons/Gem4 Blue.png
  artifactKey: Guid(1290acea4c4cd4c439190e19f2586d4a) Importer(2089858483,b0f066a214c2f5e87bad3c948f4d605d)
Start importing Assets/Cartoon UI/Icons/Gem4 Blue.png using Guid(1290acea4c4cd4c439190e19f2586d4a) Importer(2089858483,b0f066a214c2f5e87bad3c948f4d605d) (ScriptedImporter) -> (artifact id: '524ea3e37bc28136a1c13c502f3967e0') in 0.1442167 seconds
Number of updated asset objects reloaded before import = 0Number of asset objects unloaded after import = 3

========================================================================
Received Import Request.
  Time since last request: 0.000021 seconds.
  path: Assets/Settings/Lit2DSceneTemplate.scenetemplate
  artifactKey: Guid(d03ed43fc9d8a4f2e9fa70c1c7916eb9) Importer(2089858483,b0f066a214c2f5e87bad3c948f4d605d)
Start importing Assets/Settings/Lit2DSceneTemplate.scenetemplate using Guid(d03ed43fc9d8a4f2e9fa70c1c7916eb9) Importer(2089858483,b0f066a214c2f5e87bad3c948f4d605d) (ScriptedImporter) -> (artifact id: '2545a9ff985b86fb53351833e0295ef5') in 0.0780122 seconds
Number of updated asset objects reloaded before import = 0Number of asset objects unloaded after import = 3

========================================================================
Received Import Request.
  Time since last request: 0.000027 seconds.
  path: Assets/Cartoon UI/Cartoon UI Instructions PDF.pdf
  artifactKey: Guid(0920f02abbb6d074ea1248ee498bad3f) Importer(2089858483,b0f066a214c2f5e87bad3c948f4d605d)
Start importing Assets/Cartoon UI/Cartoon UI Instructions PDF.pdf using Guid(0920f02abbb6d074ea1248ee498bad3f) Importer(2089858483,b0f066a214c2f5e87bad3c948f4d605d) (ScriptedImporter) -> (artifact id: '67b28ad58d6d226f8e718ed7bd699197') in 0.0105454 seconds
Number of updated asset objects reloaded before import = 0Number of asset objects unloaded after import = 1

========================================================================
Received Import Request.
  Time since last request: 0.000016 seconds.
  path: Assets/Cartoon UI/Icons/Bomb.png
  artifactKey: Guid(529f22278e111fd48afb010592848a41) Importer(2089858483,b0f066a214c2f5e87bad3c948f4d605d)
Start importing Assets/Cartoon UI/Icons/Bomb.png using Guid(529f22278e111fd48afb010592848a41) Importer(2089858483,b0f066a214c2f5e87bad3c948f4d605d) (ScriptedImporter) -> (artifact id: '1fbfe47fd11f859acbf3c9fe68eb8309') in 0.0145164 seconds
Number of updated asset objects reloaded before import = 0Number of asset objects unloaded after import = 3

========================================================================
Received Import Request.
  Time since last request: 0.000049 seconds.
  path: Assets/Cartoon UI/Icons/Cash.png
  artifactKey: Guid(c319f110a9600334582f23d782aa076c) Importer(2089858483,b0f066a214c2f5e87bad3c948f4d605d)
Start importing Assets/Cartoon UI/Icons/Cash.png using Guid(c319f110a9600334582f23d782aa076c) Importer(2089858483,b0f066a214c2f5e87bad3c948f4d605d) (ScriptedImporter) -> (artifact id: 'b8fd0b9d903ab526e172e2188f74c2bb') in 0.0178754 seconds
Number of updated asset objects reloaded before import = 0Number of asset objects unloaded after import = 3

========================================================================
Received Import Request.
  Time since last request: 0.000019 seconds.
  path: Assets/Cartoon UI/Icons/Candy Cane.png
  artifactKey: Guid(f69c728cc7ea2394aa42329e4bb802b8) Importer(2089858483,b0f066a214c2f5e87bad3c948f4d605d)
Start importing Assets/Cartoon UI/Icons/Candy Cane.png using Guid(f69c728cc7ea2394aa42329e4bb802b8) Importer(2089858483,b0f066a214c2f5e87bad3c948f4d605d) (ScriptedImporter) -> (artifact id: '966918a9c88199f28320c63e6d1e65d3') in 0.0135188 seconds
Number of updated asset objects reloaded before import = 0Number of asset objects unloaded after import = 3

========================================================================
Received Import Request.
  Time since last request: 0.000021 seconds.
  path: Assets/Cartoon UI/Icons/Earphones.png
  artifactKey: Guid(52e2204b1175f7a418efd3c401878051) Importer(2089858483,b0f066a214c2f5e87bad3c948f4d605d)
Start importing Assets/Cartoon UI/Icons/Earphones.png using Guid(52e2204b1175f7a418efd3c401878051) Importer(2089858483,b0f066a214c2f5e87bad3c948f4d605d) (ScriptedImporter) -> (artifact id: '72620a83b0b7bb066285706e63f692eb') in 0.0164061 seconds
Number of updated asset objects reloaded before import = 0Number of asset objects unloaded after import = 3

========================================================================
Received Import Request.
  Time since last request: 0.000052 seconds.
  path: Assets/Cartoon UI/Icons/Gem5 Green.png
  artifactKey: Guid(6da996cadff30e2478cb12f49f57d5e7) Importer(2089858483,b0f066a214c2f5e87bad3c948f4d605d)
Start importing Assets/Cartoon UI/Icons/Gem5 Green.png using Guid(6da996cadff30e2478cb12f49f57d5e7) Importer(2089858483,b0f066a214c2f5e87bad3c948f4d605d) (ScriptedImporter) -> (artifact id: '1fedf76e11cc9c9e71c4385e249eadd3') in 0.0149489 seconds
Number of updated asset objects reloaded before import = 0Number of asset objects unloaded after import = 3

========================================================================
Received Import Request.
  Time since last request: 0.000042 seconds.
  path: Assets/Cartoon UI/Customizable/Custom Toggle Dot.prefab
  artifactKey: Guid(98124d022e7743140a358cf39843b27b) Importer(2089858483,b0f066a214c2f5e87bad3c948f4d605d)
Start importing Assets/Cartoon UI/Customizable/Custom Toggle Dot.prefab using Guid(98124d022e7743140a358cf39843b27b) Importer(2089858483,b0f066a214c2f5e87bad3c948f4d605d) (ScriptedImporter) -> (artifact id: '8e223c08005d3b7c94fe1a1e777fa035') in 0.0733397 seconds
Number of updated asset objects reloaded before import = 0Number of asset objects unloaded after import = 15

========================================================================
Received Import Request.
  Time since last request: 0.000016 seconds.
  path: Assets/Cartoon UI/Icons/Blue Flag.png
  artifactKey: Guid(4c2b1fb8dfb78e7488c1a53144547575) Importer(2089858483,b0f066a214c2f5e87bad3c948f4d605d)
Start importing Assets/Cartoon UI/Icons/Blue Flag.png using Guid(4c2b1fb8dfb78e7488c1a53144547575) Importer(2089858483,b0f066a214c2f5e87bad3c948f4d605d) (ScriptedImporter) -> (artifact id: 'ea7dbde0ab15a59972f0acea47bc2e76') in 0.018586 seconds
Number of updated asset objects reloaded before import = 0Number of asset objects unloaded after import = 3

========================================================================
Received Import Request.
  Time since last request: 0.000019 seconds.
  path: Assets/Settings/Renderer2D.asset
  artifactKey: Guid(424799608f7334c24bf367e4bbfa7f9a) Importer(2089858483,b0f066a214c2f5e87bad3c948f4d605d)
Start importing Assets/Settings/Renderer2D.asset using Guid(424799608f7334c24bf367e4bbfa7f9a) Importer(2089858483,b0f066a214c2f5e87bad3c948f4d605d) (ScriptedImporter) -> (artifact id: 'e846613040c0ac739b2633fb0bc3bb3a') in 0.0292794 seconds
Number of updated asset objects reloaded before import = 0Number of asset objects unloaded after import = 1

========================================================================
Received Import Request.
  Time since last request: 0.000031 seconds.
  path: Assets/Cartoon UI/Icons/Bronze Key.png
  artifactKey: Guid(1cf63890f4b994840b0cd725d7c5a71f) Importer(2089858483,b0f066a214c2f5e87bad3c948f4d605d)
Start importing Assets/Cartoon UI/Icons/Bronze Key.png using Guid(1cf63890f4b994840b0cd725d7c5a71f) Importer(2089858483,b0f066a214c2f5e87bad3c948f4d605d) (ScriptedImporter) -> (artifact id: '82978b7f50a79f4c70becb68e6590633') in 0.0169113 seconds
Number of updated asset objects reloaded before import = 0Number of asset objects unloaded after import = 3

========================================================================
Received Import Request.
  Time since last request: 0.000025 seconds.
  path: Assets/Cartoon UI/Icons/Candy 2.png
  artifactKey: Guid(3e265f7a1e0e4904eb2e5f09deba4a64) Importer(2089858483,b0f066a214c2f5e87bad3c948f4d605d)
Start importing Assets/Cartoon UI/Icons/Candy 2.png using Guid(3e265f7a1e0e4904eb2e5f09deba4a64) Importer(2089858483,b0f066a214c2f5e87bad3c948f4d605d) (ScriptedImporter) -> (artifact id: 'a73345d187cf17e3f4b10a48a5bdb9c7') in 0.0215796 seconds
Number of updated asset objects reloaded before import = 0Number of asset objects unloaded after import = 3

========================================================================
Received Import Request.
  Time since last request: 0.000051 seconds.
  path: Assets/_Recovery/0.unity
  artifactKey: Guid(a20a7661dd1e0fa439b0705e8ef3372e) Importer(815301076,1909f56bfc062723c751e8b465ee728b)
Start importing Assets/_Recovery/0.unity using Guid(a20a7661dd1e0fa439b0705e8ef3372e) Importer(815301076,1909f56bfc062723c751e8b465ee728b) (PreviewImporter) -> (artifact id: '09b64b87d795f87cc8b2a9964bcfaec5') in 0.0010008 seconds
Number of updated asset objects reloaded before import = 0Number of asset objects unloaded after import = 0

========================================================================
Received Import Request.
  Time since last request: 0.000019 seconds.
  path: Assets/Cartoon UI/Icons/Energy Green.png
  artifactKey: Guid(8cba42e0abb3fa440a25190bc723f18e) Importer(2089858483,b0f066a214c2f5e87bad3c948f4d605d)
Start importing Assets/Cartoon UI/Icons/Energy Green.png using Guid(8cba42e0abb3fa440a25190bc723f18e) Importer(2089858483,b0f066a214c2f5e87bad3c948f4d605d) (ScriptedImporter) -> (artifact id: '33589b83c23bab7d61473f57dff406f8') in 0.0198164 seconds
Number of updated asset objects reloaded before import = 0Number of asset objects unloaded after import = 3

========================================================================
Received Import Request.
  Time since last request: 0.000019 seconds.
  path: Assets/UniversalRenderPipelineGlobalSettings.asset
  artifactKey: Guid(93b439a37f63240aca3dd4e01d978a9f) Importer(2089858483,b0f066a214c2f5e87bad3c948f4d605d)
Start importing Assets/UniversalRenderPipelineGlobalSettings.asset using Guid(93b439a37f63240aca3dd4e01d978a9f) Importer(2089858483,b0f066a214c2f5e87bad3c948f4d605d) (ScriptedImporter) -> (artifact id: '13c28bb8739d21f61e3e38e0ecfd56e6') in 0.0722831 seconds
Number of updated asset objects reloaded before import = 0Number of asset objects unloaded after import = 0

========================================================================
Received Import Request.
  Time since last request: 0.000027 seconds.
  path: Assets/Cartoon UI/Icons/Energy Red.png
  artifactKey: Guid(744dd3afe410b2442828b1a8f686282e) Importer(2089858483,b0f066a214c2f5e87bad3c948f4d605d)
Start importing Assets/Cartoon UI/Icons/Energy Red.png using Guid(744dd3afe410b2442828b1a8f686282e) Importer(2089858483,b0f066a214c2f5e87bad3c948f4d605d) (ScriptedImporter) -> (artifact id: '831d402aecc430c03d754dd7f0ee221b') in 0.0170654 seconds
Number of updated asset objects reloaded before import = 0Number of asset objects unloaded after import = 3

========================================================================
Received Import Request.
  Time since last request: 0.000021 seconds.
  path: Assets/Cartoon UI/Icons/fox.png
  artifactKey: Guid(2f7534cd467b3f3489259a573c185302) Importer(2089858483,b0f066a214c2f5e87bad3c948f4d605d)
Start importing Assets/Cartoon UI/Icons/fox.png using Guid(2f7534cd467b3f3489259a573c185302) Importer(2089858483,b0f066a214c2f5e87bad3c948f4d605d) (ScriptedImporter) -> (artifact id: 'd95bac9f8172b808dac00436d57061c9') in 0.0141227 seconds
Number of updated asset objects reloaded before import = 0Number of asset objects unloaded after import = 3

========================================================================
Received Import Request.
  Time since last request: 0.000019 seconds.
  path: Assets/Cartoon UI/Icons/Fire.png
  artifactKey: Guid(427c437c2692a3e47848d74afe733c35) Importer(2089858483,b0f066a214c2f5e87bad3c948f4d605d)
Start importing Assets/Cartoon UI/Icons/Fire.png using Guid(427c437c2692a3e47848d74afe733c35) Importer(2089858483,b0f066a214c2f5e87bad3c948f4d605d) (ScriptedImporter) -> (artifact id: 'af3d73fce47f6de323db42ae7e1af35b') in 0.0186292 seconds
Number of updated asset objects reloaded before import = 0Number of asset objects unloaded after import = 3

========================================================================
Received Import Request.
  Time since last request: 0.000022 seconds.
  path: Assets/Cartoon UI/Icons/Gem3 Purple.png
  artifactKey: Guid(3b481f057063526469409384d3a302ac) Importer(2089858483,b0f066a214c2f5e87bad3c948f4d605d)
Start importing Assets/Cartoon UI/Icons/Gem3 Purple.png using Guid(3b481f057063526469409384d3a302ac) Importer(2089858483,b0f066a214c2f5e87bad3c948f4d605d) (ScriptedImporter) -> (artifact id: '5d7f89191500a6832a73c10d8a574140') in 0.0194634 seconds
Number of updated asset objects reloaded before import = 0Number of asset objects unloaded after import = 3

========================================================================
Received Import Request.
  Time since last request: 0.000091 seconds.
  path: Assets/Cartoon UI/Customizable/Custom Long Square Button.prefab
  artifactKey: Guid(613049df10eadf94b9f02f55930eb3d2) Importer(2089858483,b0f066a214c2f5e87bad3c948f4d605d)
Start importing Assets/Cartoon UI/Customizable/Custom Long Square Button.prefab using Guid(613049df10eadf94b9f02f55930eb3d2) Importer(2089858483,b0f066a214c2f5e87bad3c948f4d605d) (ScriptedImporter) -> (artifact id: '6e0bb066e5da261f947abd2528b31b97') in 0.0159388 seconds
Number of updated asset objects reloaded before import = 0Number of asset objects unloaded after import = 25

========================================================================
Received Import Request.
  Time since last request: 0.000033 seconds.
  path: Assets/Cartoon UI/Icons/Gem1 Orange.png
  artifactKey: Guid(c1bbfb663fd1b7545b8ae7dee0f8a587) Importer(2089858483,b0f066a214c2f5e87bad3c948f4d605d)
Start importing Assets/Cartoon UI/Icons/Gem1 Orange.png using Guid(c1bbfb663fd1b7545b8ae7dee0f8a587) Importer(2089858483,b0f066a214c2f5e87bad3c948f4d605d) (ScriptedImporter) -> (artifact id: '28efaf0511ae99b39ec7987f83089900') in 0.0186857 seconds
Number of updated asset objects reloaded before import = 0Number of asset objects unloaded after import = 3

========================================================================
Received Import Request.
  Time since last request: 0.000020 seconds.
  path: Assets/Cartoon UI/Icons/Moon.png
  artifactKey: Guid(1db1377fee600244e90f9d6bd89ef14e) Importer(2089858483,b0f066a214c2f5e87bad3c948f4d605d)
Start importing Assets/Cartoon UI/Icons/Moon.png using Guid(1db1377fee600244e90f9d6bd89ef14e) Importer(2089858483,b0f066a214c2f5e87bad3c948f4d605d) (ScriptedImporter) -> (artifact id: 'af0d413dda140284297765d843e729f6') in 0.0125118 seconds
Number of updated asset objects reloaded before import = 0Number of asset objects unloaded after import = 3

========================================================================
Received Import Request.
  Time since last request: 0.000026 seconds.
  path: Assets/Cartoon UI/Icons/Map Point.png
  artifactKey: Guid(3efbcc7b44f6c36479af39c417031e36) Importer(2089858483,b0f066a214c2f5e87bad3c948f4d605d)
Start importing Assets/Cartoon UI/Icons/Map Point.png using Guid(3efbcc7b44f6c36479af39c417031e36) Importer(2089858483,b0f066a214c2f5e87bad3c948f4d605d) (ScriptedImporter) -> (artifact id: '563929e074a323550b1e912e83d04ad5') in 0.0194129 seconds
Number of updated asset objects reloaded before import = 0Number of asset objects unloaded after import = 3

========================================================================
Received Import Request.
  Time since last request: 0.000033 seconds.
  path: Assets/Cartoon UI/Icons/Gem7 Green.png
  artifactKey: Guid(1a673d4dc7bdec84697fd9f4ef6d9c3b) Importer(2089858483,b0f066a214c2f5e87bad3c948f4d605d)
Start importing Assets/Cartoon UI/Icons/Gem7 Green.png using Guid(1a673d4dc7bdec84697fd9f4ef6d9c3b) Importer(2089858483,b0f066a214c2f5e87bad3c948f4d605d) (ScriptedImporter) -> (artifact id: '110a4f92695df4b6f155d0b8fe32bd93') in 0.0196937 seconds
Number of updated asset objects reloaded before import = 0Number of asset objects unloaded after import = 3

========================================================================
Received Import Request.
  Time since last request: 0.000035 seconds.
  path: Assets/Cartoon UI/Icons/Gift Yellow 2.png
  artifactKey: Guid(464425377b76a0543a7a19e38dd20345) Importer(2089858483,b0f066a214c2f5e87bad3c948f4d605d)
Start importing Assets/Cartoon UI/Icons/Gift Yellow 2.png using Guid(464425377b76a0543a7a19e38dd20345) Importer(2089858483,b0f066a214c2f5e87bad3c948f4d605d) (ScriptedImporter) -> (artifact id: '57b67125aa1ddf693a422e6e08849476') in 0.1471236 seconds
Number of updated asset objects reloaded before import = 0Number of asset objects unloaded after import = 3

========================================================================
Received Import Request.
  Time since last request: 0.000033 seconds.
  path: Assets/Cartoon UI/Icons/Not Available.png
  artifactKey: Guid(3529cdd5154450443ba34c1bcac24fa2) Importer(2089858483,b0f066a214c2f5e87bad3c948f4d605d)
Start importing Assets/Cartoon UI/Icons/Not Available.png using Guid(3529cdd5154450443ba34c1bcac24fa2) Importer(2089858483,b0f066a214c2f5e87bad3c948f4d605d) (ScriptedImporter) -> (artifact id: '531f3b16d37bf91c94451c903a78dedd') in 0.0198578 seconds
Number of updated asset objects reloaded before import = 0Number of asset objects unloaded after import = 3

========================================================================
Received Import Request.
  Time since last request: 0.000016 seconds.
  path: Assets/Cartoon UI/Icons/Gem5 Red.png
  artifactKey: Guid(9a4841dfe3437a045b4782d81da27e0d) Importer(2089858483,b0f066a214c2f5e87bad3c948f4d605d)
Start importing Assets/Cartoon UI/Icons/Gem5 Red.png using Guid(9a4841dfe3437a045b4782d81da27e0d) Importer(2089858483,b0f066a214c2f5e87bad3c948f4d605d) (ScriptedImporter) -> (artifact id: '67e2fd27ce40f705142149999c2cef37') in 0.0190456 seconds
Number of updated asset objects reloaded before import = 0Number of asset objects unloaded after import = 3

========================================================================
Received Import Request.
  Time since last request: 0.000022 seconds.
  path: Assets/Cartoon UI/Icons/Gem7 Purple.png
  artifactKey: Guid(e349b47fce4c0af4ba0da5504d4b3c2f) Importer(2089858483,b0f066a214c2f5e87bad3c948f4d605d)
Start importing Assets/Cartoon UI/Icons/Gem7 Purple.png using Guid(e349b47fce4c0af4ba0da5504d4b3c2f) Importer(2089858483,b0f066a214c2f5e87bad3c948f4d605d) (ScriptedImporter) -> (artifact id: '55c2eb96be9c4f7ed598fc0c494ac93b') in 0.0181627 seconds
Number of updated asset objects reloaded before import = 0Number of asset objects unloaded after import = 3

========================================================================
Received Import Request.
  Time since last request: 0.000023 seconds.
  path: Assets/Cartoon UI/Icons/Grape.png
  artifactKey: Guid(5dce161669810e04696fa6875356486e) Importer(2089858483,b0f066a214c2f5e87bad3c948f4d605d)
Start importing Assets/Cartoon UI/Icons/Grape.png using Guid(5dce161669810e04696fa6875356486e) Importer(2089858483,b0f066a214c2f5e87bad3c948f4d605d) (ScriptedImporter) -> (artifact id: 'bf2c9144faeddc463410b6794c3bc6c0') in 0.0206491 seconds
Number of updated asset objects reloaded before import = 0Number of asset objects unloaded after import = 3

========================================================================
Received Import Request.
  Time since last request: 0.000023 seconds.
  path: Assets/Cartoon UI/Icons/Gold Lock.png
  artifactKey: Guid(62b2db9eb9465aa47b7b8ae3e2484121) Importer(2089858483,b0f066a214c2f5e87bad3c948f4d605d)
Start importing Assets/Cartoon UI/Icons/Gold Lock.png using Guid(62b2db9eb9465aa47b7b8ae3e2484121) Importer(2089858483,b0f066a214c2f5e87bad3c948f4d605d) (ScriptedImporter) -> (artifact id: 'bdc5275edce1a07b9f9d5b762a76f678') in 0.0168685 seconds
Number of updated asset objects reloaded before import = 0Number of asset objects unloaded after import = 3

========================================================================
Received Import Request.
  Time since last request: 0.000021 seconds.
  path: Assets/Cartoon UI/Icons/Gem6 Red.png
  artifactKey: Guid(a2b09a55ab3b0444880568008e39d012) Importer(2089858483,b0f066a214c2f5e87bad3c948f4d605d)
Start importing Assets/Cartoon UI/Icons/Gem6 Red.png using Guid(a2b09a55ab3b0444880568008e39d012) Importer(2089858483,b0f066a214c2f5e87bad3c948f4d605d) (ScriptedImporter) -> (artifact id: '08805cc39ab70dedcf20662f191560b2') in 0.0191736 seconds
Number of updated asset objects reloaded before import = 0Number of asset objects unloaded after import = 3

========================================================================
Received Import Request.
  Time since last request: 0.000039 seconds.
  path: Assets/Cartoon UI/Icons/Hammer.png
  artifactKey: Guid(c94226a7fdff7a348b26d7d19374f9d0) Importer(2089858483,b0f066a214c2f5e87bad3c948f4d605d)
Start importing Assets/Cartoon UI/Icons/Hammer.png using Guid(c94226a7fdff7a348b26d7d19374f9d0) Importer(2089858483,b0f066a214c2f5e87bad3c948f4d605d) (ScriptedImporter) -> (artifact id: '503262f7dda5ff8ce0e086073b640be9') in 0.0393817 seconds
Number of updated asset objects reloaded before import = 0Number of asset objects unloaded after import = 3

========================================================================
Received Import Request.
  Time since last request: 0.000018 seconds.
  path: Assets/Cartoon UI/Icons/Media.png
  artifactKey: Guid(d458e91378d08e448a8a2dfb7668c179) Importer(2089858483,b0f066a214c2f5e87bad3c948f4d605d)
Start importing Assets/Cartoon UI/Icons/Media.png using Guid(d458e91378d08e448a8a2dfb7668c179) Importer(2089858483,b0f066a214c2f5e87bad3c948f4d605d) (ScriptedImporter) -> (artifact id: 'a2f3f6c906ed1cf6123788d36f259997') in 0.1110617 seconds
Number of updated asset objects reloaded before import = 0Number of asset objects unloaded after import = 3

========================================================================
Received Import Request.
  Time since last request: 0.000028 seconds.
  path: Assets/Cartoon UI/Icons/Gem7 Blue.png
  artifactKey: Guid(533872ca8c3d65b41af04be9a1b45a4c) Importer(2089858483,b0f066a214c2f5e87bad3c948f4d605d)
Start importing Assets/Cartoon UI/Icons/Gem7 Blue.png using Guid(533872ca8c3d65b41af04be9a1b45a4c) Importer(2089858483,b0f066a214c2f5e87bad3c948f4d605d) (ScriptedImporter) -> (artifact id: '20e6c7c9b0aa831779244bd9bed25179') in 0.0166462 seconds
Number of updated asset objects reloaded before import = 0Number of asset objects unloaded after import = 3

========================================================================
Received Import Request.
  Time since last request: 0.000030 seconds.
  path: Assets/Cartoon UI/Icons/Magnifying Glass.png
  artifactKey: Guid(a2135b4f75b444e4f94827ea9d528bad) Importer(2089858483,b0f066a214c2f5e87bad3c948f4d605d)
Start importing Assets/Cartoon UI/Icons/Magnifying Glass.png using Guid(a2135b4f75b444e4f94827ea9d528bad) Importer(2089858483,b0f066a214c2f5e87bad3c948f4d605d) (ScriptedImporter) -> (artifact id: '8c803e01f0b57be68643e4cba379b8d4') in 0.01941 seconds
Number of updated asset objects reloaded before import = 0Number of asset objects unloaded after import = 3

========================================================================
Received Import Request.
  Time since last request: 0.000040 seconds.
  path: Assets/Cartoon UI/Icons/Orange.png
  artifactKey: Guid(dfade4dbdf685924e928c38b9232867a) Importer(2089858483,b0f066a214c2f5e87bad3c948f4d605d)
Start importing Assets/Cartoon UI/Icons/Orange.png using Guid(dfade4dbdf685924e928c38b9232867a) Importer(2089858483,b0f066a214c2f5e87bad3c948f4d605d) (ScriptedImporter) -> (artifact id: 'f549e6d18a50d9fb558e0bc4971f7f28') in 0.0235497 seconds
Number of updated asset objects reloaded before import = 0Number of asset objects unloaded after import = 3

========================================================================
Received Import Request.
  Time since last request: 0.000025 seconds.
  path: Assets/Cartoon UI/Icons/Gem5 Yellow.png
  artifactKey: Guid(cadea02bf5accff48aab7f3457134abf) Importer(2089858483,b0f066a214c2f5e87bad3c948f4d605d)
Start importing Assets/Cartoon UI/Icons/Gem5 Yellow.png using Guid(cadea02bf5accff48aab7f3457134abf) Importer(2089858483,b0f066a214c2f5e87bad3c948f4d605d) (ScriptedImporter) -> (artifact id: 'a3f5d970f5100834f3c112b9823db67f') in 0.0163007 seconds
Number of updated asset objects reloaded before import = 0Number of asset objects unloaded after import = 3

========================================================================
Received Import Request.
  Time since last request: 0.000054 seconds.
  path: Assets/Cartoon UI/Icons/Unlock Bronze.png
  artifactKey: Guid(31887f845fc4fcd44859680511b20583) Importer(2089858483,b0f066a214c2f5e87bad3c948f4d605d)
Start importing Assets/Cartoon UI/Icons/Unlock Bronze.png using Guid(31887f845fc4fcd44859680511b20583) Importer(2089858483,b0f066a214c2f5e87bad3c948f4d605d) (ScriptedImporter) -> (artifact id: 'b91ce10993f7e1da815a4f2cd3448667') in 0.0218786 seconds
Number of updated asset objects reloaded before import = 0Number of asset objects unloaded after import = 3

========================================================================
Received Import Request.
  Time since last request: 0.000020 seconds.
  path: Assets/Cartoon UI/Icons/Settings.png
  artifactKey: Guid(7d80014a6e59fff45adccde8e5ebed8b) Importer(2089858483,b0f066a214c2f5e87bad3c948f4d605d)
Start importing Assets/Cartoon UI/Icons/Settings.png using Guid(7d80014a6e59fff45adccde8e5ebed8b) Importer(2089858483,b0f066a214c2f5e87bad3c948f4d605d) (ScriptedImporter) -> (artifact id: '7c034f609b3b039f9cb0089a1c07a495') in 0.024567 seconds
Number of updated asset objects reloaded before import = 0Number of asset objects unloaded after import = 3

========================================================================
Received Import Request.
  Time since last request: 0.000046 seconds.
  path: Assets/Cartoon UI/Icons/Red Book.png
  artifactKey: Guid(c2a472c0d004aa444b54e4be2c8e5a16) Importer(2089858483,b0f066a214c2f5e87bad3c948f4d605d)
Start importing Assets/Cartoon UI/Icons/Red Book.png using Guid(c2a472c0d004aa444b54e4be2c8e5a16) Importer(2089858483,b0f066a214c2f5e87bad3c948f4d605d) (ScriptedImporter) -> (artifact id: '3e3a97038f96e213781d3e8e62f6625c') in 0.0196469 seconds
Number of updated asset objects reloaded before import = 0Number of asset objects unloaded after import = 3

========================================================================
Received Import Request.
  Time since last request: 0.000020 seconds.
  path: Assets/Cartoon UI/Panels/Store Orange.png
  artifactKey: Guid(ca237663a4b56d648a8c2479d15ac481) Importer(2089858483,b0f066a214c2f5e87bad3c948f4d605d)
Start importing Assets/Cartoon UI/Panels/Store Orange.png using Guid(ca237663a4b56d648a8c2479d15ac481) Importer(2089858483,b0f066a214c2f5e87bad3c948f4d605d) (ScriptedImporter) -> (artifact id: '12ceda487130fe2f972af332908359a2') in 0.0191594 seconds
Number of updated asset objects reloaded before import = 0Number of asset objects unloaded after import = 3

========================================================================
Received Import Request.
  Time since last request: 0.000036 seconds.
  path: Assets/Cartoon UI/Panels/Failed title bar.png
  artifactKey: Guid(fda4a1ee48a3d4348a2e0d84d21f506b) Importer(2089858483,b0f066a214c2f5e87bad3c948f4d605d)
Start importing Assets/Cartoon UI/Panels/Failed title bar.png using Guid(fda4a1ee48a3d4348a2e0d84d21f506b) Importer(2089858483,b0f066a214c2f5e87bad3c948f4d605d) (ScriptedImporter) -> (artifact id: 'f7905416983ac0c8a4df0458a9d5ce0f') in 0.0261544 seconds
Number of updated asset objects reloaded before import = 0Number of asset objects unloaded after import = 3

========================================================================
Received Import Request.
  Time since last request: 0.000030 seconds.
  path: Assets/Cartoon UI/Icons/Timer.png
  artifactKey: Guid(1baaa02dc8cfdfa48b33020ec53d2cac) Importer(2089858483,b0f066a214c2f5e87bad3c948f4d605d)
Start importing Assets/Cartoon UI/Icons/Timer.png using Guid(1baaa02dc8cfdfa48b33020ec53d2cac) Importer(2089858483,b0f066a214c2f5e87bad3c948f4d605d) (ScriptedImporter) -> (artifact id: 'eb685bc59622915a2e16c7f51ff76742') in 0.0159904 seconds
Number of updated asset objects reloaded before import = 0Number of asset objects unloaded after import = 3

========================================================================
Received Import Request.
  Time since last request: 0.000016 seconds.
  path: Assets/Cartoon UI/Icons/Store.png
  artifactKey: Guid(c3e56da55e40b1346b3cd568fd38acbe) Importer(2089858483,b0f066a214c2f5e87bad3c948f4d605d)
Start importing Assets/Cartoon UI/Icons/Store.png using Guid(c3e56da55e40b1346b3cd568fd38acbe) Importer(2089858483,b0f066a214c2f5e87bad3c948f4d605d) (ScriptedImporter) -> (artifact id: '4f42fd797f709c1f4640274cf019d811') in 0.0181576 seconds
Number of updated asset objects reloaded before import = 0Number of asset objects unloaded after import = 3

========================================================================
Received Import Request.
  Time since last request: 0.000017 seconds.
  path: Assets/Cartoon UI/Icons/Beef.png
  artifactKey: Guid(b8e47a6fb5d9ae747814254f7f7d3f2b) Importer(2089858483,b0f066a214c2f5e87bad3c948f4d605d)
Start importing Assets/Cartoon UI/Icons/Beef.png using Guid(b8e47a6fb5d9ae747814254f7f7d3f2b) Importer(2089858483,b0f066a214c2f5e87bad3c948f4d605d) (ScriptedImporter) -> (artifact id: '35dd60928b8fb4d1e202906b4c9c3929') in 0.0259617 seconds
Number of updated asset objects reloaded before import = 0Number of asset objects unloaded after import = 3

========================================================================
Received Import Request.
  Time since last request: 0.000031 seconds.
  path: Assets/Cartoon UI/Panels/Panel Light.png
  artifactKey: Guid(e6854a940b51e904795511ce30c12070) Importer(2089858483,b0f066a214c2f5e87bad3c948f4d605d)
Start importing Assets/Cartoon UI/Panels/Panel Light.png using Guid(e6854a940b51e904795511ce30c12070) Importer(2089858483,b0f066a214c2f5e87bad3c948f4d605d) (ScriptedImporter) -> (artifact id: '36132c635c747e736f761fd4d049d157') in 0.021918 seconds
Number of updated asset objects reloaded before import = 0Number of asset objects unloaded after import = 3

========================================================================
Received Import Request.
  Time since last request: 0.000020 seconds.
  path: Assets/Cartoon UI/Panels/Heart Slot.png
  artifactKey: Guid(4881c5401c0b6ac4d8a0a4463bf35cd9) Importer(2089858483,b0f066a214c2f5e87bad3c948f4d605d)
Start importing Assets/Cartoon UI/Panels/Heart Slot.png using Guid(4881c5401c0b6ac4d8a0a4463bf35cd9) Importer(2089858483,b0f066a214c2f5e87bad3c948f4d605d) (ScriptedImporter) -> (artifact id: '8b23a4fcdfdb33fc8d171e2de6eba8cf') in 0.0202165 seconds
Number of updated asset objects reloaded before import = 0Number of asset objects unloaded after import = 3

========================================================================
Received Import Request.
  Time since last request: 0.000018 seconds.
  path: Assets/Cartoon UI/Panels/Store Blue.png
  artifactKey: Guid(f5f8f6e571b908b40ba1a660d2113b55) Importer(2089858483,b0f066a214c2f5e87bad3c948f4d605d)
Start importing Assets/Cartoon UI/Panels/Store Blue.png using Guid(f5f8f6e571b908b40ba1a660d2113b55) Importer(2089858483,b0f066a214c2f5e87bad3c948f4d605d) (ScriptedImporter) -> (artifact id: '299518372386c15593226993be33a7b7') in 0.0173099 seconds
Number of updated asset objects reloaded before import = 0Number of asset objects unloaded after import = 3

========================================================================
Received Import Request.
  Time since last request: 0.000033 seconds.
  path: Assets/Cartoon UI/Icons/Chicken.png
  artifactKey: Guid(e669f4786693a414aa780ff1e4d6d511) Importer(2089858483,b0f066a214c2f5e87bad3c948f4d605d)
Start importing Assets/Cartoon UI/Icons/Chicken.png using Guid(e669f4786693a414aa780ff1e4d6d511) Importer(2089858483,b0f066a214c2f5e87bad3c948f4d605d) (ScriptedImporter) -> (artifact id: 'f603db7fca941f30ac59f17cc3e686d5') in 0.0145311 seconds
Number of updated asset objects reloaded before import = 0Number of asset objects unloaded after import = 3

========================================================================
Received Import Request.
  Time since last request: 0.000030 seconds.
  path: Assets/Cartoon UI/Icons/Media 2.png
  artifactKey: Guid(1be46b6d11de96a428480617e1ac4137) Importer(2089858483,b0f066a214c2f5e87bad3c948f4d605d)
Start importing Assets/Cartoon UI/Icons/Media 2.png using Guid(1be46b6d11de96a428480617e1ac4137) Importer(2089858483,b0f066a214c2f5e87bad3c948f4d605d) (ScriptedImporter) -> (artifact id: 'ca5511ae19845510b0dee350474313ba') in 0.0209612 seconds
Number of updated asset objects reloaded before import = 0Number of asset objects unloaded after import = 3

========================================================================
Received Import Request.
  Time since last request: 0.000019 seconds.
  path: Assets/Cartoon UI/Icons/Energy Blue.png
  artifactKey: Guid(5d7af1035c531cc4f8f423537926a394) Importer(2089858483,b0f066a214c2f5e87bad3c948f4d605d)
Start importing Assets/Cartoon UI/Icons/Energy Blue.png using Guid(5d7af1035c531cc4f8f423537926a394) Importer(2089858483,b0f066a214c2f5e87bad3c948f4d605d) (ScriptedImporter) -> (artifact id: 'e4c098aceb00690b9d760da8b4f257fe') in 0.015723 seconds
Number of updated asset objects reloaded before import = 0Number of asset objects unloaded after import = 3

========================================================================
Received Import Request.
  Time since last request: 0.000017 seconds.
  path: Assets/Cartoon UI/Icons/Location.png
  artifactKey: Guid(ae02e89a2cce3914fb58240ea7749c5b) Importer(2089858483,b0f066a214c2f5e87bad3c948f4d605d)
Start importing Assets/Cartoon UI/Icons/Location.png using Guid(ae02e89a2cce3914fb58240ea7749c5b) Importer(2089858483,b0f066a214c2f5e87bad3c948f4d605d) (ScriptedImporter) -> (artifact id: 'e5cc6b4d5b889faab84316241dfee6cf') in 0.0186004 seconds
Number of updated asset objects reloaded before import = 0Number of asset objects unloaded after import = 3

========================================================================
Received Import Request.
  Time since last request: 0.000024 seconds.
  path: Assets/Cartoon UI/Icons/Note 2.png
  artifactKey: Guid(00cb18e7bd62c8d419f700635d22fba2) Importer(2089858483,b0f066a214c2f5e87bad3c948f4d605d)
Start importing Assets/Cartoon UI/Icons/Note 2.png using Guid(00cb18e7bd62c8d419f700635d22fba2) Importer(2089858483,b0f066a214c2f5e87bad3c948f4d605d) (ScriptedImporter) -> (artifact id: '41100066b9a1dca477439ad559023c25') in 0.0240484 seconds
Number of updated asset objects reloaded before import = 0Number of asset objects unloaded after import = 3

========================================================================
Received Import Request.
  Time since last request: 0.000039 seconds.
  path: Assets/Cartoon UI/Icons/Gem2 Yellow.png
  artifactKey: Guid(80a060a01b7b7f6408a1b58d8e9f0db0) Importer(2089858483,b0f066a214c2f5e87bad3c948f4d605d)
Start importing Assets/Cartoon UI/Icons/Gem2 Yellow.png using Guid(80a060a01b7b7f6408a1b58d8e9f0db0) Importer(2089858483,b0f066a214c2f5e87bad3c948f4d605d) (ScriptedImporter) -> (artifact id: 'd11e5d9508f7464b397fd6cf705a734f') in 0.0249198 seconds
Number of updated asset objects reloaded before import = 0Number of asset objects unloaded after import = 3

========================================================================
Received Import Request.
  Time since last request: 0.000025 seconds.
  path: Assets/Cartoon UI/Panels/Victory title bar Grey.png
  artifactKey: Guid(2f44ec8eab9c518439b8f94340c94c5c) Importer(2089858483,b0f066a214c2f5e87bad3c948f4d605d)
Start importing Assets/Cartoon UI/Panels/Victory title bar Grey.png using Guid(2f44ec8eab9c518439b8f94340c94c5c) Importer(2089858483,b0f066a214c2f5e87bad3c948f4d605d) (ScriptedImporter) -> (artifact id: 'c9a84aff2d3b3256e562b3ac090994fc') in 0.02722 seconds
Number of updated asset objects reloaded before import = 0Number of asset objects unloaded after import = 3

========================================================================
Received Import Request.
  Time since last request: 0.000048 seconds.
  path: Assets/Cartoon UI/Panels/Title Bar Skyblue.png
  artifactKey: Guid(2060162b214445b4bb09bb2a28617473) Importer(2089858483,b0f066a214c2f5e87bad3c948f4d605d)
Start importing Assets/Cartoon UI/Panels/Title Bar Skyblue.png using Guid(2060162b214445b4bb09bb2a28617473) Importer(2089858483,b0f066a214c2f5e87bad3c948f4d605d) (ScriptedImporter) -> (artifact id: '345aa96569235f8f7bbe6fbdb1c19147') in 0.031393 seconds
Number of updated asset objects reloaded before import = 0Number of asset objects unloaded after import = 3

========================================================================
Received Import Request.
  Time since last request: 0.000023 seconds.
  path: Assets/Cartoon UI/Panels/Title Bar Yellow.png
  artifactKey: Guid(099f42eb87f3ea249876775629428d44) Importer(2089858483,b0f066a214c2f5e87bad3c948f4d605d)
Start importing Assets/Cartoon UI/Panels/Title Bar Yellow.png using Guid(099f42eb87f3ea249876775629428d44) Importer(2089858483,b0f066a214c2f5e87bad3c948f4d605d) (ScriptedImporter) -> (artifact id: 'e92334c5a16e3e6b62dab920484d70b4') in 0.0257613 seconds
Number of updated asset objects reloaded before import = 0Number of asset objects unloaded after import = 3

========================================================================
Received Import Request.
  Time since last request: 0.000046 seconds.
  path: Assets/Cartoon UI/Panels/Victory title bar Yellow.png
  artifactKey: Guid(bfe285f548921c14b8c43fa731a1e81d) Importer(2089858483,b0f066a214c2f5e87bad3c948f4d605d)
Start importing Assets/Cartoon UI/Panels/Victory title bar Yellow.png using Guid(bfe285f548921c14b8c43fa731a1e81d) Importer(2089858483,b0f066a214c2f5e87bad3c948f4d605d) (ScriptedImporter) -> (artifact id: '75b5933158ccb93789e2541f8070f567') in 0.0242969 seconds
Number of updated asset objects reloaded before import = 0Number of asset objects unloaded after import = 3

========================================================================
Received Import Request.
  Time since last request: 0.000018 seconds.
  path: Assets/Cartoon UI/Panels/Title Bar Orange.png
  artifactKey: Guid(306184e3d65780f4db87ce1b7c372267) Importer(2089858483,b0f066a214c2f5e87bad3c948f4d605d)
Start importing Assets/Cartoon UI/Panels/Title Bar Orange.png using Guid(306184e3d65780f4db87ce1b7c372267) Importer(2089858483,b0f066a214c2f5e87bad3c948f4d605d) (ScriptedImporter) -> (artifact id: '9b23941fb8a21af5a1a17b1a58089627') in 0.0244428 seconds
Number of updated asset objects reloaded before import = 0Number of asset objects unloaded after import = 3

========================================================================
Received Import Request.
  Time since last request: 0.000034 seconds.
  path: Assets/Cartoon UI/Panels/Tab 1.png
  artifactKey: Guid(a98ead32ebe17784ca8233b8c7efccfd) Importer(2089858483,b0f066a214c2f5e87bad3c948f4d605d)
Start importing Assets/Cartoon UI/Panels/Tab 1.png using Guid(a98ead32ebe17784ca8233b8c7efccfd) Importer(2089858483,b0f066a214c2f5e87bad3c948f4d605d) (ScriptedImporter) -> (artifact id: 'd5aa91ab7c39a6bcbcc07fc89f2c27f9') in 0.0292654 seconds
Number of updated asset objects reloaded before import = 0Number of asset objects unloaded after import = 3

========================================================================
Received Import Request.
  Time since last request: 0.000032 seconds.
  path: Assets/Cartoon UI/Panels/Top Bar Slot 2 Outlined.png
  artifactKey: Guid(12799abdbe7c8fb498afd1416c40b1bc) Importer(2089858483,b0f066a214c2f5e87bad3c948f4d605d)
Start importing Assets/Cartoon UI/Panels/Top Bar Slot 2 Outlined.png using Guid(12799abdbe7c8fb498afd1416c40b1bc) Importer(2089858483,b0f066a214c2f5e87bad3c948f4d605d) (ScriptedImporter) -> (artifact id: 'c66a2221fda79727e59e974fca6e8208') in 0.0172707 seconds
Number of updated asset objects reloaded before import = 0Number of asset objects unloaded after import = 3

========================================================================
Received Import Request.
  Time since last request: 0.000025 seconds.
  path: Assets/Cartoon UI/Panels/Store Yellow.png
  artifactKey: Guid(651cb0e7e9a7e8f469e4b2d1eb7cdf7b) Importer(2089858483,b0f066a214c2f5e87bad3c948f4d605d)
Start importing Assets/Cartoon UI/Panels/Store Yellow.png using Guid(651cb0e7e9a7e8f469e4b2d1eb7cdf7b) Importer(2089858483,b0f066a214c2f5e87bad3c948f4d605d) (ScriptedImporter) -> (artifact id: '25c39348accf95be99203d8e9eabd99d') in 0.0216634 seconds
Number of updated asset objects reloaded before import = 0Number of asset objects unloaded after import = 3

========================================================================
Received Import Request.
  Time since last request: 0.000039 seconds.
  path: Assets/Cartoon UI/Panels/Title Bar Green.png
  artifactKey: Guid(55c94b8661265a24a8f5f68d5cba24ca) Importer(2089858483,b0f066a214c2f5e87bad3c948f4d605d)
Start importing Assets/Cartoon UI/Panels/Title Bar Green.png using Guid(55c94b8661265a24a8f5f68d5cba24ca) Importer(2089858483,b0f066a214c2f5e87bad3c948f4d605d) (ScriptedImporter) -> (artifact id: '5bc16d9bc980fbee85261177a52a63e7') in 0.0275501 seconds
Number of updated asset objects reloaded before import = 0Number of asset objects unloaded after import = 3

========================================================================
Received Import Request.
  Time since last request: 0.000019 seconds.
  path: Assets/Cartoon UI/Script/StoreScript.cs
  artifactKey: Guid(2bffc523cf7b2614980bb718a0a0a175) Importer(2089858483,b0f066a214c2f5e87bad3c948f4d605d)
Start importing Assets/Cartoon UI/Script/StoreScript.cs using Guid(2bffc523cf7b2614980bb718a0a0a175) Importer(2089858483,b0f066a214c2f5e87bad3c948f4d605d) (ScriptedImporter) -> (artifact id: '769e4a4c9de6af84b6a777a32f7f5cab') in 0.1925033 seconds
Number of updated asset objects reloaded before import = 0Number of asset objects unloaded after import = 0

========================================================================
Received Import Request.
  Time since last request: 0.000018 seconds.
  path: Assets/Cartoon UI/Prefabs/Victory Panel.prefab
  artifactKey: Guid(0d4511bb571762f46875f9315937e95f) Importer(2089858483,b0f066a214c2f5e87bad3c948f4d605d)
Start importing Assets/Cartoon UI/Prefabs/Victory Panel.prefab using Guid(0d4511bb571762f46875f9315937e95f) Importer(2089858483,b0f066a214c2f5e87bad3c948f4d605d) (ScriptedImporter) -> (artifact id: '206a7172ff431a82a2731287cd64b060') in 0.0320523 seconds
Number of updated asset objects reloaded before import = 0Number of asset objects unloaded after import = 83

========================================================================
Received Import Request.
  Time since last request: 0.000029 seconds.
  path: Assets/Cartoon UI/Panels/Victory title bar Green.png
  artifactKey: Guid(2cbd8e44aa51e974680fef6484e55115) Importer(2089858483,b0f066a214c2f5e87bad3c948f4d605d)
Start importing Assets/Cartoon UI/Panels/Victory title bar Green.png using Guid(2cbd8e44aa51e974680fef6484e55115) Importer(2089858483,b0f066a214c2f5e87bad3c948f4d605d) (ScriptedImporter) -> (artifact id: '6555ae9b29cad841e576bb6101a2d594') in 0.0265975 seconds
Number of updated asset objects reloaded before import = 0Number of asset objects unloaded after import = 3

========================================================================
Received Import Request.
  Time since last request: 0.000017 seconds.
  path: Assets/Cartoon UI/Panels/Victory title bar Purple.png
  artifactKey: Guid(6832f05f1b65cbf47beb43184849e7cc) Importer(2089858483,b0f066a214c2f5e87bad3c948f4d605d)
Start importing Assets/Cartoon UI/Panels/Victory title bar Purple.png using Guid(6832f05f1b65cbf47beb43184849e7cc) Importer(2089858483,b0f066a214c2f5e87bad3c948f4d605d) (ScriptedImporter) -> (artifact id: '4cd9f2c9926246a131f0df2c4b561f11') in 0.0230437 seconds
Number of updated asset objects reloaded before import = 0Number of asset objects unloaded after import = 3

========================================================================
Received Import Request.
  Time since last request: 0.000018 seconds.
  path: Assets/Cartoon UI/Toggles/Check Fill Red.png
  artifactKey: Guid(f2b7a524f63fc0042af7cabd400e5eec) Importer(2089858483,b0f066a214c2f5e87bad3c948f4d605d)
Start importing Assets/Cartoon UI/Toggles/Check Fill Red.png using Guid(f2b7a524f63fc0042af7cabd400e5eec) Importer(2089858483,b0f066a214c2f5e87bad3c948f4d605d) (ScriptedImporter) -> (artifact id: '6fb2a27b2c5a5019e094fb877e1ba6e0') in 0.0321394 seconds
Number of updated asset objects reloaded before import = 0Number of asset objects unloaded after import = 3

========================================================================
Received Import Request.
  Time since last request: 0.000027 seconds.
  path: Assets/Cartoon UI/Sliders/Handle Skyblue.png
  artifactKey: Guid(8b3edc45551349941b82281aaa5b9705) Importer(2089858483,b0f066a214c2f5e87bad3c948f4d605d)
Start importing Assets/Cartoon UI/Sliders/Handle Skyblue.png using Guid(8b3edc45551349941b82281aaa5b9705) Importer(2089858483,b0f066a214c2f5e87bad3c948f4d605d) (ScriptedImporter) -> (artifact id: 'a6d874c8ec24e92654d2d417481e4a7e') in 0.0198251 seconds
Number of updated asset objects reloaded before import = 0Number of asset objects unloaded after import = 3

========================================================================
Received Import Request.
  Time since last request: 0.000032 seconds.
  path: Assets/Cartoon UI/Sliders/Handle Yellow.png
  artifactKey: Guid(82e28a991deeddd46948a29ad022712b) Importer(2089858483,b0f066a214c2f5e87bad3c948f4d605d)
Start importing Assets/Cartoon UI/Sliders/Handle Yellow.png using Guid(82e28a991deeddd46948a29ad022712b) Importer(2089858483,b0f066a214c2f5e87bad3c948f4d605d) (ScriptedImporter) -> (artifact id: 'cd538cde8e379fa6ee9475a510ce74b1') in 0.0181974 seconds
Number of updated asset objects reloaded before import = 0Number of asset objects unloaded after import = 3

========================================================================
Received Import Request.
  Time since last request: 0.000036 seconds.
  path: Assets/Cartoon UI/Toggles/Round Fill Pink.png
  artifactKey: Guid(56c76816fec465f42a4b36ac488afe3d) Importer(2089858483,b0f066a214c2f5e87bad3c948f4d605d)
Start importing Assets/Cartoon UI/Toggles/Round Fill Pink.png using Guid(56c76816fec465f42a4b36ac488afe3d) Importer(2089858483,b0f066a214c2f5e87bad3c948f4d605d) (ScriptedImporter) -> (artifact id: 'ae6abd1e2d45787b58d9b79ee8c0b55f') in 0.0287878 seconds
Number of updated asset objects reloaded before import = 0Number of asset objects unloaded after import = 3

========================================================================
Received Import Request.
  Time since last request: 0.000016 seconds.
  path: Assets/game assets/chess/Chess Pieces.zip
  artifactKey: Guid(bf403adcdd2a2d94e875d0912763466e) Importer(2089858483,b0f066a214c2f5e87bad3c948f4d605d)
Start importing Assets/game assets/chess/Chess Pieces.zip using Guid(bf403adcdd2a2d94e875d0912763466e) Importer(2089858483,b0f066a214c2f5e87bad3c948f4d605d) (ScriptedImporter) -> (artifact id: '8b9c1dfaf4c67c54073b31a87ccfd48b') in 0.0233204 seconds
Number of updated asset objects reloaded before import = 0Number of asset objects unloaded after import = 1

========================================================================
Received Import Request.
  Time since last request: 0.000018 seconds.
  path: Assets/Cartoon UI/Sliders/Slider Fill Skyblue.png
  artifactKey: Guid(4acbb45830750ee44a659aad396bf878) Importer(2089858483,b0f066a214c2f5e87bad3c948f4d605d)
Start importing Assets/Cartoon UI/Sliders/Slider Fill Skyblue.png using Guid(4acbb45830750ee44a659aad396bf878) Importer(2089858483,b0f066a214c2f5e87bad3c948f4d605d) (ScriptedImporter) -> (artifact id: '4a4ad537045f172daf715d376788a484') in 0.0214467 seconds
Number of updated asset objects reloaded before import = 0Number of asset objects unloaded after import = 3

========================================================================
Received Import Request.
  Time since last request: 0.000048 seconds.
  path: Assets/Cartoon UI/Toggles/Check Fill Yellow.png
  artifactKey: Guid(3bfa1e75449af8b4ba323fa326011f0b) Importer(2089858483,b0f066a214c2f5e87bad3c948f4d605d)
Start importing Assets/Cartoon UI/Toggles/Check Fill Yellow.png using Guid(3bfa1e75449af8b4ba323fa326011f0b) Importer(2089858483,b0f066a214c2f5e87bad3c948f4d605d) (ScriptedImporter) -> (artifact id: '1384f735b7d29da04ea9f8bae50c0173') in 0.0274844 seconds
Number of updated asset objects reloaded before import = 0Number of asset objects unloaded after import = 3

========================================================================
Received Import Request.
  Time since last request: 0.000020 seconds.
  path: Assets/Cartoon UI/Sliders/Slider Fill Pink Purple.png
  artifactKey: Guid(3aa2b89066dac5a41b9615a8238f0e91) Importer(2089858483,b0f066a214c2f5e87bad3c948f4d605d)
Start importing Assets/Cartoon UI/Sliders/Slider Fill Pink Purple.png using Guid(3aa2b89066dac5a41b9615a8238f0e91) Importer(2089858483,b0f066a214c2f5e87bad3c948f4d605d) (ScriptedImporter) -> (artifact id: '8a076cb26aef469e7339d22a757d652a') in 0.0337206 seconds
Number of updated asset objects reloaded before import = 0Number of asset objects unloaded after import = 3

========================================================================
Received Import Request.
  Time since last request: 0.000023 seconds.
  path: Assets/Cartoon UI/Icons/Sack Of Coin.png
  artifactKey: Guid(3f0fdedf236fe1246a5730b4bc5f24d6) Importer(2089858483,b0f066a214c2f5e87bad3c948f4d605d)
Start importing Assets/Cartoon UI/Icons/Sack Of Coin.png using Guid(3f0fdedf236fe1246a5730b4bc5f24d6) Importer(2089858483,b0f066a214c2f5e87bad3c948f4d605d) (ScriptedImporter) -> (artifact id: '141030476148340bfbad2350b9468098') in 0.0234645 seconds
Number of updated asset objects reloaded before import = 0Number of asset objects unloaded after import = 3

========================================================================
Received Import Request.
  Time since last request: 0.000021 seconds.
  path: Assets/Cartoon UI/Toggles/Round Fill Orange.png
  artifactKey: Guid(45ac9eb52a8638a46830444df98533bd) Importer(2089858483,b0f066a214c2f5e87bad3c948f4d605d)
Start importing Assets/Cartoon UI/Toggles/Round Fill Orange.png using Guid(45ac9eb52a8638a46830444df98533bd) Importer(2089858483,b0f066a214c2f5e87bad3c948f4d605d) (ScriptedImporter) -> (artifact id: '9031c0e45d6c150a1ab9dfeee424f0f8') in 0.0230093 seconds
Number of updated asset objects reloaded before import = 0Number of asset objects unloaded after import = 3

========================================================================
Received Import Request.
  Time since last request: 0.000032 seconds.
  path: Assets/Cartoon UI/Toggles/Check Fill Grey.png
  artifactKey: Guid(c30232166bdb8eb4d9a7fb1ff1c2a011) Importer(2089858483,b0f066a214c2f5e87bad3c948f4d605d)
Start importing Assets/Cartoon UI/Toggles/Check Fill Grey.png using Guid(c30232166bdb8eb4d9a7fb1ff1c2a011) Importer(2089858483,b0f066a214c2f5e87bad3c948f4d605d) (ScriptedImporter) -> (artifact id: '77e5c261fa20fd2812fae63feca8345f') in 0.025968 seconds
Number of updated asset objects reloaded before import = 0Number of asset objects unloaded after import = 3

========================================================================
Received Import Request.
  Time since last request: 0.000018 seconds.
  path: Assets/Cartoon UI/Toggles/Check Fill Orange.png
  artifactKey: Guid(9166e45db177cd747b775af1ab57454d) Importer(2089858483,b0f066a214c2f5e87bad3c948f4d605d)
Start importing Assets/Cartoon UI/Toggles/Check Fill Orange.png using Guid(9166e45db177cd747b775af1ab57454d) Importer(2089858483,b0f066a214c2f5e87bad3c948f4d605d) (ScriptedImporter) -> (artifact id: 'b31d8927f2e7f8bfb52a9414c86d9386') in 0.0243892 seconds
Number of updated asset objects reloaded before import = 0Number of asset objects unloaded after import = 3

========================================================================
Received Import Request.
  Time since last request: 0.000022 seconds.
  path: Assets/Cartoon UI/Sliders/Slider Fill Yellow.png
  artifactKey: Guid(3e1fa246c96b2914f94b77199462038a) Importer(2089858483,b0f066a214c2f5e87bad3c948f4d605d)
Start importing Assets/Cartoon UI/Sliders/Slider Fill Yellow.png using Guid(3e1fa246c96b2914f94b77199462038a) Importer(2089858483,b0f066a214c2f5e87bad3c948f4d605d) (ScriptedImporter) -> (artifact id: 'ff2e740cd87d529a5f2d90780a798cec') in 0.0505522 seconds
Number of updated asset objects reloaded before import = 0Number of asset objects unloaded after import = 3

========================================================================
Received Import Request.
  Time since last request: 0.000025 seconds.
  path: Assets/Cartoon UI/Panels/Top Bar Slot 2.png
  artifactKey: Guid(dcf36f5d0ba8f3a46a1c94a81a744276) Importer(2089858483,b0f066a214c2f5e87bad3c948f4d605d)
Start importing Assets/Cartoon UI/Panels/Top Bar Slot 2.png using Guid(dcf36f5d0ba8f3a46a1c94a81a744276) Importer(2089858483,b0f066a214c2f5e87bad3c948f4d605d) (ScriptedImporter) -> (artifact id: '3720354530d8cd0a76b88605d124bf3c') in 0.0197675 seconds
Number of updated asset objects reloaded before import = 0Number of asset objects unloaded after import = 3

========================================================================
Received Import Request.
  Time since last request: 0.000032 seconds.
  path: Assets/Cartoon UI/Icons/Stop.png
  artifactKey: Guid(8f5b101912c9e2c4f901f26afd938f3f) Importer(2089858483,b0f066a214c2f5e87bad3c948f4d605d)
Start importing Assets/Cartoon UI/Icons/Stop.png using Guid(8f5b101912c9e2c4f901f26afd938f3f) Importer(2089858483,b0f066a214c2f5e87bad3c948f4d605d) (ScriptedImporter) -> (artifact id: 'c3a4d55bcff8157a53c3d5213653acbf') in 0.0227454 seconds
Number of updated asset objects reloaded before import = 0Number of asset objects unloaded after import = 3

========================================================================
Received Import Request.
  Time since last request: 0.000021 seconds.
  path: Assets/TextMesh Pro/Resources/TMP Settings.asset
  artifactKey: Guid(3f5b5dff67a942289a9defa416b206f3) Importer(2089858483,b0f066a214c2f5e87bad3c948f4d605d)
Start importing Assets/TextMesh Pro/Resources/TMP Settings.asset using Guid(3f5b5dff67a942289a9defa416b206f3) Importer(2089858483,b0f066a214c2f5e87bad3c948f4d605d) (ScriptedImporter) -> (artifact id: '51af7c08917efe435866e8977d4588ce') in 0.0469175 seconds
Number of updated asset objects reloaded before import = 0Number of asset objects unloaded after import = 15

========================================================================
Received Import Request.
  Time since last request: 0.000022 seconds.
  path: Assets/TextMesh Pro/Shaders/TMPro_Mobile.cginc
  artifactKey: Guid(c334973cef89a9840b0b0c507e0377ab) Importer(2089858483,b0f066a214c2f5e87bad3c948f4d605d)
Start importing Assets/TextMesh Pro/Shaders/TMPro_Mobile.cginc using Guid(c334973cef89a9840b0b0c507e0377ab) Importer(2089858483,b0f066a214c2f5e87bad3c948f4d605d) (ScriptedImporter) -> (artifact id: '74b508eb4cfb31661d34f06ca9797f00') in 0.013334 seconds
Number of updated asset objects reloaded before import = 0Number of asset objects unloaded after import = 1

========================================================================
Received Import Request.
  Time since last request: 0.000026 seconds.
  path: Assets/TextMesh Pro/Shaders/TMP_SDF-URP Unlit.shadergraph
  artifactKey: Guid(124c112a6e8f1a54e8b0870e881b56d8) Importer(2089858483,b0f066a214c2f5e87bad3c948f4d605d)
Start importing Assets/TextMesh Pro/Shaders/TMP_SDF-URP Unlit.shadergraph using Guid(124c112a6e8f1a54e8b0870e881b56d8) Importer(2089858483,b0f066a214c2f5e87bad3c948f4d605d) (ScriptedImporter) -> (artifact id: 'fe261f73723037204c2afa926a672b2a') in 0.0510748 seconds
Number of updated asset objects reloaded before import = 0Number of asset objects unloaded after import = 4

========================================================================
Received Import Request.
  Time since last request: 0.000027 seconds.
  path: Assets/TextMesh Pro/Shaders/TMP_SDF-Mobile Masking.shader
  artifactKey: Guid(bc1ede39bf3643ee8e493720e4259791) Importer(2089858483,b0f066a214c2f5e87bad3c948f4d605d)
Start importing Assets/TextMesh Pro/Shaders/TMP_SDF-Mobile Masking.shader using Guid(bc1ede39bf3643ee8e493720e4259791) Importer(2089858483,b0f066a214c2f5e87bad3c948f4d605d) (ScriptedImporter) -> (artifact id: '454d6559ee8b419b070142a0d04a5a40') in 0.0211247 seconds
Number of updated asset objects reloaded before import = 0Number of asset objects unloaded after import = 1

========================================================================
Received Import Request.
  Time since last request: 0.000028 seconds.
  path: Assets/Scripts/nomber seq/AnswerTile.cs
  artifactKey: Guid(5357f8c83a71a644b84dad4b27bbc62f) Importer(2089858483,b0f066a214c2f5e87bad3c948f4d605d)
Start importing Assets/Scripts/nomber seq/AnswerTile.cs using Guid(5357f8c83a71a644b84dad4b27bbc62f) Importer(2089858483,b0f066a214c2f5e87bad3c948f4d605d) (ScriptedImporter) -> (artifact id: '745944967558e287a094421931c52a33') in 0.0109654 seconds
Number of updated asset objects reloaded before import = 0Number of asset objects unloaded after import = 0

========================================================================
Received Import Request.
  Time since last request: 0.000020 seconds.
  path: Assets/TextMesh Pro/Resources/LineBreaking Following Characters.txt
  artifactKey: Guid(fade42e8bc714b018fac513c043d323b) Importer(2089858483,b0f066a214c2f5e87bad3c948f4d605d)
Start importing Assets/TextMesh Pro/Resources/LineBreaking Following Characters.txt using Guid(fade42e8bc714b018fac513c043d323b) Importer(2089858483,b0f066a214c2f5e87bad3c948f4d605d) (ScriptedImporter) -> (artifact id: 'f281943715f03c5858bc00643a951397') in 0.0136117 seconds
Number of updated asset objects reloaded before import = 0Number of asset objects unloaded after import = 1

========================================================================
Received Import Request.
  Time since last request: 0.000020 seconds.
  path: Assets/TextMesh Pro/Shaders/TMP_SDF-Surface.shader
  artifactKey: Guid(f7ada0af4f174f0694ca6a487b8f543d) Importer(2089858483,b0f066a214c2f5e87bad3c948f4d605d)
Start importing Assets/TextMesh Pro/Shaders/TMP_SDF-Surface.shader using Guid(f7ada0af4f174f0694ca6a487b8f543d) Importer(2089858483,b0f066a214c2f5e87bad3c948f4d605d) (ScriptedImporter) -> (artifact id: '54f65d9eedfae9c3dc1bd437f3a89835') in 0.0156698 seconds
Number of updated asset objects reloaded before import = 0Number of asset objects unloaded after import = 1

========================================================================
Received Import Request.
  Time since last request: 0.000032 seconds.
  path: Assets/TextMesh Pro/Shaders/TMP_SDF-Mobile Overlay.shader
  artifactKey: Guid(a02a7d8c237544f1962732b55a9aebf1) Importer(2089858483,b0f066a214c2f5e87bad3c948f4d605d)
Start importing Assets/TextMesh Pro/Shaders/TMP_SDF-Mobile Overlay.shader using Guid(a02a7d8c237544f1962732b55a9aebf1) Importer(2089858483,b0f066a214c2f5e87bad3c948f4d605d) (ScriptedImporter) -> (artifact id: 'd4b62c8600eb3f9315ef363909270f00') in 0.011996 seconds
Number of updated asset objects reloaded before import = 0Number of asset objects unloaded after import = 1

========================================================================
Received Import Request.
  Time since last request: 0.000022 seconds.
  path: Assets/Scripts/memory card/MemoryCard.cs
  artifactKey: Guid(55cffd6a47650c7469fdfeb8d1ab4063) Importer(2089858483,b0f066a214c2f5e87bad3c948f4d605d)
Start importing Assets/Scripts/memory card/MemoryCard.cs using Guid(55cffd6a47650c7469fdfeb8d1ab4063) Importer(2089858483,b0f066a214c2f5e87bad3c948f4d605d) (ScriptedImporter) -> (artifact id: 'c57ba84de64f69722545ce5dd4ecd915') in 0.0136319 seconds
Number of updated asset objects reloaded before import = 0Number of asset objects unloaded after import = 0

========================================================================
Received Import Request.
  Time since last request: 0.000018 seconds.
  path: Assets/TextMesh Pro/Shaders/TMP_SDF-Mobile.shader
  artifactKey: Guid(fe393ace9b354375a9cb14cdbbc28be4) Importer(2089858483,b0f066a214c2f5e87bad3c948f4d605d)
Start importing Assets/TextMesh Pro/Shaders/TMP_SDF-Mobile.shader using Guid(fe393ace9b354375a9cb14cdbbc28be4) Importer(2089858483,b0f066a214c2f5e87bad3c948f4d605d) (ScriptedImporter) -> (artifact id: '3954493fa66033d3279d99698b29626b') in 0.0143534 seconds
Number of updated asset objects reloaded before import = 0Number of asset objects unloaded after import = 1

========================================================================
Received Import Request.
  Time since last request: 0.000059 seconds.
  path: Assets/Scripts/memory card/card.cs
  artifactKey: Guid(27127b70b8cfe4b489deb2b811b48b5d) Importer(2089858483,b0f066a214c2f5e87bad3c948f4d605d)
Start importing Assets/Scripts/memory card/card.cs using Guid(27127b70b8cfe4b489deb2b811b48b5d) Importer(2089858483,b0f066a214c2f5e87bad3c948f4d605d) (ScriptedImporter) -> (artifact id: '3a594414e2cb6d2e75100984cc03be70') in 0.0120868 seconds
Number of updated asset objects reloaded before import = 0Number of asset objects unloaded after import = 0

========================================================================
Received Import Request.
  Time since last request: 0.000033 seconds.
  path: Assets/Cartoon UI/Script/Close.cs
  artifactKey: Guid(b5dba672f501cb34d933fc738f3f12c8) Importer(2089858483,b0f066a214c2f5e87bad3c948f4d605d)
Start importing Assets/Cartoon UI/Script/Close.cs using Guid(b5dba672f501cb34d933fc738f3f12c8) Importer(2089858483,b0f066a214c2f5e87bad3c948f4d605d) (ScriptedImporter) -> (artifact id: 'e7bac03a28c3ea41c01454ab87ccb106') in 0.0135577 seconds
Number of updated asset objects reloaded before import = 0Number of asset objects unloaded after import = 0

========================================================================
Received Import Request.
  Time since last request: 0.000039 seconds.
  path: Assets/Cartoon UI/Panels/Octagon.png
  artifactKey: Guid(529c63d3ad643a5449686083cabd9f08) Importer(2089858483,b0f066a214c2f5e87bad3c948f4d605d)
Start importing Assets/Cartoon UI/Panels/Octagon.png using Guid(529c63d3ad643a5449686083cabd9f08) Importer(2089858483,b0f066a214c2f5e87bad3c948f4d605d) (ScriptedImporter) -> (artifact id: 'b4aab2fa8379ba02709a6f7f8e88466b') in 0.0162143 seconds
Number of updated asset objects reloaded before import = 0Number of asset objects unloaded after import = 3

========================================================================
Received Import Request.
  Time since last request: 0.000039 seconds.
  path: Assets/Cartoon UI/Panels/Title Bar Blue.png
  artifactKey: Guid(ffefb1eb97c616e44bd812a60b5d28c9) Importer(2089858483,b0f066a214c2f5e87bad3c948f4d605d)
Start importing Assets/Cartoon UI/Panels/Title Bar Blue.png using Guid(ffefb1eb97c616e44bd812a60b5d28c9) Importer(2089858483,b0f066a214c2f5e87bad3c948f4d605d) (ScriptedImporter) -> (artifact id: 'd58570d18f7ff8a006d3ee758e49a082') in 0.0163447 seconds
Number of updated asset objects reloaded before import = 0Number of asset objects unloaded after import = 3

========================================================================
Received Import Request.
  Time since last request: 0.000024 seconds.
  path: Assets/Cartoon UI/Toggles/Check Fill Purple.png
  artifactKey: Guid(40a4bebf5daaeba47b22c0bca7895afd) Importer(2089858483,b0f066a214c2f5e87bad3c948f4d605d)
Start importing Assets/Cartoon UI/Toggles/Check Fill Purple.png using Guid(40a4bebf5daaeba47b22c0bca7895afd) Importer(2089858483,b0f066a214c2f5e87bad3c948f4d605d) (ScriptedImporter) -> (artifact id: 'd3f925ba7fef1450f4d6608bc9f9720e') in 0.0178785 seconds
Number of updated asset objects reloaded before import = 0Number of asset objects unloaded after import = 3

========================================================================
Received Import Request.
  Time since last request: 0.000026 seconds.
  path: Assets/TextMesh Pro/Shaders/TMP_SDF-HDRP LIT.shadergraph
  artifactKey: Guid(ca2ed216f98028c4dae6c5224a952b3c) Importer(2089858483,b0f066a214c2f5e87bad3c948f4d605d)
Start importing Assets/TextMesh Pro/Shaders/TMP_SDF-HDRP LIT.shadergraph using Guid(ca2ed216f98028c4dae6c5224a952b3c) Importer(2089858483,b0f066a214c2f5e87bad3c948f4d605d) (ScriptedImporter) -> (artifact id: '65fee504d3e5c8dd554a0efe53f12df9') in 0.0244492 seconds
Number of updated asset objects reloaded before import = 0Number of asset objects unloaded after import = 3

========================================================================
Received Import Request.
  Time since last request: 0.000033 seconds.
  path: Assets/TextMesh Pro/Shaders/TMP_SDF.shader
  artifactKey: Guid(68e6db2ebdc24f95958faec2be5558d6) Importer(2089858483,b0f066a214c2f5e87bad3c948f4d605d)
Start importing Assets/TextMesh Pro/Shaders/TMP_SDF.shader using Guid(68e6db2ebdc24f95958faec2be5558d6) Importer(2089858483,b0f066a214c2f5e87bad3c948f4d605d) (ScriptedImporter) -> (artifact id: 'b9089de8455c6a42672b07623054d9db') in 0.0147179 seconds
Number of updated asset objects reloaded before import = 0Number of asset objects unloaded after import = 1

========================================================================
Received Import Request.
  Time since last request: 0.000041 seconds.
  path: Assets/Aztech Games/PC&ConsoleButtonsIcons/Keyboard/ampersand.png
  artifactKey: Guid(158c72f8dc13e5549aceb281f8f9a310) Importer(2089858483,b0f066a214c2f5e87bad3c948f4d605d)
Start importing Assets/Aztech Games/PC&ConsoleButtonsIcons/Keyboard/ampersand.png using Guid(158c72f8dc13e5549aceb281f8f9a310) Importer(2089858483,b0f066a214c2f5e87bad3c948f4d605d) (ScriptedImporter) -> (artifact id: 'e6de1e4f37c9c580c6423416a1fcadc8') in 0.0173093 seconds
Number of updated asset objects reloaded before import = 0Number of asset objects unloaded after import = 3

========================================================================
Received Import Request.
  Time since last request: 0.000028 seconds.
  path: Assets/Aztech Games/PC&ConsoleButtonsIcons/Keyboard/arrowL.png
  artifactKey: Guid(b463520278198664793d67355838e1a0) Importer(2089858483,b0f066a214c2f5e87bad3c948f4d605d)
Start importing Assets/Aztech Games/PC&ConsoleButtonsIcons/Keyboard/arrowL.png using Guid(b463520278198664793d67355838e1a0) Importer(2089858483,b0f066a214c2f5e87bad3c948f4d605d) (ScriptedImporter) -> (artifact id: '7c071113981dcd31679aaec61f43c7d6') in 0.0177264 seconds
Number of updated asset objects reloaded before import = 0Number of asset objects unloaded after import = 3

========================================================================
Received Import Request.
  Time since last request: 0.000019 seconds.
  path: Assets/Aztech Games/PC&ConsoleButtonsIcons/Keyboard/alt.png
  artifactKey: Guid(2b05b1be5c90e53488f6073f7f0d79a8) Importer(2089858483,b0f066a214c2f5e87bad3c948f4d605d)
Start importing Assets/Aztech Games/PC&ConsoleButtonsIcons/Keyboard/alt.png using Guid(2b05b1be5c90e53488f6073f7f0d79a8) Importer(2089858483,b0f066a214c2f5e87bad3c948f4d605d) (ScriptedImporter) -> (artifact id: 'af3c7c3103a5487b9b6eaddfcd14969a') in 0.0179104 seconds
Number of updated asset objects reloaded before import = 0Number of asset objects unloaded after import = 3

========================================================================
Received Import Request.
  Time since last request: 0.000035 seconds.
  path: Assets/Aztech Games/PC&ConsoleButtonsIcons/Keyboard/e.png
  artifactKey: Guid(612ed23f0b07a434086e195241d281c8) Importer(2089858483,b0f066a214c2f5e87bad3c948f4d605d)
Start importing Assets/Aztech Games/PC&ConsoleButtonsIcons/Keyboard/e.png using Guid(612ed23f0b07a434086e195241d281c8) Importer(2089858483,b0f066a214c2f5e87bad3c948f4d605d) (ScriptedImporter) -> (artifact id: '0ed040e0d0b610e151119eb3f3b96097') in 0.0156426 seconds
Number of updated asset objects reloaded before import = 0Number of asset objects unloaded after import = 3

========================================================================
Received Import Request.
  Time since last request: 0.000018 seconds.
  path: Assets/Aztech Games/PC&ConsoleButtonsIcons/Keyboard/at.png
  artifactKey: Guid(c0a3df33c4ab7734ebce7406c2a27593) Importer(2089858483,b0f066a214c2f5e87bad3c948f4d605d)
Start importing Assets/Aztech Games/PC&ConsoleButtonsIcons/Keyboard/at.png using Guid(c0a3df33c4ab7734ebce7406c2a27593) Importer(2089858483,b0f066a214c2f5e87bad3c948f4d605d) (ScriptedImporter) -> (artifact id: 'dd17dd204748df337c6915822b330d87') in 0.0156255 seconds
Number of updated asset objects reloaded before import = 0Number of asset objects unloaded after import = 3

========================================================================
Received Import Request.
  Time since last request: 0.000023 seconds.
  path: Assets/Aztech Games/PC&ConsoleButtonsIcons/Keyboard/b.png
  artifactKey: Guid(5d44df3f3c6042c43ab7f7c1b928c576) Importer(2089858483,b0f066a214c2f5e87bad3c948f4d605d)
Start importing Assets/Aztech Games/PC&ConsoleButtonsIcons/Keyboard/b.png using Guid(5d44df3f3c6042c43ab7f7c1b928c576) Importer(2089858483,b0f066a214c2f5e87bad3c948f4d605d) (ScriptedImporter) -> (artifact id: '6cd39bc1fec62147abd72c348c2338a8') in 0.014585 seconds
Number of updated asset objects reloaded before import = 0Number of asset objects unloaded after import = 3

========================================================================
Received Import Request.
  Time since last request: 0.000021 seconds.
  path: Assets/Aztech Games/PC&ConsoleButtonsIcons/Keyboard/2.png
  artifactKey: Guid(19bff8650750ea3479965ba453305f7b) Importer(2089858483,b0f066a214c2f5e87bad3c948f4d605d)
Start importing Assets/Aztech Games/PC&ConsoleButtonsIcons/Keyboard/2.png using Guid(19bff8650750ea3479965ba453305f7b) Importer(2089858483,b0f066a214c2f5e87bad3c948f4d605d) (ScriptedImporter) -> (artifact id: 'f818a542a691633b349c870df6bd6375') in 0.0161897 seconds
Number of updated asset objects reloaded before import = 0Number of asset objects unloaded after import = 3

========================================================================
Received Import Request.
  Time since last request: 0.000032 seconds.
  path: Assets/Aztech Games/PC&ConsoleButtonsIcons/Keyboard/delete.png
  artifactKey: Guid(b6b2542fd7313c5418718d5c04834b6c) Importer(2089858483,b0f066a214c2f5e87bad3c948f4d605d)
Start importing Assets/Aztech Games/PC&ConsoleButtonsIcons/Keyboard/delete.png using Guid(b6b2542fd7313c5418718d5c04834b6c) Importer(2089858483,b0f066a214c2f5e87bad3c948f4d605d) (ScriptedImporter) -> (artifact id: 'abd5e0a24ec04cde7183027e589ef024') in 0.0237247 seconds
Number of updated asset objects reloaded before import = 0Number of asset objects unloaded after import = 3

========================================================================
Received Import Request.
  Time since last request: 0.000041 seconds.
  path: Assets/Aztech Games/PC&ConsoleButtonsIcons/Keyboard/endash.png
  artifactKey: Guid(2be1c318327a9914f837453d9dc25a52) Importer(2089858483,b0f066a214c2f5e87bad3c948f4d605d)
Start importing Assets/Aztech Games/PC&ConsoleButtonsIcons/Keyboard/endash.png using Guid(2be1c318327a9914f837453d9dc25a52) Importer(2089858483,b0f066a214c2f5e87bad3c948f4d605d) (ScriptedImporter) -> (artifact id: 'd4678a0de1b59f512cb21545fd46c692') in 0.016721 seconds
Number of updated asset objects reloaded before import = 0Number of asset objects unloaded after import = 3

========================================================================
Received Import Request.
  Time since last request: 0.000019 seconds.
  path: Assets/TextMesh Pro/Sprites/EmojiOne.png
  artifactKey: Guid(dffef66376be4fa480fb02b19edbe903) Importer(2089858483,b0f066a214c2f5e87bad3c948f4d605d)
Start importing Assets/TextMesh Pro/Sprites/EmojiOne.png using Guid(dffef66376be4fa480fb02b19edbe903) Importer(2089858483,b0f066a214c2f5e87bad3c948f4d605d) (ScriptedImporter) -> (artifact id: '8ad5dfd083abccbbfa67026db1533ca9') in 0.0279309 seconds
Number of updated asset objects reloaded before import = 0Number of asset objects unloaded after import = 1

========================================================================
Received Import Request.
  Time since last request: 0.000029 seconds.
  path: Assets/Aztech Games/PC&ConsoleButtonsIcons/Keyboard/end.png
  artifactKey: Guid(e59ba0e1d19d85e4e9fd569cc0898e54) Importer(2089858483,b0f066a214c2f5e87bad3c948f4d605d)
Start importing Assets/Aztech Games/PC&ConsoleButtonsIcons/Keyboard/end.png using Guid(e59ba0e1d19d85e4e9fd569cc0898e54) Importer(2089858483,b0f066a214c2f5e87bad3c948f4d605d) (ScriptedImporter) -> (artifact id: 'ae9bf82644184df72266e9653ca79f3c') in 0.0223944 seconds
Number of updated asset objects reloaded before import = 0Number of asset objects unloaded after import = 3

========================================================================
Received Import Request.
  Time since last request: 0.000140 seconds.
  path: Assets/Aztech Games/PC&ConsoleButtonsIcons/Keyboard/4.png
  artifactKey: Guid(b0ccfb9e9e8c2304b8337ba04775df75) Importer(2089858483,b0f066a214c2f5e87bad3c948f4d605d)
Start importing Assets/Aztech Games/PC&ConsoleButtonsIcons/Keyboard/4.png using Guid(b0ccfb9e9e8c2304b8337ba04775df75) Importer(2089858483,b0f066a214c2f5e87bad3c948f4d605d) (ScriptedImporter) -> (artifact id: 'd5f257e178490c2dde0e5db793623597') in 0.0190721 seconds
Number of updated asset objects reloaded before import = 0Number of asset objects unloaded after import = 3

========================================================================
Received Import Request.
  Time since last request: 0.000045 seconds.
  path: Assets/Aztech Games/PC&ConsoleButtonsIcons/Keyboard/8.png
  artifactKey: Guid(81bc61344f1eabd45b02f0a25b2889e1) Importer(2089858483,b0f066a214c2f5e87bad3c948f4d605d)
Start importing Assets/Aztech Games/PC&ConsoleButtonsIcons/Keyboard/8.png using Guid(81bc61344f1eabd45b02f0a25b2889e1) Importer(2089858483,b0f066a214c2f5e87bad3c948f4d605d) (ScriptedImporter) -> (artifact id: 'bff56a1da59aa27cedc97b7cc4f26d67') in 0.0241791 seconds
Number of updated asset objects reloaded before import = 0Number of asset objects unloaded after import = 3

========================================================================
Received Import Request.
  Time since last request: 0.000052 seconds.
  path: Assets/Aztech Games/PC&ConsoleButtonsIcons/Keyboard/percent.png
  artifactKey: Guid(a8dc344bde04f024184632ce3f51432e) Importer(2089858483,b0f066a214c2f5e87bad3c948f4d605d)
Start importing Assets/Aztech Games/PC&ConsoleButtonsIcons/Keyboard/percent.png using Guid(a8dc344bde04f024184632ce3f51432e) Importer(2089858483,b0f066a214c2f5e87bad3c948f4d605d) (ScriptedImporter) -> (artifact id: '2fed22b4d566e7e1980313f8277c76df') in 0.0239743 seconds
Number of updated asset objects reloaded before import = 0Number of asset objects unloaded after import = 3

========================================================================
Received Import Request.
  Time since last request: 0.000045 seconds.
  path: Assets/Aztech Games/PC&ConsoleButtonsIcons/Keyboard/hash.png
  artifactKey: Guid(75c64ff33eaaef041b64abf7b0cda19a) Importer(2089858483,b0f066a214c2f5e87bad3c948f4d605d)
Start importing Assets/Aztech Games/PC&ConsoleButtonsIcons/Keyboard/hash.png using Guid(75c64ff33eaaef041b64abf7b0cda19a) Importer(2089858483,b0f066a214c2f5e87bad3c948f4d605d) (ScriptedImporter) -> (artifact id: '37910cb582ebd3b64414874ee1ec10fd') in 0.0220864 seconds
Number of updated asset objects reloaded before import = 0Number of asset objects unloaded after import = 3

========================================================================
Received Import Request.
  Time since last request: 0.000039 seconds.
  path: Assets/Aztech Games/PC&ConsoleButtonsIcons/Keyboard/f4.png
  artifactKey: Guid(4374455d5028d2548a51ebc76f77365d) Importer(2089858483,b0f066a214c2f5e87bad3c948f4d605d)
Start importing Assets/Aztech Games/PC&ConsoleButtonsIcons/Keyboard/f4.png using Guid(4374455d5028d2548a51ebc76f77365d) Importer(2089858483,b0f066a214c2f5e87bad3c948f4d605d) (ScriptedImporter) -> (artifact id: 'ffc69181a5cfe0d3ceac0c62494b5c2f') in 0.0208971 seconds
Number of updated asset objects reloaded before import = 0Number of asset objects unloaded after import = 3

========================================================================
Received Import Request.
  Time since last request: 0.000023 seconds.
  path: Assets/Aztech Games/PC&ConsoleButtonsIcons/Keyboard/quit.png
  artifactKey: Guid(fbcf1035c82ef27439a625e1d816eae7) Importer(2089858483,b0f066a214c2f5e87bad3c948f4d605d)
Start importing Assets/Aztech Games/PC&ConsoleButtonsIcons/Keyboard/quit.png using Guid(fbcf1035c82ef27439a625e1d816eae7) Importer(2089858483,b0f066a214c2f5e87bad3c948f4d605d) (ScriptedImporter) -> (artifact id: 'c0c53b02288b1735a613e4d3d8d10a98') in 0.0173279 seconds
Number of updated asset objects reloaded before import = 0Number of asset objects unloaded after import = 3

========================================================================
Received Import Request.
  Time since last request: 0.000022 seconds.
  path: Assets/Aztech Games/PC&ConsoleButtonsIcons/Keyboard/semicolon.png
  artifactKey: Guid(dbf6a5a5e22cb2e45ae406ce60ab2a77) Importer(2089858483,b0f066a214c2f5e87bad3c948f4d605d)
Start importing Assets/Aztech Games/PC&ConsoleButtonsIcons/Keyboard/semicolon.png using Guid(dbf6a5a5e22cb2e45ae406ce60ab2a77) Importer(2089858483,b0f066a214c2f5e87bad3c948f4d605d) (ScriptedImporter) -> (artifact id: '3b2e15c22c5f2afe27e25d79520c9860') in 0.0210582 seconds
Number of updated asset objects reloaded before import = 0Number of asset objects unloaded after import = 3

========================================================================
Received Import Request.
  Time since last request: 0.000025 seconds.
  path: Assets/Aztech Games/PC&ConsoleButtonsIcons/Keyboard/l.png
  artifactKey: Guid(82cf12b94f634184e999524e3de5bd20) Importer(2089858483,b0f066a214c2f5e87bad3c948f4d605d)
Start importing Assets/Aztech Games/PC&ConsoleButtonsIcons/Keyboard/l.png using Guid(82cf12b94f634184e999524e3de5bd20) Importer(2089858483,b0f066a214c2f5e87bad3c948f4d605d) (ScriptedImporter) -> (artifact id: '59376ae4bec1ddff6b379e61f825bbbe') in 0.0182128 seconds
Number of updated asset objects reloaded before import = 0Number of asset objects unloaded after import = 3

========================================================================
Received Import Request.
  Time since last request: 0.000035 seconds.
  path: Assets/Aztech Games/PC&ConsoleButtonsIcons/Keyboard/f3.png
  artifactKey: Guid(76d09856e387ade4ab2e137489264e41) Importer(2089858483,b0f066a214c2f5e87bad3c948f4d605d)
Start importing Assets/Aztech Games/PC&ConsoleButtonsIcons/Keyboard/f3.png using Guid(76d09856e387ade4ab2e137489264e41) Importer(2089858483,b0f066a214c2f5e87bad3c948f4d605d) (ScriptedImporter) -> (artifact id: '50d49c9cfa7565af23ada59aac5eb95a') in 0.0232616 seconds
Number of updated asset objects reloaded before import = 0Number of asset objects unloaded after import = 3

========================================================================
Received Import Request.
  Time since last request: 0.000017 seconds.
  path: Assets/Aztech Games/PC&ConsoleButtonsIcons/Keyboard/f9.png
  artifactKey: Guid(ebee6ce43785909439ac3929487f2900) Importer(2089858483,b0f066a214c2f5e87bad3c948f4d605d)
Start importing Assets/Aztech Games/PC&ConsoleButtonsIcons/Keyboard/f9.png using Guid(ebee6ce43785909439ac3929487f2900) Importer(2089858483,b0f066a214c2f5e87bad3c948f4d605d) (ScriptedImporter) -> (artifact id: '5e76637005f79e070740b9171098575a') in 0.0173844 seconds
Number of updated asset objects reloaded before import = 0Number of asset objects unloaded after import = 3

========================================================================
Received Import Request.
  Time since last request: 0.000021 seconds.
  path: Assets/Aztech Games/PC&ConsoleButtonsIcons/Keyboard/i.png
  artifactKey: Guid(c0697c1515f83564a8f2d2c84eb8befe) Importer(2089858483,b0f066a214c2f5e87bad3c948f4d605d)
Start importing Assets/Aztech Games/PC&ConsoleButtonsIcons/Keyboard/i.png using Guid(c0697c1515f83564a8f2d2c84eb8befe) Importer(2089858483,b0f066a214c2f5e87bad3c948f4d605d) (ScriptedImporter) -> (artifact id: '26e97c339e69a0bb4ef6c5353240b6c5') in 0.0266072 seconds
Number of updated asset objects reloaded before import = 0Number of asset objects unloaded after import = 3

========================================================================
Received Import Request.
  Time since last request: 0.000024 seconds.
  path: Assets/Aztech Games/PC&ConsoleButtonsIcons/Keyboard/q.png
  artifactKey: Guid(e8c7bd3bf9bd94944af51a54b3174ec3) Importer(2089858483,b0f066a214c2f5e87bad3c948f4d605d)
Start importing Assets/Aztech Games/PC&ConsoleButtonsIcons/Keyboard/q.png using Guid(e8c7bd3bf9bd94944af51a54b3174ec3) Importer(2089858483,b0f066a214c2f5e87bad3c948f4d605d) (ScriptedImporter) -> (artifact id: 'fcb082290947ea9df5cfc5500a046e32') in 0.0212368 seconds
Number of updated asset objects reloaded before import = 0Number of asset objects unloaded after import = 3

========================================================================
Received Import Request.
  Time since last request: 0.000041 seconds.
  path: Assets/Aztech Games/PC&ConsoleButtonsIcons/Keyboard/f10.png
  artifactKey: Guid(7e83677d31529f44c891267b1504febd) Importer(2089858483,b0f066a214c2f5e87bad3c948f4d605d)
Start importing Assets/Aztech Games/PC&ConsoleButtonsIcons/Keyboard/f10.png using Guid(7e83677d31529f44c891267b1504febd) Importer(2089858483,b0f066a214c2f5e87bad3c948f4d605d) (ScriptedImporter) -> (artifact id: 'be11604a6f98d2cd0169fbb55a886472') in 0.0182252 seconds
Number of updated asset objects reloaded before import = 0Number of asset objects unloaded after import = 3

========================================================================
Received Import Request.
  Time since last request: 0.000016 seconds.
  path: Assets/Aztech Games/PC&ConsoleButtonsIcons/Keyboard/plus.png
  artifactKey: Guid(c94c9d7b3c43f33488f4af3364f454d1) Importer(2089858483,b0f066a214c2f5e87bad3c948f4d605d)
Start importing Assets/Aztech Games/PC&ConsoleButtonsIcons/Keyboard/plus.png using Guid(c94c9d7b3c43f33488f4af3364f454d1) Importer(2089858483,b0f066a214c2f5e87bad3c948f4d605d) (ScriptedImporter) -> (artifact id: '573b9139dd973f0e618cde36db40c6c6') in 0.0298167 seconds
Number of updated asset objects reloaded before import = 0Number of asset objects unloaded after import = 3

========================================================================
Received Import Request.
  Time since last request: 0.000028 seconds.
  path: Assets/Aztech Games/PC&ConsoleButtonsIcons/Keyboard/insert.png
  artifactKey: Guid(5d67fc0eb5410a3459ea509608bc9844) Importer(2089858483,b0f066a214c2f5e87bad3c948f4d605d)
Start importing Assets/Aztech Games/PC&ConsoleButtonsIcons/Keyboard/insert.png using Guid(5d67fc0eb5410a3459ea509608bc9844) Importer(2089858483,b0f066a214c2f5e87bad3c948f4d605d) (ScriptedImporter) -> (artifact id: 'c7c0f9c7256bd1e265e3d4296e66bcc8') in 0.0184551 seconds
Number of updated asset objects reloaded before import = 0Number of asset objects unloaded after import = 3

========================================================================
Received Import Request.
  Time since last request: 0.000046 seconds.
  path: Assets/Aztech Games/PC&ConsoleButtonsIcons/Keyboard_White/8.png
  artifactKey: Guid(1990bba32e6a7ae479e13280311e5016) Importer(2089858483,b0f066a214c2f5e87bad3c948f4d605d)
Start importing Assets/Aztech Games/PC&ConsoleButtonsIcons/Keyboard_White/8.png using Guid(1990bba32e6a7ae479e13280311e5016) Importer(2089858483,b0f066a214c2f5e87bad3c948f4d605d) (ScriptedImporter) -> (artifact id: '11fd87d1adb56c4011caa983699efaa3') in 0.018075 seconds
Number of updated asset objects reloaded before import = 0Number of asset objects unloaded after import = 3

========================================================================
Received Import Request.
  Time since last request: 0.000025 seconds.
  path: Assets/Aztech Games/PC&ConsoleButtonsIcons/Keyboard/z.png
  artifactKey: Guid(2d3f67da503618c4f9795224befdadb8) Importer(2089858483,b0f066a214c2f5e87bad3c948f4d605d)
Start importing Assets/Aztech Games/PC&ConsoleButtonsIcons/Keyboard/z.png using Guid(2d3f67da503618c4f9795224befdadb8) Importer(2089858483,b0f066a214c2f5e87bad3c948f4d605d) (ScriptedImporter) -> (artifact id: 'd896952c9d5a15d07b195296db051d8c') in 0.0256077 seconds
Number of updated asset objects reloaded before import = 0Number of asset objects unloaded after import = 3

========================================================================
Received Import Request.
  Time since last request: 0.000019 seconds.
  path: Assets/Aztech Games/PC&ConsoleButtonsIcons/Keyboard/space.png
  artifactKey: Guid(71a40e616a3644543ae88735966973b6) Importer(2089858483,b0f066a214c2f5e87bad3c948f4d605d)
Start importing Assets/Aztech Games/PC&ConsoleButtonsIcons/Keyboard/space.png using Guid(71a40e616a3644543ae88735966973b6) Importer(2089858483,b0f066a214c2f5e87bad3c948f4d605d) (ScriptedImporter) -> (artifact id: 'a9661cdda8ff38c97434c5ec28647347') in 0.0191496 seconds
Number of updated asset objects reloaded before import = 0Number of asset objects unloaded after import = 3

========================================================================
Received Import Request.
  Time since last request: 0.000026 seconds.
  path: Assets/Aztech Games/PC&ConsoleButtonsIcons/Keyboard/t.png
  artifactKey: Guid(653a1936dc0423f479a5c96b6fd1182a) Importer(2089858483,b0f066a214c2f5e87bad3c948f4d605d)
Start importing Assets/Aztech Games/PC&ConsoleButtonsIcons/Keyboard/t.png using Guid(653a1936dc0423f479a5c96b6fd1182a) Importer(2089858483,b0f066a214c2f5e87bad3c948f4d605d) (ScriptedImporter) -> (artifact id: '8cf5c28f1a3cae02202982f17aaf14a6') in 0.022709 seconds
Number of updated asset objects reloaded before import = 0Number of asset objects unloaded after import = 3

========================================================================
Received Import Request.
  Time since last request: 0.000021 seconds.
  path: Assets/Aztech Games/PC&ConsoleButtonsIcons/Keyboard/ğ.png
  artifactKey: Guid(637cd90f0edf9d946bb3b4a6bd0084b6) Importer(2089858483,b0f066a214c2f5e87bad3c948f4d605d)
Start importing Assets/Aztech Games/PC&ConsoleButtonsIcons/Keyboard/ğ.png using Guid(637cd90f0edf9d946bb3b4a6bd0084b6) Importer(2089858483,b0f066a214c2f5e87bad3c948f4d605d) (ScriptedImporter) -> (artifact id: '50c1b27326c7034bdcb270f9267b7b59') in 0.0240663 seconds
Number of updated asset objects reloaded before import = 0Number of asset objects unloaded after import = 3

========================================================================
Received Import Request.
  Time since last request: 0.000035 seconds.
  path: Assets/Aztech Games/PC&ConsoleButtonsIcons/Keyboard_White/0.png
  artifactKey: Guid(690987b671721a843bc12231236b4218) Importer(2089858483,b0f066a214c2f5e87bad3c948f4d605d)
Start importing Assets/Aztech Games/PC&ConsoleButtonsIcons/Keyboard_White/0.png using Guid(690987b671721a843bc12231236b4218) Importer(2089858483,b0f066a214c2f5e87bad3c948f4d605d) (ScriptedImporter) -> (artifact id: 'c9bc76d3085bbd550951a93e8699df0c') in 0.0173654 seconds
Number of updated asset objects reloaded before import = 0Number of asset objects unloaded after import = 3

========================================================================
Received Import Request.
  Time since last request: 0.000026 seconds.
  path: Assets/Aztech Games/PC&ConsoleButtonsIcons/Keyboard_White/4.png
  artifactKey: Guid(4f8c3bc4dad69a84da102ebe03b559ae) Importer(2089858483,b0f066a214c2f5e87bad3c948f4d605d)
Start importing Assets/Aztech Games/PC&ConsoleButtonsIcons/Keyboard_White/4.png using Guid(4f8c3bc4dad69a84da102ebe03b559ae) Importer(2089858483,b0f066a214c2f5e87bad3c948f4d605d) (ScriptedImporter) -> (artifact id: '5658c7faf498afde748335ecb2c992b7') in 0.0183317 seconds
Number of updated asset objects reloaded before import = 0Number of asset objects unloaded after import = 3

========================================================================
Received Import Request.
  Time since last request: 0.000015 seconds.
  path: Assets/Aztech Games/PC&ConsoleButtonsIcons/Keyboard_White/alt.png
  artifactKey: Guid(cbeeb72d62cc22c4395cb8a6e5a75ffb) Importer(2089858483,b0f066a214c2f5e87bad3c948f4d605d)
Start importing Assets/Aztech Games/PC&ConsoleButtonsIcons/Keyboard_White/alt.png using Guid(cbeeb72d62cc22c4395cb8a6e5a75ffb) Importer(2089858483,b0f066a214c2f5e87bad3c948f4d605d) (ScriptedImporter) -> (artifact id: '85257821a7b75b68da1e77a240d069f9') in 0.0194139 seconds
Number of updated asset objects reloaded before import = 0Number of asset objects unloaded after import = 3

========================================================================
Received Import Request.
  Time since last request: 0.000026 seconds.
  path: Assets/Aztech Games/PC&ConsoleButtonsIcons/Keyboard_White/anglerbracketR.png
  artifactKey: Guid(10a20f9eb2ebb5d4e82d403f05b0adae) Importer(2089858483,b0f066a214c2f5e87bad3c948f4d605d)
Start importing Assets/Aztech Games/PC&ConsoleButtonsIcons/Keyboard_White/anglerbracketR.png using Guid(10a20f9eb2ebb5d4e82d403f05b0adae) Importer(2089858483,b0f066a214c2f5e87bad3c948f4d605d) (ScriptedImporter) -> (artifact id: '3cef2789e04bcc16c527abd08566f45e') in 0.023983 seconds
Number of updated asset objects reloaded before import = 0Number of asset objects unloaded after import = 3

========================================================================
Received Import Request.
  Time since last request: 0.000028 seconds.
  path: Assets/Aztech Games/PC&ConsoleButtonsIcons/Keyboard/ö.png
  artifactKey: Guid(3bd0a21531c0bda468400b6e475779c3) Importer(2089858483,b0f066a214c2f5e87bad3c948f4d605d)
Start importing Assets/Aztech Games/PC&ConsoleButtonsIcons/Keyboard/ö.png using Guid(3bd0a21531c0bda468400b6e475779c3) Importer(2089858483,b0f066a214c2f5e87bad3c948f4d605d) (ScriptedImporter) -> (artifact id: '94839a9875abfe04fb07f7a332291c80') in 0.0190258 seconds
Number of updated asset objects reloaded before import = 0Number of asset objects unloaded after import = 3

========================================================================
Received Import Request.
  Time since last request: 0.000019 seconds.
  path: Assets/Aztech Games/PC&ConsoleButtonsIcons/Keyboard_White/anglerbracketL.png
  artifactKey: Guid(502f29e11037e7f429bc7af0ba1e79ba) Importer(2089858483,b0f066a214c2f5e87bad3c948f4d605d)
Start importing Assets/Aztech Games/PC&ConsoleButtonsIcons/Keyboard_White/anglerbracketL.png using Guid(502f29e11037e7f429bc7af0ba1e79ba) Importer(2089858483,b0f066a214c2f5e87bad3c948f4d605d) (ScriptedImporter) -> (artifact id: 'f9f30e3909bbe6d59013b00c6b69d7c1') in 0.0197761 seconds
Number of updated asset objects reloaded before import = 0Number of asset objects unloaded after import = 3

========================================================================
Received Import Request.
  Time since last request: 0.000016 seconds.
  path: Assets/Aztech Games/PC&ConsoleButtonsIcons/Keyboard/vertical.png
  artifactKey: Guid(289983f536534664885727f987124bee) Importer(2089858483,b0f066a214c2f5e87bad3c948f4d605d)
Start importing Assets/Aztech Games/PC&ConsoleButtonsIcons/Keyboard/vertical.png using Guid(289983f536534664885727f987124bee) Importer(2089858483,b0f066a214c2f5e87bad3c948f4d605d) (ScriptedImporter) -> (artifact id: 'a115a9d4f2c34a94e46e2973dcb73135') in 0.0236016 seconds
Number of updated asset objects reloaded before import = 0Number of asset objects unloaded after import = 3

========================================================================
Received Import Request.
  Time since last request: 0.000017 seconds.
  path: Assets/Cartoon UI/Icons/Bag.png
  artifactKey: Guid(687b777ccb26c814f81a7c11655dd300) Importer(2089858483,b0f066a214c2f5e87bad3c948f4d605d)
Start importing Assets/Cartoon UI/Icons/Bag.png using Guid(687b777ccb26c814f81a7c11655dd300) Importer(2089858483,b0f066a214c2f5e87bad3c948f4d605d) (ScriptedImporter) -> (artifact id: '7decfda5887258450e30c9acc803d77b') in 0.0189292 seconds
Number of updated asset objects reloaded before import = 0Number of asset objects unloaded after import = 3

========================================================================
Received Import Request.
  Time since last request: 0.000041 seconds.
  path: Assets/Cartoon UI/Icons/Pig.png
  artifactKey: Guid(e1d87f948dea95a4daad403465e1fa31) Importer(2089858483,b0f066a214c2f5e87bad3c948f4d605d)
Start importing Assets/Cartoon UI/Icons/Pig.png using Guid(e1d87f948dea95a4daad403465e1fa31) Importer(2089858483,b0f066a214c2f5e87bad3c948f4d605d) (ScriptedImporter) -> (artifact id: 'fe44e915884d661abd53d2b944440d5c') in 0.0204845 seconds
Number of updated asset objects reloaded before import = 0Number of asset objects unloaded after import = 3

========================================================================
Received Import Request.
  Time since last request: 0.000019 seconds.
  path: Assets/Aztech Games/PC&ConsoleButtonsIcons/Keyboard_White/f11.png
  artifactKey: Guid(9a4af487c6bfc6444b923ab12a9d49e7) Importer(2089858483,b0f066a214c2f5e87bad3c948f4d605d)
Start importing Assets/Aztech Games/PC&ConsoleButtonsIcons/Keyboard_White/f11.png using Guid(9a4af487c6bfc6444b923ab12a9d49e7) Importer(2089858483,b0f066a214c2f5e87bad3c948f4d605d) (ScriptedImporter) -> (artifact id: 'eefe11786ace82825f4d415d1acf677b') in 0.0221775 seconds
Number of updated asset objects reloaded before import = 0Number of asset objects unloaded after import = 3

========================================================================
Received Import Request.
  Time since last request: 0.000035 seconds.
  path: Assets/Aztech Games/PC&ConsoleButtonsIcons/Keyboard_White/f3.png
  artifactKey: Guid(42aa103ac0acfd444b13db4e82462b5a) Importer(2089858483,b0f066a214c2f5e87bad3c948f4d605d)
Start importing Assets/Aztech Games/PC&ConsoleButtonsIcons/Keyboard_White/f3.png using Guid(42aa103ac0acfd444b13db4e82462b5a) Importer(2089858483,b0f066a214c2f5e87bad3c948f4d605d) (ScriptedImporter) -> (artifact id: '0b4b5cfc738e96714027ed5892cbe499') in 0.0158386 seconds
Number of updated asset objects reloaded before import = 0Number of asset objects unloaded after import = 3

========================================================================
Received Import Request.
  Time since last request: 0.000019 seconds.
  path: Assets/Aztech Games/PC&ConsoleButtonsIcons/Keyboard_White/f12.png
  artifactKey: Guid(c286fc4564a87204fab013009429e7bf) Importer(2089858483,b0f066a214c2f5e87bad3c948f4d605d)
Start importing Assets/Aztech Games/PC&ConsoleButtonsIcons/Keyboard_White/f12.png using Guid(c286fc4564a87204fab013009429e7bf) Importer(2089858483,b0f066a214c2f5e87bad3c948f4d605d) (ScriptedImporter) -> (artifact id: '6ecfdc7315b20ae9cb777618af54c96b') in 0.020302 seconds
Number of updated asset objects reloaded before import = 0Number of asset objects unloaded after import = 3

========================================================================
Received Import Request.
  Time since last request: 0.000035 seconds.
  path: Assets/Aztech Games/PC&ConsoleButtonsIcons/Keyboard_White/ctrl.png
  artifactKey: Guid(c95a2255c8165ab489094891cea3cd5f) Importer(2089858483,b0f066a214c2f5e87bad3c948f4d605d)
Start importing Assets/Aztech Games/PC&ConsoleButtonsIcons/Keyboard_White/ctrl.png using Guid(c95a2255c8165ab489094891cea3cd5f) Importer(2089858483,b0f066a214c2f5e87bad3c948f4d605d) (ScriptedImporter) -> (artifact id: '913fbf249da24ffe508991008134a418') in 0.0204694 seconds
Number of updated asset objects reloaded before import = 0Number of asset objects unloaded after import = 3

========================================================================
Received Import Request.
  Time since last request: 0.000024 seconds.
  path: Assets/Aztech Games/PC&ConsoleButtonsIcons/Keyboard_White/f7.png
  artifactKey: Guid(c72a0ba30b215924299b6af45374199d) Importer(2089858483,b0f066a214c2f5e87bad3c948f4d605d)
Start importing Assets/Aztech Games/PC&ConsoleButtonsIcons/Keyboard_White/f7.png using Guid(c72a0ba30b215924299b6af45374199d) Importer(2089858483,b0f066a214c2f5e87bad3c948f4d605d) (ScriptedImporter) -> (artifact id: '58514b402d7fc576ef6e0f7a9df93d5b') in 0.0199735 seconds
Number of updated asset objects reloaded before import = 0Number of asset objects unloaded after import = 3

========================================================================
Received Import Request.
  Time since last request: 0.000015 seconds.
  path: Assets/Aztech Games/PC&ConsoleButtonsIcons/Keyboard_White/arrowD.png
  artifactKey: Guid(5c9598d6e4ae77449b9b415ce0ea7d9e) Importer(2089858483,b0f066a214c2f5e87bad3c948f4d605d)
Start importing Assets/Aztech Games/PC&ConsoleButtonsIcons/Keyboard_White/arrowD.png using Guid(5c9598d6e4ae77449b9b415ce0ea7d9e) Importer(2089858483,b0f066a214c2f5e87bad3c948f4d605d) (ScriptedImporter) -> (artifact id: 'e3915fa523e3279ebcafc941258e3406') in 0.0194652 seconds
Number of updated asset objects reloaded before import = 0Number of asset objects unloaded after import = 3

========================================================================
Received Import Request.
  Time since last request: 0.000028 seconds.
  path: Assets/Aztech Games/PC&ConsoleButtonsIcons/Keyboard_White/e.png
  artifactKey: Guid(85a6cd99774ef5f4ba98575714b4c0b1) Importer(2089858483,b0f066a214c2f5e87bad3c948f4d605d)
Start importing Assets/Aztech Games/PC&ConsoleButtonsIcons/Keyboard_White/e.png using Guid(85a6cd99774ef5f4ba98575714b4c0b1) Importer(2089858483,b0f066a214c2f5e87bad3c948f4d605d) (ScriptedImporter) -> (artifact id: '376e6370795e57615cb26cb3512598a9') in 0.0205273 seconds
Number of updated asset objects reloaded before import = 0Number of asset objects unloaded after import = 3

========================================================================
Received Import Request.
  Time since last request: 0.000036 seconds.
  path: Assets/Aztech Games/PC&ConsoleButtonsIcons/Keyboard_White/equal.png
  artifactKey: Guid(0193a2cffdf1ad245b6ba5ecc6dc852e) Importer(2089858483,b0f066a214c2f5e87bad3c948f4d605d)
Start importing Assets/Aztech Games/PC&ConsoleButtonsIcons/Keyboard_White/equal.png using Guid(0193a2cffdf1ad245b6ba5ecc6dc852e) Importer(2089858483,b0f066a214c2f5e87bad3c948f4d605d) (ScriptedImporter) -> (artifact id: 'c852fda3866691a802c537e598ba017e') in 0.0199261 seconds
Number of updated asset objects reloaded before import = 0Number of asset objects unloaded after import = 3

========================================================================
Received Import Request.
  Time since last request: 0.000018 seconds.
  path: Assets/Aztech Games/PC&ConsoleButtonsIcons/Keyboard_White/arrowU.png
  artifactKey: Guid(d676693fef6219b42a849bada33c528e) Importer(2089858483,b0f066a214c2f5e87bad3c948f4d605d)
Start importing Assets/Aztech Games/PC&ConsoleButtonsIcons/Keyboard_White/arrowU.png using Guid(d676693fef6219b42a849bada33c528e) Importer(2089858483,b0f066a214c2f5e87bad3c948f4d605d) (ScriptedImporter) -> (artifact id: '276970a595312a9934605f2c5416da2c') in 0.0267122 seconds
Number of updated asset objects reloaded before import = 0Number of asset objects unloaded after import = 3

========================================================================
Received Import Request.
  Time since last request: 0.000019 seconds.
  path: Assets/Aztech Games/PC&ConsoleButtonsIcons/Keyboard_White/f2.png
  artifactKey: Guid(0d454536ea5437b4488969ed1569c317) Importer(2089858483,b0f066a214c2f5e87bad3c948f4d605d)
Start importing Assets/Aztech Games/PC&ConsoleButtonsIcons/Keyboard_White/f2.png using Guid(0d454536ea5437b4488969ed1569c317) Importer(2089858483,b0f066a214c2f5e87bad3c948f4d605d) (ScriptedImporter) -> (artifact id: '65d467602d78ebb308c0d529146f13a6') in 0.0255402 seconds
Number of updated asset objects reloaded before import = 0Number of asset objects unloaded after import = 3

========================================================================
Received Import Request.
  Time since last request: 0.000019 seconds.
  path: Assets/Aztech Games/PC&ConsoleButtonsIcons/Keyboard_White/arrowR.png
  artifactKey: Guid(c2a534dc2f94f6045849bfcc56f49f3c) Importer(2089858483,b0f066a214c2f5e87bad3c948f4d605d)
Start importing Assets/Aztech Games/PC&ConsoleButtonsIcons/Keyboard_White/arrowR.png using Guid(c2a534dc2f94f6045849bfcc56f49f3c) Importer(2089858483,b0f066a214c2f5e87bad3c948f4d605d) (ScriptedImporter) -> (artifact id: 'a50d6cc8ae8fce10a55990bc98158e61') in 0.0303864 seconds
Number of updated asset objects reloaded before import = 0Number of asset objects unloaded after import = 3

========================================================================
Received Import Request.
  Time since last request: 0.000067 seconds.
  path: Assets/Aztech Games/PC&ConsoleButtonsIcons/Keyboard_White/f9.png
  artifactKey: Guid(4793ab88d1078244ba915a6f92c672f7) Importer(2089858483,b0f066a214c2f5e87bad3c948f4d605d)
Start importing Assets/Aztech Games/PC&ConsoleButtonsIcons/Keyboard_White/f9.png using Guid(4793ab88d1078244ba915a6f92c672f7) Importer(2089858483,b0f066a214c2f5e87bad3c948f4d605d) (ScriptedImporter) -> (artifact id: '0985cfdf7716b55b3c460347cb2e71a9') in 0.0228957 seconds
Number of updated asset objects reloaded before import = 0Number of asset objects unloaded after import = 3

========================================================================
Received Import Request.
  Time since last request: 0.000019 seconds.
  path: Assets/Aztech Games/PC&ConsoleButtonsIcons/Keyboard_White/j.png
  artifactKey: Guid(078170f62ce92d441943e74cf18b25be) Importer(2089858483,b0f066a214c2f5e87bad3c948f4d605d)
Start importing Assets/Aztech Games/PC&ConsoleButtonsIcons/Keyboard_White/j.png using Guid(078170f62ce92d441943e74cf18b25be) Importer(2089858483,b0f066a214c2f5e87bad3c948f4d605d) (ScriptedImporter) -> (artifact id: '6fe80c5ab832b47bad7d91f6cd9ec59a') in 0.0234083 seconds
Number of updated asset objects reloaded before import = 0Number of asset objects unloaded after import = 3

========================================================================
Received Import Request.
  Time since last request: 0.000022 seconds.
  path: Assets/Aztech Games/PC&ConsoleButtonsIcons/Keyboard_White/home.png
  artifactKey: Guid(11ecd694ba835d644b6669da5c808fd5) Importer(2089858483,b0f066a214c2f5e87bad3c948f4d605d)
Start importing Assets/Aztech Games/PC&ConsoleButtonsIcons/Keyboard_White/home.png using Guid(11ecd694ba835d644b6669da5c808fd5) Importer(2089858483,b0f066a214c2f5e87bad3c948f4d605d) (ScriptedImporter) -> (artifact id: 'ecaaf616dcdb677c02d6c637e1f2d7be') in 0.017511 seconds
Number of updated asset objects reloaded before import = 0Number of asset objects unloaded after import = 3

========================================================================
Received Import Request.
  Time since last request: 0.000027 seconds.
  path: Assets/Aztech Games/PC&ConsoleButtonsIcons/Keyboard_White/l.png
  artifactKey: Guid(de4eff3c66297644ba69d6d0b7032315) Importer(2089858483,b0f066a214c2f5e87bad3c948f4d605d)
Start importing Assets/Aztech Games/PC&ConsoleButtonsIcons/Keyboard_White/l.png using Guid(de4eff3c66297644ba69d6d0b7032315) Importer(2089858483,b0f066a214c2f5e87bad3c948f4d605d) (ScriptedImporter) -> (artifact id: 'd0cff5309d3bf599e2119acc23e3c8c2') in 0.0237916 seconds
Number of updated asset objects reloaded before import = 0Number of asset objects unloaded after import = 3

========================================================================
Received Import Request.
  Time since last request: 0.000054 seconds.
  path: Assets/Aztech Games/PC&ConsoleButtonsIcons/Keyboard_White/o.png
  artifactKey: Guid(a0a51de89894f9948a79fe0fd5d461ee) Importer(2089858483,b0f066a214c2f5e87bad3c948f4d605d)
Start importing Assets/Aztech Games/PC&ConsoleButtonsIcons/Keyboard_White/o.png using Guid(a0a51de89894f9948a79fe0fd5d461ee) Importer(2089858483,b0f066a214c2f5e87bad3c948f4d605d) (ScriptedImporter) -> (artifact id: '4015df76e436291aff67bbf130af39e0') in 0.0202849 seconds
Number of updated asset objects reloaded before import = 0Number of asset objects unloaded after import = 3

========================================================================
Received Import Request.
  Time since last request: 0.000036 seconds.
  path: Assets/Aztech Games/PC&ConsoleButtonsIcons/Keyboard_White/m.png
  artifactKey: Guid(e7bd7ca92956b3a4aa70a7d672e0fbf6) Importer(2089858483,b0f066a214c2f5e87bad3c948f4d605d)
Start importing Assets/Aztech Games/PC&ConsoleButtonsIcons/Keyboard_White/m.png using Guid(e7bd7ca92956b3a4aa70a7d672e0fbf6) Importer(2089858483,b0f066a214c2f5e87bad3c948f4d605d) (ScriptedImporter) -> (artifact id: '7edb87e0ed0fa9a41ff3f33527d2323f') in 0.0179435 seconds
Number of updated asset objects reloaded before import = 0Number of asset objects unloaded after import = 3

========================================================================
Received Import Request.
  Time since last request: 0.000021 seconds.
  path: Assets/Aztech Games/PC&ConsoleButtonsIcons/Keyboard_White/plus.png
  artifactKey: Guid(f94267967212b814bb7ac6c7bc614644) Importer(2089858483,b0f066a214c2f5e87bad3c948f4d605d)
Start importing Assets/Aztech Games/PC&ConsoleButtonsIcons/Keyboard_White/plus.png using Guid(f94267967212b814bb7ac6c7bc614644) Importer(2089858483,b0f066a214c2f5e87bad3c948f4d605d) (ScriptedImporter) -> (artifact id: '05ab9158919a294ffc68f6a00d627d48') in 0.0153782 seconds
Number of updated asset objects reloaded before import = 0Number of asset objects unloaded after import = 3

========================================================================
Received Import Request.
  Time since last request: 0.000025 seconds.
  path: Assets/Aztech Games/PC&ConsoleButtonsIcons/Keyboard_White/greaterthan.png
  artifactKey: Guid(e0f983817c2d36c429614f05dbb374b3) Importer(2089858483,b0f066a214c2f5e87bad3c948f4d605d)
Start importing Assets/Aztech Games/PC&ConsoleButtonsIcons/Keyboard_White/greaterthan.png using Guid(e0f983817c2d36c429614f05dbb374b3) Importer(2089858483,b0f066a214c2f5e87bad3c948f4d605d) (ScriptedImporter) -> (artifact id: '0df8d9c988eeed8a61ab9c308d8c7774') in 0.0137451 seconds
Number of updated asset objects reloaded before import = 0Number of asset objects unloaded after import = 3

========================================================================
Received Import Request.
  Time since last request: 0.000057 seconds.
  path: Assets/Aztech Games/PC&ConsoleButtonsIcons/Keyboard_White/mouseScrollWheel.png
  artifactKey: Guid(9e325a315f2a6ea4b85c3b6d98a62718) Importer(2089858483,b0f066a214c2f5e87bad3c948f4d605d)
Start importing Assets/Aztech Games/PC&ConsoleButtonsIcons/Keyboard_White/mouseScrollWheel.png using Guid(9e325a315f2a6ea4b85c3b6d98a62718) Importer(2089858483,b0f066a214c2f5e87bad3c948f4d605d) (ScriptedImporter) -> (artifact id: 'f4e1cc40116283b23d49fe4f6d152fc3') in 0.017191 seconds
Number of updated asset objects reloaded before import = 0Number of asset objects unloaded after import = 3

========================================================================
Received Import Request.
  Time since last request: 0.000022 seconds.
  path: Assets/Aztech Games/PC&ConsoleButtonsIcons/Keyboard_White/p.png
  artifactKey: Guid(8d664ee3521ac5644914cf9591db6a65) Importer(2089858483,b0f066a214c2f5e87bad3c948f4d605d)
Start importing Assets/Aztech Games/PC&ConsoleButtonsIcons/Keyboard_White/p.png using Guid(8d664ee3521ac5644914cf9591db6a65) Importer(2089858483,b0f066a214c2f5e87bad3c948f4d605d) (ScriptedImporter) -> (artifact id: '2fee4f4e2ae1d554c04072d09bba9427') in 0.0252593 seconds
Number of updated asset objects reloaded before import = 0Number of asset objects unloaded after import = 3

========================================================================
Received Import Request.
  Time since last request: 0.000018 seconds.
  path: Assets/Aztech Games/PC&ConsoleButtonsIcons/Keyboard_White/squarebracketL.png
  artifactKey: Guid(84080e2a75c59644ab681ee4cad3717c) Importer(2089858483,b0f066a214c2f5e87bad3c948f4d605d)
Start importing Assets/Aztech Games/PC&ConsoleButtonsIcons/Keyboard_White/squarebracketL.png using Guid(84080e2a75c59644ab681ee4cad3717c) Importer(2089858483,b0f066a214c2f5e87bad3c948f4d605d) (ScriptedImporter) -> (artifact id: '925a50ce0e45489c71680cd27d38a79f') in 0.0185134 seconds
Number of updated asset objects reloaded before import = 0Number of asset objects unloaded after import = 3

========================================================================
Received Import Request.
  Time since last request: 0.000022 seconds.
  path: Assets/Aztech Games/PC&ConsoleButtonsIcons/Keyboard_White/hash.png
  artifactKey: Guid(63f521b7f97c592409715ee865bff551) Importer(2089858483,b0f066a214c2f5e87bad3c948f4d605d)
Start importing Assets/Aztech Games/PC&ConsoleButtonsIcons/Keyboard_White/hash.png using Guid(63f521b7f97c592409715ee865bff551) Importer(2089858483,b0f066a214c2f5e87bad3c948f4d605d) (ScriptedImporter) -> (artifact id: '13986f0adb6cf9688f24d890d76a9be3') in 0.0158811 seconds
Number of updated asset objects reloaded before import = 0Number of asset objects unloaded after import = 3

========================================================================
Received Import Request.
  Time since last request: 0.000069 seconds.
  path: Assets/Aztech Games/PC&ConsoleButtonsIcons/Keyboard_White/squarebracketR.png
  artifactKey: Guid(11b9829c058f394488cba10492d254e8) Importer(2089858483,b0f066a214c2f5e87bad3c948f4d605d)
Start importing Assets/Aztech Games/PC&ConsoleButtonsIcons/Keyboard_White/squarebracketR.png using Guid(11b9829c058f394488cba10492d254e8) Importer(2089858483,b0f066a214c2f5e87bad3c948f4d605d) (ScriptedImporter) -> (artifact id: 'b3d388722c5488cc6d34d86c71657543') in 0.0146336 seconds
Number of updated asset objects reloaded before import = 0Number of asset objects unloaded after import = 3

========================================================================
Received Import Request.
  Time since last request: 0.000030 seconds.
  path: Assets/Aztech Games/PC&ConsoleButtonsIcons/Keyboard_White/pageDown.png
  artifactKey: Guid(9533a2082f4e99843826a90b5f047f94) Importer(2089858483,b0f066a214c2f5e87bad3c948f4d605d)
Start importing Assets/Aztech Games/PC&ConsoleButtonsIcons/Keyboard_White/pageDown.png using Guid(9533a2082f4e99843826a90b5f047f94) Importer(2089858483,b0f066a214c2f5e87bad3c948f4d605d) (ScriptedImporter) -> (artifact id: '355408c95c729db3c8f54f5ce1a84a66') in 0.0153415 seconds
Number of updated asset objects reloaded before import = 0Number of asset objects unloaded after import = 3

========================================================================
Received Import Request.
  Time since last request: 0.000035 seconds.
  path: Assets/Aztech Games/PC&ConsoleButtonsIcons/Keyboard_White/x.png
  artifactKey: Guid(3b514b4541ceb194fa94f39e35700b87) Importer(2089858483,b0f066a214c2f5e87bad3c948f4d605d)
Start importing Assets/Aztech Games/PC&ConsoleButtonsIcons/Keyboard_White/x.png using Guid(3b514b4541ceb194fa94f39e35700b87) Importer(2089858483,b0f066a214c2f5e87bad3c948f4d605d) (ScriptedImporter) -> (artifact id: '6c8d390453613bba61710e01f4b7e156') in 0.0166463 seconds
Number of updated asset objects reloaded before import = 0Number of asset objects unloaded after import = 3

========================================================================
Received Import Request.
  Time since last request: 0.000034 seconds.
  path: Assets/Aztech Games/PC&ConsoleButtonsIcons/Mockups/keyboard_White.png
  artifactKey: Guid(a40105cc7a2004a4aac0f1f5899458ec) Importer(2089858483,b0f066a214c2f5e87bad3c948f4d605d)
Start importing Assets/Aztech Games/PC&ConsoleButtonsIcons/Mockups/keyboard_White.png using Guid(a40105cc7a2004a4aac0f1f5899458ec) Importer(2089858483,b0f066a214c2f5e87bad3c948f4d605d) (ScriptedImporter) -> (artifact id: '62483269cee2a8471f93afb6a3df36b0') in 0.0185481 seconds
Number of updated asset objects reloaded before import = 0Number of asset objects unloaded after import = 3

========================================================================
Received Import Request.
  Time since last request: 0.000033 seconds.
  path: Assets/Aztech Games/PC&ConsoleButtonsIcons/Ps5/Left.png
  artifactKey: Guid(860251f6fbabba7419fd0fd749c8b14b) Importer(2089858483,b0f066a214c2f5e87bad3c948f4d605d)
Start importing Assets/Aztech Games/PC&ConsoleButtonsIcons/Ps5/Left.png using Guid(860251f6fbabba7419fd0fd749c8b14b) Importer(2089858483,b0f066a214c2f5e87bad3c948f4d605d) (ScriptedImporter) -> (artifact id: 'b1c203fbd793a318a9a720ec83f6b6a0') in 0.0141554 seconds
Number of updated asset objects reloaded before import = 0Number of asset objects unloaded after import = 3

========================================================================
Received Import Request.
  Time since last request: 0.000017 seconds.
  path: Assets/Aztech Games/PC&ConsoleButtonsIcons/Ps5/Circle.png
  artifactKey: Guid(531197050711f9442abc6d661bdbeef2) Importer(2089858483,b0f066a214c2f5e87bad3c948f4d605d)
Start importing Assets/Aztech Games/PC&ConsoleButtonsIcons/Ps5/Circle.png using Guid(531197050711f9442abc6d661bdbeef2) Importer(2089858483,b0f066a214c2f5e87bad3c948f4d605d) (ScriptedImporter) -> (artifact id: '9469261b913ac3da764e691db843cb1d') in 0.0159261 seconds
Number of updated asset objects reloaded before import = 0Number of asset objects unloaded after import = 3

========================================================================
Received Import Request.
  Time since last request: 0.000022 seconds.
  path: Assets/Aztech Games/PC&ConsoleButtonsIcons/Keyboard_White/ğ.png
  artifactKey: Guid(3c9dffdb095f4454b99a0e6a9db67cbe) Importer(2089858483,b0f066a214c2f5e87bad3c948f4d605d)
Start importing Assets/Aztech Games/PC&ConsoleButtonsIcons/Keyboard_White/ğ.png using Guid(3c9dffdb095f4454b99a0e6a9db67cbe) Importer(2089858483,b0f066a214c2f5e87bad3c948f4d605d) (ScriptedImporter) -> (artifact id: 'c3dd5be0f5325f22ec52144fad134d51') in 0.0212347 seconds
Number of updated asset objects reloaded before import = 0Number of asset objects unloaded after import = 3

========================================================================
Received Import Request.
  Time since last request: 0.000032 seconds.
  path: Assets/Aztech Games/PC&ConsoleButtonsIcons/Ps5/L1.png
  artifactKey: Guid(5cd50b2d36569cf4d882c8e9426384e3) Importer(2089858483,b0f066a214c2f5e87bad3c948f4d605d)
Start importing Assets/Aztech Games/PC&ConsoleButtonsIcons/Ps5/L1.png using Guid(5cd50b2d36569cf4d882c8e9426384e3) Importer(2089858483,b0f066a214c2f5e87bad3c948f4d605d) (ScriptedImporter) -> (artifact id: '4deb601b8035d77460a90bb1613a11cd') in 0.0181984 seconds
Number of updated asset objects reloaded before import = 0Number of asset objects unloaded after import = 3

========================================================================
Received Import Request.
  Time since last request: 0.000031 seconds.
  path: Assets/Aztech Games/PC&ConsoleButtonsIcons/Keyboard_White/v.png
  artifactKey: Guid(1f921a96297a79d479e61f02dc360fa7) Importer(2089858483,b0f066a214c2f5e87bad3c948f4d605d)
Start importing Assets/Aztech Games/PC&ConsoleButtonsIcons/Keyboard_White/v.png using Guid(1f921a96297a79d479e61f02dc360fa7) Importer(2089858483,b0f066a214c2f5e87bad3c948f4d605d) (ScriptedImporter) -> (artifact id: '24bbf8f173d4ac9fce02e6d68a6ba623') in 0.0188267 seconds
Number of updated asset objects reloaded before import = 0Number of asset objects unloaded after import = 3

========================================================================
Received Import Request.
  Time since last request: 0.000042 seconds.
  path: Assets/Aztech Games/PC&ConsoleButtonsIcons/Keyboard_White/underscore.png
  artifactKey: Guid(f9a4200f282a30545a49abf67b32a46c) Importer(2089858483,b0f066a214c2f5e87bad3c948f4d605d)
Start importing Assets/Aztech Games/PC&ConsoleButtonsIcons/Keyboard_White/underscore.png using Guid(f9a4200f282a30545a49abf67b32a46c) Importer(2089858483,b0f066a214c2f5e87bad3c948f4d605d) (ScriptedImporter) -> (artifact id: '9674abf4d1d0e71ebd9e4c0614b50568') in 0.0212466 seconds
Number of updated asset objects reloaded before import = 0Number of asset objects unloaded after import = 3

========================================================================
Received Import Request.
  Time since last request: 0.000034 seconds.
  path: Assets/Aztech Games/PC&ConsoleButtonsIcons/Keyboard_White/ö.png
  artifactKey: Guid(bb608542ab5f50c439d7cc1c249b3b9a) Importer(2089858483,b0f066a214c2f5e87bad3c948f4d605d)
Start importing Assets/Aztech Games/PC&ConsoleButtonsIcons/Keyboard_White/ö.png using Guid(bb608542ab5f50c439d7cc1c249b3b9a) Importer(2089858483,b0f066a214c2f5e87bad3c948f4d605d) (ScriptedImporter) -> (artifact id: '42605e50a3425764bd605abc79d16296') in 0.0189479 seconds
Number of updated asset objects reloaded before import = 0Number of asset objects unloaded after import = 3

========================================================================
Received Import Request.
  Time since last request: 0.000050 seconds.
  path: Assets/Aztech Games/PC&ConsoleButtonsIcons/Keyboard_White/ç.png
  artifactKey: Guid(703f3d5c4ef5bf6449e0694e463c0a8f) Importer(2089858483,b0f066a214c2f5e87bad3c948f4d605d)
Start importing Assets/Aztech Games/PC&ConsoleButtonsIcons/Keyboard_White/ç.png using Guid(703f3d5c4ef5bf6449e0694e463c0a8f) Importer(2089858483,b0f066a214c2f5e87bad3c948f4d605d) (ScriptedImporter) -> (artifact id: 'fdcade932997d74ba9d5e8d69e2b4652') in 0.0277813 seconds
Number of updated asset objects reloaded before import = 0Number of asset objects unloaded after import = 3

========================================================================
Received Import Request.
  Time since last request: 0.000037 seconds.
  path: Assets/Aztech Games/PC&ConsoleButtonsIcons/Ps5/R2.png
  artifactKey: Guid(7731e2edad5b9a2448ea9efa3fc18c0f) Importer(2089858483,b0f066a214c2f5e87bad3c948f4d605d)
Start importing Assets/Aztech Games/PC&ConsoleButtonsIcons/Ps5/R2.png using Guid(7731e2edad5b9a2448ea9efa3fc18c0f) Importer(2089858483,b0f066a214c2f5e87bad3c948f4d605d) (ScriptedImporter) -> (artifact id: 'cc07a12838cffaf63eb34a7153148621') in 0.0184362 seconds
Number of updated asset objects reloaded before import = 0Number of asset objects unloaded after import = 3

========================================================================
Received Import Request.
  Time since last request: 0.000017 seconds.
  path: Assets/TextMesh Pro/Shaders/TMP_Bitmap.shader
  artifactKey: Guid(128e987d567d4e2c824d754223b3f3b0) Importer(2089858483,b0f066a214c2f5e87bad3c948f4d605d)
Start importing Assets/TextMesh Pro/Shaders/TMP_Bitmap.shader using Guid(128e987d567d4e2c824d754223b3f3b0) Importer(2089858483,b0f066a214c2f5e87bad3c948f4d605d) (ScriptedImporter) -> (artifact id: '7cdc9712ef122182991bc38329f065c9') in 0.0125476 seconds
Number of updated asset objects reloaded before import = 0Number of asset objects unloaded after import = 1

========================================================================
Received Import Request.
  Time since last request: 0.000022 seconds.
  path: Assets/Aztech Games/PC&ConsoleButtonsIcons/Ps5_White/R3.png
  artifactKey: Guid(eaaad0ea5f9521249a4bf6fb2332108c) Importer(2089858483,b0f066a214c2f5e87bad3c948f4d605d)
Start importing Assets/Aztech Games/PC&ConsoleButtonsIcons/Ps5_White/R3.png using Guid(eaaad0ea5f9521249a4bf6fb2332108c) Importer(2089858483,b0f066a214c2f5e87bad3c948f4d605d) (ScriptedImporter) -> (artifact id: 'b50b45e0dceaf6ecb0c2c9bd38634c1c') in 0.0220633 seconds
Number of updated asset objects reloaded before import = 0Number of asset objects unloaded after import = 3

========================================================================
Received Import Request.
  Time since last request: 0.000028 seconds.
  path: Assets/Aztech Games/PC&ConsoleButtonsIcons/Ps5_White/Square.png
  artifactKey: Guid(e548abf8c55eceb4ba0cba29656aaddf) Importer(2089858483,b0f066a214c2f5e87bad3c948f4d605d)
Start importing Assets/Aztech Games/PC&ConsoleButtonsIcons/Ps5_White/Square.png using Guid(e548abf8c55eceb4ba0cba29656aaddf) Importer(2089858483,b0f066a214c2f5e87bad3c948f4d605d) (ScriptedImporter) -> (artifact id: '1967aab39d6bc15daae001981d399d59') in 0.0172531 seconds
Number of updated asset objects reloaded before import = 0Number of asset objects unloaded after import = 3

========================================================================
Received Import Request.
  Time since last request: 0.000033 seconds.
  path: Assets/Aztech Games/PC&ConsoleButtonsIcons/XConsole/LRightLeft.png
  artifactKey: Guid(4dcb627d76c5e0a468fce6484614088a) Importer(2089858483,b0f066a214c2f5e87bad3c948f4d605d)
Start importing Assets/Aztech Games/PC&ConsoleButtonsIcons/XConsole/LRightLeft.png using Guid(4dcb627d76c5e0a468fce6484614088a) Importer(2089858483,b0f066a214c2f5e87bad3c948f4d605d) (ScriptedImporter) -> (artifact id: '84b35f1a07df4565cbb34e205d368e07') in 0.0224126 seconds
Number of updated asset objects reloaded before import = 0Number of asset objects unloaded after import = 3

========================================================================
Received Import Request.
  Time since last request: 0.000022 seconds.
  path: Assets/Aztech Games/PC&ConsoleButtonsIcons/XConsole/LT.png
  artifactKey: Guid(42e6fb1f5a304aa42abd68578d3b49b7) Importer(2089858483,b0f066a214c2f5e87bad3c948f4d605d)
Start importing Assets/Aztech Games/PC&ConsoleButtonsIcons/XConsole/LT.png using Guid(42e6fb1f5a304aa42abd68578d3b49b7) Importer(2089858483,b0f066a214c2f5e87bad3c948f4d605d) (ScriptedImporter) -> (artifact id: 'a898eb72ddd91318c542b80fe2de4f16') in 0.0192449 seconds
Number of updated asset objects reloaded before import = 0Number of asset objects unloaded after import = 3

========================================================================
Received Import Request.
  Time since last request: 0.000036 seconds.
  path: Assets/Aztech Games/PC&ConsoleButtonsIcons/Ps5_White/UpDown.png
  artifactKey: Guid(b60dbcbc2bacbb2478d110bd872e0746) Importer(2089858483,b0f066a214c2f5e87bad3c948f4d605d)
Start importing Assets/Aztech Games/PC&ConsoleButtonsIcons/Ps5_White/UpDown.png using Guid(b60dbcbc2bacbb2478d110bd872e0746) Importer(2089858483,b0f066a214c2f5e87bad3c948f4d605d) (ScriptedImporter) -> (artifact id: 'cdaae58600b088b16b150be4df9d5d51') in 0.0192131 seconds
Number of updated asset objects reloaded before import = 0Number of asset objects unloaded after import = 3

========================================================================
Received Import Request.
  Time since last request: 0.000022 seconds.
  path: Assets/Aztech Games/PC&ConsoleButtonsIcons/Ps5_White/R1.png
  artifactKey: Guid(aa5fe105d30b6c6459ff2cd5c1699cbd) Importer(2089858483,b0f066a214c2f5e87bad3c948f4d605d)
Start importing Assets/Aztech Games/PC&ConsoleButtonsIcons/Ps5_White/R1.png using Guid(aa5fe105d30b6c6459ff2cd5c1699cbd) Importer(2089858483,b0f066a214c2f5e87bad3c948f4d605d) (ScriptedImporter) -> (artifact id: 'f7b7e847cd42735852143671c40742f6') in 0.0214514 seconds
Number of updated asset objects reloaded before import = 0Number of asset objects unloaded after import = 3

========================================================================
Received Import Request.
  Time since last request: 0.000038 seconds.
  path: Assets/Aztech Games/PC&ConsoleButtonsIcons/XConsole/LB.png
  artifactKey: Guid(0e2504cad5bc55c44aad1c453c045405) Importer(2089858483,b0f066a214c2f5e87bad3c948f4d605d)
Start importing Assets/Aztech Games/PC&ConsoleButtonsIcons/XConsole/LB.png using Guid(0e2504cad5bc55c44aad1c453c045405) Importer(2089858483,b0f066a214c2f5e87bad3c948f4d605d) (ScriptedImporter) -> (artifact id: 'da3c3a56c1e805b83ed91a84ecdc4c8d') in 0.020611 seconds
Number of updated asset objects reloaded before import = 0Number of asset objects unloaded after import = 3

========================================================================
Received Import Request.
  Time since last request: 0.000018 seconds.
  path: Assets/Aztech Games/PC&ConsoleButtonsIcons/Ps5_White/L3.png
  artifactKey: Guid(978b58180d14bc244b7b6d21ae8d37b9) Importer(2089858483,b0f066a214c2f5e87bad3c948f4d605d)
Start importing Assets/Aztech Games/PC&ConsoleButtonsIcons/Ps5_White/L3.png using Guid(978b58180d14bc244b7b6d21ae8d37b9) Importer(2089858483,b0f066a214c2f5e87bad3c948f4d605d) (ScriptedImporter) -> (artifact id: '7a8d44794fbad9a2f86979c2867e3f66') in 0.0210399 seconds
Number of updated asset objects reloaded before import = 0Number of asset objects unloaded after import = 3

========================================================================
Received Import Request.
  Time since last request: 0.000022 seconds.
  path: Assets/Aztech Games/PC&ConsoleButtonsIcons/XConsole/A.png
  artifactKey: Guid(5bbc61805ddacb248963aabd86fe9a4b) Importer(2089858483,b0f066a214c2f5e87bad3c948f4d605d)
Start importing Assets/Aztech Games/PC&ConsoleButtonsIcons/XConsole/A.png using Guid(5bbc61805ddacb248963aabd86fe9a4b) Importer(2089858483,b0f066a214c2f5e87bad3c948f4d605d) (ScriptedImporter) -> (artifact id: '67c01dafb333a479b8930895ddf12823') in 0.0212436 seconds
Number of updated asset objects reloaded before import = 0Number of asset objects unloaded after import = 3

========================================================================
Received Import Request.
  Time since last request: 0.000031 seconds.
  path: Assets/Aztech Games/PC&ConsoleButtonsIcons/XConsole/LUpDown.png
  artifactKey: Guid(3be4803bba9573e4a8a7c64fc112c1f9) Importer(2089858483,b0f066a214c2f5e87bad3c948f4d605d)
Start importing Assets/Aztech Games/PC&ConsoleButtonsIcons/XConsole/LUpDown.png using Guid(3be4803bba9573e4a8a7c64fc112c1f9) Importer(2089858483,b0f066a214c2f5e87bad3c948f4d605d) (ScriptedImporter) -> (artifact id: 'a97ca5a1fc43311440e1cc38b4d2b9b7') in 0.0223046 seconds
Number of updated asset objects reloaded before import = 0Number of asset objects unloaded after import = 3

========================================================================
Received Import Request.
  Time since last request: 0.000029 seconds.
  path: Assets/Aztech Games/PC&ConsoleButtonsIcons/Keyboard_White/slash.png
  artifactKey: Guid(811c05108c277f74499c1f8b3ce18947) Importer(2089858483,b0f066a214c2f5e87bad3c948f4d605d)
Start importing Assets/Aztech Games/PC&ConsoleButtonsIcons/Keyboard_White/slash.png using Guid(811c05108c277f74499c1f8b3ce18947) Importer(2089858483,b0f066a214c2f5e87bad3c948f4d605d) (ScriptedImporter) -> (artifact id: 'f2399481651b04be471fba856129be28') in 0.0213103 seconds
Number of updated asset objects reloaded before import = 0Number of asset objects unloaded after import = 3

========================================================================
Received Import Request.
  Time since last request: 0.000024 seconds.
  path: Assets/Aztech Games/PC&ConsoleButtonsIcons/XConsole/RDown.png
  artifactKey: Guid(45c2aba2a36d56141966c03efc4d3d04) Importer(2089858483,b0f066a214c2f5e87bad3c948f4d605d)
Start importing Assets/Aztech Games/PC&ConsoleButtonsIcons/XConsole/RDown.png using Guid(45c2aba2a36d56141966c03efc4d3d04) Importer(2089858483,b0f066a214c2f5e87bad3c948f4d605d) (ScriptedImporter) -> (artifact id: '25e2c7f94df72cda3a385ba2c2f9c9b3') in 0.0235726 seconds
Number of updated asset objects reloaded before import = 0Number of asset objects unloaded after import = 3

========================================================================
Received Import Request.
  Time since last request: 0.000023 seconds.
  path: Assets/Aztech Games/PC&ConsoleButtonsIcons/XConsole/RPush.png
  artifactKey: Guid(5b75cf4118f660745a4d657175aa2f54) Importer(2089858483,b0f066a214c2f5e87bad3c948f4d605d)
Start importing Assets/Aztech Games/PC&ConsoleButtonsIcons/XConsole/RPush.png using Guid(5b75cf4118f660745a4d657175aa2f54) Importer(2089858483,b0f066a214c2f5e87bad3c948f4d605d) (ScriptedImporter) -> (artifact id: '3aa0646cffb52acdeec11ef5035b7f8e') in 0.028452 seconds
Number of updated asset objects reloaded before import = 0Number of asset objects unloaded after import = 3

========================================================================
Received Import Request.
  Time since last request: 0.000021 seconds.
  path: Assets/Aztech Games/PC&ConsoleButtonsIcons/XConsole_White/R.png
  artifactKey: Guid(e0c62692f6287fb489e168c7b4f79bb4) Importer(2089858483,b0f066a214c2f5e87bad3c948f4d605d)
Start importing Assets/Aztech Games/PC&ConsoleButtonsIcons/XConsole_White/R.png using Guid(e0c62692f6287fb489e168c7b4f79bb4) Importer(2089858483,b0f066a214c2f5e87bad3c948f4d605d) (ScriptedImporter) -> (artifact id: '654536f7c959b62016751b73252bda0d') in 0.0211148 seconds
Number of updated asset objects reloaded before import = 0Number of asset objects unloaded after import = 3

========================================================================
Received Import Request.
  Time since last request: 0.000047 seconds.
  path: Assets/Aztech Games/PC&ConsoleButtonsIcons/XConsole_White/LUpDown.png
  artifactKey: Guid(b15da080ebd398046a5b7ff239614f15) Importer(2089858483,b0f066a214c2f5e87bad3c948f4d605d)
Start importing Assets/Aztech Games/PC&ConsoleButtonsIcons/XConsole_White/LUpDown.png using Guid(b15da080ebd398046a5b7ff239614f15) Importer(2089858483,b0f066a214c2f5e87bad3c948f4d605d) (ScriptedImporter) -> (artifact id: '76a77f13dda249f8c991d21517c65b0a') in 0.0237721 seconds
Number of updated asset objects reloaded before import = 0Number of asset objects unloaded after import = 3

========================================================================
Received Import Request.
  Time since last request: 0.000021 seconds.
  path: Assets/Aztech Games/PC&ConsoleButtonsIcons/XConsole_White/RLeft.png
  artifactKey: Guid(8ec4eb2d6748d9a48abd54bca7ad0c83) Importer(2089858483,b0f066a214c2f5e87bad3c948f4d605d)
Start importing Assets/Aztech Games/PC&ConsoleButtonsIcons/XConsole_White/RLeft.png using Guid(8ec4eb2d6748d9a48abd54bca7ad0c83) Importer(2089858483,b0f066a214c2f5e87bad3c948f4d605d) (ScriptedImporter) -> (artifact id: 'ca1b0d56ba57817e5d3e6774efc455a8') in 0.0174469 seconds
Number of updated asset objects reloaded before import = 0Number of asset objects unloaded after import = 3

========================================================================
Received Import Request.
  Time since last request: 0.000029 seconds.
  path: Assets/Aztech Games/PC&ConsoleButtonsIcons/XConsole_White/RDown.png
  artifactKey: Guid(1fb5285d12591e94fb7ef06d1e8645e7) Importer(2089858483,b0f066a214c2f5e87bad3c948f4d605d)
Start importing Assets/Aztech Games/PC&ConsoleButtonsIcons/XConsole_White/RDown.png using Guid(1fb5285d12591e94fb7ef06d1e8645e7) Importer(2089858483,b0f066a214c2f5e87bad3c948f4d605d) (ScriptedImporter) -> (artifact id: '1338a4685f484791d6dc07f93a80e55d') in 0.0215928 seconds
Number of updated asset objects reloaded before import = 0Number of asset objects unloaded after import = 3

========================================================================
Received Import Request.
  Time since last request: 0.000054 seconds.
  path: Assets/Aztech Games/PC&ConsoleButtonsIcons/XConsole_White/Down.png
  artifactKey: Guid(39b684bccaaab4a4fb4187a2d6057063) Importer(2089858483,b0f066a214c2f5e87bad3c948f4d605d)
Start importing Assets/Aztech Games/PC&ConsoleButtonsIcons/XConsole_White/Down.png using Guid(39b684bccaaab4a4fb4187a2d6057063) Importer(2089858483,b0f066a214c2f5e87bad3c948f4d605d) (ScriptedImporter) -> (artifact id: '622f4d2752b14cc63c5e4cb904d5c5c5') in 0.0213795 seconds
Number of updated asset objects reloaded before import = 0Number of asset objects unloaded after import = 3

========================================================================
Received Import Request.
  Time since last request: 0.000051 seconds.
  path: Assets/Aztech Games/PC&ConsoleButtonsIcons/XConsole_White/LRightLeft.png
  artifactKey: Guid(8e12d5ebb33092042a906c623eb1dae4) Importer(2089858483,b0f066a214c2f5e87bad3c948f4d605d)
Start importing Assets/Aztech Games/PC&ConsoleButtonsIcons/XConsole_White/LRightLeft.png using Guid(8e12d5ebb33092042a906c623eb1dae4) Importer(2089858483,b0f066a214c2f5e87bad3c948f4d605d) (ScriptedImporter) -> (artifact id: '9552e2b09d7c0432d8f2e6f9448f19ed') in 0.0201971 seconds
Number of updated asset objects reloaded before import = 0Number of asset objects unloaded after import = 3

========================================================================
Received Import Request.
  Time since last request: 0.000023 seconds.
  path: Assets/Aztech Games/PC&ConsoleButtonsIcons/XConsole/UpDown.png
  artifactKey: Guid(3a129a1a00f7cfa4497517799a336327) Importer(2089858483,b0f066a214c2f5e87bad3c948f4d605d)
Start importing Assets/Aztech Games/PC&ConsoleButtonsIcons/XConsole/UpDown.png using Guid(3a129a1a00f7cfa4497517799a336327) Importer(2089858483,b0f066a214c2f5e87bad3c948f4d605d) (ScriptedImporter) -> (artifact id: 'e9c3b20b789bcfb90e38d183b77c7a05') in 0.0186893 seconds
Number of updated asset objects reloaded before import = 0Number of asset objects unloaded after import = 3

========================================================================
Received Import Request.
  Time since last request: 0.000046 seconds.
  path: Assets/Aztech Games/PC&ConsoleButtonsIcons/XConsole_White/LT.png
  artifactKey: Guid(19481974c92c56544922329f90a7740f) Importer(2089858483,b0f066a214c2f5e87bad3c948f4d605d)
Start importing Assets/Aztech Games/PC&ConsoleButtonsIcons/XConsole_White/LT.png using Guid(19481974c92c56544922329f90a7740f) Importer(2089858483,b0f066a214c2f5e87bad3c948f4d605d) (ScriptedImporter) -> (artifact id: 'eeeb6b2407e85600c9af1c4b6bbff54d') in 0.0276351 seconds
Number of updated asset objects reloaded before import = 0Number of asset objects unloaded after import = 3

========================================================================
Received Import Request.
  Time since last request: 0.000037 seconds.
  path: Assets/Cartoon UI/Buttons/Long Round/Long Round Grey.png
  artifactKey: Guid(3410813869a49f942b4e0198c93eb3ec) Importer(2089858483,b0f066a214c2f5e87bad3c948f4d605d)
Start importing Assets/Cartoon UI/Buttons/Long Round/Long Round Grey.png using Guid(3410813869a49f942b4e0198c93eb3ec) Importer(2089858483,b0f066a214c2f5e87bad3c948f4d605d) (ScriptedImporter) -> (artifact id: '8ec1d27b0790bcc2a70e38466fbce745') in 0.0241446 seconds
Number of updated asset objects reloaded before import = 0Number of asset objects unloaded after import = 3

========================================================================
Received Import Request.
  Time since last request: 0.000064 seconds.
  path: Assets/Aztech Games/PC&ConsoleButtonsIcons/XConsole_White/RT.png
  artifactKey: Guid(98677a07469bca449821f5c8f8c3bab1) Importer(2089858483,b0f066a214c2f5e87bad3c948f4d605d)
Start importing Assets/Aztech Games/PC&ConsoleButtonsIcons/XConsole_White/RT.png using Guid(98677a07469bca449821f5c8f8c3bab1) Importer(2089858483,b0f066a214c2f5e87bad3c948f4d605d) (ScriptedImporter) -> (artifact id: 'e0925fd394f8c11a2af439fbeb78d464') in 0.0166017 seconds
Number of updated asset objects reloaded before import = 0Number of asset objects unloaded after import = 3

========================================================================
Received Import Request.
  Time since last request: 0.000020 seconds.
  path: Assets/Cartoon UI/Buttons/Long Square/Long Square Grey.png
  artifactKey: Guid(14a5abbf07e3a54499d9e06484b3db1e) Importer(2089858483,b0f066a214c2f5e87bad3c948f4d605d)
Start importing Assets/Cartoon UI/Buttons/Long Square/Long Square Grey.png using Guid(14a5abbf07e3a54499d9e06484b3db1e) Importer(2089858483,b0f066a214c2f5e87bad3c948f4d605d) (ScriptedImporter) -> (artifact id: '3e835f3ac4b98f0e99be7d3790cb3974') in 0.0182462 seconds
Number of updated asset objects reloaded before import = 0Number of asset objects unloaded after import = 3

========================================================================
Received Import Request.
  Time since last request: 0.000016 seconds.
  path: Assets/Cartoon UI/Buttons/Long Round/Long Round Pink Purple.png
  artifactKey: Guid(772961ab1385ed34e9e0cca9f72d51d7) Importer(2089858483,b0f066a214c2f5e87bad3c948f4d605d)
Start importing Assets/Cartoon UI/Buttons/Long Round/Long Round Pink Purple.png using Guid(772961ab1385ed34e9e0cca9f72d51d7) Importer(2089858483,b0f066a214c2f5e87bad3c948f4d605d) (ScriptedImporter) -> (artifact id: '2738a1e9d116d3f6ea35fac9b64cf7bd') in 0.0164098 seconds
Number of updated asset objects reloaded before import = 0Number of asset objects unloaded after import = 3

========================================================================
Received Import Request.
  Time since last request: 0.000027 seconds.
  path: Assets/Cartoon UI/Buttons/Long Round/Long Round Blue.png
  artifactKey: Guid(a1e8ea5d2ad245c4abe242c647698dd6) Importer(2089858483,b0f066a214c2f5e87bad3c948f4d605d)
Start importing Assets/Cartoon UI/Buttons/Long Round/Long Round Blue.png using Guid(a1e8ea5d2ad245c4abe242c647698dd6) Importer(2089858483,b0f066a214c2f5e87bad3c948f4d605d) (ScriptedImporter) -> (artifact id: '194e27e18b027bf23f4b4f88e55c46ab') in 0.0167491 seconds
Number of updated asset objects reloaded before import = 0Number of asset objects unloaded after import = 3

========================================================================
Received Import Request.
  Time since last request: 0.000037 seconds.
  path: Assets/Aztech Games/PC&ConsoleButtonsIcons/XConsole_White/RPush.png
  artifactKey: Guid(f74d3318bd23c004d8ce7e7b75dbab5a) Importer(2089858483,b0f066a214c2f5e87bad3c948f4d605d)
Start importing Assets/Aztech Games/PC&ConsoleButtonsIcons/XConsole_White/RPush.png using Guid(f74d3318bd23c004d8ce7e7b75dbab5a) Importer(2089858483,b0f066a214c2f5e87bad3c948f4d605d) (ScriptedImporter) -> (artifact id: '5b8bd6b7c3ec5b7ab2dc7d236aa4c1f5') in 0.0148928 seconds
Number of updated asset objects reloaded before import = 0Number of asset objects unloaded after import = 3

========================================================================
Received Import Request.
  Time since last request: 0.000022 seconds.
  path: Assets/Aztech Games/PC&ConsoleButtonsIcons/XConsole_White/RUpDown.png
  artifactKey: Guid(b0a3b324a292e2f4dac0cc0e3336958b) Importer(2089858483,b0f066a214c2f5e87bad3c948f4d605d)
Start importing Assets/Aztech Games/PC&ConsoleButtonsIcons/XConsole_White/RUpDown.png using Guid(b0a3b324a292e2f4dac0cc0e3336958b) Importer(2089858483,b0f066a214c2f5e87bad3c948f4d605d) (ScriptedImporter) -> (artifact id: 'a13314a6660dbd0906c9bb11c1abba11') in 0.0161633 seconds
Number of updated asset objects reloaded before import = 0Number of asset objects unloaded after import = 3

========================================================================
Received Import Request.
  Time since last request: 0.000021 seconds.
  path: Assets/Aztech Games/PC&ConsoleButtonsIcons/XConsole_White/X.png
  artifactKey: Guid(96517ecbad458874ba6bf8c1cda3f4a9) Importer(2089858483,b0f066a214c2f5e87bad3c948f4d605d)
Start importing Assets/Aztech Games/PC&ConsoleButtonsIcons/XConsole_White/X.png using Guid(96517ecbad458874ba6bf8c1cda3f4a9) Importer(2089858483,b0f066a214c2f5e87bad3c948f4d605d) (ScriptedImporter) -> (artifact id: 'b513a58206ebd061565e4e3747f94d5a') in 0.0173142 seconds
Number of updated asset objects reloaded before import = 0Number of asset objects unloaded after import = 3

========================================================================
Received Import Request.
  Time since last request: 0.000023 seconds.
  path: Assets/Cartoon UI/Buttons/Long Square/Long Square Orange.png
  artifactKey: Guid(14a770c82ac2924439f3fda540df40a8) Importer(2089858483,b0f066a214c2f5e87bad3c948f4d605d)
Start importing Assets/Cartoon UI/Buttons/Long Square/Long Square Orange.png using Guid(14a770c82ac2924439f3fda540df40a8) Importer(2089858483,b0f066a214c2f5e87bad3c948f4d605d) (ScriptedImporter) -> (artifact id: 'd90744a5220914045a23c77029d4a81c') in 0.0155821 seconds
Number of updated asset objects reloaded before import = 0Number of asset objects unloaded after import = 3

========================================================================
Received Import Request.
  Time since last request: 0.000033 seconds.
  path: Assets/Cartoon UI/Buttons/Long Round/Long Round Yellow.png
  artifactKey: Guid(94f20d50111c12f47a5d196b74f9bfd2) Importer(2089858483,b0f066a214c2f5e87bad3c948f4d605d)
Start importing Assets/Cartoon UI/Buttons/Long Round/Long Round Yellow.png using Guid(94f20d50111c12f47a5d196b74f9bfd2) Importer(2089858483,b0f066a214c2f5e87bad3c948f4d605d) (ScriptedImporter) -> (artifact id: '6f896643f3062621af0fd1f066f00e3f') in 0.0179173 seconds
Number of updated asset objects reloaded before import = 0Number of asset objects unloaded after import = 3

========================================================================
Received Import Request.
  Time since last request: 0.000021 seconds.
  path: Assets/Aztech Games/PC&ConsoleButtonsIcons/XConsole/Right.png
  artifactKey: Guid(bb1849c3c3b78f340b5b4e171ee0d40a) Importer(2089858483,b0f066a214c2f5e87bad3c948f4d605d)
Start importing Assets/Aztech Games/PC&ConsoleButtonsIcons/XConsole/Right.png using Guid(bb1849c3c3b78f340b5b4e171ee0d40a) Importer(2089858483,b0f066a214c2f5e87bad3c948f4d605d) (ScriptedImporter) -> (artifact id: '049209a8418ee52a5967a716e2bd413f') in 0.026523 seconds
Number of updated asset objects reloaded before import = 0Number of asset objects unloaded after import = 3

========================================================================
Received Import Request.
  Time since last request: 0.000019 seconds.
  path: Assets/Cartoon UI/Buttons/Round Big/Circle Blue.png
  artifactKey: Guid(653a1b076f53b414d8f01820b63954c3) Importer(2089858483,b0f066a214c2f5e87bad3c948f4d605d)
Start importing Assets/Cartoon UI/Buttons/Round Big/Circle Blue.png using Guid(653a1b076f53b414d8f01820b63954c3) Importer(2089858483,b0f066a214c2f5e87bad3c948f4d605d) (ScriptedImporter) -> (artifact id: 'abe77da265c0a76e5ec27b6db855bb77') in 0.0222795 seconds
Number of updated asset objects reloaded before import = 0Number of asset objects unloaded after import = 3

========================================================================
Received Import Request.
  Time since last request: 0.000019 seconds.
  path: Assets/Cartoon UI/Buttons/Round Big/Circle Orange.png
  artifactKey: Guid(db6ae97f56508604c9e4ee47f018e13b) Importer(2089858483,b0f066a214c2f5e87bad3c948f4d605d)
Start importing Assets/Cartoon UI/Buttons/Round Big/Circle Orange.png using Guid(db6ae97f56508604c9e4ee47f018e13b) Importer(2089858483,b0f066a214c2f5e87bad3c948f4d605d) (ScriptedImporter) -> (artifact id: '47400325028d76d81c8f3229f86c5fdd') in 0.0245425 seconds
Number of updated asset objects reloaded before import = 0Number of asset objects unloaded after import = 3

========================================================================
Received Import Request.
  Time since last request: 0.000028 seconds.
  path: Assets/Cartoon UI/Customizable/Sprites/Panel Outer.png
  artifactKey: Guid(4bc8715af0fa8dd4b858a873d2c7a119) Importer(2089858483,b0f066a214c2f5e87bad3c948f4d605d)
Start importing Assets/Cartoon UI/Customizable/Sprites/Panel Outer.png using Guid(4bc8715af0fa8dd4b858a873d2c7a119) Importer(2089858483,b0f066a214c2f5e87bad3c948f4d605d) (ScriptedImporter) -> (artifact id: 'e72c3501b703b690d7dc27920312c615') in 0.025727 seconds
Number of updated asset objects reloaded before import = 0Number of asset objects unloaded after import = 3

========================================================================
Received Import Request.
  Time since last request: 0.000018 seconds.
  path: Assets/Cartoon UI/Customizable/Sprites/Long Round Inner.png
  artifactKey: Guid(abf1c074e758e8542823c3da0b273803) Importer(2089858483,b0f066a214c2f5e87bad3c948f4d605d)
Start importing Assets/Cartoon UI/Customizable/Sprites/Long Round Inner.png using Guid(abf1c074e758e8542823c3da0b273803) Importer(2089858483,b0f066a214c2f5e87bad3c948f4d605d) (ScriptedImporter) -> (artifact id: 'b6a071f5c4b84454dba6c887be8c2ba0') in 0.0273906 seconds
Number of updated asset objects reloaded before import = 0Number of asset objects unloaded after import = 3

========================================================================
Received Import Request.
  Time since last request: 0.000019 seconds.
  path: Assets/Cartoon UI/Buttons/Round/Circle Yellow.png
  artifactKey: Guid(a20e06f4b30a3f448afb0794a454fa63) Importer(2089858483,b0f066a214c2f5e87bad3c948f4d605d)
Start importing Assets/Cartoon UI/Buttons/Round/Circle Yellow.png using Guid(a20e06f4b30a3f448afb0794a454fa63) Importer(2089858483,b0f066a214c2f5e87bad3c948f4d605d) (ScriptedImporter) -> (artifact id: 'be25145e122f8566869e3dfb45d6aa41') in 0.0323233 seconds
Number of updated asset objects reloaded before import = 0Number of asset objects unloaded after import = 3

========================================================================
Received Import Request.
  Time since last request: 0.000027 seconds.
  path: Assets/Cartoon UI/Buttons/Round Big/Circle Yellow.png
  artifactKey: Guid(a0d9bda1d5844834587fbb911788c9fb) Importer(2089858483,b0f066a214c2f5e87bad3c948f4d605d)
Start importing Assets/Cartoon UI/Buttons/Round Big/Circle Yellow.png using Guid(a0d9bda1d5844834587fbb911788c9fb) Importer(2089858483,b0f066a214c2f5e87bad3c948f4d605d) (ScriptedImporter) -> (artifact id: 'abc108b53205adc5cf87775930911151') in 0.0227883 seconds
Number of updated asset objects reloaded before import = 0Number of asset objects unloaded after import = 3

========================================================================
Received Import Request.
  Time since last request: 0.000032 seconds.
  path: Assets/Cartoon UI/Customizable/Sprites/Long Square Front.png
  artifactKey: Guid(5bc1d66c877c2c848931e91ddd27c600) Importer(2089858483,b0f066a214c2f5e87bad3c948f4d605d)
Start importing Assets/Cartoon UI/Customizable/Sprites/Long Square Front.png using Guid(5bc1d66c877c2c848931e91ddd27c600) Importer(2089858483,b0f066a214c2f5e87bad3c948f4d605d) (ScriptedImporter) -> (artifact id: '16f74a9e8fa41fc320aabc59a586d67f') in 0.0300656 seconds
Number of updated asset objects reloaded before import = 0Number of asset objects unloaded after import = 3

========================================================================
Received Import Request.
  Time since last request: 0.000022 seconds.
  path: Assets/Cartoon UI/Buttons/Round Big/Circle Grey.png
  artifactKey: Guid(55145e1ff409fb140a1a4aa33cc2f9cf) Importer(2089858483,b0f066a214c2f5e87bad3c948f4d605d)
Start importing Assets/Cartoon UI/Buttons/Round Big/Circle Grey.png using Guid(55145e1ff409fb140a1a4aa33cc2f9cf) Importer(2089858483,b0f066a214c2f5e87bad3c948f4d605d) (ScriptedImporter) -> (artifact id: '57b05bc76e238d9d013e9af8af2e65a8') in 0.0196417 seconds
Number of updated asset objects reloaded before import = 0Number of asset objects unloaded after import = 3

========================================================================
Received Import Request.
  Time since last request: 0.000050 seconds.
  path: Assets/Cartoon UI/Customizable/Sprites/Long Round Outer.png
  artifactKey: Guid(a06b8344435da914c9081467bf5c1bc4) Importer(2089858483,b0f066a214c2f5e87bad3c948f4d605d)
Start importing Assets/Cartoon UI/Customizable/Sprites/Long Round Outer.png using Guid(a06b8344435da914c9081467bf5c1bc4) Importer(2089858483,b0f066a214c2f5e87bad3c948f4d605d) (ScriptedImporter) -> (artifact id: '096b68763ba6435d1d3c421e21b442ae') in 0.0215152 seconds
Number of updated asset objects reloaded before import = 0Number of asset objects unloaded after import = 3

========================================================================
Received Import Request.
  Time since last request: 0.000054 seconds.
  path: Assets/Cartoon UI/Customizable/Sprites/Progress Bar Fill 2.png
  artifactKey: Guid(8a8c7fe63804c2f43bc47e12ae63f3ac) Importer(2089858483,b0f066a214c2f5e87bad3c948f4d605d)
Start importing Assets/Cartoon UI/Customizable/Sprites/Progress Bar Fill 2.png using Guid(8a8c7fe63804c2f43bc47e12ae63f3ac) Importer(2089858483,b0f066a214c2f5e87bad3c948f4d605d) (ScriptedImporter) -> (artifact id: '4edbf642a46d03733efefde52d785c01') in 0.0214807 seconds
Number of updated asset objects reloaded before import = 0Number of asset objects unloaded after import = 3

========================================================================
Received Import Request.
  Time since last request: 0.000041 seconds.
  path: Assets/Cartoon UI/Prefabs/Sliders/Slider Purple.prefab
  artifactKey: Guid(83e53c4e735337344811cd1423b748f7) Importer(2089858483,b0f066a214c2f5e87bad3c948f4d605d)
Start importing Assets/Cartoon UI/Prefabs/Sliders/Slider Purple.prefab using Guid(83e53c4e735337344811cd1423b748f7) Importer(2089858483,b0f066a214c2f5e87bad3c948f4d605d) (ScriptedImporter) -> (artifact id: '3eb861f67ebd8db80173b1293beed652') in 0.0319433 seconds
Number of updated asset objects reloaded before import = 0Number of asset objects unloaded after import = 24

========================================================================
Received Import Request.
  Time since last request: 0.000028 seconds.
  path: Assets/Cartoon UI/Prefabs/Toggles CheckMark/Toggle CheckMark Grey.prefab
  artifactKey: Guid(089232d60a805f64e8336eee04649175) Importer(2089858483,b0f066a214c2f5e87bad3c948f4d605d)
Start importing Assets/Cartoon UI/Prefabs/Toggles CheckMark/Toggle CheckMark Grey.prefab using Guid(089232d60a805f64e8336eee04649175) Importer(2089858483,b0f066a214c2f5e87bad3c948f4d605d) (ScriptedImporter) -> (artifact id: '5ddc3a22db1e1a2d6398aba275c1f074') in 0.0205675 seconds
Number of updated asset objects reloaded before import = 0Number of asset objects unloaded after import = 15

========================================================================
Received Import Request.
  Time since last request: 0.000025 seconds.
  path: Assets/Cartoon UI/Prefabs/Sliders/Slider Green.prefab
  artifactKey: Guid(c41bc3e5c8b7c654b9fde80c014d14eb) Importer(2089858483,b0f066a214c2f5e87bad3c948f4d605d)
Start importing Assets/Cartoon UI/Prefabs/Sliders/Slider Green.prefab using Guid(c41bc3e5c8b7c654b9fde80c014d14eb) Importer(2089858483,b0f066a214c2f5e87bad3c948f4d605d) (ScriptedImporter) -> (artifact id: 'de7b3b7ef0ec5c2d34c34fc24ce73d5b') in 0.0264164 seconds
Number of updated asset objects reloaded before import = 0Number of asset objects unloaded after import = 24

========================================================================
Received Import Request.
  Time since last request: 0.000032 seconds.
  path: Assets/Cartoon UI/Prefabs/Toggles CheckMark/Toggle CheckMark Red.prefab
  artifactKey: Guid(941d5a91cf0da0949941b79b653e9f77) Importer(2089858483,b0f066a214c2f5e87bad3c948f4d605d)
Start importing Assets/Cartoon UI/Prefabs/Toggles CheckMark/Toggle CheckMark Red.prefab using Guid(941d5a91cf0da0949941b79b653e9f77) Importer(2089858483,b0f066a214c2f5e87bad3c948f4d605d) (ScriptedImporter) -> (artifact id: 'a7e9f3572ac0e9572945f9a1688cacd6') in 0.0195737 seconds
Number of updated asset objects reloaded before import = 0Number of asset objects unloaded after import = 15

========================================================================
Received Import Request.
  Time since last request: 0.000042 seconds.
  path: Assets/Cartoon UI/Prefabs/Sliders/Slider Pink Purple.prefab
  artifactKey: Guid(eeca6770d2044fe438ecdac7ba1ccda7) Importer(2089858483,b0f066a214c2f5e87bad3c948f4d605d)
Start importing Assets/Cartoon UI/Prefabs/Sliders/Slider Pink Purple.prefab using Guid(eeca6770d2044fe438ecdac7ba1ccda7) Importer(2089858483,b0f066a214c2f5e87bad3c948f4d605d) (ScriptedImporter) -> (artifact id: 'c8c307366c26110203b3791ef7baac35') in 0.0250227 seconds
Number of updated asset objects reloaded before import = 0Number of asset objects unloaded after import = 24

========================================================================
Received Import Request.
  Time since last request: 0.000020 seconds.
  path: Assets/Cartoon UI/Prefabs/Toggles CheckMark/Toggle CheckMark Blue.prefab
  artifactKey: Guid(b9113e6e6e1cb6649a23aef1d7921cad) Importer(2089858483,b0f066a214c2f5e87bad3c948f4d605d)
Start importing Assets/Cartoon UI/Prefabs/Toggles CheckMark/Toggle CheckMark Blue.prefab using Guid(b9113e6e6e1cb6649a23aef1d7921cad) Importer(2089858483,b0f066a214c2f5e87bad3c948f4d605d) (ScriptedImporter) -> (artifact id: '83a7309df71713ad7d647124531e23bf') in 0.0262597 seconds
Number of updated asset objects reloaded before import = 0Number of asset objects unloaded after import = 15

========================================================================
Received Import Request.
  Time since last request: 0.000025 seconds.
  path: Assets/Cartoon UI/Prefabs/Sliders/Slider Orange.prefab
  artifactKey: Guid(4a1633e945074aa409875256ff40bd67) Importer(2089858483,b0f066a214c2f5e87bad3c948f4d605d)
Start importing Assets/Cartoon UI/Prefabs/Sliders/Slider Orange.prefab using Guid(4a1633e945074aa409875256ff40bd67) Importer(2089858483,b0f066a214c2f5e87bad3c948f4d605d) (ScriptedImporter) -> (artifact id: '0387cfad6f396d6654957c8ec1bc5990') in 0.0210876 seconds
Number of updated asset objects reloaded before import = 0Number of asset objects unloaded after import = 24

========================================================================
Received Import Request.
  Time since last request: 0.000024 seconds.
  path: Assets/Cartoon UI/Prefabs/Sliders/Slider Skyblue.prefab
  artifactKey: Guid(480b136f151f9dd47a002719eade745f) Importer(2089858483,b0f066a214c2f5e87bad3c948f4d605d)
Start importing Assets/Cartoon UI/Prefabs/Sliders/Slider Skyblue.prefab using Guid(480b136f151f9dd47a002719eade745f) Importer(2089858483,b0f066a214c2f5e87bad3c948f4d605d) (ScriptedImporter) -> (artifact id: '7cc593cae549f336611cc32e3f9d595e') in 0.0205783 seconds
Number of updated asset objects reloaded before import = 0Number of asset objects unloaded after import = 24

========================================================================
Received Import Request.
  Time since last request: 0.000033 seconds.
  path: Assets/Cartoon UI/Progress Bar/Type 2/Progress Bar Background 1.png
  artifactKey: Guid(baf8dd8819d79ea4ca3aac8105d693fb) Importer(2089858483,b0f066a214c2f5e87bad3c948f4d605d)
Start importing Assets/Cartoon UI/Progress Bar/Type 2/Progress Bar Background 1.png using Guid(baf8dd8819d79ea4ca3aac8105d693fb) Importer(2089858483,b0f066a214c2f5e87bad3c948f4d605d) (ScriptedImporter) -> (artifact id: '01a9ee9315e1adacad854b1845312697') in 0.1688647 seconds
Number of updated asset objects reloaded before import = 0Number of asset objects unloaded after import = 3

========================================================================
Received Import Request.
  Time since last request: 0.000020 seconds.
  path: Assets/Aztech Games/PC&ConsoleButtonsIcons/Keyboard/j.png
  artifactKey: Guid(ef73219d3014cb2499354ccb84b5f995) Importer(2089858483,b0f066a214c2f5e87bad3c948f4d605d)
Start importing Assets/Aztech Games/PC&ConsoleButtonsIcons/Keyboard/j.png using Guid(ef73219d3014cb2499354ccb84b5f995) Importer(2089858483,b0f066a214c2f5e87bad3c948f4d605d) (ScriptedImporter) -> (artifact id: '697f0e1b3cfdc2ead0b211aaa443664d') in 0.0177392 seconds
Number of updated asset objects reloaded before import = 0Number of asset objects unloaded after import = 3

========================================================================
Received Import Request.
  Time since last request: 0.000022 seconds.
  path: Assets/Cartoon UI/Progress Bar/Type 1/Progress Bar Fill Pink Purple.png
  artifactKey: Guid(24ced42025862df4e9d5d69bd43437cd) Importer(2089858483,b0f066a214c2f5e87bad3c948f4d605d)
Start importing Assets/Cartoon UI/Progress Bar/Type 1/Progress Bar Fill Pink Purple.png using Guid(24ced42025862df4e9d5d69bd43437cd) Importer(2089858483,b0f066a214c2f5e87bad3c948f4d605d) (ScriptedImporter) -> (artifact id: 'c3a6aa79cf540a3014b48bc3e29fabec') in 0.014168 seconds
Number of updated asset objects reloaded before import = 0Number of asset objects unloaded after import = 3

========================================================================
Received Import Request.
  Time since last request: 0.000021 seconds.
  path: Assets/Cartoon UI/Progress Bar/Type 1/Progress Bar Fill Yellow.png
  artifactKey: Guid(85ca4be5d16cb1b4893c2f0dde2da9c2) Importer(2089858483,b0f066a214c2f5e87bad3c948f4d605d)
Start importing Assets/Cartoon UI/Progress Bar/Type 1/Progress Bar Fill Yellow.png using Guid(85ca4be5d16cb1b4893c2f0dde2da9c2) Importer(2089858483,b0f066a214c2f5e87bad3c948f4d605d) (ScriptedImporter) -> (artifact id: 'b25474ea1519543dc76df9e0c1148642') in 0.0156327 seconds
Number of updated asset objects reloaded before import = 0Number of asset objects unloaded after import = 3

========================================================================
Received Import Request.
  Time since last request: 0.000022 seconds.
  path: Assets/Cartoon UI/Progress Bar/Type 2/ProgressBar Fill Blue.png
  artifactKey: Guid(88cd9c9cd19460840acb5cb5586f7cde) Importer(2089858483,b0f066a214c2f5e87bad3c948f4d605d)
Start importing Assets/Cartoon UI/Progress Bar/Type 2/ProgressBar Fill Blue.png using Guid(88cd9c9cd19460840acb5cb5586f7cde) Importer(2089858483,b0f066a214c2f5e87bad3c948f4d605d) (ScriptedImporter) -> (artifact id: 'caf91cc63855031b743cfd696e7665fc') in 0.0246052 seconds
Number of updated asset objects reloaded before import = 0Number of asset objects unloaded after import = 3

========================================================================
Received Import Request.
  Time since last request: 0.000017 seconds.
  path: Assets/Cartoon UI/Prefabs/Toggles Dot/Toggle Dot Purple.prefab
  artifactKey: Guid(c0d0ddcef131ecf4090276b1fdc45100) Importer(2089858483,b0f066a214c2f5e87bad3c948f4d605d)
Start importing Assets/Cartoon UI/Prefabs/Toggles Dot/Toggle Dot Purple.prefab using Guid(c0d0ddcef131ecf4090276b1fdc45100) Importer(2089858483,b0f066a214c2f5e87bad3c948f4d605d) (ScriptedImporter) -> (artifact id: '6947118ac41200c90dc79bb188fd0d3b') in 0.0242611 seconds
Number of updated asset objects reloaded before import = 0Number of asset objects unloaded after import = 15

========================================================================
Received Import Request.
  Time since last request: 0.000028 seconds.
  path: Assets/Cartoon UI/Progress Bar/Type 1/Progress Bar Fill Skyblue.png
  artifactKey: Guid(9bc3fa56d039611458eeaa6637e47a1c) Importer(2089858483,b0f066a214c2f5e87bad3c948f4d605d)
Start importing Assets/Cartoon UI/Progress Bar/Type 1/Progress Bar Fill Skyblue.png using Guid(9bc3fa56d039611458eeaa6637e47a1c) Importer(2089858483,b0f066a214c2f5e87bad3c948f4d605d) (ScriptedImporter) -> (artifact id: 'b42397b74d4258315c14071bd9ce3e9e') in 0.0238856 seconds
Number of updated asset objects reloaded before import = 0Number of asset objects unloaded after import = 3

========================================================================
Received Import Request.
  Time since last request: 0.000016 seconds.
  path: Assets/Cartoon UI/Prefabs/Toggles CheckMark/Toggle CheckMark Purple.prefab
  artifactKey: Guid(1fc91369c334bd647bec9da43ef8e988) Importer(2089858483,b0f066a214c2f5e87bad3c948f4d605d)
Start importing Assets/Cartoon UI/Prefabs/Toggles CheckMark/Toggle CheckMark Purple.prefab using Guid(1fc91369c334bd647bec9da43ef8e988) Importer(2089858483,b0f066a214c2f5e87bad3c948f4d605d) (ScriptedImporter) -> (artifact id: '78d285c678196f7173a5dcd33b103e22') in 0.0168995 seconds
Number of updated asset objects reloaded before import = 0Number of asset objects unloaded after import = 15

========================================================================
Received Import Request.
  Time since last request: 0.000053 seconds.
  path: Assets/Clouded Studio/2D Simple Nature Pack/Scripts/LightSunOcillation.cs
  artifactKey: Guid(1f50afcfe8e223e4ca60a2b5f1cc0151) Importer(2089858483,b0f066a214c2f5e87bad3c948f4d605d)
Start importing Assets/Clouded Studio/2D Simple Nature Pack/Scripts/LightSunOcillation.cs using Guid(1f50afcfe8e223e4ca60a2b5f1cc0151) Importer(2089858483,b0f066a214c2f5e87bad3c948f4d605d) (ScriptedImporter) -> (artifact id: '0bb7e5ee386e1f12f84a2282dc192f8e') in 0.012004 seconds
Number of updated asset objects reloaded before import = 0Number of asset objects unloaded after import = 0

========================================================================
Received Import Request.
  Time since last request: 0.000027 seconds.
  path: Assets/Clouded Studio/2D Simple Nature Pack/ShaderGraphs/ShaderGraph_Leafs.shadergraph
  artifactKey: Guid(c00eb3d192c64324f9bd07ab95b2d046) Importer(2089858483,b0f066a214c2f5e87bad3c948f4d605d)
Start importing Assets/Clouded Studio/2D Simple Nature Pack/ShaderGraphs/ShaderGraph_Leafs.shadergraph using Guid(c00eb3d192c64324f9bd07ab95b2d046) Importer(2089858483,b0f066a214c2f5e87bad3c948f4d605d) (ScriptedImporter) -> (artifact id: 'db3b2052a75a77e1097e3995bc3961f7') in 0.0153398 seconds
Number of updated asset objects reloaded before import = 0Number of asset objects unloaded after import = 4

========================================================================
Received Import Request.
  Time since last request: 0.000034 seconds.
  path: Assets/Cartoon UI/White Icons/UI Icons/Plus.png
  artifactKey: Guid(d6348bcffdbd7e745b59a3b48a168b60) Importer(2089858483,b0f066a214c2f5e87bad3c948f4d605d)
Start importing Assets/Cartoon UI/White Icons/UI Icons/Plus.png using Guid(d6348bcffdbd7e745b59a3b48a168b60) Importer(2089858483,b0f066a214c2f5e87bad3c948f4d605d) (ScriptedImporter) -> (artifact id: '945ecf97da0772ca121996a934773650') in 0.0185597 seconds
Number of updated asset objects reloaded before import = 0Number of asset objects unloaded after import = 3

========================================================================
Received Import Request.
  Time since last request: 0.000018 seconds.
  path: Assets/Cartoon UI/White Icons/UI Icons/Exit.png
  artifactKey: Guid(bfbe99492ea69024bb5f61bb64761aa8) Importer(2089858483,b0f066a214c2f5e87bad3c948f4d605d)
Start importing Assets/Cartoon UI/White Icons/UI Icons/Exit.png using Guid(bfbe99492ea69024bb5f61bb64761aa8) Importer(2089858483,b0f066a214c2f5e87bad3c948f4d605d) (ScriptedImporter) -> (artifact id: '664f8835b62c08380596acbc57f95c3a') in 0.022009 seconds
Number of updated asset objects reloaded before import = 0Number of asset objects unloaded after import = 3

========================================================================
Received Import Request.
  Time since last request: 0.000038 seconds.
  path: Assets/Cartoon UI/White Icons/UI Icons/Down 2.png
  artifactKey: Guid(4d8d93f47bb640b40a60ad1f1605895d) Importer(2089858483,b0f066a214c2f5e87bad3c948f4d605d)
Start importing Assets/Cartoon UI/White Icons/UI Icons/Down 2.png using Guid(4d8d93f47bb640b40a60ad1f1605895d) Importer(2089858483,b0f066a214c2f5e87bad3c948f4d605d) (ScriptedImporter) -> (artifact id: '478363be339176c9201a12f630915b5d') in 0.0231326 seconds
Number of updated asset objects reloaded before import = 0Number of asset objects unloaded after import = 3

========================================================================
Received Import Request.
  Time since last request: 0.000054 seconds.
  path: Assets/Clouded Studio/2D Simple Nature Pack/FX/FallingLeaves.prefab
  artifactKey: Guid(0a6c45f822024364ca304ac24ff6612a) Importer(2089858483,b0f066a214c2f5e87bad3c948f4d605d)
Start importing Assets/Clouded Studio/2D Simple Nature Pack/FX/FallingLeaves.prefab using Guid(0a6c45f822024364ca304ac24ff6612a) Importer(2089858483,b0f066a214c2f5e87bad3c948f4d605d) (ScriptedImporter) -> (artifact id: '57998f08b719a4895d8aa71e0b595e05') in 0.1313841 seconds
Number of updated asset objects reloaded before import = 0Number of asset objects unloaded after import = 6

========================================================================
Received Import Request.
  Time since last request: 0.000030 seconds.
  path: Assets/Clouded Studio/2D Simple Nature Pack/Materials/ShaderGraph_Bush_Wind_Lit.mat
  artifactKey: Guid(440a3a727ee850b4b9752922e2096713) Importer(2089858483,b0f066a214c2f5e87bad3c948f4d605d)
Start importing Assets/Clouded Studio/2D Simple Nature Pack/Materials/ShaderGraph_Bush_Wind_Lit.mat using Guid(440a3a727ee850b4b9752922e2096713) Importer(2089858483,b0f066a214c2f5e87bad3c948f4d605d) (ScriptedImporter) -> (artifact id: '510fd6d26a75332363ca9124dae9974c') in 0.0131318 seconds
Number of updated asset objects reloaded before import = 0Number of asset objects unloaded after import = 2

========================================================================
Received Import Request.
  Time since last request: 0.000039 seconds.
  path: Assets/Clouded Studio/2D Simple Nature Pack/Materials/ShaderGraph_Vegetation_Wind_Lit.mat
  artifactKey: Guid(2ee70105810bef94f9223c980eb670ab) Importer(2089858483,b0f066a214c2f5e87bad3c948f4d605d)
Start importing Assets/Clouded Studio/2D Simple Nature Pack/Materials/ShaderGraph_Vegetation_Wind_Lit.mat using Guid(2ee70105810bef94f9223c980eb670ab) Importer(2089858483,b0f066a214c2f5e87bad3c948f4d605d) (ScriptedImporter) -> (artifact id: 'bd941859d0b89b7f4c19a2840fd7e6ed') in 0.0133364 seconds
Number of updated asset objects reloaded before import = 0Number of asset objects unloaded after import = 2

========================================================================
Received Import Request.
  Time since last request: 0.000035 seconds.
  path: Assets/TextMesh Pro/Resources/Sprite Assets/EmojiOne.asset
  artifactKey: Guid(c41005c129ba4d66911b75229fd70b45) Importer(2089858483,b0f066a214c2f5e87bad3c948f4d605d)
Start importing Assets/TextMesh Pro/Resources/Sprite Assets/EmojiOne.asset using Guid(c41005c129ba4d66911b75229fd70b45) Importer(2089858483,b0f066a214c2f5e87bad3c948f4d605d) (ScriptedImporter) -> (artifact id: 'd718391d0eb4de70f855364bdf85271c') in 0.0177619 seconds
Number of updated asset objects reloaded before import = 0Number of asset objects unloaded after import = 3

========================================================================
Received Import Request.
  Time since last request: 0.000040 seconds.
  path: Assets/Cartoon UI/Prefabs/Progress Bars/Type 1/ProgressBar Red.prefab
  artifactKey: Guid(725863f22e8dea44386b96c9b45cd9b7) Importer(2089858483,b0f066a214c2f5e87bad3c948f4d605d)
Start importing Assets/Cartoon UI/Prefabs/Progress Bars/Type 1/ProgressBar Red.prefab using Guid(725863f22e8dea44386b96c9b45cd9b7) Importer(2089858483,b0f066a214c2f5e87bad3c948f4d605d) (ScriptedImporter) -> (artifact id: '12b6f0f4b5de7da244c85393801f75b3') in 0.0349337 seconds
Number of updated asset objects reloaded before import = 0Number of asset objects unloaded after import = 21

========================================================================
Received Import Request.
  Time since last request: 0.000036 seconds.
  path: Assets/Cartoon UI/Prefabs/Progress Bars/Type 2/ProgressBar 2 Red.prefab
  artifactKey: Guid(2902d8d0d5e77a94aae2e24d3ec43d87) Importer(2089858483,b0f066a214c2f5e87bad3c948f4d605d)
Start importing Assets/Cartoon UI/Prefabs/Progress Bars/Type 2/ProgressBar 2 Red.prefab using Guid(2902d8d0d5e77a94aae2e24d3ec43d87) Importer(2089858483,b0f066a214c2f5e87bad3c948f4d605d) (ScriptedImporter) -> (artifact id: 'e0e72ea306335d9471edf110ff47c7b6') in 0.0186708 seconds
Number of updated asset objects reloaded before import = 0Number of asset objects unloaded after import = 21

========================================================================
Received Import Request.
  Time since last request: 0.000021 seconds.
  path: Assets/Cartoon UI/Prefabs/Progress Bars/Type 1/ProgressBar Blue.prefab
  artifactKey: Guid(ecfef24f05af94047a3df411710188a5) Importer(2089858483,b0f066a214c2f5e87bad3c948f4d605d)
Start importing Assets/Cartoon UI/Prefabs/Progress Bars/Type 1/ProgressBar Blue.prefab using Guid(ecfef24f05af94047a3df411710188a5) Importer(2089858483,b0f066a214c2f5e87bad3c948f4d605d) (ScriptedImporter) -> (artifact id: 'ca3b80590abf08898c45a3ca32701660') in 0.0181023 seconds
Number of updated asset objects reloaded before import = 0Number of asset objects unloaded after import = 20

========================================================================
Received Import Request.
  Time since last request: 0.000018 seconds.
  path: Assets/Cartoon UI/White Icons/White Icons/UI Icons/Arrow Down.png
  artifactKey: Guid(ac324158e71c5dd47a3182aacec84b03) Importer(2089858483,b0f066a214c2f5e87bad3c948f4d605d)
Start importing Assets/Cartoon UI/White Icons/White Icons/UI Icons/Arrow Down.png using Guid(ac324158e71c5dd47a3182aacec84b03) Importer(2089858483,b0f066a214c2f5e87bad3c948f4d605d) (ScriptedImporter) -> (artifact id: 'd331457ee2e4c83f7faa02c9bd1b9915') in 0.0168756 seconds
Number of updated asset objects reloaded before import = 0Number of asset objects unloaded after import = 3

========================================================================
Received Import Request.
  Time since last request: 0.000019 seconds.
  path: Assets/Cartoon UI/Prefabs/Progress Bars/Type 1/ProgressBar Pink.prefab
  artifactKey: Guid(958b6aec43599ab47bc6485e344c4d0f) Importer(2089858483,b0f066a214c2f5e87bad3c948f4d605d)
Start importing Assets/Cartoon UI/Prefabs/Progress Bars/Type 1/ProgressBar Pink.prefab using Guid(958b6aec43599ab47bc6485e344c4d0f) Importer(2089858483,b0f066a214c2f5e87bad3c948f4d605d) (ScriptedImporter) -> (artifact id: 'e389c2a631fd98fa6d2d8e4228b1f711') in 0.0187391 seconds
Number of updated asset objects reloaded before import = 0Number of asset objects unloaded after import = 21

========================================================================
Received Import Request.
  Time since last request: 0.000046 seconds.
  path: Assets/Cartoon UI/Prefabs/Progress Bars/Type 2/ProgressBar 2 Pink Purple.prefab
  artifactKey: Guid(80354c853b821944bb25f862302efe0b) Importer(2089858483,b0f066a214c2f5e87bad3c948f4d605d)
Start importing Assets/Cartoon UI/Prefabs/Progress Bars/Type 2/ProgressBar 2 Pink Purple.prefab using Guid(80354c853b821944bb25f862302efe0b) Importer(2089858483,b0f066a214c2f5e87bad3c948f4d605d) (ScriptedImporter) -> (artifact id: '79d80873c2cb7f61c176c571165ee180') in 0.0312952 seconds
Number of updated asset objects reloaded before import = 0Number of asset objects unloaded after import = 21

========================================================================
Received Import Request.
  Time since last request: 0.000034 seconds.
  path: Assets/Cartoon UI/Prefabs/Progress Bars/Type 2/ProgressBar 2 Purple.prefab
  artifactKey: Guid(a6a743634b542624eb654a66ffb2ae27) Importer(2089858483,b0f066a214c2f5e87bad3c948f4d605d)
Start importing Assets/Cartoon UI/Prefabs/Progress Bars/Type 2/ProgressBar 2 Purple.prefab using Guid(a6a743634b542624eb654a66ffb2ae27) Importer(2089858483,b0f066a214c2f5e87bad3c948f4d605d) (ScriptedImporter) -> (artifact id: '63072dcfd38c560ff891fea0ebe84e97') in 0.0191378 seconds
Number of updated asset objects reloaded before import = 0Number of asset objects unloaded after import = 21

========================================================================
Received Import Request.
  Time since last request: 0.000037 seconds.
  path: Assets/Cartoon UI/White Icons/White Icons/UI Icons/Lock.png
  artifactKey: Guid(caaa0978daf5d5541bb7ca528434266b) Importer(2089858483,b0f066a214c2f5e87bad3c948f4d605d)
Start importing Assets/Cartoon UI/White Icons/White Icons/UI Icons/Lock.png using Guid(caaa0978daf5d5541bb7ca528434266b) Importer(2089858483,b0f066a214c2f5e87bad3c948f4d605d) (ScriptedImporter) -> (artifact id: 'a243b4782df59dfa2f164aa1f0f16a9a') in 0.0215827 seconds
Number of updated asset objects reloaded before import = 0Number of asset objects unloaded after import = 3

========================================================================
Received Import Request.
  Time since last request: 0.000050 seconds.
  path: Assets/Cartoon UI/White Icons/White Icons/UI Icons/Cycle.png
  artifactKey: Guid(03cd8a04278467f41874f24850f21ff8) Importer(2089858483,b0f066a214c2f5e87bad3c948f4d605d)
Start importing Assets/Cartoon UI/White Icons/White Icons/UI Icons/Cycle.png using Guid(03cd8a04278467f41874f24850f21ff8) Importer(2089858483,b0f066a214c2f5e87bad3c948f4d605d) (ScriptedImporter) -> (artifact id: 'fc7383079a3c339718eccad9931b2756') in 0.0191544 seconds
Number of updated asset objects reloaded before import = 0Number of asset objects unloaded after import = 3

========================================================================
Received Import Request.
  Time since last request: 0.000141 seconds.
  path: Assets/Cartoon UI/White Icons/White Icons/UI Icons/Magnet.png
  artifactKey: Guid(a74c9fc2904b3394c8dea0195edf9510) Importer(2089858483,b0f066a214c2f5e87bad3c948f4d605d)
Start importing Assets/Cartoon UI/White Icons/White Icons/UI Icons/Magnet.png using Guid(a74c9fc2904b3394c8dea0195edf9510) Importer(2089858483,b0f066a214c2f5e87bad3c948f4d605d) (ScriptedImporter) -> (artifact id: '8bcf8a4c0f16af2c3c12250045254ad8') in 0.0171079 seconds
Number of updated asset objects reloaded before import = 0Number of asset objects unloaded after import = 3

========================================================================
Received Import Request.
  Time since last request: 0.000031 seconds.
  path: Assets/Cartoon UI/White Icons/White Icons/UI Icons/Location.png
  artifactKey: Guid(f9f14ade363352840a412aff2a292052) Importer(2089858483,b0f066a214c2f5e87bad3c948f4d605d)
Start importing Assets/Cartoon UI/White Icons/White Icons/UI Icons/Location.png using Guid(f9f14ade363352840a412aff2a292052) Importer(2089858483,b0f066a214c2f5e87bad3c948f4d605d) (ScriptedImporter) -> (artifact id: '4c8b49a4c16fc1f6ec234ecc62b79393') in 0.0173809 seconds
Number of updated asset objects reloaded before import = 0Number of asset objects unloaded after import = 3

========================================================================
Received Import Request.
  Time since last request: 0.000020 seconds.
  path: Assets/Cartoon UI/White Icons/White Icons/UI Icons/Flag.png
  artifactKey: Guid(40673926a2668834a8bd7325c1e88982) Importer(2089858483,b0f066a214c2f5e87bad3c948f4d605d)
Start importing Assets/Cartoon UI/White Icons/White Icons/UI Icons/Flag.png using Guid(40673926a2668834a8bd7325c1e88982) Importer(2089858483,b0f066a214c2f5e87bad3c948f4d605d) (ScriptedImporter) -> (artifact id: '295a2d5946fae9d0492ee7319676fac8') in 0.0209643 seconds
Number of updated asset objects reloaded before import = 0Number of asset objects unloaded after import = 3

========================================================================
Received Import Request.
  Time since last request: 0.000024 seconds.
  path: Assets/Cartoon UI/White Icons/White Icons/UI Icons/Badge.png
  artifactKey: Guid(7063b772407459c48bdc2f1c6fc5cd80) Importer(2089858483,b0f066a214c2f5e87bad3c948f4d605d)
Start importing Assets/Cartoon UI/White Icons/White Icons/UI Icons/Badge.png using Guid(7063b772407459c48bdc2f1c6fc5cd80) Importer(2089858483,b0f066a214c2f5e87bad3c948f4d605d) (ScriptedImporter) -> (artifact id: '4a2484f9b81ff3ced5a6ab6e45f5055f') in 0.0211889 seconds
Number of updated asset objects reloaded before import = 0Number of asset objects unloaded after import = 3

========================================================================
Received Import Request.
  Time since last request: 0.000029 seconds.
  path: Assets/Cartoon UI/White Icons/White Icons/UI Icons/Home.png
  artifactKey: Guid(c1f9ce8fc68eff64fa2b85e197aa1bbb) Importer(2089858483,b0f066a214c2f5e87bad3c948f4d605d)
Start importing Assets/Cartoon UI/White Icons/White Icons/UI Icons/Home.png using Guid(c1f9ce8fc68eff64fa2b85e197aa1bbb) Importer(2089858483,b0f066a214c2f5e87bad3c948f4d605d) (ScriptedImporter) -> (artifact id: '0ec61f95032b4014651f464c4ac207f7') in 0.0260699 seconds
Number of updated asset objects reloaded before import = 0Number of asset objects unloaded after import = 3

========================================================================
Received Import Request.
  Time since last request: 0.000017 seconds.
  path: Assets/Clouded Studio/2D Simple Nature Pack/ShaderGraphs/ShaderGraph_Background_Unlit.shadergraph
  artifactKey: Guid(3919c1902b57ebb478575e6845457795) Importer(2089858483,b0f066a214c2f5e87bad3c948f4d605d)
Start importing Assets/Clouded Studio/2D Simple Nature Pack/ShaderGraphs/ShaderGraph_Background_Unlit.shadergraph using Guid(3919c1902b57ebb478575e6845457795) Importer(2089858483,b0f066a214c2f5e87bad3c948f4d605d) (ScriptedImporter) -> (artifact id: '922c6e2dbeb35786ac78cf9612b0c072') in 0.0376913 seconds
Number of updated asset objects reloaded before import = 0Number of asset objects unloaded after import = 4

========================================================================
Received Import Request.
  Time since last request: 0.000017 seconds.
  path: Assets/Cartoon UI/Customizable/Sprites/Long Square Outer.png
  artifactKey: Guid(939d0b9b5e3078447b8c3e686a960e3f) Importer(2089858483,b0f066a214c2f5e87bad3c948f4d605d)
Start importing Assets/Cartoon UI/Customizable/Sprites/Long Square Outer.png using Guid(939d0b9b5e3078447b8c3e686a960e3f) Importer(2089858483,b0f066a214c2f5e87bad3c948f4d605d) (ScriptedImporter) -> (artifact id: '6ae765ea27f2c3fd2841fb08e309691a') in 0.0235881 seconds
Number of updated asset objects reloaded before import = 0Number of asset objects unloaded after import = 3

========================================================================
Received Import Request.
  Time since last request: 0.000020 seconds.
  path: Assets/Cartoon UI/White Icons/White Icons/UI Icons/Person.png
  artifactKey: Guid(23404d1edcc884843a7147bf0c5b0fc2) Importer(2089858483,b0f066a214c2f5e87bad3c948f4d605d)
Start importing Assets/Cartoon UI/White Icons/White Icons/UI Icons/Person.png using Guid(23404d1edcc884843a7147bf0c5b0fc2) Importer(2089858483,b0f066a214c2f5e87bad3c948f4d605d) (ScriptedImporter) -> (artifact id: '37a6e84953d9b099ee8767304795ead0') in 0.0232289 seconds
Number of updated asset objects reloaded before import = 0Number of asset objects unloaded after import = 3

========================================================================
Received Import Request.
  Time since last request: 0.000026 seconds.
  path: Assets/Cartoon UI/White Icons/White Icons/UI Icons/Pause.png
  artifactKey: Guid(450429a52ea81c6478c710b7fa117678) Importer(2089858483,b0f066a214c2f5e87bad3c948f4d605d)
Start importing Assets/Cartoon UI/White Icons/White Icons/UI Icons/Pause.png using Guid(450429a52ea81c6478c710b7fa117678) Importer(2089858483,b0f066a214c2f5e87bad3c948f4d605d) (ScriptedImporter) -> (artifact id: '43696890e0d0b695d84550744f2d07fe') in 0.0229225 seconds
Number of updated asset objects reloaded before import = 0Number of asset objects unloaded after import = 3

========================================================================
Received Import Request.
  Time since last request: 0.000018 seconds.
  path: Assets/Cartoon UI/White Icons/White Icons/UI Icons/Right 2.png
  artifactKey: Guid(8afa3f0d05b3df845a8008ffac1082d2) Importer(2089858483,b0f066a214c2f5e87bad3c948f4d605d)
Start importing Assets/Cartoon UI/White Icons/White Icons/UI Icons/Right 2.png using Guid(8afa3f0d05b3df845a8008ffac1082d2) Importer(2089858483,b0f066a214c2f5e87bad3c948f4d605d) (ScriptedImporter) -> (artifact id: 'b25835a6345739789f54be570114f3c6') in 0.0199526 seconds
Number of updated asset objects reloaded before import = 0Number of asset objects unloaded after import = 3

========================================================================
Received Import Request.
  Time since last request: 0.000017 seconds.
  path: Assets/Cartoon UI/White Icons/White Icons/UI Icons/Shop.png
  artifactKey: Guid(851a687d713a64b4eb767101e5f458fb) Importer(2089858483,b0f066a214c2f5e87bad3c948f4d605d)
Start importing Assets/Cartoon UI/White Icons/White Icons/UI Icons/Shop.png using Guid(851a687d713a64b4eb767101e5f458fb) Importer(2089858483,b0f066a214c2f5e87bad3c948f4d605d) (ScriptedImporter) -> (artifact id: '950fd6c2f24c061fc3500a35e9474255') in 0.0191668 seconds
Number of updated asset objects reloaded before import = 0Number of asset objects unloaded after import = 3

========================================================================
Received Import Request.
  Time since last request: 0.000028 seconds.
  path: Assets/Cartoon UI/White Icons/White Icons/UI Icons/Sword.png
  artifactKey: Guid(9bae3a0f17f63244ab754f3808fbc537) Importer(2089858483,b0f066a214c2f5e87bad3c948f4d605d)
Start importing Assets/Cartoon UI/White Icons/White Icons/UI Icons/Sword.png using Guid(9bae3a0f17f63244ab754f3808fbc537) Importer(2089858483,b0f066a214c2f5e87bad3c948f4d605d) (ScriptedImporter) -> (artifact id: 'cf0594003e2ea4751cc20558403aa072') in 0.0214807 seconds
Number of updated asset objects reloaded before import = 0Number of asset objects unloaded after import = 3

========================================================================
Received Import Request.
  Time since last request: 0.000033 seconds.
  path: Assets/Cartoon UI/White Icons/White Icons/UI Icons/Magnifying Glass.png
  artifactKey: Guid(6e61d108d71bfb9419c5f9a1cc1b8146) Importer(2089858483,b0f066a214c2f5e87bad3c948f4d605d)
Start importing Assets/Cartoon UI/White Icons/White Icons/UI Icons/Magnifying Glass.png using Guid(6e61d108d71bfb9419c5f9a1cc1b8146) Importer(2089858483,b0f066a214c2f5e87bad3c948f4d605d) (ScriptedImporter) -> (artifact id: '3acaa9af5585d9dc73e9b27c4dced742') in 0.0219884 seconds
Number of updated asset objects reloaded before import = 0Number of asset objects unloaded after import = 3

========================================================================
Received Import Request.
  Time since last request: 0.000042 seconds.
  path: Assets/Cartoon UI/White Icons/White Icons/UI Icons/Stop.png
  artifactKey: Guid(1a146135e801024479c0ef0540b1e951) Importer(2089858483,b0f066a214c2f5e87bad3c948f4d605d)
Start importing Assets/Cartoon UI/White Icons/White Icons/UI Icons/Stop.png using Guid(1a146135e801024479c0ef0540b1e951) Importer(2089858483,b0f066a214c2f5e87bad3c948f4d605d) (ScriptedImporter) -> (artifact id: 'f14c3f02e2a08edaf9046fabcbddbbcb') in 0.0203059 seconds
Number of updated asset objects reloaded before import = 0Number of asset objects unloaded after import = 3

========================================================================
Received Import Request.
  Time since last request: 0.000033 seconds.
  path: Assets/Cartoon UI/White Icons/White Icons/UI Icons/Music.png
  artifactKey: Guid(9df0a220f24ec4740958698017c430cd) Importer(2089858483,b0f066a214c2f5e87bad3c948f4d605d)
Start importing Assets/Cartoon UI/White Icons/White Icons/UI Icons/Music.png using Guid(9df0a220f24ec4740958698017c430cd) Importer(2089858483,b0f066a214c2f5e87bad3c948f4d605d) (ScriptedImporter) -> (artifact id: 'bf7e94ab19f8f76806759ff908cc8cfa') in 0.018026 seconds
Number of updated asset objects reloaded before import = 0Number of asset objects unloaded after import = 3

========================================================================
Received Import Request.
  Time since last request: 0.000023 seconds.
  path: Assets/Cartoon UI/White Icons/White Icons/White Icons 1/Cart.png
  artifactKey: Guid(0b8f0a49eb4f73d47b16a62998478af6) Importer(2089858483,b0f066a214c2f5e87bad3c948f4d605d)
Start importing Assets/Cartoon UI/White Icons/White Icons/White Icons 1/Cart.png using Guid(0b8f0a49eb4f73d47b16a62998478af6) Importer(2089858483,b0f066a214c2f5e87bad3c948f4d605d) (ScriptedImporter) -> (artifact id: 'e8665210eb70bcc82a4e5f45c2b00221') in 0.0199321 seconds
Number of updated asset objects reloaded before import = 0Number of asset objects unloaded after import = 3

========================================================================
Received Import Request.
  Time since last request: 0.000041 seconds.
  path: Assets/Cartoon UI/White Icons/White Icons/White Icons 1/Arrow Down.png
  artifactKey: Guid(143f49a3c8faebd4f9dd1bd8cd6fdfed) Importer(2089858483,b0f066a214c2f5e87bad3c948f4d605d)
Start importing Assets/Cartoon UI/White Icons/White Icons/White Icons 1/Arrow Down.png using Guid(143f49a3c8faebd4f9dd1bd8cd6fdfed) Importer(2089858483,b0f066a214c2f5e87bad3c948f4d605d) (ScriptedImporter) -> (artifact id: '237d5e8680fe01c06b38e4d464d4520a') in 0.0205382 seconds
Number of updated asset objects reloaded before import = 0Number of asset objects unloaded after import = 3

========================================================================
Received Import Request.
  Time since last request: 0.000017 seconds.
  path: Assets/Cartoon UI/White Icons/White Icons/White Icons 1/Arrow Down 2.png
  artifactKey: Guid(5a489ad580829c6408029de01031f9a3) Importer(2089858483,b0f066a214c2f5e87bad3c948f4d605d)
Start importing Assets/Cartoon UI/White Icons/White Icons/White Icons 1/Arrow Down 2.png using Guid(5a489ad580829c6408029de01031f9a3) Importer(2089858483,b0f066a214c2f5e87bad3c948f4d605d) (ScriptedImporter) -> (artifact id: '2d2cb8892d9eb4fc3fe2f28989f1aa09') in 0.0215423 seconds
Number of updated asset objects reloaded before import = 0Number of asset objects unloaded after import = 3

========================================================================
Received Import Request.
  Time since last request: 0.000016 seconds.
  path: Assets/Cartoon UI/White Icons/White Icons/White Icons 1/Chat 1.png
  artifactKey: Guid(d5c6ed3d0b97923498eac8d3baed36e0) Importer(2089858483,b0f066a214c2f5e87bad3c948f4d605d)
Start importing Assets/Cartoon UI/White Icons/White Icons/White Icons 1/Chat 1.png using Guid(d5c6ed3d0b97923498eac8d3baed36e0) Importer(2089858483,b0f066a214c2f5e87bad3c948f4d605d) (ScriptedImporter) -> (artifact id: 'bbc7cd36fd2630cb2f0d2fdd54e7fe4e') in 0.0181682 seconds
Number of updated asset objects reloaded before import = 0Number of asset objects unloaded after import = 3

========================================================================
Received Import Request.
  Time since last request: 0.000023 seconds.
  path: Assets/Cartoon UI/White Icons/White Icons/White Icons 1/Arrow Left 2.png
  artifactKey: Guid(b1a62d56245c926428d6eb4bab384a4b) Importer(2089858483,b0f066a214c2f5e87bad3c948f4d605d)
Start importing Assets/Cartoon UI/White Icons/White Icons/White Icons 1/Arrow Left 2.png using Guid(b1a62d56245c926428d6eb4bab384a4b) Importer(2089858483,b0f066a214c2f5e87bad3c948f4d605d) (ScriptedImporter) -> (artifact id: '777d9c9fe551df91c5f78a43de32bdf5') in 0.0170483 seconds
Number of updated asset objects reloaded before import = 0Number of asset objects unloaded after import = 3

========================================================================
Received Import Request.
  Time since last request: 0.000030 seconds.
  path: Assets/Cartoon UI/White Icons/White Icons/White Icons 1/Clock.png
  artifactKey: Guid(fd67f8caf87f6ca4eb214467c61a2ae3) Importer(2089858483,b0f066a214c2f5e87bad3c948f4d605d)
Start importing Assets/Cartoon UI/White Icons/White Icons/White Icons 1/Clock.png using Guid(fd67f8caf87f6ca4eb214467c61a2ae3) Importer(2089858483,b0f066a214c2f5e87bad3c948f4d605d) (ScriptedImporter) -> (artifact id: '8b9a73eb04193f1da25ace93c8d205ec') in 0.0187945 seconds
Number of updated asset objects reloaded before import = 0Number of asset objects unloaded after import = 3

========================================================================
Received Import Request.
  Time since last request: 0.000026 seconds.
  path: Assets/Cartoon UI/White Icons/White Icons/White Icons 1/Bell.png
  artifactKey: Guid(7316b9ab177865140b8d1f56412899e1) Importer(2089858483,b0f066a214c2f5e87bad3c948f4d605d)
Start importing Assets/Cartoon UI/White Icons/White Icons/White Icons 1/Bell.png using Guid(7316b9ab177865140b8d1f56412899e1) Importer(2089858483,b0f066a214c2f5e87bad3c948f4d605d) (ScriptedImporter) -> (artifact id: 'e371eb6324034d7ec365f47332452b7c') in 0.0164615 seconds
Number of updated asset objects reloaded before import = 0Number of asset objects unloaded after import = 3

========================================================================
Received Import Request.
  Time since last request: 0.000022 seconds.
  path: Assets/Cartoon UI/White Icons/White Icons/White Icons 1/Expand 1.png
  artifactKey: Guid(3e83329daddb03e4db512a9e9ff52d63) Importer(2089858483,b0f066a214c2f5e87bad3c948f4d605d)
Start importing Assets/Cartoon UI/White Icons/White Icons/White Icons 1/Expand 1.png using Guid(3e83329daddb03e4db512a9e9ff52d63) Importer(2089858483,b0f066a214c2f5e87bad3c948f4d605d) (ScriptedImporter) -> (artifact id: 'd22452ae329a192a85c13a1088cbed1f') in 0.016666 seconds
Number of updated asset objects reloaded before import = 0Number of asset objects unloaded after import = 3

========================================================================
Received Import Request.
  Time since last request: 0.000019 seconds.
  path: Assets/Cartoon UI/White Icons/White Icons/White Icons 1/Expand Horizontal.png
  artifactKey: Guid(21b0a508161ffc747a4576517df9a742) Importer(2089858483,b0f066a214c2f5e87bad3c948f4d605d)
Start importing Assets/Cartoon UI/White Icons/White Icons/White Icons 1/Expand Horizontal.png using Guid(21b0a508161ffc747a4576517df9a742) Importer(2089858483,b0f066a214c2f5e87bad3c948f4d605d) (ScriptedImporter) -> (artifact id: '74029ad8151c879e768823e5e3a39681') in 0.0174664 seconds
Number of updated asset objects reloaded before import = 0Number of asset objects unloaded after import = 3

========================================================================
Received Import Request.
  Time since last request: 0.000035 seconds.
  path: Assets/Cartoon UI/White Icons/White Icons/White Icons 1/Down.png
  artifactKey: Guid(6a4cb28f72bc7af4e8a1017f9623fb61) Importer(2089858483,b0f066a214c2f5e87bad3c948f4d605d)
Start importing Assets/Cartoon UI/White Icons/White Icons/White Icons 1/Down.png using Guid(6a4cb28f72bc7af4e8a1017f9623fb61) Importer(2089858483,b0f066a214c2f5e87bad3c948f4d605d) (ScriptedImporter) -> (artifact id: '94afe80b0a94eef158fe562f9ec2d167') in 0.0150267 seconds
Number of updated asset objects reloaded before import = 0Number of asset objects unloaded after import = 3

========================================================================
Received Import Request.
  Time since last request: 0.000020 seconds.
  path: Assets/Cartoon UI/White Icons/White Icons/White Icons 1/Home.png
  artifactKey: Guid(36dd7cf06f31ee442a50b0dd0f0c43f0) Importer(2089858483,b0f066a214c2f5e87bad3c948f4d605d)
Start importing Assets/Cartoon UI/White Icons/White Icons/White Icons 1/Home.png using Guid(36dd7cf06f31ee442a50b0dd0f0c43f0) Importer(2089858483,b0f066a214c2f5e87bad3c948f4d605d) (ScriptedImporter) -> (artifact id: '8f6224025b15221bdfacc922948aa093') in 0.0286488 seconds
Number of updated asset objects reloaded before import = 0Number of asset objects unloaded after import = 3

========================================================================
Received Import Request.
  Time since last request: 0.000018 seconds.
  path: Assets/Cartoon UI/White Icons/White Icons/White Icons 1/Crown.png
  artifactKey: Guid(78b8ccde7903ec348a3d481b59a8afdc) Importer(2089858483,b0f066a214c2f5e87bad3c948f4d605d)
Start importing Assets/Cartoon UI/White Icons/White Icons/White Icons 1/Crown.png using Guid(78b8ccde7903ec348a3d481b59a8afdc) Importer(2089858483,b0f066a214c2f5e87bad3c948f4d605d) (ScriptedImporter) -> (artifact id: '8fa355c2a5c462e055c78fb00efe7f7b') in 0.0166599 seconds
Number of updated asset objects reloaded before import = 0Number of asset objects unloaded after import = 3

========================================================================
Received Import Request.
  Time since last request: 0.000044 seconds.
  path: Assets/Cartoon UI/White Icons/White Icons/White Icons 1/Expand Vertical.png
  artifactKey: Guid(eacc7cc780cf6a348be84712a4995545) Importer(2089858483,b0f066a214c2f5e87bad3c948f4d605d)
Start importing Assets/Cartoon UI/White Icons/White Icons/White Icons 1/Expand Vertical.png using Guid(eacc7cc780cf6a348be84712a4995545) Importer(2089858483,b0f066a214c2f5e87bad3c948f4d605d) (ScriptedImporter) -> (artifact id: '6ebca3ba126426834340347860d3eded') in 0.0201803 seconds
Number of updated asset objects reloaded before import = 0Number of asset objects unloaded after import = 3

========================================================================
Received Import Request.
  Time since last request: 0.000043 seconds.
  path: Assets/Cartoon UI/White Icons/White Icons/White Icons 1/Dropdown List.png
  artifactKey: Guid(c5b803a3318b5fa44bed673c89c42b5c) Importer(2089858483,b0f066a214c2f5e87bad3c948f4d605d)
Start importing Assets/Cartoon UI/White Icons/White Icons/White Icons 1/Dropdown List.png using Guid(c5b803a3318b5fa44bed673c89c42b5c) Importer(2089858483,b0f066a214c2f5e87bad3c948f4d605d) (ScriptedImporter) -> (artifact id: '9589d3e59c6597d8b4f0f92ba8fe3468') in 0.0242922 seconds
Number of updated asset objects reloaded before import = 0Number of asset objects unloaded after import = 3

========================================================================
Received Import Request.
  Time since last request: 0.000023 seconds.
  path: Assets/Cartoon UI/White Icons/White Icons/White Icons 1/Heart.png
  artifactKey: Guid(8d17109fd57b01d4d8237a62a729ae0b) Importer(2089858483,b0f066a214c2f5e87bad3c948f4d605d)
Start importing Assets/Cartoon UI/White Icons/White Icons/White Icons 1/Heart.png using Guid(8d17109fd57b01d4d8237a62a729ae0b) Importer(2089858483,b0f066a214c2f5e87bad3c948f4d605d) (ScriptedImporter) -> (artifact id: '15c68b302caaaddfbcf806e79c8bf0ea') in 0.0217183 seconds
Number of updated asset objects reloaded before import = 0Number of asset objects unloaded after import = 3

========================================================================
Received Import Request.
  Time since last request: 0.000020 seconds.
  path: Assets/Cartoon UI/White Icons/White Icons/White Icons 1/Music.png
  artifactKey: Guid(fb211970201c9f440bbb7fec19911890) Importer(2089858483,b0f066a214c2f5e87bad3c948f4d605d)
Start importing Assets/Cartoon UI/White Icons/White Icons/White Icons 1/Music.png using Guid(fb211970201c9f440bbb7fec19911890) Importer(2089858483,b0f066a214c2f5e87bad3c948f4d605d) (ScriptedImporter) -> (artifact id: '13fedce2d171c202142faa12570c7a3d') in 0.0187507 seconds
Number of updated asset objects reloaded before import = 0Number of asset objects unloaded after import = 3

========================================================================
Received Import Request.
  Time since last request: 0.000038 seconds.
  path: Assets/Cartoon UI/White Icons/White Icons/White Icons 1/Network.png
  artifactKey: Guid(d616159c40daed047b8a202bed211e2c) Importer(2089858483,b0f066a214c2f5e87bad3c948f4d605d)
Start importing Assets/Cartoon UI/White Icons/White Icons/White Icons 1/Network.png using Guid(d616159c40daed047b8a202bed211e2c) Importer(2089858483,b0f066a214c2f5e87bad3c948f4d605d) (ScriptedImporter) -> (artifact id: 'd49ea75b8a8776f1b928c8dfa343778f') in 0.0261415 seconds
Number of updated asset objects reloaded before import = 0Number of asset objects unloaded after import = 3

========================================================================
Received Import Request.
  Time since last request: 0.000044 seconds.
  path: Assets/Cartoon UI/White Icons/White Icons/White Icons 1/Open Message.png
  artifactKey: Guid(baa37ab6e47599a438b848b29e85d279) Importer(2089858483,b0f066a214c2f5e87bad3c948f4d605d)
Start importing Assets/Cartoon UI/White Icons/White Icons/White Icons 1/Open Message.png using Guid(baa37ab6e47599a438b848b29e85d279) Importer(2089858483,b0f066a214c2f5e87bad3c948f4d605d) (ScriptedImporter) -> (artifact id: '371e46f8aa3d10cdec6f74c99997cccd') in 0.0177426 seconds
Number of updated asset objects reloaded before import = 0Number of asset objects unloaded after import = 3

========================================================================
Received Import Request.
  Time since last request: 0.000024 seconds.
  path: Assets/Cartoon UI/White Icons/White Icons/White Icons 1/Question Mark.png
  artifactKey: Guid(6ec73ad44e52d5a438bcdb765220ba75) Importer(2089858483,b0f066a214c2f5e87bad3c948f4d605d)
Start importing Assets/Cartoon UI/White Icons/White Icons/White Icons 1/Question Mark.png using Guid(6ec73ad44e52d5a438bcdb765220ba75) Importer(2089858483,b0f066a214c2f5e87bad3c948f4d605d) (ScriptedImporter) -> (artifact id: 'd4f1e9422abff35c72a5cae689aff902') in 0.0310789 seconds
Number of updated asset objects reloaded before import = 0Number of asset objects unloaded after import = 3

========================================================================
Received Import Request.
  Time since last request: 0.000041 seconds.
  path: Assets/Cartoon UI/White Icons/White Icons/White Icons 1/Pause.png
  artifactKey: Guid(cbae90032201fb947b79beddd8171042) Importer(2089858483,b0f066a214c2f5e87bad3c948f4d605d)
Start importing Assets/Cartoon UI/White Icons/White Icons/White Icons 1/Pause.png using Guid(cbae90032201fb947b79beddd8171042) Importer(2089858483,b0f066a214c2f5e87bad3c948f4d605d) (ScriptedImporter) -> (artifact id: '03f0a073ae3413c5da4066affdcd3c5c') in 0.0184651 seconds
Number of updated asset objects reloaded before import = 0Number of asset objects unloaded after import = 3

========================================================================
Received Import Request.
  Time since last request: 0.000023 seconds.
  path: Assets/Cartoon UI/White Icons/White Icons/White Icons 1/Mute.png
  artifactKey: Guid(314ed159dc10f1a47b4746d4771ab0b5) Importer(2089858483,b0f066a214c2f5e87bad3c948f4d605d)
Start importing Assets/Cartoon UI/White Icons/White Icons/White Icons 1/Mute.png using Guid(314ed159dc10f1a47b4746d4771ab0b5) Importer(2089858483,b0f066a214c2f5e87bad3c948f4d605d) (ScriptedImporter) -> (artifact id: '320d19c2a50022c96bfb3d29088e7daa') in 0.0205685 seconds
Number of updated asset objects reloaded before import = 0Number of asset objects unloaded after import = 3

========================================================================
Received Import Request.
  Time since last request: 0.000090 seconds.
  path: Assets/Cartoon UI/White Icons/White Icons/White Icons 1/Link.png
  artifactKey: Guid(e95edc828a6f01846aababc07385ae01) Importer(2089858483,b0f066a214c2f5e87bad3c948f4d605d)
Start importing Assets/Cartoon UI/White Icons/White Icons/White Icons 1/Link.png using Guid(e95edc828a6f01846aababc07385ae01) Importer(2089858483,b0f066a214c2f5e87bad3c948f4d605d) (ScriptedImporter) -> (artifact id: '3974cb9d6067392fa9897aaf60ed6efe') in 0.0199613 seconds
Number of updated asset objects reloaded before import = 0Number of asset objects unloaded after import = 3

========================================================================
Received Import Request.
  Time since last request: 0.000015 seconds.
  path: Assets/Cartoon UI/White Icons/White Icons/White Icons 1/Right.png
  artifactKey: Guid(e2386c53a0c46ed45a1cf013305b38f1) Importer(2089858483,b0f066a214c2f5e87bad3c948f4d605d)
Start importing Assets/Cartoon UI/White Icons/White Icons/White Icons 1/Right.png using Guid(e2386c53a0c46ed45a1cf013305b38f1) Importer(2089858483,b0f066a214c2f5e87bad3c948f4d605d) (ScriptedImporter) -> (artifact id: '269ff813c3013935b5d90068c5174814') in 0.018204 seconds
Number of updated asset objects reloaded before import = 0Number of asset objects unloaded after import = 3

========================================================================
Received Import Request.
  Time since last request: 0.000016 seconds.
  path: Assets/Cartoon UI/White Icons/White Icons/White Icons 1/Volume.png
  artifactKey: Guid(cda3c914376b8ad4a88e85e224ed053b) Importer(2089858483,b0f066a214c2f5e87bad3c948f4d605d)
Start importing Assets/Cartoon UI/White Icons/White Icons/White Icons 1/Volume.png using Guid(cda3c914376b8ad4a88e85e224ed053b) Importer(2089858483,b0f066a214c2f5e87bad3c948f4d605d) (ScriptedImporter) -> (artifact id: '5c66ac822f6fdd1bd11d4d76150c01fa') in 0.0202324 seconds
Number of updated asset objects reloaded before import = 0Number of asset objects unloaded after import = 3

========================================================================
Received Import Request.
  Time since last request: 0.000020 seconds.
  path: Assets/Cartoon UI/White Icons/White Icons/White Icons 1/Thum Up.png
  artifactKey: Guid(9f705fdc6970c9a419e13ddbdcf8483c) Importer(2089858483,b0f066a214c2f5e87bad3c948f4d605d)
Start importing Assets/Cartoon UI/White Icons/White Icons/White Icons 1/Thum Up.png using Guid(9f705fdc6970c9a419e13ddbdcf8483c) Importer(2089858483,b0f066a214c2f5e87bad3c948f4d605d) (ScriptedImporter) -> (artifact id: 'a8ce54305b58220d84725c373521ad2b') in 0.0216006 seconds
Number of updated asset objects reloaded before import = 0Number of asset objects unloaded after import = 3

========================================================================
Received Import Request.
  Time since last request: 0.000028 seconds.
  path: Assets/Cartoon UI/White Icons/White Icons/White Icons 2/White Add.png
  artifactKey: Guid(5c108c954bb523c40a9e68107c2479a0) Importer(2089858483,b0f066a214c2f5e87bad3c948f4d605d)
Start importing Assets/Cartoon UI/White Icons/White Icons/White Icons 2/White Add.png using Guid(5c108c954bb523c40a9e68107c2479a0) Importer(2089858483,b0f066a214c2f5e87bad3c948f4d605d) (ScriptedImporter) -> (artifact id: '79fda247eeb057f40a21aae2882ae945') in 0.0220659 seconds
Number of updated asset objects reloaded before import = 0Number of asset objects unloaded after import = 3

========================================================================
Received Import Request.
  Time since last request: 0.000022 seconds.
  path: Assets/Cartoon UI/White Icons/White Icons/White Icons 1/Warning.png
  artifactKey: Guid(a74904b74b811524bbbbb2829f72f4ef) Importer(2089858483,b0f066a214c2f5e87bad3c948f4d605d)
Start importing Assets/Cartoon UI/White Icons/White Icons/White Icons 1/Warning.png using Guid(a74904b74b811524bbbbb2829f72f4ef) Importer(2089858483,b0f066a214c2f5e87bad3c948f4d605d) (ScriptedImporter) -> (artifact id: '31c81cf236f2a391e1e1801caf2951be') in 0.0226582 seconds
Number of updated asset objects reloaded before import = 0Number of asset objects unloaded after import = 3

========================================================================
Received Import Request.
  Time since last request: 0.000018 seconds.
  path: Assets/Cartoon UI/White Icons/White Icons/White Icons 1/Percent.png
  artifactKey: Guid(01e77de1c3224b14da97bdea01e310de) Importer(2089858483,b0f066a214c2f5e87bad3c948f4d605d)
Start importing Assets/Cartoon UI/White Icons/White Icons/White Icons 1/Percent.png using Guid(01e77de1c3224b14da97bdea01e310de) Importer(2089858483,b0f066a214c2f5e87bad3c948f4d605d) (ScriptedImporter) -> (artifact id: '294fbe22f1f53fd2ae26d206e1acd84b') in 0.0213093 seconds
Number of updated asset objects reloaded before import = 0Number of asset objects unloaded after import = 3

========================================================================
Received Import Request.
  Time since last request: 0.000023 seconds.
  path: Assets/Cartoon UI/White Icons/White Icons/White Icons 1/Settings.png
  artifactKey: Guid(a77858002a1578c489cdfb24009f445e) Importer(2089858483,b0f066a214c2f5e87bad3c948f4d605d)
Start importing Assets/Cartoon UI/White Icons/White Icons/White Icons 1/Settings.png using Guid(a77858002a1578c489cdfb24009f445e) Importer(2089858483,b0f066a214c2f5e87bad3c948f4d605d) (ScriptedImporter) -> (artifact id: '757e6e242ac69fb6c55394c29028b18b') in 0.018893 seconds
Number of updated asset objects reloaded before import = 0Number of asset objects unloaded after import = 3

========================================================================
Received Import Request.
  Time since last request: 0.000028 seconds.
  path: Assets/Cartoon UI/White Icons/White Icons/White Icons 2/White Apple.png
  artifactKey: Guid(8abcc1a9b34928542be2ba877f453617) Importer(2089858483,b0f066a214c2f5e87bad3c948f4d605d)
Start importing Assets/Cartoon UI/White Icons/White Icons/White Icons 2/White Apple.png using Guid(8abcc1a9b34928542be2ba877f453617) Importer(2089858483,b0f066a214c2f5e87bad3c948f4d605d) (ScriptedImporter) -> (artifact id: '685f9d3ec3e38273d6b97cdbd09639b0') in 0.015848 seconds
Number of updated asset objects reloaded before import = 0Number of asset objects unloaded after import = 3

========================================================================
Received Import Request.
  Time since last request: 0.000015 seconds.
  path: Assets/Cartoon UI/White Icons/White Icons/White Icons 2/White Axe.png
  artifactKey: Guid(f27f0995ea8933049956820b99c9ae36) Importer(2089858483,b0f066a214c2f5e87bad3c948f4d605d)
Start importing Assets/Cartoon UI/White Icons/White Icons/White Icons 2/White Axe.png using Guid(f27f0995ea8933049956820b99c9ae36) Importer(2089858483,b0f066a214c2f5e87bad3c948f4d605d) (ScriptedImporter) -> (artifact id: '911acfa57c5d42b7a25b465a91e447b8') in 0.0180188 seconds
Number of updated asset objects reloaded before import = 0Number of asset objects unloaded after import = 3

========================================================================
Received Import Request.
  Time since last request: 0.000021 seconds.
  path: Assets/Cartoon UI/White Icons/White Icons/White Icons 2/White Battery Empty.png
  artifactKey: Guid(9fead874c141d814ea3321317c83186f) Importer(2089858483,b0f066a214c2f5e87bad3c948f4d605d)
Start importing Assets/Cartoon UI/White Icons/White Icons/White Icons 2/White Battery Empty.png using Guid(9fead874c141d814ea3321317c83186f) Importer(2089858483,b0f066a214c2f5e87bad3c948f4d605d) (ScriptedImporter) -> (artifact id: '4f7fc622c94ab1fc94aaccee63bc81d0') in 0.0163495 seconds
Number of updated asset objects reloaded before import = 0Number of asset objects unloaded after import = 3

========================================================================
Received Import Request.
  Time since last request: 0.000023 seconds.
  path: Assets/Cartoon UI/White Icons/White Icons/White Icons 2/White Alert.png
  artifactKey: Guid(a825b20161f34ec4c82c625f11b4d1f8) Importer(2089858483,b0f066a214c2f5e87bad3c948f4d605d)
Start importing Assets/Cartoon UI/White Icons/White Icons/White Icons 2/White Alert.png using Guid(a825b20161f34ec4c82c625f11b4d1f8) Importer(2089858483,b0f066a214c2f5e87bad3c948f4d605d) (ScriptedImporter) -> (artifact id: '4537860ba390767195b77f0851233920') in 0.0185577 seconds
Number of updated asset objects reloaded before import = 0Number of asset objects unloaded after import = 3

========================================================================
Received Import Request.
  Time since last request: 0.000027 seconds.
  path: Assets/Cartoon UI/White Icons/White Icons/White Icons 2/White Battery Full.png
  artifactKey: Guid(89f20c9800f82f947a11ee7815306665) Importer(2089858483,b0f066a214c2f5e87bad3c948f4d605d)
Start importing Assets/Cartoon UI/White Icons/White Icons/White Icons 2/White Battery Full.png using Guid(89f20c9800f82f947a11ee7815306665) Importer(2089858483,b0f066a214c2f5e87bad3c948f4d605d) (ScriptedImporter) -> (artifact id: 'cb24946272121595066bfbeb276247eb') in 0.0244116 seconds
Number of updated asset objects reloaded before import = 0Number of asset objects unloaded after import = 3

========================================================================
Received Import Request.
  Time since last request: 0.000017 seconds.
  path: Assets/Cartoon UI/White Icons/White Icons/White Icons 2/White Axe 2.png
  artifactKey: Guid(f1e502b4e1a8ae647a3c5007ceb93a45) Importer(2089858483,b0f066a214c2f5e87bad3c948f4d605d)
Start importing Assets/Cartoon UI/White Icons/White Icons/White Icons 2/White Axe 2.png using Guid(f1e502b4e1a8ae647a3c5007ceb93a45) Importer(2089858483,b0f066a214c2f5e87bad3c948f4d605d) (ScriptedImporter) -> (artifact id: '46d6e0b488c5347175a453e49fe0f1da') in 0.0194834 seconds
Number of updated asset objects reloaded before import = 0Number of asset objects unloaded after import = 3

========================================================================
Received Import Request.
  Time since last request: 0.000017 seconds.
  path: Assets/Cartoon UI/White Icons/White Icons/White Icons 2/White Backward 2.png
  artifactKey: Guid(df98cae37b01d0641900552438ff7b56) Importer(2089858483,b0f066a214c2f5e87bad3c948f4d605d)
Start importing Assets/Cartoon UI/White Icons/White Icons/White Icons 2/White Backward 2.png using Guid(df98cae37b01d0641900552438ff7b56) Importer(2089858483,b0f066a214c2f5e87bad3c948f4d605d) (ScriptedImporter) -> (artifact id: '5109b68470b52e33fd4209bd5ad81e99') in 0.0186614 seconds
Number of updated asset objects reloaded before import = 0Number of asset objects unloaded after import = 3

========================================================================
Received Import Request.
  Time since last request: 0.000019 seconds.
  path: Assets/Cartoon UI/White Icons/White Icons/White Icons 2/White Boots 1.png
  artifactKey: Guid(d3b018699f70dd74e878926492521dd6) Importer(2089858483,b0f066a214c2f5e87bad3c948f4d605d)
Start importing Assets/Cartoon UI/White Icons/White Icons/White Icons 2/White Boots 1.png using Guid(d3b018699f70dd74e878926492521dd6) Importer(2089858483,b0f066a214c2f5e87bad3c948f4d605d) (ScriptedImporter) -> (artifact id: '5b801905230df6fc38329149c434a509') in 0.0142325 seconds
Number of updated asset objects reloaded before import = 0Number of asset objects unloaded after import = 3

========================================================================
Received Import Request.
  Time since last request: 0.000036 seconds.
  path: Assets/Cartoon UI/White Icons/White Icons/White Icons 2/White Bug.png
  artifactKey: Guid(08b7ced51afa97243a0c1b7c41cfd9ed) Importer(2089858483,b0f066a214c2f5e87bad3c948f4d605d)
Start importing Assets/Cartoon UI/White Icons/White Icons/White Icons 2/White Bug.png using Guid(08b7ced51afa97243a0c1b7c41cfd9ed) Importer(2089858483,b0f066a214c2f5e87bad3c948f4d605d) (ScriptedImporter) -> (artifact id: '1619d3920088a4ce9914c44046e2e6e3') in 0.0188358 seconds
Number of updated asset objects reloaded before import = 0Number of asset objects unloaded after import = 3

========================================================================
Received Import Request.
  Time since last request: 0.000021 seconds.
  path: Assets/Cartoon UI/White Icons/White Icons/White Icons 2/White Book 2.png
  artifactKey: Guid(c496f9c05e87d6b40bd2a80a3756d480) Importer(2089858483,b0f066a214c2f5e87bad3c948f4d605d)
Start importing Assets/Cartoon UI/White Icons/White Icons/White Icons 2/White Book 2.png using Guid(c496f9c05e87d6b40bd2a80a3756d480) Importer(2089858483,b0f066a214c2f5e87bad3c948f4d605d) (ScriptedImporter) -> (artifact id: '4a1af0bffc033cd393b82fb87cd0340b') in 0.0198463 seconds
Number of updated asset objects reloaded before import = 0Number of asset objects unloaded after import = 3

========================================================================
Received Import Request.
  Time since last request: 0.000022 seconds.
  path: Assets/Cartoon UI/White Icons/White Icons/White Icons 2/White Blade 1.png
  artifactKey: Guid(23da5b8db2664004eaee033f590b509c) Importer(2089858483,b0f066a214c2f5e87bad3c948f4d605d)
Start importing Assets/Cartoon UI/White Icons/White Icons/White Icons 2/White Blade 1.png using Guid(23da5b8db2664004eaee033f590b509c) Importer(2089858483,b0f066a214c2f5e87bad3c948f4d605d) (ScriptedImporter) -> (artifact id: 'cd050c08e0b63249a4382ce575949d1d') in 0.0207808 seconds
Number of updated asset objects reloaded before import = 0Number of asset objects unloaded after import = 3

========================================================================
Received Import Request.
  Time since last request: 0.000022 seconds.
  path: Assets/Cartoon UI/White Icons/White Icons/White Icons 2/White Bluetooth.png
  artifactKey: Guid(ac391a77560816746a2fdcae797a1a48) Importer(2089858483,b0f066a214c2f5e87bad3c948f4d605d)
Start importing Assets/Cartoon UI/White Icons/White Icons/White Icons 2/White Bluetooth.png using Guid(ac391a77560816746a2fdcae797a1a48) Importer(2089858483,b0f066a214c2f5e87bad3c948f4d605d) (ScriptedImporter) -> (artifact id: 'e84849694d501f0a8a015776a3f39d92') in 0.0184144 seconds
Number of updated asset objects reloaded before import = 0Number of asset objects unloaded after import = 3

========================================================================
Received Import Request.
  Time since last request: 0.000031 seconds.
  path: Assets/Cartoon UI/White Icons/White Icons/White Icons 2/White Blade 3.png
  artifactKey: Guid(bca29ded78ee33947b24ee011dd26c44) Importer(2089858483,b0f066a214c2f5e87bad3c948f4d605d)
Start importing Assets/Cartoon UI/White Icons/White Icons/White Icons 2/White Blade 3.png using Guid(bca29ded78ee33947b24ee011dd26c44) Importer(2089858483,b0f066a214c2f5e87bad3c948f4d605d) (ScriptedImporter) -> (artifact id: 'eba2bde34059f56d06f1f178cc2ee2ba') in 0.0191893 seconds
Number of updated asset objects reloaded before import = 0Number of asset objects unloaded after import = 3

========================================================================
Received Import Request.
  Time since last request: 0.000033 seconds.
  path: Assets/Cartoon UI/White Icons/White Icons/White Icons 2/White Bow.png
  artifactKey: Guid(7e7c19863ff0b99418f48af14a768791) Importer(2089858483,b0f066a214c2f5e87bad3c948f4d605d)
Start importing Assets/Cartoon UI/White Icons/White Icons/White Icons 2/White Bow.png using Guid(7e7c19863ff0b99418f48af14a768791) Importer(2089858483,b0f066a214c2f5e87bad3c948f4d605d) (ScriptedImporter) -> (artifact id: 'd83702ee0cb4b2252509a4a214f40e51') in 0.0231511 seconds
Number of updated asset objects reloaded before import = 0Number of asset objects unloaded after import = 3

========================================================================
Received Import Request.
  Time since last request: 0.000022 seconds.
  path: Assets/Cartoon UI/White Icons/White Icons/White Icons 2/White Chat 2.png
  artifactKey: Guid(fcbd07d1fd95d5c4cb8e7909e48bb231) Importer(2089858483,b0f066a214c2f5e87bad3c948f4d605d)
Start importing Assets/Cartoon UI/White Icons/White Icons/White Icons 2/White Chat 2.png using Guid(fcbd07d1fd95d5c4cb8e7909e48bb231) Importer(2089858483,b0f066a214c2f5e87bad3c948f4d605d) (ScriptedImporter) -> (artifact id: '6573a9c8c3edc994205521c9f603ddc2') in 0.0204703 seconds
Number of updated asset objects reloaded before import = 0Number of asset objects unloaded after import = 3

========================================================================
Received Import Request.
  Time since last request: 0.000022 seconds.
  path: Assets/Cartoon UI/White Icons/White Icons/White Icons 2/White Clock.png
  artifactKey: Guid(7423b7cb71ff6c342923e7b2e75b8ec4) Importer(2089858483,b0f066a214c2f5e87bad3c948f4d605d)
Start importing Assets/Cartoon UI/White Icons/White Icons/White Icons 2/White Clock.png using Guid(7423b7cb71ff6c342923e7b2e75b8ec4) Importer(2089858483,b0f066a214c2f5e87bad3c948f4d605d) (ScriptedImporter) -> (artifact id: '3f465acaa5bd38a38271efd6552e5bad') in 0.0248755 seconds
Number of updated asset objects reloaded before import = 0Number of asset objects unloaded after import = 3

========================================================================
Received Import Request.
  Time since last request: 0.000024 seconds.
  path: Assets/Cartoon UI/White Icons/White Icons/White Icons 2/White Chest.png
  artifactKey: Guid(1401a2eb28bc0b244ab7bc239e716a1c) Importer(2089858483,b0f066a214c2f5e87bad3c948f4d605d)
Start importing Assets/Cartoon UI/White Icons/White Icons/White Icons 2/White Chest.png using Guid(1401a2eb28bc0b244ab7bc239e716a1c) Importer(2089858483,b0f066a214c2f5e87bad3c948f4d605d) (ScriptedImporter) -> (artifact id: '60539fe1caac82fb1feba2dc80ddb350') in 0.0216649 seconds
Number of updated asset objects reloaded before import = 0Number of asset objects unloaded after import = 3

========================================================================
Received Import Request.
  Time since last request: 0.000027 seconds.
  path: Assets/Cartoon UI/White Icons/White Icons/White Icons 2/White Close 2.png
  artifactKey: Guid(7d5c87eea5bbd004ab5bea17580c0ef3) Importer(2089858483,b0f066a214c2f5e87bad3c948f4d605d)
Start importing Assets/Cartoon UI/White Icons/White Icons/White Icons 2/White Close 2.png using Guid(7d5c87eea5bbd004ab5bea17580c0ef3) Importer(2089858483,b0f066a214c2f5e87bad3c948f4d605d) (ScriptedImporter) -> (artifact id: 'd52165e65b495bad6f84af263fa7a67a') in 0.0255432 seconds
Number of updated asset objects reloaded before import = 0Number of asset objects unloaded after import = 3

========================================================================
Received Import Request.
  Time since last request: 0.000021 seconds.
  path: Assets/Cartoon UI/White Icons/White Icons/White Icons 2/White Clip 2.png
  artifactKey: Guid(c325685ff0ca56c498418ff2e232f377) Importer(2089858483,b0f066a214c2f5e87bad3c948f4d605d)
Start importing Assets/Cartoon UI/White Icons/White Icons/White Icons 2/White Clip 2.png using Guid(c325685ff0ca56c498418ff2e232f377) Importer(2089858483,b0f066a214c2f5e87bad3c948f4d605d) (ScriptedImporter) -> (artifact id: '78bb4f95fcabd48d9c7c2bc9fb182230') in 0.0257093 seconds
Number of updated asset objects reloaded before import = 0Number of asset objects unloaded after import = 3

========================================================================
Received Import Request.
  Time since last request: 0.000020 seconds.
  path: Assets/Cartoon UI/White Icons/White Icons/White Icons 2/White Choices.png
  artifactKey: Guid(f5403d28228b4324a91d727489bda64e) Importer(2089858483,b0f066a214c2f5e87bad3c948f4d605d)
Start importing Assets/Cartoon UI/White Icons/White Icons/White Icons 2/White Choices.png using Guid(f5403d28228b4324a91d727489bda64e) Importer(2089858483,b0f066a214c2f5e87bad3c948f4d605d) (ScriptedImporter) -> (artifact id: '68548b256feab839ec99fb30f462f816') in 0.0215577 seconds
Number of updated asset objects reloaded before import = 0Number of asset objects unloaded after import = 3

========================================================================
Received Import Request.
  Time since last request: 0.000028 seconds.
  path: Assets/Cartoon UI/White Icons/White Icons/White Icons 2/White Dice.png
  artifactKey: Guid(905af93b1487b61439d6f0d63309a00c) Importer(2089858483,b0f066a214c2f5e87bad3c948f4d605d)
Start importing Assets/Cartoon UI/White Icons/White Icons/White Icons 2/White Dice.png using Guid(905af93b1487b61439d6f0d63309a00c) Importer(2089858483,b0f066a214c2f5e87bad3c948f4d605d) (ScriptedImporter) -> (artifact id: 'd2b743449da585b59266038a48afe1a0') in 0.0248114 seconds
Number of updated asset objects reloaded before import = 0Number of asset objects unloaded after import = 3

========================================================================
Received Import Request.
  Time since last request: 0.000019 seconds.
  path: Assets/Cartoon UI/White Icons/White Icons/White Icons 2/White Cart.png
  artifactKey: Guid(defac47a98ed2d645b7f972e0668f2e2) Importer(2089858483,b0f066a214c2f5e87bad3c948f4d605d)
Start importing Assets/Cartoon UI/White Icons/White Icons/White Icons 2/White Cart.png using Guid(defac47a98ed2d645b7f972e0668f2e2) Importer(2089858483,b0f066a214c2f5e87bad3c948f4d605d) (ScriptedImporter) -> (artifact id: '448f870071eeb30916979e0bacd7e78c') in 0.0247642 seconds
Number of updated asset objects reloaded before import = 0Number of asset objects unloaded after import = 3

========================================================================
Received Import Request.
  Time since last request: 0.000039 seconds.
  path: Assets/Cartoon UI/White Icons/White Icons/White Icons 1/Check.png
  artifactKey: Guid(7c17177dfb8936648a479c1f5f7f2d7e) Importer(2089858483,b0f066a214c2f5e87bad3c948f4d605d)
Start importing Assets/Cartoon UI/White Icons/White Icons/White Icons 1/Check.png using Guid(7c17177dfb8936648a479c1f5f7f2d7e) Importer(2089858483,b0f066a214c2f5e87bad3c948f4d605d) (ScriptedImporter) -> (artifact id: '6912406342d611484fbffa387934a2cb') in 0.0238795 seconds
Number of updated asset objects reloaded before import = 0Number of asset objects unloaded after import = 3

========================================================================
Received Import Request.
  Time since last request: 0.000035 seconds.
  path: Assets/Cartoon UI/Customizable/Sprites/Handle Inner.png
  artifactKey: Guid(563c96fd138b96840af82ca5c23978df) Importer(2089858483,b0f066a214c2f5e87bad3c948f4d605d)
Start importing Assets/Cartoon UI/Customizable/Sprites/Handle Inner.png using Guid(563c96fd138b96840af82ca5c23978df) Importer(2089858483,b0f066a214c2f5e87bad3c948f4d605d) (ScriptedImporter) -> (artifact id: 'cdd0645ea326dd881dd806845126a417') in 0.0251645 seconds
Number of updated asset objects reloaded before import = 0Number of asset objects unloaded after import = 3

========================================================================
Received Import Request.
  Time since last request: 0.000046 seconds.
  path: Assets/Cartoon UI/White Icons/White Icons/White Icons 2/White Connected Symbol.png
  artifactKey: Guid(01b294c0e2375c042bea5a012f05d316) Importer(2089858483,b0f066a214c2f5e87bad3c948f4d605d)
Start importing Assets/Cartoon UI/White Icons/White Icons/White Icons 2/White Connected Symbol.png using Guid(01b294c0e2375c042bea5a012f05d316) Importer(2089858483,b0f066a214c2f5e87bad3c948f4d605d) (ScriptedImporter) -> (artifact id: '01daefd8c89cea01c48ad7dacded6e87') in 0.0204172 seconds
Number of updated asset objects reloaded before import = 0Number of asset objects unloaded after import = 3

========================================================================
Received Import Request.
  Time since last request: 0.000029 seconds.
  path: Assets/Cartoon UI/White Icons/White Icons/White Icons 2/White Cloud 2.png
  artifactKey: Guid(6411613a36311a849a894e8ed926bd5e) Importer(2089858483,b0f066a214c2f5e87bad3c948f4d605d)
Start importing Assets/Cartoon UI/White Icons/White Icons/White Icons 2/White Cloud 2.png using Guid(6411613a36311a849a894e8ed926bd5e) Importer(2089858483,b0f066a214c2f5e87bad3c948f4d605d) (ScriptedImporter) -> (artifact id: '0462f693e8694202648828f4c3316738') in 0.0264737 seconds
Number of updated asset objects reloaded before import = 0Number of asset objects unloaded after import = 3

========================================================================
Received Import Request.
  Time since last request: 0.000018 seconds.
  path: Assets/Cartoon UI/White Icons/White Icons/White Icons 2/White Female.png
  artifactKey: Guid(ce972b32c089d614aa680eebf1d00b77) Importer(2089858483,b0f066a214c2f5e87bad3c948f4d605d)
Start importing Assets/Cartoon UI/White Icons/White Icons/White Icons 2/White Female.png using Guid(ce972b32c089d614aa680eebf1d00b77) Importer(2089858483,b0f066a214c2f5e87bad3c948f4d605d) (ScriptedImporter) -> (artifact id: 'b75c1817b39cf2be0ae8ecf4ddb3d897') in 0.03928 seconds
Number of updated asset objects reloaded before import = 0Number of asset objects unloaded after import = 3

========================================================================
Received Import Request.
  Time since last request: 0.000051 seconds.
  path: Assets/Cartoon UI/White Icons/White Icons/White Icons 2/White Fire.png
  artifactKey: Guid(365b2e201bbc618419c80cffaec8f0fe) Importer(2089858483,b0f066a214c2f5e87bad3c948f4d605d)
Start importing Assets/Cartoon UI/White Icons/White Icons/White Icons 2/White Fire.png using Guid(365b2e201bbc618419c80cffaec8f0fe) Importer(2089858483,b0f066a214c2f5e87bad3c948f4d605d) (ScriptedImporter) -> (artifact id: '4e88f64a82c1f2af49c402dfb6e3305f') in 0.0285716 seconds
Number of updated asset objects reloaded before import = 0Number of asset objects unloaded after import = 3

========================================================================
Received Import Request.
  Time since last request: 0.000036 seconds.
  path: Assets/Cartoon UI/White Icons/White Icons/White Icons 2/White Euro.png
  artifactKey: Guid(0b2349f5be355714c8257413f09947ac) Importer(2089858483,b0f066a214c2f5e87bad3c948f4d605d)
Start importing Assets/Cartoon UI/White Icons/White Icons/White Icons 2/White Euro.png using Guid(0b2349f5be355714c8257413f09947ac) Importer(2089858483,b0f066a214c2f5e87bad3c948f4d605d) (ScriptedImporter) -> (artifact id: '19426e81797bcc81f368d399864378eb') in 0.021847 seconds
Number of updated asset objects reloaded before import = 0Number of asset objects unloaded after import = 3

========================================================================
Received Import Request.
  Time since last request: 0.000041 seconds.
  path: Assets/Cartoon UI/White Icons/White Icons/White Icons 2/White Disc.png
  artifactKey: Guid(63e9cd78d25bd724aab1da70b5956bc0) Importer(2089858483,b0f066a214c2f5e87bad3c948f4d605d)
Start importing Assets/Cartoon UI/White Icons/White Icons/White Icons 2/White Disc.png using Guid(63e9cd78d25bd724aab1da70b5956bc0) Importer(2089858483,b0f066a214c2f5e87bad3c948f4d605d) (ScriptedImporter) -> (artifact id: 'c0c4af4c5e10ebf55016de4a69ed1edf') in 0.0270777 seconds
Number of updated asset objects reloaded before import = 0Number of asset objects unloaded after import = 3

========================================================================
Received Import Request.
  Time since last request: 0.000050 seconds.
  path: Assets/Cartoon UI/White Icons/White Icons/White Icons 2/White Explosion 2.png
  artifactKey: Guid(c8d7b8a75c1978f46b508463920c0ec2) Importer(2089858483,b0f066a214c2f5e87bad3c948f4d605d)
Start importing Assets/Cartoon UI/White Icons/White Icons/White Icons 2/White Explosion 2.png using Guid(c8d7b8a75c1978f46b508463920c0ec2) Importer(2089858483,b0f066a214c2f5e87bad3c948f4d605d) (ScriptedImporter) -> (artifact id: '1c7fbcefe129e50a8571d8804d6b1e0e') in 0.0356378 seconds
Number of updated asset objects reloaded before import = 0Number of asset objects unloaded after import = 3

========================================================================
Received Import Request.
  Time since last request: 0.000043 seconds.
  path: Assets/Cartoon UI/White Icons/White Icons/White Icons 2/White Forward 2.png
  artifactKey: Guid(05809e0c803191447bf94b0e237c8c43) Importer(2089858483,b0f066a214c2f5e87bad3c948f4d605d)
Start importing Assets/Cartoon UI/White Icons/White Icons/White Icons 2/White Forward 2.png using Guid(05809e0c803191447bf94b0e237c8c43) Importer(2089858483,b0f066a214c2f5e87bad3c948f4d605d) (ScriptedImporter) -> (artifact id: '5af8eefdedf33c680b5814dd276be633') in 0.0243084 seconds
Number of updated asset objects reloaded before import = 0Number of asset objects unloaded after import = 3

========================================================================
Received Import Request.
  Time since last request: 0.000027 seconds.
  path: Assets/Cartoon UI/White Icons/White Icons/White Icons 2/White Flag.png
  artifactKey: Guid(e514a51047c531242b3b404bcd28e708) Importer(2089858483,b0f066a214c2f5e87bad3c948f4d605d)
Start importing Assets/Cartoon UI/White Icons/White Icons/White Icons 2/White Flag.png using Guid(e514a51047c531242b3b404bcd28e708) Importer(2089858483,b0f066a214c2f5e87bad3c948f4d605d) (ScriptedImporter) -> (artifact id: '36a0bb9d00f7a209ea2e3ff3fe272de3') in 0.1115851 seconds
Number of updated asset objects reloaded before import = 0Number of asset objects unloaded after import = 3

========================================================================
Received Import Request.
  Time since last request: 0.000580 seconds.
  path: Assets/Cartoon UI/White Icons/White Icons/White Icons 2/White Forward.png
  artifactKey: Guid(5979910976eec6f47875483aba9d93d4) Importer(2089858483,b0f066a214c2f5e87bad3c948f4d605d)
Start importing Assets/Cartoon UI/White Icons/White Icons/White Icons 2/White Forward.png using Guid(5979910976eec6f47875483aba9d93d4) Importer(2089858483,b0f066a214c2f5e87bad3c948f4d605d) (ScriptedImporter) -> (artifact id: '6d46c79682f6bdaff68f4150293c80ed') in 0.035523 seconds
Number of updated asset objects reloaded before import = 0Number of asset objects unloaded after import = 3

========================================================================
Received Import Request.
  Time since last request: 0.000036 seconds.
  path: Assets/Cartoon UI/White Icons/White Icons/White Icons 2/White Hamer.png
  artifactKey: Guid(14ca4b81d7d2b2a42a890d2900286427) Importer(2089858483,b0f066a214c2f5e87bad3c948f4d605d)
Start importing Assets/Cartoon UI/White Icons/White Icons/White Icons 2/White Hamer.png using Guid(14ca4b81d7d2b2a42a890d2900286427) Importer(2089858483,b0f066a214c2f5e87bad3c948f4d605d) (ScriptedImporter) -> (artifact id: '9b33b479c5d7467c84e3afa85ea2286e') in 0.0193871 seconds
Number of updated asset objects reloaded before import = 0Number of asset objects unloaded after import = 3

========================================================================
Received Import Request.
  Time since last request: 0.000028 seconds.
  path: Assets/Cartoon UI/White Icons/White Icons/White Icons 2/White Heart 2.png
  artifactKey: Guid(1fe004d315a16e541a3c60faa675ced8) Importer(2089858483,b0f066a214c2f5e87bad3c948f4d605d)
Start importing Assets/Cartoon UI/White Icons/White Icons/White Icons 2/White Heart 2.png using Guid(1fe004d315a16e541a3c60faa675ced8) Importer(2089858483,b0f066a214c2f5e87bad3c948f4d605d) (ScriptedImporter) -> (artifact id: '58f14648805d3c3c17deaed61bdd3822') in 0.0973385 seconds
Number of updated asset objects reloaded before import = 0Number of asset objects unloaded after import = 3

========================================================================
Received Import Request.
  Time since last request: 0.000039 seconds.
  path: Assets/Cartoon UI/White Icons/White Icons/White Icons 2/White Home.png
  artifactKey: Guid(4b8624929fac1144c94ab0d273148fa4) Importer(2089858483,b0f066a214c2f5e87bad3c948f4d605d)
Start importing Assets/Cartoon UI/White Icons/White Icons/White Icons 2/White Home.png using Guid(4b8624929fac1144c94ab0d273148fa4) Importer(2089858483,b0f066a214c2f5e87bad3c948f4d605d) (ScriptedImporter) -> (artifact id: '66556a22fca89a27a3aa46e718de5400') in 0.0210791 seconds
Number of updated asset objects reloaded before import = 0Number of asset objects unloaded after import = 3

========================================================================
Received Import Request.
  Time since last request: 0.000036 seconds.
  path: Assets/Cartoon UI/White Icons/White Icons/White Icons 2/White Helmet 2.png
  artifactKey: Guid(9b9c6ff5f6466e042940b288b6deb999) Importer(2089858483,b0f066a214c2f5e87bad3c948f4d605d)
Start importing Assets/Cartoon UI/White Icons/White Icons/White Icons 2/White Helmet 2.png using Guid(9b9c6ff5f6466e042940b288b6deb999) Importer(2089858483,b0f066a214c2f5e87bad3c948f4d605d) (ScriptedImporter) -> (artifact id: 'b20c1848faef005d9394a0279d810e90') in 0.0210546 seconds
Number of updated asset objects reloaded before import = 0Number of asset objects unloaded after import = 3

========================================================================
Received Import Request.
  Time since last request: 0.000038 seconds.
  path: Assets/Cartoon UI/White Icons/White Icons/White Icons 2/White Heart 1.png
  artifactKey: Guid(51c7a87473f7bb64988df485ba4756ba) Importer(2089858483,b0f066a214c2f5e87bad3c948f4d605d)
Start importing Assets/Cartoon UI/White Icons/White Icons/White Icons 2/White Heart 1.png using Guid(51c7a87473f7bb64988df485ba4756ba) Importer(2089858483,b0f066a214c2f5e87bad3c948f4d605d) (ScriptedImporter) -> (artifact id: '35081f2bd821fae89a00a5ac069bad3e') in 0.0242033 seconds
Number of updated asset objects reloaded before import = 0Number of asset objects unloaded after import = 3

========================================================================
Received Import Request.
  Time since last request: 0.000033 seconds.
  path: Assets/Cartoon UI/White Icons/White Icons/White Icons 2/White Compass.png
  artifactKey: Guid(9d48ce81bb053aa4c8d53db0f1b2b02c) Importer(2089858483,b0f066a214c2f5e87bad3c948f4d605d)
Start importing Assets/Cartoon UI/White Icons/White Icons/White Icons 2/White Compass.png using Guid(9d48ce81bb053aa4c8d53db0f1b2b02c) Importer(2089858483,b0f066a214c2f5e87bad3c948f4d605d) (ScriptedImporter) -> (artifact id: '0661997cd8eacf4fa6f49ee8ab007e47') in 0.0262962 seconds
Number of updated asset objects reloaded before import = 0Number of asset objects unloaded after import = 3

========================================================================
Received Import Request.
  Time since last request: 0.000101 seconds.
  path: Assets/Cartoon UI/White Icons/White Icons/White Icons 2/White Controls.png
  artifactKey: Guid(3b0b3359c6a0b384699879a126295ded) Importer(2089858483,b0f066a214c2f5e87bad3c948f4d605d)
Start importing Assets/Cartoon UI/White Icons/White Icons/White Icons 2/White Controls.png using Guid(3b0b3359c6a0b384699879a126295ded) Importer(2089858483,b0f066a214c2f5e87bad3c948f4d605d) (ScriptedImporter) -> (artifact id: '02355a9b533d69e83110fe7631324890') in 0.0284432 seconds
Number of updated asset objects reloaded before import = 0Number of asset objects unloaded after import = 3

========================================================================
Received Import Request.
  Time since last request: 0.000038 seconds.
  path: Assets/Cartoon UI/White Icons/White Icons/White Icons 2/White Left.png
  artifactKey: Guid(3a79bd935ab023842825ffc88f00bbe0) Importer(2089858483,b0f066a214c2f5e87bad3c948f4d605d)
Start importing Assets/Cartoon UI/White Icons/White Icons/White Icons 2/White Left.png using Guid(3a79bd935ab023842825ffc88f00bbe0) Importer(2089858483,b0f066a214c2f5e87bad3c948f4d605d) (ScriptedImporter) -> (artifact id: '29d15fef89883b4a541cd2ba221d3ff9') in 0.0262723 seconds
Number of updated asset objects reloaded before import = 0Number of asset objects unloaded after import = 3

========================================================================
Received Import Request.
  Time since last request: 0.000026 seconds.
  path: Assets/Cartoon UI/White Icons/White Icons/White Icons 2/White Level 1.png
  artifactKey: Guid(3f9f2e558f2691744b32c8182f9a1705) Importer(2089858483,b0f066a214c2f5e87bad3c948f4d605d)
Start importing Assets/Cartoon UI/White Icons/White Icons/White Icons 2/White Level 1.png using Guid(3f9f2e558f2691744b32c8182f9a1705) Importer(2089858483,b0f066a214c2f5e87bad3c948f4d605d) (ScriptedImporter) -> (artifact id: 'bf3feb5ecaa30b9b5cf98e7407ac2ceb') in 0.0183897 seconds
Number of updated asset objects reloaded before import = 0Number of asset objects unloaded after import = 3

========================================================================
Received Import Request.
  Time since last request: 0.000045 seconds.
  path: Assets/Cartoon UI/White Icons/White Icons/White Icons 2/White Knight.png
  artifactKey: Guid(74a6b9b34b88a5d479193d7c2071344b) Importer(2089858483,b0f066a214c2f5e87bad3c948f4d605d)
Start importing Assets/Cartoon UI/White Icons/White Icons/White Icons 2/White Knight.png using Guid(74a6b9b34b88a5d479193d7c2071344b) Importer(2089858483,b0f066a214c2f5e87bad3c948f4d605d) (ScriptedImporter) -> (artifact id: '689d30e24c7a51f843af65b36531fdbd') in 0.0453808 seconds
Number of updated asset objects reloaded before import = 0Number of asset objects unloaded after import = 3

========================================================================
Received Import Request.
  Time since last request: 0.000022 seconds.
  path: Assets/Cartoon UI/White Icons/White Icons/White Icons 2/White Crown 2.png
  artifactKey: Guid(aebdea690c5e95b448c51fde6e20b088) Importer(2089858483,b0f066a214c2f5e87bad3c948f4d605d)
Start importing Assets/Cartoon UI/White Icons/White Icons/White Icons 2/White Crown 2.png using Guid(aebdea690c5e95b448c51fde6e20b088) Importer(2089858483,b0f066a214c2f5e87bad3c948f4d605d) (ScriptedImporter) -> (artifact id: '73dfa237b198c973f6bd489bc3d34b39') in 0.023907 seconds
Number of updated asset objects reloaded before import = 0Number of asset objects unloaded after import = 3

========================================================================
Received Import Request.
  Time since last request: 0.000065 seconds.
  path: Assets/Cartoon UI/White Icons/White Icons/White Icons 2/White Mask.png
  artifactKey: Guid(be58cd132c43c1c4b92244466c5029ab) Importer(2089858483,b0f066a214c2f5e87bad3c948f4d605d)
Start importing Assets/Cartoon UI/White Icons/White Icons/White Icons 2/White Mask.png using Guid(be58cd132c43c1c4b92244466c5029ab) Importer(2089858483,b0f066a214c2f5e87bad3c948f4d605d) (ScriptedImporter) -> (artifact id: 'abe2b6f08ea02b9e34d0924e022a47d5') in 0.0761271 seconds
Number of updated asset objects reloaded before import = 0Number of asset objects unloaded after import = 3

========================================================================
Received Import Request.
  Time since last request: 0.000040 seconds.
  path: Assets/Cartoon UI/White Icons/White Icons/White Icons 2/White Media Folder.png
  artifactKey: Guid(a4cc6ec522d3b3742bc6d8bf3011c4fc) Importer(2089858483,b0f066a214c2f5e87bad3c948f4d605d)
Start importing Assets/Cartoon UI/White Icons/White Icons/White Icons 2/White Media Folder.png using Guid(a4cc6ec522d3b3742bc6d8bf3011c4fc) Importer(2089858483,b0f066a214c2f5e87bad3c948f4d605d) (ScriptedImporter) -> (artifact id: '84b940164e5fe4b8c4afd2a75f459ee6') in 0.0279585 seconds
Number of updated asset objects reloaded before import = 0Number of asset objects unloaded after import = 3

========================================================================
Received Import Request.
  Time since last request: 0.000038 seconds.
  path: Assets/Cartoon UI/White Icons/White Icons/White Icons 2/White Mace.png
  artifactKey: Guid(142b6ebd5b371e74786c0def2caefee2) Importer(2089858483,b0f066a214c2f5e87bad3c948f4d605d)
Start importing Assets/Cartoon UI/White Icons/White Icons/White Icons 2/White Mace.png using Guid(142b6ebd5b371e74786c0def2caefee2) Importer(2089858483,b0f066a214c2f5e87bad3c948f4d605d) (ScriptedImporter) -> (artifact id: '066ff9b90cf37384016ab4755bf56e0f') in 0.0587435 seconds
Number of updated asset objects reloaded before import = 0Number of asset objects unloaded after import = 3

========================================================================
Received Import Request.
  Time since last request: 0.000023 seconds.
  path: Assets/Cartoon UI/White Icons/White Icons/White Icons 2/White Message 2.png
  artifactKey: Guid(ce7160d09d5f2c748a27630e2e1a6749) Importer(2089858483,b0f066a214c2f5e87bad3c948f4d605d)
Start importing Assets/Cartoon UI/White Icons/White Icons/White Icons 2/White Message 2.png using Guid(ce7160d09d5f2c748a27630e2e1a6749) Importer(2089858483,b0f066a214c2f5e87bad3c948f4d605d) (ScriptedImporter) -> (artifact id: 'a9e0d6decb5f3b8c92de92e587d75491') in 0.03778 seconds
Number of updated asset objects reloaded before import = 0Number of asset objects unloaded after import = 3

========================================================================
Received Import Request.
  Time since last request: 0.000037 seconds.
  path: Assets/Cartoon UI/White Icons/White Icons/White Icons 2/White Map.png
  artifactKey: Guid(d53d3077bb624e74a86c34b29917b836) Importer(2089858483,b0f066a214c2f5e87bad3c948f4d605d)
Start importing Assets/Cartoon UI/White Icons/White Icons/White Icons 2/White Map.png using Guid(d53d3077bb624e74a86c34b29917b836) Importer(2089858483,b0f066a214c2f5e87bad3c948f4d605d) (ScriptedImporter) -> (artifact id: 'f80d18cd997ee1c34dad094456eb5994') in 0.04419 seconds
Number of updated asset objects reloaded before import = 0Number of asset objects unloaded after import = 3

========================================================================
Received Import Request.
  Time since last request: 0.000049 seconds.
  path: Assets/Cartoon UI/White Icons/White Icons/White Icons 2/White Lock.png
  artifactKey: Guid(e6f57edccec009a4bb9eda6a0af659fb) Importer(2089858483,b0f066a214c2f5e87bad3c948f4d605d)
Start importing Assets/Cartoon UI/White Icons/White Icons/White Icons 2/White Lock.png using Guid(e6f57edccec009a4bb9eda6a0af659fb) Importer(2089858483,b0f066a214c2f5e87bad3c948f4d605d) (ScriptedImporter) -> (artifact id: 'ef6bd777db3ff24f8a8f70b4da63a15c') in 0.0287771 seconds
Number of updated asset objects reloaded before import = 0Number of asset objects unloaded after import = 3

========================================================================
Received Import Request.
  Time since last request: 0.000023 seconds.
  path: Assets/Cartoon UI/White Icons/White Icons/White Icons 2/White Horse Shoe.png
  artifactKey: Guid(d5ec8ff70dea49c428e71c7d5d09e8d3) Importer(2089858483,b0f066a214c2f5e87bad3c948f4d605d)
Start importing Assets/Cartoon UI/White Icons/White Icons/White Icons 2/White Horse Shoe.png using Guid(d5ec8ff70dea49c428e71c7d5d09e8d3) Importer(2089858483,b0f066a214c2f5e87bad3c948f4d605d) (ScriptedImporter) -> (artifact id: 'afc529189bc0c1c8810a7655b7c450af') in 0.0309768 seconds
Number of updated asset objects reloaded before import = 0Number of asset objects unloaded after import = 3

========================================================================
Received Import Request.
  Time since last request: 0.000033 seconds.
  path: Assets/Cartoon UI/White Icons/White Icons/White Icons 2/White Music Note.png
  artifactKey: Guid(7b6307d472d8d3d4baba6d16be64c842) Importer(2089858483,b0f066a214c2f5e87bad3c948f4d605d)
Start importing Assets/Cartoon UI/White Icons/White Icons/White Icons 2/White Music Note.png using Guid(7b6307d472d8d3d4baba6d16be64c842) Importer(2089858483,b0f066a214c2f5e87bad3c948f4d605d) (ScriptedImporter) -> (artifact id: 'fae519ae0cb0b76216c33178e491ea07') in 0.0265478 seconds
Number of updated asset objects reloaded before import = 0Number of asset objects unloaded after import = 3

========================================================================
Received Import Request.
  Time since last request: 0.000018 seconds.
  path: Assets/Cartoon UI/White Icons/White Icons/White Icons 2/White Move UpDown.png
  artifactKey: Guid(a5d67d5180e34b24ca066e9ed6d91c57) Importer(2089858483,b0f066a214c2f5e87bad3c948f4d605d)
Start importing Assets/Cartoon UI/White Icons/White Icons/White Icons 2/White Move UpDown.png using Guid(a5d67d5180e34b24ca066e9ed6d91c57) Importer(2089858483,b0f066a214c2f5e87bad3c948f4d605d) (ScriptedImporter) -> (artifact id: '7d886f605588313022975703761c379a') in 0.0247499 seconds
Number of updated asset objects reloaded before import = 0Number of asset objects unloaded after import = 3

========================================================================
Received Import Request.
  Time since last request: 0.000017 seconds.
  path: Assets/Cartoon UI/White Icons/White Icons/White Icons 2/White Move Right.png
  artifactKey: Guid(6fe74146ee517f1459b00bd779d1e0a7) Importer(2089858483,b0f066a214c2f5e87bad3c948f4d605d)
Start importing Assets/Cartoon UI/White Icons/White Icons/White Icons 2/White Move Right.png using Guid(6fe74146ee517f1459b00bd779d1e0a7) Importer(2089858483,b0f066a214c2f5e87bad3c948f4d605d) (ScriptedImporter) -> (artifact id: '606f48d2622e1adc0905bbfd13ed2919') in 0.0221013 seconds
Number of updated asset objects reloaded before import = 0Number of asset objects unloaded after import = 3

========================================================================
Received Import Request.
  Time since last request: 0.000047 seconds.
  path: Assets/Cartoon UI/White Icons/White Icons/White Icons 2/White Minus.png
  artifactKey: Guid(1799644a2bb0be34a9945cd231677792) Importer(2089858483,b0f066a214c2f5e87bad3c948f4d605d)
Start importing Assets/Cartoon UI/White Icons/White Icons/White Icons 2/White Minus.png using Guid(1799644a2bb0be34a9945cd231677792) Importer(2089858483,b0f066a214c2f5e87bad3c948f4d605d) (ScriptedImporter) -> (artifact id: 'c9838d8f389d69fe0b1c089e756aeaef') in 0.0258984 seconds
Number of updated asset objects reloaded before import = 0Number of asset objects unloaded after import = 3

========================================================================
Received Import Request.
  Time since last request: 0.000039 seconds.
  path: Assets/Cartoon UI/White Icons/White Icons/White Icons 2/White Heart 3.png
  artifactKey: Guid(c00be39c7cba82c46bf65a3ae08c70c6) Importer(2089858483,b0f066a214c2f5e87bad3c948f4d605d)
Start importing Assets/Cartoon UI/White Icons/White Icons/White Icons 2/White Heart 3.png using Guid(c00be39c7cba82c46bf65a3ae08c70c6) Importer(2089858483,b0f066a214c2f5e87bad3c948f4d605d) (ScriptedImporter) -> (artifact id: '09c1007cabe2181ce3bbd451fe50fb31') in 0.0235305 seconds
Number of updated asset objects reloaded before import = 0Number of asset objects unloaded after import = 3

========================================================================
Received Import Request.
  Time since last request: 0.000036 seconds.
  path: Assets/Cartoon UI/White Icons/White Icons/White Icons 2/White Minus 2.png
  artifactKey: Guid(bdc95b07ffc73f843b1fb5b35666c079) Importer(2089858483,b0f066a214c2f5e87bad3c948f4d605d)
Start importing Assets/Cartoon UI/White Icons/White Icons/White Icons 2/White Minus 2.png using Guid(bdc95b07ffc73f843b1fb5b35666c079) Importer(2089858483,b0f066a214c2f5e87bad3c948f4d605d) (ScriptedImporter) -> (artifact id: '7cf7b3baed7318f544da8433ab6582de') in 0.0301162 seconds
Number of updated asset objects reloaded before import = 0Number of asset objects unloaded after import = 3

========================================================================
Received Import Request.
  Time since last request: 0.000025 seconds.
  path: Assets/Cartoon UI/White Icons/White Icons/White Icons 2/White Paws.png
  artifactKey: Guid(f4af74255aa692e4ea5d673e300825b1) Importer(2089858483,b0f066a214c2f5e87bad3c948f4d605d)
Start importing Assets/Cartoon UI/White Icons/White Icons/White Icons 2/White Paws.png using Guid(f4af74255aa692e4ea5d673e300825b1) Importer(2089858483,b0f066a214c2f5e87bad3c948f4d605d) (ScriptedImporter) -> (artifact id: 'b4c354be2ab7c72c157d9ea939c30e1d') in 0.0307589 seconds
Number of updated asset objects reloaded before import = 0Number of asset objects unloaded after import = 3

========================================================================
Received Import Request.
  Time since last request: 0.000034 seconds.
  path: Assets/Cartoon UI/White Icons/White Icons/White Icons 2/White Phone.png
  artifactKey: Guid(a5e242edc1595274a960aaf9889de91e) Importer(2089858483,b0f066a214c2f5e87bad3c948f4d605d)
Start importing Assets/Cartoon UI/White Icons/White Icons/White Icons 2/White Phone.png using Guid(a5e242edc1595274a960aaf9889de91e) Importer(2089858483,b0f066a214c2f5e87bad3c948f4d605d) (ScriptedImporter) -> (artifact id: '68c74b5640ffbdb5769542cbafc52d55') in 0.0322598 seconds
Number of updated asset objects reloaded before import = 0Number of asset objects unloaded after import = 3

========================================================================
Received Import Request.
  Time since last request: 0.000040 seconds.
  path: Assets/Cartoon UI/White Icons/White Icons/White Icons 2/White Picture.png
  artifactKey: Guid(80f589a2dbcef6045b322ba71d1cdda6) Importer(2089858483,b0f066a214c2f5e87bad3c948f4d605d)
Start importing Assets/Cartoon UI/White Icons/White Icons/White Icons 2/White Picture.png using Guid(80f589a2dbcef6045b322ba71d1cdda6) Importer(2089858483,b0f066a214c2f5e87bad3c948f4d605d) (ScriptedImporter) -> (artifact id: 'ff8a31a80d42a74fa409b49863f66ec9') in 0.0305636 seconds
Number of updated asset objects reloaded before import = 0Number of asset objects unloaded after import = 3

========================================================================
Received Import Request.
  Time since last request: 0.000035 seconds.
  path: Assets/Cartoon UI/White Icons/White Icons/White Icons 2/White Pen.png
  artifactKey: Guid(ad5b8820ee9698d4392b3befd23d11b6) Importer(2089858483,b0f066a214c2f5e87bad3c948f4d605d)
Start importing Assets/Cartoon UI/White Icons/White Icons/White Icons 2/White Pen.png using Guid(ad5b8820ee9698d4392b3befd23d11b6) Importer(2089858483,b0f066a214c2f5e87bad3c948f4d605d) (ScriptedImporter) -> (artifact id: '2c17711414ae6e7ddb58c9d89cf07de0') in 0.0353085 seconds
Number of updated asset objects reloaded before import = 0Number of asset objects unloaded after import = 3

========================================================================
Received Import Request.
  Time since last request: 0.000022 seconds.
  path: Assets/Cartoon UI/White Icons/White Icons/White Icons 2/White Mountains.png
  artifactKey: Guid(2f1f013d02133ca489c1fa0364a7165d) Importer(2089858483,b0f066a214c2f5e87bad3c948f4d605d)
Start importing Assets/Cartoon UI/White Icons/White Icons/White Icons 2/White Mountains.png using Guid(2f1f013d02133ca489c1fa0364a7165d) Importer(2089858483,b0f066a214c2f5e87bad3c948f4d605d) (ScriptedImporter) -> (artifact id: 'c62dd0dffe3520f73316b65d8de8aed3') in 0.0263658 seconds
Number of updated asset objects reloaded before import = 0Number of asset objects unloaded after import = 3

========================================================================
Received Import Request.
  Time since last request: 0.000036 seconds.
  path: Assets/Cartoon UI/White Icons/White Icons/White Icons 2/White Plus.png
  artifactKey: Guid(9610920fd80f6e148a68bce92deb4f9c) Importer(2089858483,b0f066a214c2f5e87bad3c948f4d605d)
Start importing Assets/Cartoon UI/White Icons/White Icons/White Icons 2/White Plus.png using Guid(9610920fd80f6e148a68bce92deb4f9c) Importer(2089858483,b0f066a214c2f5e87bad3c948f4d605d) (ScriptedImporter) -> (artifact id: '0f0e39f5ba9332da75054780f821c1e3') in 0.0421661 seconds
Number of updated asset objects reloaded before import = 0Number of asset objects unloaded after import = 3

========================================================================
Received Import Request.
  Time since last request: 0.000032 seconds.
  path: Assets/Cartoon UI/White Icons/White Icons/White Icons 2/White Pound Sign.png
  artifactKey: Guid(11113f3ca9b0cbd41abc2d46480b871c) Importer(2089858483,b0f066a214c2f5e87bad3c948f4d605d)
Start importing Assets/Cartoon UI/White Icons/White Icons/White Icons 2/White Pound Sign.png using Guid(11113f3ca9b0cbd41abc2d46480b871c) Importer(2089858483,b0f066a214c2f5e87bad3c948f4d605d) (ScriptedImporter) -> (artifact id: 'c2e0f785a4f74a3d0fec604d907ea3e7') in 0.033671 seconds
Number of updated asset objects reloaded before import = 0Number of asset objects unloaded after import = 3

========================================================================
Received Import Request.
  Time since last request: 0.000024 seconds.
  path: Assets/Cartoon UI/White Icons/White Icons/White Icons 2/White Plus 2.png
  artifactKey: Guid(4879e0207f43b7944b31443181cae4aa) Importer(2089858483,b0f066a214c2f5e87bad3c948f4d605d)
Start importing Assets/Cartoon UI/White Icons/White Icons/White Icons 2/White Plus 2.png using Guid(4879e0207f43b7944b31443181cae4aa) Importer(2089858483,b0f066a214c2f5e87bad3c948f4d605d) (ScriptedImporter) -> (artifact id: 'f33251402e98991781329a77b966d800') in 0.0289476 seconds
Number of updated asset objects reloaded before import = 0Number of asset objects unloaded after import = 3

========================================================================
Received Import Request.
  Time since last request: 0.000037 seconds.
  path: Assets/Cartoon UI/White Icons/White Icons/White Icons 2/White Plane.png
  artifactKey: Guid(f251f48ff85688040bcbc57bfc6c1776) Importer(2089858483,b0f066a214c2f5e87bad3c948f4d605d)
Start importing Assets/Cartoon UI/White Icons/White Icons/White Icons 2/White Plane.png using Guid(f251f48ff85688040bcbc57bfc6c1776) Importer(2089858483,b0f066a214c2f5e87bad3c948f4d605d) (ScriptedImporter) -> (artifact id: 'fc126d69c1562c03c4a4f8f752780a2d') in 0.0232937 seconds
Number of updated asset objects reloaded before import = 0Number of asset objects unloaded after import = 3

========================================================================
Received Import Request.
  Time since last request: 0.000024 seconds.
  path: Assets/Cartoon UI/White Icons/White Icons/White Icons 2/White Puzzle Piece.png
  artifactKey: Guid(16242e4f15ed25e40a6909e2210deec0) Importer(2089858483,b0f066a214c2f5e87bad3c948f4d605d)
Start importing Assets/Cartoon UI/White Icons/White Icons/White Icons 2/White Puzzle Piece.png using Guid(16242e4f15ed25e40a6909e2210deec0) Importer(2089858483,b0f066a214c2f5e87bad3c948f4d605d) (ScriptedImporter) -> (artifact id: '811b69499a6739e34fc9dd0a48640922') in 0.0352385 seconds
Number of updated asset objects reloaded before import = 0Number of asset objects unloaded after import = 3

========================================================================
Received Import Request.
  Time since last request: 0.000040 seconds.
  path: Assets/Cartoon UI/White Icons/White Icons/White Icons 2/White Pumpkin.png
  artifactKey: Guid(1115078e71713044eafdec3334eb6aea) Importer(2089858483,b0f066a214c2f5e87bad3c948f4d605d)
Start importing Assets/Cartoon UI/White Icons/White Icons/White Icons 2/White Pumpkin.png using Guid(1115078e71713044eafdec3334eb6aea) Importer(2089858483,b0f066a214c2f5e87bad3c948f4d605d) (ScriptedImporter) -> (artifact id: '84bc219b3383ce732d3d6cb26b305609') in 0.0332644 seconds
Number of updated asset objects reloaded before import = 0Number of asset objects unloaded after import = 3

========================================================================
Received Import Request.
  Time since last request: 0.000038 seconds.
  path: Assets/Cartoon UI/White Icons/White Icons/White Icons 2/White Ribbon 2.png
  artifactKey: Guid(b7f510bc124f17f47bbffc827cdfbfc2) Importer(2089858483,b0f066a214c2f5e87bad3c948f4d605d)
Start importing Assets/Cartoon UI/White Icons/White Icons/White Icons 2/White Ribbon 2.png using Guid(b7f510bc124f17f47bbffc827cdfbfc2) Importer(2089858483,b0f066a214c2f5e87bad3c948f4d605d) (ScriptedImporter) -> (artifact id: '0974128a14031403e62910679a7467f1') in 0.0321647 seconds
Number of updated asset objects reloaded before import = 0Number of asset objects unloaded after import = 3

========================================================================
Received Import Request.
  Time since last request: 0.000024 seconds.
  path: Assets/Cartoon UI/White Icons/White Icons/White Icons 2/White Pop Corn.png
  artifactKey: Guid(c16d98f23d95c084cb385ee1e1dccad8) Importer(2089858483,b0f066a214c2f5e87bad3c948f4d605d)
Start importing Assets/Cartoon UI/White Icons/White Icons/White Icons 2/White Pop Corn.png using Guid(c16d98f23d95c084cb385ee1e1dccad8) Importer(2089858483,b0f066a214c2f5e87bad3c948f4d605d) (ScriptedImporter) -> (artifact id: '3c732a5ecec3adb5c48a8d23c6865b2c') in 0.0424122 seconds
Number of updated asset objects reloaded before import = 0Number of asset objects unloaded after import = 3

========================================================================
Received Import Request.
  Time since last request: 0.000033 seconds.
  path: Assets/Cartoon UI/White Icons/White Icons/White Icons 2/White Scissor.png
  artifactKey: Guid(813f5e1f5cca41941b62a85d22324cec) Importer(2089858483,b0f066a214c2f5e87bad3c948f4d605d)
Start importing Assets/Cartoon UI/White Icons/White Icons/White Icons 2/White Scissor.png using Guid(813f5e1f5cca41941b62a85d22324cec) Importer(2089858483,b0f066a214c2f5e87bad3c948f4d605d) (ScriptedImporter) -> (artifact id: 'fb0994cffa62c96df8ebe6bab6e2ab3d') in 0.0498956 seconds
Number of updated asset objects reloaded before import = 0Number of asset objects unloaded after import = 3

========================================================================
Received Import Request.
  Time since last request: 0.000031 seconds.
  path: Assets/Cartoon UI/White Icons/White Icons/White Icons 2/White Ribbon 3.png
  artifactKey: Guid(f519ae13dbb32cf4f8b1e5c31890e33d) Importer(2089858483,b0f066a214c2f5e87bad3c948f4d605d)
Start importing Assets/Cartoon UI/White Icons/White Icons/White Icons 2/White Ribbon 3.png using Guid(f519ae13dbb32cf4f8b1e5c31890e33d) Importer(2089858483,b0f066a214c2f5e87bad3c948f4d605d) (ScriptedImporter) -> (artifact id: '742dd4203829747f522a08de5416cd8e') in 0.0220579 seconds
Number of updated asset objects reloaded before import = 0Number of asset objects unloaded after import = 3

========================================================================
Received Import Request.
  Time since last request: 0.000020 seconds.
  path: Assets/Cartoon UI/White Icons/White Icons/White Icons 2/White ScrewDriver.png
  artifactKey: Guid(d6bfde97a38e6c7489d8c3d95e984ef0) Importer(2089858483,b0f066a214c2f5e87bad3c948f4d605d)
Start importing Assets/Cartoon UI/White Icons/White Icons/White Icons 2/White ScrewDriver.png using Guid(d6bfde97a38e6c7489d8c3d95e984ef0) Importer(2089858483,b0f066a214c2f5e87bad3c948f4d605d) (ScriptedImporter) -> (artifact id: 'eeb3af1dfa432cc5883091d6423003b8') in 0.0296779 seconds
Number of updated asset objects reloaded before import = 0Number of asset objects unloaded after import = 3

========================================================================
Received Import Request.
  Time since last request: 0.000028 seconds.
  path: Assets/Cartoon UI/White Icons/White Icons/White Icons 2/White Sad 2.png
  artifactKey: Guid(b3e85978333b79349860b14c1c436358) Importer(2089858483,b0f066a214c2f5e87bad3c948f4d605d)
Start importing Assets/Cartoon UI/White Icons/White Icons/White Icons 2/White Sad 2.png using Guid(b3e85978333b79349860b14c1c436358) Importer(2089858483,b0f066a214c2f5e87bad3c948f4d605d) (ScriptedImporter) -> (artifact id: '9d69efbcaeeac996a439e22c3b1a2bd6') in 0.0300541 seconds
Number of updated asset objects reloaded before import = 0Number of asset objects unloaded after import = 3

========================================================================
Received Import Request.
  Time since last request: 0.000019 seconds.
  path: Assets/Cartoon UI/White Icons/White Icons/White Icons 2/White Dollar Sign.png
  artifactKey: Guid(9cfde8e7ce786f04d834437aa4e3943f) Importer(2089858483,b0f066a214c2f5e87bad3c948f4d605d)
Start importing Assets/Cartoon UI/White Icons/White Icons/White Icons 2/White Dollar Sign.png using Guid(9cfde8e7ce786f04d834437aa4e3943f) Importer(2089858483,b0f066a214c2f5e87bad3c948f4d605d) (ScriptedImporter) -> (artifact id: 'caa3389e1eab78fde432a4720de56bbd') in 0.0289943 seconds
Number of updated asset objects reloaded before import = 0Number of asset objects unloaded after import = 3

========================================================================
Received Import Request.
  Time since last request: 0.000041 seconds.
  path: Assets/Cartoon UI/White Icons/White Icons/White Icons 2/White Skull 2.png
  artifactKey: Guid(44b4d11d350182141b0aab2657334da2) Importer(2089858483,b0f066a214c2f5e87bad3c948f4d605d)
Start importing Assets/Cartoon UI/White Icons/White Icons/White Icons 2/White Skull 2.png using Guid(44b4d11d350182141b0aab2657334da2) Importer(2089858483,b0f066a214c2f5e87bad3c948f4d605d) (ScriptedImporter) -> (artifact id: 'df7a7f169b96f3a38a15a7489a973371') in 0.0314146 seconds
Number of updated asset objects reloaded before import = 0Number of asset objects unloaded after import = 3

========================================================================
Received Import Request.
  Time since last request: 0.000024 seconds.
  path: Assets/Cartoon UI/White Icons/White Icons/White Icons 2/White Sleep.png
  artifactKey: Guid(8d74933d21c947d45883d2ebf1a73b89) Importer(2089858483,b0f066a214c2f5e87bad3c948f4d605d)
Start importing Assets/Cartoon UI/White Icons/White Icons/White Icons 2/White Sleep.png using Guid(8d74933d21c947d45883d2ebf1a73b89) Importer(2089858483,b0f066a214c2f5e87bad3c948f4d605d) (ScriptedImporter) -> (artifact id: '75a9f124daffc34bc9bf78e473013c12') in 0.0375021 seconds
Number of updated asset objects reloaded before import = 0Number of asset objects unloaded after import = 3

========================================================================
Received Import Request.
  Time since last request: 0.000022 seconds.
  path: Assets/Cartoon UI/White Icons/White Icons/White Icons 2/White Select 3.png
  artifactKey: Guid(1c56313985c10c84db53b8547cd626eb) Importer(2089858483,b0f066a214c2f5e87bad3c948f4d605d)
Start importing Assets/Cartoon UI/White Icons/White Icons/White Icons 2/White Select 3.png using Guid(1c56313985c10c84db53b8547cd626eb) Importer(2089858483,b0f066a214c2f5e87bad3c948f4d605d) (ScriptedImporter) -> (artifact id: 'af61364e9e9401327e2d8f890b723a6c') in 0.0296338 seconds
Number of updated asset objects reloaded before import = 0Number of asset objects unloaded after import = 3

========================================================================
Received Import Request.
  Time since last request: 0.000035 seconds.
  path: Assets/Cartoon UI/White Icons/White Icons/White Icons 2/White Slider 2.png
  artifactKey: Guid(c2231515e31b60f45bb4e7ffa801949e) Importer(2089858483,b0f066a214c2f5e87bad3c948f4d605d)
Start importing Assets/Cartoon UI/White Icons/White Icons/White Icons 2/White Slider 2.png using Guid(c2231515e31b60f45bb4e7ffa801949e) Importer(2089858483,b0f066a214c2f5e87bad3c948f4d605d) (ScriptedImporter) -> (artifact id: '2e7c5c4f47e8d1d41a375284de46752d') in 0.0280564 seconds
Number of updated asset objects reloaded before import = 0Number of asset objects unloaded after import = 3

========================================================================
Received Import Request.
  Time since last request: 0.000023 seconds.
  path: Assets/Cartoon UI/White Icons/White Icons/White Icons 2/White Select 2.png
  artifactKey: Guid(d5d865370fe24a84a81b75194aae8efb) Importer(2089858483,b0f066a214c2f5e87bad3c948f4d605d)
Start importing Assets/Cartoon UI/White Icons/White Icons/White Icons 2/White Select 2.png using Guid(d5d865370fe24a84a81b75194aae8efb) Importer(2089858483,b0f066a214c2f5e87bad3c948f4d605d) (ScriptedImporter) -> (artifact id: '6c802dc9853a46b8180315cdd84a09e9') in 0.0227397 seconds
Number of updated asset objects reloaded before import = 0Number of asset objects unloaded after import = 3

========================================================================
Received Import Request.
  Time since last request: 0.000014 seconds.
  path: Assets/Cartoon UI/White Icons/White Icons/White Icons 2/White Snow Globe 1.png
  artifactKey: Guid(4711ab0e3393fd04d8a6f23244e41a7c) Importer(2089858483,b0f066a214c2f5e87bad3c948f4d605d)
Start importing Assets/Cartoon UI/White Icons/White Icons/White Icons 2/White Snow Globe 1.png using Guid(4711ab0e3393fd04d8a6f23244e41a7c) Importer(2089858483,b0f066a214c2f5e87bad3c948f4d605d) (ScriptedImporter) -> (artifact id: 'a90748f78eca921fa7e29352abd417ac') in 0.0293129 seconds
Number of updated asset objects reloaded before import = 0Number of asset objects unloaded after import = 3

========================================================================
Received Import Request.
  Time since last request: 0.000022 seconds.
  path: Assets/Cartoon UI/White Icons/White Icons/White Icons 2/White Sound Off.png
  artifactKey: Guid(2ffbce2d8c5729f4382986198988b79c) Importer(2089858483,b0f066a214c2f5e87bad3c948f4d605d)
Start importing Assets/Cartoon UI/White Icons/White Icons/White Icons 2/White Sound Off.png using Guid(2ffbce2d8c5729f4382986198988b79c) Importer(2089858483,b0f066a214c2f5e87bad3c948f4d605d) (ScriptedImporter) -> (artifact id: '5ff024026b329e0a8e7521318265ced9') in 0.0204953 seconds
Number of updated asset objects reloaded before import = 0Number of asset objects unloaded after import = 3

========================================================================
Received Import Request.
  Time since last request: 0.000034 seconds.
  path: Assets/Cartoon UI/White Icons/White Icons/White Icons 2/White Star.png
  artifactKey: Guid(7296dfa8a73fa574ba6f4519700ccfaf) Importer(2089858483,b0f066a214c2f5e87bad3c948f4d605d)
Start importing Assets/Cartoon UI/White Icons/White Icons/White Icons 2/White Star.png using Guid(7296dfa8a73fa574ba6f4519700ccfaf) Importer(2089858483,b0f066a214c2f5e87bad3c948f4d605d) (ScriptedImporter) -> (artifact id: '46b020f1ad92a3f33202574267041b74') in 0.0310062 seconds
Number of updated asset objects reloaded before import = 0Number of asset objects unloaded after import = 3

========================================================================
Received Import Request.
  Time since last request: 0.000034 seconds.
  path: Assets/Cartoon UI/White Icons/White Icons/White Icons 2/White Sound 1.png
  artifactKey: Guid(3571776c5f6783b40b5664534f122f65) Importer(2089858483,b0f066a214c2f5e87bad3c948f4d605d)
Start importing Assets/Cartoon UI/White Icons/White Icons/White Icons 2/White Sound 1.png using Guid(3571776c5f6783b40b5664534f122f65) Importer(2089858483,b0f066a214c2f5e87bad3c948f4d605d) (ScriptedImporter) -> (artifact id: '3f61ebf33d6c1a619d6220aa37ebe86c') in 0.022316 seconds
Number of updated asset objects reloaded before import = 0Number of asset objects unloaded after import = 3

========================================================================
Received Import Request.
  Time since last request: 0.000018 seconds.
  path: Assets/Cartoon UI/White Icons/White Icons/White Icons 2/White Speed.png
  artifactKey: Guid(90da63d8a4791dd4f9f662993809a176) Importer(2089858483,b0f066a214c2f5e87bad3c948f4d605d)
Start importing Assets/Cartoon UI/White Icons/White Icons/White Icons 2/White Speed.png using Guid(90da63d8a4791dd4f9f662993809a176) Importer(2089858483,b0f066a214c2f5e87bad3c948f4d605d) (ScriptedImporter) -> (artifact id: '15a378f46f150f85a0d37f8d407023fa') in 0.0254639 seconds
Number of updated asset objects reloaded before import = 0Number of asset objects unloaded after import = 3

========================================================================
Received Import Request.
  Time since last request: 0.000037 seconds.
  path: Assets/Cartoon UI/White Icons/White Icons/White Icons 2/White Dollar.png
  artifactKey: Guid(c00a741ba7826d246b427cd91c700dbd) Importer(2089858483,b0f066a214c2f5e87bad3c948f4d605d)
Start importing Assets/Cartoon UI/White Icons/White Icons/White Icons 2/White Dollar.png using Guid(c00a741ba7826d246b427cd91c700dbd) Importer(2089858483,b0f066a214c2f5e87bad3c948f4d605d) (ScriptedImporter) -> (artifact id: '5a6c3bd9eff98853bfd6d5df32b5062d') in 0.0288674 seconds
Number of updated asset objects reloaded before import = 0Number of asset objects unloaded after import = 3

========================================================================
Received Import Request.
  Time since last request: 0.000031 seconds.
  path: Assets/Cartoon UI/White Icons/White Icons/White Icons 2/White Swords.png
  artifactKey: Guid(75b2eaf8a82c81149a6a41832713cdb7) Importer(2089858483,b0f066a214c2f5e87bad3c948f4d605d)
Start importing Assets/Cartoon UI/White Icons/White Icons/White Icons 2/White Swords.png using Guid(75b2eaf8a82c81149a6a41832713cdb7) Importer(2089858483,b0f066a214c2f5e87bad3c948f4d605d) (ScriptedImporter) -> (artifact id: '2a106f217f6251772516b1ba24a9d22f') in 0.0221093 seconds
Number of updated asset objects reloaded before import = 0Number of asset objects unloaded after import = 3

========================================================================
Received Import Request.
  Time since last request: 0.000022 seconds.
  path: Assets/Cartoon UI/White Icons/White Icons/White Icons 2/White Symbol 16.png
  artifactKey: Guid(ef978565c39f63949b079ef2fb68adf5) Importer(2089858483,b0f066a214c2f5e87bad3c948f4d605d)
Start importing Assets/Cartoon UI/White Icons/White Icons/White Icons 2/White Symbol 16.png using Guid(ef978565c39f63949b079ef2fb68adf5) Importer(2089858483,b0f066a214c2f5e87bad3c948f4d605d) (ScriptedImporter) -> (artifact id: 'edc74a803c2d179eb0c33f7650118fff') in 0.0210417 seconds
Number of updated asset objects reloaded before import = 0Number of asset objects unloaded after import = 3

========================================================================
Received Import Request.
  Time since last request: 0.000017 seconds.
  path: Assets/Cartoon UI/White Icons/White Icons/White Icons 2/White Symbol 12.png
  artifactKey: Guid(e33eb0238f8d9fb4c8a98bac61b84ea3) Importer(2089858483,b0f066a214c2f5e87bad3c948f4d605d)
Start importing Assets/Cartoon UI/White Icons/White Icons/White Icons 2/White Symbol 12.png using Guid(e33eb0238f8d9fb4c8a98bac61b84ea3) Importer(2089858483,b0f066a214c2f5e87bad3c948f4d605d) (ScriptedImporter) -> (artifact id: '7291e788716911b33f7aee80881b76dc') in 0.0248989 seconds
Number of updated asset objects reloaded before import = 0Number of asset objects unloaded after import = 3

========================================================================
Received Import Request.
  Time since last request: 0.000020 seconds.
  path: Assets/Cartoon UI/White Icons/White Icons/White Icons 2/White Symbol 19.png
  artifactKey: Guid(25af35cb57361594b99eae7eaffb7760) Importer(2089858483,b0f066a214c2f5e87bad3c948f4d605d)
Start importing Assets/Cartoon UI/White Icons/White Icons/White Icons 2/White Symbol 19.png using Guid(25af35cb57361594b99eae7eaffb7760) Importer(2089858483,b0f066a214c2f5e87bad3c948f4d605d) (ScriptedImporter) -> (artifact id: '6e59cff5343f19feca1faeb191308cbf') in 0.0231317 seconds
Number of updated asset objects reloaded before import = 0Number of asset objects unloaded after import = 3

========================================================================
Received Import Request.
  Time since last request: 0.000035 seconds.
  path: Assets/Cartoon UI/White Icons/White Icons/White Icons 2/White Symbol 1.png
  artifactKey: Guid(e77a3d6e95b7c684da4ff88cb7ccd890) Importer(2089858483,b0f066a214c2f5e87bad3c948f4d605d)
Start importing Assets/Cartoon UI/White Icons/White Icons/White Icons 2/White Symbol 1.png using Guid(e77a3d6e95b7c684da4ff88cb7ccd890) Importer(2089858483,b0f066a214c2f5e87bad3c948f4d605d) (ScriptedImporter) -> (artifact id: 'ed2cd86c566e7138be677bade656332c') in 0.0269414 seconds
Number of updated asset objects reloaded before import = 0Number of asset objects unloaded after import = 3

========================================================================
Received Import Request.
  Time since last request: 0.000017 seconds.
  path: Assets/Cartoon UI/White Icons/White Icons/White Icons 2/White Symbol 18.png
  artifactKey: Guid(6b0bbcd294b8edf4ebc276a0b1699cb9) Importer(2089858483,b0f066a214c2f5e87bad3c948f4d605d)
Start importing Assets/Cartoon UI/White Icons/White Icons/White Icons 2/White Symbol 18.png using Guid(6b0bbcd294b8edf4ebc276a0b1699cb9) Importer(2089858483,b0f066a214c2f5e87bad3c948f4d605d) (ScriptedImporter) -> (artifact id: '553e0019f8371aacef27284896d9af44') in 0.0214963 seconds
Number of updated asset objects reloaded before import = 0Number of asset objects unloaded after import = 3

========================================================================
Received Import Request.
  Time since last request: 0.000021 seconds.
  path: Assets/Cartoon UI/White Icons/White Icons/White Icons 2/White Target 1.png
  artifactKey: Guid(2a79565c104fb7b4f9a8246d0d9dca18) Importer(2089858483,b0f066a214c2f5e87bad3c948f4d605d)
Start importing Assets/Cartoon UI/White Icons/White Icons/White Icons 2/White Target 1.png using Guid(2a79565c104fb7b4f9a8246d0d9dca18) Importer(2089858483,b0f066a214c2f5e87bad3c948f4d605d) (ScriptedImporter) -> (artifact id: '317f7858b164373fb3caf3c59592c2f3') in 0.0233309 seconds
Number of updated asset objects reloaded before import = 0Number of asset objects unloaded after import = 3

========================================================================
Received Import Request.
  Time since last request: 0.000023 seconds.
  path: Assets/Cartoon UI/White Icons/White Icons/White Icons 2/White Symbol 9.png
  artifactKey: Guid(2ffc263706dd5ae4784bb35a80cd4f5a) Importer(2089858483,b0f066a214c2f5e87bad3c948f4d605d)
Start importing Assets/Cartoon UI/White Icons/White Icons/White Icons 2/White Symbol 9.png using Guid(2ffc263706dd5ae4784bb35a80cd4f5a) Importer(2089858483,b0f066a214c2f5e87bad3c948f4d605d) (ScriptedImporter) -> (artifact id: 'e51c891f93d9975770d9013671660ebf') in 0.0193397 seconds
Number of updated asset objects reloaded before import = 0Number of asset objects unloaded after import = 3

========================================================================
Received Import Request.
  Time since last request: 0.000033 seconds.
  path: Assets/Cartoon UI/White Icons/White Icons/White Icons 2/White Symbol 7.png
  artifactKey: Guid(62d1304947460954a97775c1097b4d71) Importer(2089858483,b0f066a214c2f5e87bad3c948f4d605d)
Start importing Assets/Cartoon UI/White Icons/White Icons/White Icons 2/White Symbol 7.png using Guid(62d1304947460954a97775c1097b4d71) Importer(2089858483,b0f066a214c2f5e87bad3c948f4d605d) (ScriptedImporter) -> (artifact id: '1b9396c1bec5a3d5fd1d01c9b81f0bda') in 0.0287524 seconds
Number of updated asset objects reloaded before import = 0Number of asset objects unloaded after import = 3

========================================================================
Received Import Request.
  Time since last request: 0.000019 seconds.
  path: Assets/Cartoon UI/White Icons/White Icons/White Icons 2/White Television.png
  artifactKey: Guid(9c68d1707079ea54a8590d2f7d23ca48) Importer(2089858483,b0f066a214c2f5e87bad3c948f4d605d)
Start importing Assets/Cartoon UI/White Icons/White Icons/White Icons 2/White Television.png using Guid(9c68d1707079ea54a8590d2f7d23ca48) Importer(2089858483,b0f066a214c2f5e87bad3c948f4d605d) (ScriptedImporter) -> (artifact id: '14105844e37cced143c47ca6563248ca') in 0.020547 seconds
Number of updated asset objects reloaded before import = 0Number of asset objects unloaded after import = 3

========================================================================
Received Import Request.
  Time since last request: 0.000029 seconds.
  path: Assets/Cartoon UI/White Icons/White Icons/White Icons 2/White ThumbUp.png
  artifactKey: Guid(77e94e2f9c9bc694daacce4ba3e44156) Importer(2089858483,b0f066a214c2f5e87bad3c948f4d605d)
Start importing Assets/Cartoon UI/White Icons/White Icons/White Icons 2/White ThumbUp.png using Guid(77e94e2f9c9bc694daacce4ba3e44156) Importer(2089858483,b0f066a214c2f5e87bad3c948f4d605d) (ScriptedImporter) -> (artifact id: 'da5a7ddb918424b25f7ed6e4aab9eb8e') in 0.0211317 seconds
Number of updated asset objects reloaded before import = 0Number of asset objects unloaded after import = 3

========================================================================
Received Import Request.
  Time since last request: 0.000024 seconds.
  path: Assets/Cartoon UI/White Icons/White Icons/White Icons 2/White Symbol 6.png
  artifactKey: Guid(e34cc774af9758d43aa609f5687c2f5a) Importer(2089858483,b0f066a214c2f5e87bad3c948f4d605d)
Start importing Assets/Cartoon UI/White Icons/White Icons/White Icons 2/White Symbol 6.png using Guid(e34cc774af9758d43aa609f5687c2f5a) Importer(2089858483,b0f066a214c2f5e87bad3c948f4d605d) (ScriptedImporter) -> (artifact id: 'd518451d6d1f55890267bba5d492d0d0') in 0.0188059 seconds
Number of updated asset objects reloaded before import = 0Number of asset objects unloaded after import = 3

========================================================================
Received Import Request.
  Time since last request: 0.000031 seconds.
  path: Assets/Cartoon UI/White Icons/White Icons/White Icons 2/White Voice On.png
  artifactKey: Guid(7705e1df99ff9a8458233753020af55e) Importer(2089858483,b0f066a214c2f5e87bad3c948f4d605d)
Start importing Assets/Cartoon UI/White Icons/White Icons/White Icons 2/White Voice On.png using Guid(7705e1df99ff9a8458233753020af55e) Importer(2089858483,b0f066a214c2f5e87bad3c948f4d605d) (ScriptedImporter) -> (artifact id: 'c7b8d405ca7ee7d6ede55af358933557') in 0.0359487 seconds
Number of updated asset objects reloaded before import = 0Number of asset objects unloaded after import = 3

========================================================================
Received Import Request.
  Time since last request: 0.000016 seconds.
  path: Assets/Cartoon UI/White Icons/White Icons/White Icons 2/White Warning 2.png
  artifactKey: Guid(a38acf49238bb784ba8bb5da0dc71a41) Importer(2089858483,b0f066a214c2f5e87bad3c948f4d605d)
Start importing Assets/Cartoon UI/White Icons/White Icons/White Icons 2/White Warning 2.png using Guid(a38acf49238bb784ba8bb5da0dc71a41) Importer(2089858483,b0f066a214c2f5e87bad3c948f4d605d) (ScriptedImporter) -> (artifact id: '8d07a6fe54777882b0774032b0e23714') in 0.0243417 seconds
Number of updated asset objects reloaded before import = 0Number of asset objects unloaded after import = 3

========================================================================
Received Import Request.
  Time since last request: 0.000023 seconds.
  path: Assets/Cartoon UI/White Icons/White Icons/White Icons 2/White Timer.png
  artifactKey: Guid(d29b48650f432b24abe249de5b26d141) Importer(2089858483,b0f066a214c2f5e87bad3c948f4d605d)
Start importing Assets/Cartoon UI/White Icons/White Icons/White Icons 2/White Timer.png using Guid(d29b48650f432b24abe249de5b26d141) Importer(2089858483,b0f066a214c2f5e87bad3c948f4d605d) (ScriptedImporter) -> (artifact id: '2dcec4ac37c52566adfcaa621efc9bf9') in 0.0230286 seconds
Number of updated asset objects reloaded before import = 0Number of asset objects unloaded after import = 3

========================================================================
Received Import Request.
  Time since last request: 0.000021 seconds.
  path: Assets/Cartoon UI/White Icons/White Icons/White Icons 2/White Wand.png
  artifactKey: Guid(e1f827e9d9cc747429308d5bd552d576) Importer(2089858483,b0f066a214c2f5e87bad3c948f4d605d)
Start importing Assets/Cartoon UI/White Icons/White Icons/White Icons 2/White Wand.png using Guid(e1f827e9d9cc747429308d5bd552d576) Importer(2089858483,b0f066a214c2f5e87bad3c948f4d605d) (ScriptedImporter) -> (artifact id: 'b8b93dc7a7c46533aa40002719b1af17') in 0.031336 seconds
Number of updated asset objects reloaded before import = 0Number of asset objects unloaded after import = 3

========================================================================
Received Import Request.
  Time since last request: 0.000040 seconds.
  path: Assets/Cartoon UI/White Icons/White Icons/White Icons 2/White Twitter.png
  artifactKey: Guid(6ada44c0c297c1a4c8d845c328fb48dd) Importer(2089858483,b0f066a214c2f5e87bad3c948f4d605d)
Start importing Assets/Cartoon UI/White Icons/White Icons/White Icons 2/White Twitter.png using Guid(6ada44c0c297c1a4c8d845c328fb48dd) Importer(2089858483,b0f066a214c2f5e87bad3c948f4d605d) (ScriptedImporter) -> (artifact id: '43a6358ecffa259e6b1867d930963093') in 0.0208983 seconds
Number of updated asset objects reloaded before import = 0Number of asset objects unloaded after import = 3

========================================================================
Received Import Request.
  Time since last request: 0.000019 seconds.
  path: Assets/Cartoon UI/White Icons/White Icons/White Icons 2/White Wand 2.png
  artifactKey: Guid(3acaacaed32827f4f9d6984a4ebce86d) Importer(2089858483,b0f066a214c2f5e87bad3c948f4d605d)
Start importing Assets/Cartoon UI/White Icons/White Icons/White Icons 2/White Wand 2.png using Guid(3acaacaed32827f4f9d6984a4ebce86d) Importer(2089858483,b0f066a214c2f5e87bad3c948f4d605d) (ScriptedImporter) -> (artifact id: '24bca31e0710e1ed591d23ea26207066') in 0.0206636 seconds
Number of updated asset objects reloaded before import = 0Number of asset objects unloaded after import = 3

========================================================================
Received Import Request.
  Time since last request: 0.000022 seconds.
  path: Assets/Clouded Studio/2D Simple Nature Pack/Prefabs/Bushes/bush_01.prefab
  artifactKey: Guid(0d1cf358f1d3216448827f6b3787ce34) Importer(2089858483,b0f066a214c2f5e87bad3c948f4d605d)
Start importing Assets/Clouded Studio/2D Simple Nature Pack/Prefabs/Bushes/bush_01.prefab using Guid(0d1cf358f1d3216448827f6b3787ce34) Importer(2089858483,b0f066a214c2f5e87bad3c948f4d605d) (ScriptedImporter) -> (artifact id: 'bbfcbe35335a5f70414cd0ea2dd330fe') in 0.0337257 seconds
Number of updated asset objects reloaded before import = 0Number of asset objects unloaded after import = 9

========================================================================
Received Import Request.
  Time since last request: 0.000060 seconds.
  path: Assets/Cartoon UI/White Icons/White Icons/White Icons 2/White Witch Hat.png
  artifactKey: Guid(96b98e610fa02884aa6cbb5bfe34f75a) Importer(2089858483,b0f066a214c2f5e87bad3c948f4d605d)
Start importing Assets/Cartoon UI/White Icons/White Icons/White Icons 2/White Witch Hat.png using Guid(96b98e610fa02884aa6cbb5bfe34f75a) Importer(2089858483,b0f066a214c2f5e87bad3c948f4d605d) (ScriptedImporter) -> (artifact id: 'a3ba5ce00cf5dde42ef909389d57a52e') in 0.0233479 seconds
Number of updated asset objects reloaded before import = 0Number of asset objects unloaded after import = 3

========================================================================
Received Import Request.
  Time since last request: 0.000053 seconds.
  path: Assets/Cartoon UI/White Icons/White Icons/White Icons 2/White Wifi On.png
  artifactKey: Guid(5db4ebecd721f31419efa147d408d62c) Importer(2089858483,b0f066a214c2f5e87bad3c948f4d605d)
Start importing Assets/Cartoon UI/White Icons/White Icons/White Icons 2/White Wifi On.png using Guid(5db4ebecd721f31419efa147d408d62c) Importer(2089858483,b0f066a214c2f5e87bad3c948f4d605d) (ScriptedImporter) -> (artifact id: '1666e97d0af3d76af5276c905c607617') in 0.0252401 seconds
Number of updated asset objects reloaded before import = 0Number of asset objects unloaded after import = 3

========================================================================
Received Import Request.
  Time since last request: 0.000031 seconds.
  path: Assets/Clouded Studio/2D Simple Nature Pack/Prefabs/Bushes/bush_06.prefab
  artifactKey: Guid(7d65906e227c4b641bb758a8f5c38c96) Importer(2089858483,b0f066a214c2f5e87bad3c948f4d605d)
Start importing Assets/Clouded Studio/2D Simple Nature Pack/Prefabs/Bushes/bush_06.prefab using Guid(7d65906e227c4b641bb758a8f5c38c96) Importer(2089858483,b0f066a214c2f5e87bad3c948f4d605d) (ScriptedImporter) -> (artifact id: '7463acde7d570165f814eb3374035a47') in 0.0351116 seconds
Number of updated asset objects reloaded before import = 0Number of asset objects unloaded after import = 9

========================================================================
Received Import Request.
  Time since last request: 0.000033 seconds.
  path: Assets/Cartoon UI/White Icons/White Icons/White Icons 2/White YingYang.png
  artifactKey: Guid(76da5b3c9dd1843489ee9bafed78ceba) Importer(2089858483,b0f066a214c2f5e87bad3c948f4d605d)
Start importing Assets/Cartoon UI/White Icons/White Icons/White Icons 2/White YingYang.png using Guid(76da5b3c9dd1843489ee9bafed78ceba) Importer(2089858483,b0f066a214c2f5e87bad3c948f4d605d) (ScriptedImporter) -> (artifact id: '2f2a2318aa43addde0263215ce55ebe5') in 0.0227524 seconds
Number of updated asset objects reloaded before import = 0Number of asset objects unloaded after import = 3

========================================================================
Received Import Request.
  Time since last request: 0.000066 seconds.
  path: Assets/Clouded Studio/2D Simple Nature Pack/Prefabs/Bushes/bush_05.prefab
  artifactKey: Guid(3ceb7f6149321f14c9e16037690df7ec) Importer(2089858483,b0f066a214c2f5e87bad3c948f4d605d)
Start importing Assets/Clouded Studio/2D Simple Nature Pack/Prefabs/Bushes/bush_05.prefab using Guid(3ceb7f6149321f14c9e16037690df7ec) Importer(2089858483,b0f066a214c2f5e87bad3c948f4d605d) (ScriptedImporter) -> (artifact id: '66053c0265cce887b6682d21462a66ca') in 0.0363296 seconds
Number of updated asset objects reloaded before import = 0Number of asset objects unloaded after import = 9

========================================================================
Received Import Request.
  Time since last request: 0.000038 seconds.
  path: Assets/Clouded Studio/2D Simple Nature Pack/Prefabs/Bushes/bush_10.prefab
  artifactKey: Guid(4a75d9dc00ac9504093dd4552e9fb012) Importer(2089858483,b0f066a214c2f5e87bad3c948f4d605d)
Start importing Assets/Clouded Studio/2D Simple Nature Pack/Prefabs/Bushes/bush_10.prefab using Guid(4a75d9dc00ac9504093dd4552e9fb012) Importer(2089858483,b0f066a214c2f5e87bad3c948f4d605d) (ScriptedImporter) -> (artifact id: 'b14f151accece54cacd094c12ba3bb14') in 0.0340397 seconds
Number of updated asset objects reloaded before import = 0Number of asset objects unloaded after import = 9

========================================================================
Received Import Request.
  Time since last request: 0.000060 seconds.
  path: Assets/Clouded Studio/2D Simple Nature Pack/Prefabs/Trees/Tree01.prefab
  artifactKey: Guid(e81f1b324556b4746b2acbab17deafb4) Importer(2089858483,b0f066a214c2f5e87bad3c948f4d605d)
Start importing Assets/Clouded Studio/2D Simple Nature Pack/Prefabs/Trees/Tree01.prefab using Guid(e81f1b324556b4746b2acbab17deafb4) Importer(2089858483,b0f066a214c2f5e87bad3c948f4d605d) (ScriptedImporter) -> (artifact id: '8362e56082dcb3677f3095f53bd5534d') in 0.0984868 seconds
Number of updated asset objects reloaded before import = 0Number of asset objects unloaded after import = 38

========================================================================
Received Import Request.
  Time since last request: 0.000365 seconds.
  path: Assets/Clouded Studio/2D Simple Nature Pack/Prefabs/Lights/Spots.prefab
  artifactKey: Guid(25afd36ecfe242b4fa12ed0ae29f7b04) Importer(2089858483,b0f066a214c2f5e87bad3c948f4d605d)
Start importing Assets/Clouded Studio/2D Simple Nature Pack/Prefabs/Lights/Spots.prefab using Guid(25afd36ecfe242b4fa12ed0ae29f7b04) Importer(2089858483,b0f066a214c2f5e87bad3c948f4d605d) (ScriptedImporter) -> (artifact id: 'fac61a6ed1781a88758d896adf0048be') in 0.062702 seconds
Number of updated asset objects reloaded before import = 0Number of asset objects unloaded after import = 7

========================================================================
Received Import Request.
  Time since last request: 0.000041 seconds.
  path: Assets/Clouded Studio/2D Simple Nature Pack/Sprites/Sky/SkyGradient.png
  artifactKey: Guid(525a1d082c5757742ad1e48cb3b43dbb) Importer(2089858483,b0f066a214c2f5e87bad3c948f4d605d)
Start importing Assets/Clouded Studio/2D Simple Nature Pack/Sprites/Sky/SkyGradient.png using Guid(525a1d082c5757742ad1e48cb3b43dbb) Importer(2089858483,b0f066a214c2f5e87bad3c948f4d605d) (ScriptedImporter) -> (artifact id: '59ebc6e6f4e20753010919a3bc9c37de') in 0.027572 seconds
Number of updated asset objects reloaded before import = 0Number of asset objects unloaded after import = 3

========================================================================
Received Import Request.
  Time since last request: 0.000045 seconds.
  path: Assets/Clouded Studio/2D Simple Nature Pack/Sprites/Vegetations/simple_tree_01_far.png
  artifactKey: Guid(c96329dbee6753743aab364353f4a58f) Importer(2089858483,b0f066a214c2f5e87bad3c948f4d605d)
Start importing Assets/Clouded Studio/2D Simple Nature Pack/Sprites/Vegetations/simple_tree_01_far.png using Guid(c96329dbee6753743aab364353f4a58f) Importer(2089858483,b0f066a214c2f5e87bad3c948f4d605d) (ScriptedImporter) -> (artifact id: 'd428bbadf67941999ee523c036e5eb34') in 0.0365025 seconds
Number of updated asset objects reloaded before import = 0Number of asset objects unloaded after import = 3

========================================================================
Received Import Request.
  Time since last request: 0.000032 seconds.
  path: Assets/Clouded Studio/2D Simple Nature Pack/Sprite Shapes/Sprites/BlockInGrass.png
  artifactKey: Guid(1e42763a2adf9234ebe694b9d1d6d78f) Importer(2089858483,b0f066a214c2f5e87bad3c948f4d605d)
Start importing Assets/Clouded Studio/2D Simple Nature Pack/Sprite Shapes/Sprites/BlockInGrass.png using Guid(1e42763a2adf9234ebe694b9d1d6d78f) Importer(2089858483,b0f066a214c2f5e87bad3c948f4d605d) (ScriptedImporter) -> (artifact id: 'a81a27d464861dac6228d51fe25f8395') in 0.0318113 seconds
Number of updated asset objects reloaded before import = 0Number of asset objects unloaded after import = 3

========================================================================
Received Import Request.
  Time since last request: 0.000040 seconds.
  path: Assets/game assets/chess/Chess Pieces/Chess Pieces/Chess.json
  artifactKey: Guid(2aeea728ca1d1724ea3d319aca4d53c8) Importer(2089858483,b0f066a214c2f5e87bad3c948f4d605d)
Start importing Assets/game assets/chess/Chess Pieces/Chess Pieces/Chess.json using Guid(2aeea728ca1d1724ea3d319aca4d53c8) Importer(2089858483,b0f066a214c2f5e87bad3c948f4d605d) (ScriptedImporter) -> (artifact id: '9755a73e5c025b0e11677cd00d3cc0b9') in 0.0465063 seconds
Number of updated asset objects reloaded before import = 0Number of asset objects unloaded after import = 1

========================================================================
Received Import Request.
  Time since last request: 0.000018 seconds.
  path: Assets/Clouded Studio/2D Simple Nature Pack/Sprite Shapes/Sprites/BlockInGrassFill.png
  artifactKey: Guid(aca5769b46a30b645ac054576359b438) Importer(2089858483,b0f066a214c2f5e87bad3c948f4d605d)
Start importing Assets/Clouded Studio/2D Simple Nature Pack/Sprite Shapes/Sprites/BlockInGrassFill.png using Guid(aca5769b46a30b645ac054576359b438) Importer(2089858483,b0f066a214c2f5e87bad3c948f4d605d) (ScriptedImporter) -> (artifact id: 'ee04f3b4b6f443fdac9624814f37e6a4') in 0.0269841 seconds
Number of updated asset objects reloaded before import = 0Number of asset objects unloaded after import = 3

========================================================================
Received Import Request.
  Time since last request: 0.000025 seconds.
  path: Assets/Clouded Studio/2D Simple Nature Pack/Prefabs/Trees/Tree02.prefab
  artifactKey: Guid(9b6a0320b22216f4f9835a8de8cdc650) Importer(2089858483,b0f066a214c2f5e87bad3c948f4d605d)
Start importing Assets/Clouded Studio/2D Simple Nature Pack/Prefabs/Trees/Tree02.prefab using Guid(9b6a0320b22216f4f9835a8de8cdc650) Importer(2089858483,b0f066a214c2f5e87bad3c948f4d605d) (ScriptedImporter) -> (artifact id: 'e734805c0ff54233cd97ae15f7077359') in 0.293603 seconds
Number of updated asset objects reloaded before import = 0Number of asset objects unloaded after import = 32

========================================================================
Received Import Request.
  Time since last request: 0.000037 seconds.
  path: Assets/Plugins/PrimeTween/Demo/Scripts/Animatable.cs
  artifactKey: Guid(f631a276db10467c9860e2814855df25) Importer(2089858483,b0f066a214c2f5e87bad3c948f4d605d)
Start importing Assets/Plugins/PrimeTween/Demo/Scripts/Animatable.cs using Guid(f631a276db10467c9860e2814855df25) Importer(2089858483,b0f066a214c2f5e87bad3c948f4d605d) (ScriptedImporter) -> (artifact id: 'cc3ae6e2de0b6de4f402aa0dfe6be80e') in 0.0161923 seconds
Number of updated asset objects reloaded before import = 0Number of asset objects unloaded after import = 0

========================================================================
Received Import Request.
  Time since last request: 0.000035 seconds.
  path: Assets/Plugins/PrimeTween/Demo/Scripts/DirectionalLightController.cs
  artifactKey: Guid(db622a6d0e0fa4b68852ef1a7fc60dba) Importer(2089858483,b0f066a214c2f5e87bad3c948f4d605d)
Start importing Assets/Plugins/PrimeTween/Demo/Scripts/DirectionalLightController.cs using Guid(db622a6d0e0fa4b68852ef1a7fc60dba) Importer(2089858483,b0f066a214c2f5e87bad3c948f4d605d) (ScriptedImporter) -> (artifact id: 'c22bcde651b6dc45d5e2576e51e8521c') in 0.0196655 seconds
Number of updated asset objects reloaded before import = 0Number of asset objects unloaded after import = 0

========================================================================
Received Import Request.
  Time since last request: 0.000019 seconds.
  path: Assets/Plugins/PrimeTween/Demo/Scripts/CameraProjectionMatrixAnimation.cs
  artifactKey: Guid(900e84e1426b4fc8a386a58aaee3b4ba) Importer(2089858483,b0f066a214c2f5e87bad3c948f4d605d)
Start importing Assets/Plugins/PrimeTween/Demo/Scripts/CameraProjectionMatrixAnimation.cs using Guid(900e84e1426b4fc8a386a58aaee3b4ba) Importer(2089858483,b0f066a214c2f5e87bad3c948f4d605d) (ScriptedImporter) -> (artifact id: '7185c7df837106c8d9fd45cffd683b40') in 0.0226712 seconds
Number of updated asset objects reloaded before import = 0Number of asset objects unloaded after import = 0

========================================================================
Received Import Request.
  Time since last request: 0.000018 seconds.
  path: Assets/Clouded Studio/2D Simple Nature Pack/Sprites/Vegetations/tree_background_foliage_03.png
  artifactKey: Guid(35f079194015fce478bede4351760b5a) Importer(2089858483,b0f066a214c2f5e87bad3c948f4d605d)
Start importing Assets/Clouded Studio/2D Simple Nature Pack/Sprites/Vegetations/tree_background_foliage_03.png using Guid(35f079194015fce478bede4351760b5a) Importer(2089858483,b0f066a214c2f5e87bad3c948f4d605d) (ScriptedImporter) -> (artifact id: 'dd09a43cdc97dae677230f4e2bbcab0c') in 0.0555086 seconds
Number of updated asset objects reloaded before import = 0Number of asset objects unloaded after import = 3

========================================================================
Received Import Request.
  Time since last request: 0.000043 seconds.
  path: Assets/Plugins/PrimeTween/Demo/Scripts/HighlightableElement.cs
  artifactKey: Guid(5fbd7d6a5982d440282a82998473a306) Importer(2089858483,b0f066a214c2f5e87bad3c948f4d605d)
Start importing Assets/Plugins/PrimeTween/Demo/Scripts/HighlightableElement.cs using Guid(5fbd7d6a5982d440282a82998473a306) Importer(2089858483,b0f066a214c2f5e87bad3c948f4d605d) (ScriptedImporter) -> (artifact id: '5d41195dc938168417dc8ec6d99109f5') in 0.012505 seconds
Number of updated asset objects reloaded before import = 0Number of asset objects unloaded after import = 0

========================================================================
Received Import Request.
  Time since last request: 0.000042 seconds.
  path: Assets/Plugins/PrimeTween/Demo/Scripts/Wheels.cs
  artifactKey: Guid(6113f6e98f16c489f87f373fc4133597) Importer(2089858483,b0f066a214c2f5e87bad3c948f4d605d)
Start importing Assets/Plugins/PrimeTween/Demo/Scripts/Wheels.cs using Guid(6113f6e98f16c489f87f373fc4133597) Importer(2089858483,b0f066a214c2f5e87bad3c948f4d605d) (ScriptedImporter) -> (artifact id: '9d4363b567c5327ae4d200e271ca6b6d') in 0.014762 seconds
Number of updated asset objects reloaded before import = 0Number of asset objects unloaded after import = 0

========================================================================
Received Import Request.
  Time since last request: 0.000028 seconds.
  path: Assets/Plugins/PrimeTween/Demo/Scripts/SwipeTutorial.cs
  artifactKey: Guid(d20b7aac1e6a4f1dbdbe52c7ca1ad4b4) Importer(2089858483,b0f066a214c2f5e87bad3c948f4d605d)
Start importing Assets/Plugins/PrimeTween/Demo/Scripts/SwipeTutorial.cs using Guid(d20b7aac1e6a4f1dbdbe52c7ca1ad4b4) Importer(2089858483,b0f066a214c2f5e87bad3c948f4d605d) (ScriptedImporter) -> (artifact id: '126c0193b6c723bca5c314763478eebe') in 0.0184317 seconds
Number of updated asset objects reloaded before import = 0Number of asset objects unloaded after import = 0

========================================================================
Received Import Request.
  Time since last request: 0.000018 seconds.
  path: Assets/Plugins/PrimeTween/Demo/Scripts/Road.cs
  artifactKey: Guid(a4e192d6601c4753961099a3db72b66f) Importer(2089858483,b0f066a214c2f5e87bad3c948f4d605d)
Start importing Assets/Plugins/PrimeTween/Demo/Scripts/Road.cs using Guid(a4e192d6601c4753961099a3db72b66f) Importer(2089858483,b0f066a214c2f5e87bad3c948f4d605d) (ScriptedImporter) -> (artifact id: 'e5cedea3a786b044a54d28ffd3240942') in 0.0157995 seconds
Number of updated asset objects reloaded before import = 0Number of asset objects unloaded after import = 0

========================================================================
Received Import Request.
  Time since last request: 0.000026 seconds.
  path: Assets/Clouded Studio/2D Simple Nature Pack/Sprites/Vegetations/tree_background_foliage_06.png
  artifactKey: Guid(e6a5d77ab7a16724ebbc133baa639c11) Importer(2089858483,b0f066a214c2f5e87bad3c948f4d605d)
Start importing Assets/Clouded Studio/2D Simple Nature Pack/Sprites/Vegetations/tree_background_foliage_06.png using Guid(e6a5d77ab7a16724ebbc133baa639c11) Importer(2089858483,b0f066a214c2f5e87bad3c948f4d605d) (ScriptedImporter) -> (artifact id: '9ad6a2238931ea315da7ea612a65dc76') in 0.0451046 seconds
Number of updated asset objects reloaded before import = 0Number of asset objects unloaded after import = 3

========================================================================
Received Import Request.
  Time since last request: 0.000030 seconds.
  path: Assets/Clouded Studio/2D Simple Nature Pack/Sprites/Lights/Shafts.png
  artifactKey: Guid(29212eceef69fbf4dbda04d0b825205b) Importer(2089858483,b0f066a214c2f5e87bad3c948f4d605d)
Start importing Assets/Clouded Studio/2D Simple Nature Pack/Sprites/Lights/Shafts.png using Guid(29212eceef69fbf4dbda04d0b825205b) Importer(2089858483,b0f066a214c2f5e87bad3c948f4d605d) (ScriptedImporter) -> (artifact id: '16e4cf8b1bd16cee06c6de8fe32fc27c') in 0.033842 seconds
Number of updated asset objects reloaded before import = 0Number of asset objects unloaded after import = 3

========================================================================
Received Import Request.
  Time since last request: 0.000021 seconds.
  path: Assets/Plugins/PrimeTween/Demo/Stylized Sand by Joao Paulo/Stylized_Sand_001_height.png
  artifactKey: Guid(593e1963d5983481bb7a93634ccbdf4c) Importer(2089858483,b0f066a214c2f5e87bad3c948f4d605d)
Start importing Assets/Plugins/PrimeTween/Demo/Stylized Sand by Joao Paulo/Stylized_Sand_001_height.png using Guid(593e1963d5983481bb7a93634ccbdf4c) Importer(2089858483,b0f066a214c2f5e87bad3c948f4d605d) (ScriptedImporter) -> (artifact id: '3e0ecbfe991e395b6be4c765f0371a19') in 0.0262258 seconds
Number of updated asset objects reloaded before import = 0Number of asset objects unloaded after import = 1

========================================================================
Received Import Request.
  Time since last request: 0.000030 seconds.
  path: Assets/Clouded Studio/2D Simple Nature Pack/Sprites/Vegetations/Bushes/Bush01.png
  artifactKey: Guid(f357ecd3dde96134ebc4b653fc437443) Importer(2089858483,b0f066a214c2f5e87bad3c948f4d605d)
Start importing Assets/Clouded Studio/2D Simple Nature Pack/Sprites/Vegetations/Bushes/Bush01.png using Guid(f357ecd3dde96134ebc4b653fc437443) Importer(2089858483,b0f066a214c2f5e87bad3c948f4d605d) (ScriptedImporter) -> (artifact id: '3d0b3e2a177aa67df0c5bfb64bc7165d') in 0.0331753 seconds
Number of updated asset objects reloaded before import = 0Number of asset objects unloaded after import = 3

========================================================================
Received Import Request.
  Time since last request: 0.000027 seconds.
  path: Assets/Plugins/PrimeTween/Demo/Stylized Cartoon Van by Fero Andezo/Interior.png
  artifactKey: Guid(d9cb62c342d1047c088a4343b86104f5) Importer(2089858483,b0f066a214c2f5e87bad3c948f4d605d)
Start importing Assets/Plugins/PrimeTween/Demo/Stylized Cartoon Van by Fero Andezo/Interior.png using Guid(d9cb62c342d1047c088a4343b86104f5) Importer(2089858483,b0f066a214c2f5e87bad3c948f4d605d) (ScriptedImporter) -> (artifact id: 'b83cdff62fde2e4573bd7a4e04fd5e4b') in 0.0269214 seconds
Number of updated asset objects reloaded before import = 0Number of asset objects unloaded after import = 1

========================================================================
Received Import Request.
  Time since last request: 0.000020 seconds.
  path: Assets/Plugins/PrimeTween/Demo/Stylized Sand by Joao Paulo/Stylized_Sand_001_basecolor_URP.mat
  artifactKey: Guid(5b3bd009b3212427983eb7f4e416527a) Importer(2089858483,b0f066a214c2f5e87bad3c948f4d605d)
Start importing Assets/Plugins/PrimeTween/Demo/Stylized Sand by Joao Paulo/Stylized_Sand_001_basecolor_URP.mat using Guid(5b3bd009b3212427983eb7f4e416527a) Importer(2089858483,b0f066a214c2f5e87bad3c948f4d605d) (ScriptedImporter) -> (artifact id: '2c0f4d8c02faff9415cba072edf91fbe') in 0.0391477 seconds
Number of updated asset objects reloaded before import = 0Number of asset objects unloaded after import = 6

========================================================================
Received Import Request.
  Time since last request: 0.000020 seconds.
  path: Assets/game assets/chess/Chess Pieces/Chess Pieces/Pieces/sprite_00.png
  artifactKey: Guid(43aa9e9f1ff3ecf4fbe3dbdfd373ae8b) Importer(2089858483,b0f066a214c2f5e87bad3c948f4d605d)
Start importing Assets/game assets/chess/Chess Pieces/Chess Pieces/Pieces/sprite_00.png using Guid(43aa9e9f1ff3ecf4fbe3dbdfd373ae8b) Importer(2089858483,b0f066a214c2f5e87bad3c948f4d605d) (ScriptedImporter) -> (artifact id: '485fcd27551faf5a8f038db262039164') in 0.025791 seconds
Number of updated asset objects reloaded before import = 0Number of asset objects unloaded after import = 3

========================================================================
Received Import Request.
  Time since last request: 0.000023 seconds.
  path: Assets/game assets/chess/Chess Pieces/Chess Pieces/Pieces/sprite_01.png
  artifactKey: Guid(e4c4c12363d4a524e8baa1d419b0b076) Importer(2089858483,b0f066a214c2f5e87bad3c948f4d605d)
Start importing Assets/game assets/chess/Chess Pieces/Chess Pieces/Pieces/sprite_01.png using Guid(e4c4c12363d4a524e8baa1d419b0b076) Importer(2089858483,b0f066a214c2f5e87bad3c948f4d605d) (ScriptedImporter) -> (artifact id: '627ff3ab303d1f614df3ae6601dd344a') in 0.0304528 seconds
Number of updated asset objects reloaded before import = 0Number of asset objects unloaded after import = 3

========================================================================
Received Import Request.
  Time since last request: 0.000039 seconds.
  path: Assets/game assets/chess/Chess Pieces/Chess Pieces/Pieces/sprite_05.png
  artifactKey: Guid(80abaeda810711440af97b407199cb68) Importer(2089858483,b0f066a214c2f5e87bad3c948f4d605d)
Start importing Assets/game assets/chess/Chess Pieces/Chess Pieces/Pieces/sprite_05.png using Guid(80abaeda810711440af97b407199cb68) Importer(2089858483,b0f066a214c2f5e87bad3c948f4d605d) (ScriptedImporter) -> (artifact id: 'ce7b9ec907a544706b429ec491a9cd17') in 0.0360829 seconds
Number of updated asset objects reloaded before import = 0Number of asset objects unloaded after import = 3

========================================================================
Received Import Request.
  Time since last request: 0.000022 seconds.
  path: Assets/game assets/chess/Chess Pieces/Chess Pieces/Pieces/sprite_03.png
  artifactKey: Guid(6ba1145a3c338514abea2d7e35f5d733) Importer(2089858483,b0f066a214c2f5e87bad3c948f4d605d)
Start importing Assets/game assets/chess/Chess Pieces/Chess Pieces/Pieces/sprite_03.png using Guid(6ba1145a3c338514abea2d7e35f5d733) Importer(2089858483,b0f066a214c2f5e87bad3c948f4d605d) (ScriptedImporter) -> (artifact id: '60d390c8297cb388c066a7eea25031e0') in 0.0184637 seconds
Number of updated asset objects reloaded before import = 0Number of asset objects unloaded after import = 3

========================================================================
Received Import Request.
  Time since last request: 0.000021 seconds.
  path: Assets/Clouded Studio/2D Simple Nature Pack/Prefabs/Lights/Shafts.prefab
  artifactKey: Guid(1ee1b39b19d88bb45b6db8acd51f3811) Importer(2089858483,b0f066a214c2f5e87bad3c948f4d605d)
Start importing Assets/Clouded Studio/2D Simple Nature Pack/Prefabs/Lights/Shafts.prefab using Guid(1ee1b39b19d88bb45b6db8acd51f3811) Importer(2089858483,b0f066a214c2f5e87bad3c948f4d605d) (ScriptedImporter) -> (artifact id: '2296e27ccc6e7c79ce097b431d8cc25d') in 0.0168436 seconds
Number of updated asset objects reloaded before import = 0Number of asset objects unloaded after import = 7

========================================================================
Received Import Request.
  Time since last request: 0.000097 seconds.
  path: Assets/Clouded Studio/2D Simple Nature Pack/Sprites/Vegetations/Bushes/bush02.png
  artifactKey: Guid(1191c83ad7fc3874e9e551957e27ba1a) Importer(2089858483,b0f066a214c2f5e87bad3c948f4d605d)
Start importing Assets/Clouded Studio/2D Simple Nature Pack/Sprites/Vegetations/Bushes/bush02.png using Guid(1191c83ad7fc3874e9e551957e27ba1a) Importer(2089858483,b0f066a214c2f5e87bad3c948f4d605d) (ScriptedImporter) -> (artifact id: '1643d82e977f7eb8112f3f368e9ba504') in 0.0283229 seconds
Number of updated asset objects reloaded before import = 0Number of asset objects unloaded after import = 3

========================================================================
Received Import Request.
  Time since last request: 0.000044 seconds.
  path: Assets/game assets/chess/Chess Pieces/Chess Pieces/Pieces/sprite_09.png
  artifactKey: Guid(6902f6113eccb0d40a8c3504d69b262c) Importer(2089858483,b0f066a214c2f5e87bad3c948f4d605d)
Start importing Assets/game assets/chess/Chess Pieces/Chess Pieces/Pieces/sprite_09.png using Guid(6902f6113eccb0d40a8c3504d69b262c) Importer(2089858483,b0f066a214c2f5e87bad3c948f4d605d) (ScriptedImporter) -> (artifact id: 'f0ccabd63d7dc62e30481af89f537793') in 0.0204989 seconds
Number of updated asset objects reloaded before import = 0Number of asset objects unloaded after import = 3

========================================================================
Received Import Request.
  Time since last request: 0.000043 seconds.
  path: Assets/game assets/chess/Chess Pieces/Chess Pieces/Pieces/sprite_10.png
  artifactKey: Guid(3ad044ac92499d54c8745209c7b8bd1e) Importer(2089858483,b0f066a214c2f5e87bad3c948f4d605d)
Start importing Assets/game assets/chess/Chess Pieces/Chess Pieces/Pieces/sprite_10.png using Guid(3ad044ac92499d54c8745209c7b8bd1e) Importer(2089858483,b0f066a214c2f5e87bad3c948f4d605d) (ScriptedImporter) -> (artifact id: '5e391b8e3dbb5250b917ee63e3b352aa') in 0.0255211 seconds
Number of updated asset objects reloaded before import = 0Number of asset objects unloaded after import = 3

========================================================================
Received Import Request.
  Time since last request: 0.000021 seconds.
  path: Assets/game assets/Memory card Game/Card Memory Game - Cats/Card Memory Game - Cats/Cards/White-Cat.png
  artifactKey: Guid(d20908521699e80449aa25228b91b059) Importer(2089858483,b0f066a214c2f5e87bad3c948f4d605d)
Start importing Assets/game assets/Memory card Game/Card Memory Game - Cats/Card Memory Game - Cats/Cards/White-Cat.png using Guid(d20908521699e80449aa25228b91b059) Importer(2089858483,b0f066a214c2f5e87bad3c948f4d605d) (ScriptedImporter) -> (artifact id: 'fc92d667aaa0d6efc92e74b83ad84143') in 0.0362815 seconds
Number of updated asset objects reloaded before import = 0Number of asset objects unloaded after import = 3

========================================================================
Received Import Request.
  Time since last request: 0.000026 seconds.
  path: Assets/game assets/chess/Chess Pieces/Chess Pieces/Pieces/sprite_06.png
  artifactKey: Guid(c826f85456270b24993e3f7e77d43b7f) Importer(2089858483,b0f066a214c2f5e87bad3c948f4d605d)
Start importing Assets/game assets/chess/Chess Pieces/Chess Pieces/Pieces/sprite_06.png using Guid(c826f85456270b24993e3f7e77d43b7f) Importer(2089858483,b0f066a214c2f5e87bad3c948f4d605d) (ScriptedImporter) -> (artifact id: '4944c16324a285f94017eebeab68a54e') in 0.024441 seconds
Number of updated asset objects reloaded before import = 0Number of asset objects unloaded after import = 3

========================================================================
Received Import Request.
  Time since last request: 0.000037 seconds.
  path: Assets/game assets/Memory card Game/Card Memory Game - Cats/Card Memory Game - Cats/Cards/Lion-Cat.png
  artifactKey: Guid(d8574dcd5a74e6047ab11efda00d5722) Importer(2089858483,b0f066a214c2f5e87bad3c948f4d605d)
Start importing Assets/game assets/Memory card Game/Card Memory Game - Cats/Card Memory Game - Cats/Cards/Lion-Cat.png using Guid(d8574dcd5a74e6047ab11efda00d5722) Importer(2089858483,b0f066a214c2f5e87bad3c948f4d605d) (ScriptedImporter) -> (artifact id: '1f96b693118254cb8c16e8fbb33efcf7') in 0.0266062 seconds
Number of updated asset objects reloaded before import = 0Number of asset objects unloaded after import = 3

========================================================================
Received Import Request.
  Time since last request: 0.000027 seconds.
  path: Assets/Plugins/PrimeTween/Demo/Stylized Cartoon Van by Fero Andezo/Materials_URP/Exterior.mat
  artifactKey: Guid(4664d12bb5ac04e998b3008d8f2803dc) Importer(2089858483,b0f066a214c2f5e87bad3c948f4d605d)
Start importing Assets/Plugins/PrimeTween/Demo/Stylized Cartoon Van by Fero Andezo/Materials_URP/Exterior.mat using Guid(4664d12bb5ac04e998b3008d8f2803dc) Importer(2089858483,b0f066a214c2f5e87bad3c948f4d605d) (ScriptedImporter) -> (artifact id: '8484704b8f4e7ebd0e5925ed09ad60ba') in 0.0251449 seconds
Number of updated asset objects reloaded before import = 0Number of asset objects unloaded after import = 2

========================================================================
Received Import Request.
  Time since last request: 0.000027 seconds.
  path: Assets/Plugins/PrimeTween/Demo/Scripts/MeasureAllocations/DebugInfo.cs
  artifactKey: Guid(c0ef97c778caf4b70aea23911ded98ab) Importer(2089858483,b0f066a214c2f5e87bad3c948f4d605d)
Start importing Assets/Plugins/PrimeTween/Demo/Scripts/MeasureAllocations/DebugInfo.cs using Guid(c0ef97c778caf4b70aea23911ded98ab) Importer(2089858483,b0f066a214c2f5e87bad3c948f4d605d) (ScriptedImporter) -> (artifact id: '21647e903b82b5af33f79117052c76e5') in 0.0149257 seconds
Number of updated asset objects reloaded before import = 0Number of asset objects unloaded after import = 0

========================================================================
Received Import Request.
  Time since last request: 0.000030 seconds.
  path: Assets/Plugins/PrimeTween/Demo/Stylized Cartoon Van by Fero Andezo/Materials/Exterior.mat
  artifactKey: Guid(e3fb3841a697f42f18609c8864d87886) Importer(2089858483,b0f066a214c2f5e87bad3c948f4d605d)
Start importing Assets/Plugins/PrimeTween/Demo/Stylized Cartoon Van by Fero Andezo/Materials/Exterior.mat using Guid(e3fb3841a697f42f18609c8864d87886) Importer(2089858483,b0f066a214c2f5e87bad3c948f4d605d) (ScriptedImporter) -> (artifact id: 'a37954c9338d31a4932df1f0113ef2ff') in 0.036356 seconds
Number of updated asset objects reloaded before import = 0Number of asset objects unloaded after import = 2

========================================================================
Received Import Request.
  Time since last request: 0.000048 seconds.
  path: Assets/Plugins/PrimeTween/Demo/Stylized Cartoon Van by Fero Andezo/Materials_URP/interior.mat
  artifactKey: Guid(4ba9f664d3cac4d60b6c273c337e94b1) Importer(2089858483,b0f066a214c2f5e87bad3c948f4d605d)
Start importing Assets/Plugins/PrimeTween/Demo/Stylized Cartoon Van by Fero Andezo/Materials_URP/interior.mat using Guid(4ba9f664d3cac4d60b6c273c337e94b1) Importer(2089858483,b0f066a214c2f5e87bad3c948f4d605d) (ScriptedImporter) -> (artifact id: '1176fe2794cd6a3471b2bc7e04e6a96e') in 0.0205209 seconds
Number of updated asset objects reloaded before import = 0Number of asset objects unloaded after import = 2

========================================================================
Received Import Request.
  Time since last request: 0.000031 seconds.
  path: Assets/game assets/Memory card Game/Card Memory Game - Cats/Card Memory Game - Cats/Cards/Mystical-Cat.png
  artifactKey: Guid(ef4d72cb62df9364cad910e578b8ff8d) Importer(2089858483,b0f066a214c2f5e87bad3c948f4d605d)
Start importing Assets/game assets/Memory card Game/Card Memory Game - Cats/Card Memory Game - Cats/Cards/Mystical-Cat.png using Guid(ef4d72cb62df9364cad910e578b8ff8d) Importer(2089858483,b0f066a214c2f5e87bad3c948f4d605d) (ScriptedImporter) -> (artifact id: 'a5547c8f7a7c7f46c1c321b53588eab3') in 0.0500245 seconds
Number of updated asset objects reloaded before import = 0Number of asset objects unloaded after import = 3

========================================================================
Received Import Request.
  Time since last request: 0.000025 seconds.
  path: Assets/Cartoon UI/White Icons/White Icons/White Icons 2/White Potion 1.png
  artifactKey: Guid(6c07ecf431f87a7429cf713d293f7c4b) Importer(2089858483,b0f066a214c2f5e87bad3c948f4d605d)
Start importing Assets/Cartoon UI/White Icons/White Icons/White Icons 2/White Potion 1.png using Guid(6c07ecf431f87a7429cf713d293f7c4b) Importer(2089858483,b0f066a214c2f5e87bad3c948f4d605d) (ScriptedImporter) -> (artifact id: '5760a699504768a9f91a43983ba487b7') in 0.0574467 seconds
Number of updated asset objects reloaded before import = 0Number of asset objects unloaded after import = 3

========================================================================
Received Import Request.
  Time since last request: 0.000069 seconds.
  path: Assets/Cartoon UI/White Icons/White Icons/White Icons 2/White Cloud.png
  artifactKey: Guid(287e41ff535ac8c4b9da1152fe096820) Importer(2089858483,b0f066a214c2f5e87bad3c948f4d605d)
Start importing Assets/Cartoon UI/White Icons/White Icons/White Icons 2/White Cloud.png using Guid(287e41ff535ac8c4b9da1152fe096820) Importer(2089858483,b0f066a214c2f5e87bad3c948f4d605d) (ScriptedImporter) -> (artifact id: 'c591de062c117bbb1f7d1107ff3bf296') in 0.0298497 seconds
Number of updated asset objects reloaded before import = 0Number of asset objects unloaded after import = 3

========================================================================
Received Import Request.
  Time since last request: 0.000025 seconds.
  path: Assets/Cartoon UI/White Icons/White Icons/White Icons 1/Rewind.png
  artifactKey: Guid(55fc366c068c70d46802cf579fa91b50) Importer(2089858483,b0f066a214c2f5e87bad3c948f4d605d)
Start importing Assets/Cartoon UI/White Icons/White Icons/White Icons 1/Rewind.png using Guid(55fc366c068c70d46802cf579fa91b50) Importer(2089858483,b0f066a214c2f5e87bad3c948f4d605d) (ScriptedImporter) -> (artifact id: '7bec3579622f50e2af093cb6d0bc079c') in 0.0307334 seconds
Number of updated asset objects reloaded before import = 0Number of asset objects unloaded after import = 3

========================================================================
Received Import Request.
  Time since last request: 0.000017 seconds.
  path: Assets/Cartoon UI/White Icons/White Icons/White Icons 2/White Hammer 2.png
  artifactKey: Guid(242f56478bae745448a725846c207481) Importer(2089858483,b0f066a214c2f5e87bad3c948f4d605d)
Start importing Assets/Cartoon UI/White Icons/White Icons/White Icons 2/White Hammer 2.png using Guid(242f56478bae745448a725846c207481) Importer(2089858483,b0f066a214c2f5e87bad3c948f4d605d) (ScriptedImporter) -> (artifact id: '52d2977ba6dabf773ef2b04a11ac650b') in 0.0339949 seconds
Number of updated asset objects reloaded before import = 0Number of asset objects unloaded after import = 3

========================================================================
Received Import Request.
  Time since last request: 0.000050 seconds.
  path: Assets/Aztech Games/PC&ConsoleButtonsIcons/XConsole/colorX.png
  artifactKey: Guid(8b2ade512af55494b9c7beef58de1b49) Importer(2089858483,b0f066a214c2f5e87bad3c948f4d605d)
Start importing Assets/Aztech Games/PC&ConsoleButtonsIcons/XConsole/colorX.png using Guid(8b2ade512af55494b9c7beef58de1b49) Importer(2089858483,b0f066a214c2f5e87bad3c948f4d605d) (ScriptedImporter) -> (artifact id: '93bb535154000f79dfcc85189d3417a6') in 0.0414819 seconds
Number of updated asset objects reloaded before import = 0Number of asset objects unloaded after import = 3

========================================================================
Received Import Request.
  Time since last request: 0.000028 seconds.
  path: Assets/Aztech Games/PC&ConsoleButtonsIcons/XConsole_White/RUp.png
  artifactKey: Guid(9ac90de54d86821419927015c945ac28) Importer(2089858483,b0f066a214c2f5e87bad3c948f4d605d)
Start importing Assets/Aztech Games/PC&ConsoleButtonsIcons/XConsole_White/RUp.png using Guid(9ac90de54d86821419927015c945ac28) Importer(2089858483,b0f066a214c2f5e87bad3c948f4d605d) (ScriptedImporter) -> (artifact id: 'a6a6300aec82f75595e5f2af7686cc0d') in 0.0326362 seconds
Number of updated asset objects reloaded before import = 0Number of asset objects unloaded after import = 3

========================================================================
Received Import Request.
  Time since last request: 0.000028 seconds.
  path: Assets/Aztech Games/PC&ConsoleButtonsIcons/Keyboard/w.png
  artifactKey: Guid(60407446d772abe4f9b23cf40260121c) Importer(2089858483,b0f066a214c2f5e87bad3c948f4d605d)
Start importing Assets/Aztech Games/PC&ConsoleButtonsIcons/Keyboard/w.png using Guid(60407446d772abe4f9b23cf40260121c) Importer(2089858483,b0f066a214c2f5e87bad3c948f4d605d) (ScriptedImporter) -> (artifact id: '78c5887a5ebe8b0fa626beb1da5a80e7') in 0.0381887 seconds
Number of updated asset objects reloaded before import = 0Number of asset objects unloaded after import = 3

========================================================================
Received Import Request.
  Time since last request: 0.000032 seconds.
  path: Assets/TextMesh Pro/Shaders/TMP_Bitmap-Mobile.shader
  artifactKey: Guid(1e3b057af24249748ff873be7fafee47) Importer(2089858483,b0f066a214c2f5e87bad3c948f4d605d)
Start importing Assets/TextMesh Pro/Shaders/TMP_Bitmap-Mobile.shader using Guid(1e3b057af24249748ff873be7fafee47) Importer(2089858483,b0f066a214c2f5e87bad3c948f4d605d) (ScriptedImporter) -> (artifact id: '28aa70fd3a3edc543b85782fae3fe7e5') in 0.0248756 seconds
Number of updated asset objects reloaded before import = 0Number of asset objects unloaded after import = 1

========================================================================
Received Import Request.
  Time since last request: 0.000046 seconds.
  path: Assets/Scripts/new number sequence/NumberSequence.cs
  artifactKey: Guid(062732db5c1e9284f9b7bfbf6e2de8e9) Importer(2089858483,b0f066a214c2f5e87bad3c948f4d605d)
Start importing Assets/Scripts/new number sequence/NumberSequence.cs using Guid(062732db5c1e9284f9b7bfbf6e2de8e9) Importer(2089858483,b0f066a214c2f5e87bad3c948f4d605d) (ScriptedImporter) -> (artifact id: '8d73550413ea3fdc1017391b7380e73e') in 0.025312 seconds
Number of updated asset objects reloaded before import = 0Number of asset objects unloaded after import = 0

========================================================================
Received Import Request.
  Time since last request: 0.000064 seconds.
  path: Assets/Cartoon UI/Icons/Chic.png
  artifactKey: Guid(659ee9c0eba2be444b5597378d6e123a) Importer(2089858483,b0f066a214c2f5e87bad3c948f4d605d)
Start importing Assets/Cartoon UI/Icons/Chic.png using Guid(659ee9c0eba2be444b5597378d6e123a) Importer(2089858483,b0f066a214c2f5e87bad3c948f4d605d) (ScriptedImporter) -> (artifact id: '100a83dd7fd58b6bacd65a465488dac1') in 0.0332949 seconds
Number of updated asset objects reloaded before import = 0Number of asset objects unloaded after import = 3

========================================================================
Received Import Request.
  Time since last request: 0.000038 seconds.
  path: Assets/Cartoon UI/Icons/Gem5 Purple.png
  artifactKey: Guid(34e3e655fdf0cfe4f8c7dc514f21cfcc) Importer(2089858483,b0f066a214c2f5e87bad3c948f4d605d)
Start importing Assets/Cartoon UI/Icons/Gem5 Purple.png using Guid(34e3e655fdf0cfe4f8c7dc514f21cfcc) Importer(2089858483,b0f066a214c2f5e87bad3c948f4d605d) (ScriptedImporter) -> (artifact id: 'e3d40a88261295b2ed16b62223925e14') in 0.0350974 seconds
Number of updated asset objects reloaded before import = 0Number of asset objects unloaded after import = 3

========================================================================
Received Import Request.
  Time since last request: 0.000035 seconds.
  path: Assets/Aztech Games/PC&ConsoleButtonsIcons/Ps5_White/L1.png
  artifactKey: Guid(81f4668893f5dbc4b8286dc9e5f10e5d) Importer(2089858483,b0f066a214c2f5e87bad3c948f4d605d)
Start importing Assets/Aztech Games/PC&ConsoleButtonsIcons/Ps5_White/L1.png using Guid(81f4668893f5dbc4b8286dc9e5f10e5d) Importer(2089858483,b0f066a214c2f5e87bad3c948f4d605d) (ScriptedImporter) -> (artifact id: 'abdfa91dd4b5a91fce26d159bbb862b9') in 0.037515 seconds
Number of updated asset objects reloaded before import = 0Number of asset objects unloaded after import = 3

========================================================================
Received Import Request.
  Time since last request: 0.000035 seconds.
  path: Assets/Cartoon UI/Icons/Game Pad.png
  artifactKey: Guid(6bf06f7ed45feb44faaa0a552590ea39) Importer(2089858483,b0f066a214c2f5e87bad3c948f4d605d)
Start importing Assets/Cartoon UI/Icons/Game Pad.png using Guid(6bf06f7ed45feb44faaa0a552590ea39) Importer(2089858483,b0f066a214c2f5e87bad3c948f4d605d) (ScriptedImporter) -> (artifact id: '6aee5408a2e093cbcac44308ff28b694') in 0.0256202 seconds
Number of updated asset objects reloaded before import = 0Number of asset objects unloaded after import = 3

========================================================================
Received Import Request.
  Time since last request: 0.000022 seconds.
  path: Assets/Aztech Games/PC&ConsoleButtonsIcons/Keyboard/mouseRightClick.png
  artifactKey: Guid(f84cc02c6378b684a9137863e17689fe) Importer(2089858483,b0f066a214c2f5e87bad3c948f4d605d)
Start importing Assets/Aztech Games/PC&ConsoleButtonsIcons/Keyboard/mouseRightClick.png using Guid(f84cc02c6378b684a9137863e17689fe) Importer(2089858483,b0f066a214c2f5e87bad3c948f4d605d) (ScriptedImporter) -> (artifact id: '1b49242c9fde7ece9fc5b7cd8831af5d') in 0.0322243 seconds
Number of updated asset objects reloaded before import = 0Number of asset objects unloaded after import = 3

========================================================================
Received Import Request.
  Time since last request: 0.000052 seconds.
  path: Assets/Aztech Games/PC&ConsoleButtonsIcons/Keyboard_White/f10.png
  artifactKey: Guid(67bfe0c0ff57050439f753015a3444e4) Importer(2089858483,b0f066a214c2f5e87bad3c948f4d605d)
Start importing Assets/Aztech Games/PC&ConsoleButtonsIcons/Keyboard_White/f10.png using Guid(67bfe0c0ff57050439f753015a3444e4) Importer(2089858483,b0f066a214c2f5e87bad3c948f4d605d) (ScriptedImporter) -> (artifact id: '79f2f4b35de03299f37f468d832e7401') in 0.0480177 seconds
Number of updated asset objects reloaded before import = 0Number of asset objects unloaded after import = 3

========================================================================
Received Import Request.
  Time since last request: 0.000066 seconds.
  path: Assets/Cartoon UI/Panels/Store Skyblue.png
  artifactKey: Guid(86c9b4b950088cd458c57da7c4341294) Importer(2089858483,b0f066a214c2f5e87bad3c948f4d605d)
Start importing Assets/Cartoon UI/Panels/Store Skyblue.png using Guid(86c9b4b950088cd458c57da7c4341294) Importer(2089858483,b0f066a214c2f5e87bad3c948f4d605d) (ScriptedImporter) -> (artifact id: '56f06f22aa88b786650591d9f085b02f') in 0.0550586 seconds
Number of updated asset objects reloaded before import = 0Number of asset objects unloaded after import = 3

========================================================================
Received Import Request.
  Time since last request: 0.000069 seconds.
  path: Assets/Cartoon UI/Icons/Gem4 Yellow.png
  artifactKey: Guid(34e197b235af9d648bfe85c3f634c145) Importer(2089858483,b0f066a214c2f5e87bad3c948f4d605d)
Start importing Assets/Cartoon UI/Icons/Gem4 Yellow.png using Guid(34e197b235af9d648bfe85c3f634c145) Importer(2089858483,b0f066a214c2f5e87bad3c948f4d605d) (ScriptedImporter) -> (artifact id: '8599a442a344bf9c91d8fca967d3a1b7') in 0.0466678 seconds
Number of updated asset objects reloaded before import = 0Number of asset objects unloaded after import = 3

========================================================================
Received Import Request.
  Time since last request: 0.000037 seconds.
  path: Assets/Cartoon UI/Icons/Gem3 Red.png
  artifactKey: Guid(009506875b6bb994590796065527ec3f) Importer(2089858483,b0f066a214c2f5e87bad3c948f4d605d)
Start importing Assets/Cartoon UI/Icons/Gem3 Red.png using Guid(009506875b6bb994590796065527ec3f) Importer(2089858483,b0f066a214c2f5e87bad3c948f4d605d) (ScriptedImporter) -> (artifact id: 'b24d32a90840ee99bfa11451f38986cd') in 0.0308212 seconds
Number of updated asset objects reloaded before import = 0Number of asset objects unloaded after import = 3

========================================================================
Received Import Request.
  Time since last request: 0.000046 seconds.
  path: Assets/Cartoon UI/Icons/Rank Badge.png
  artifactKey: Guid(1361ec617cc1b7747888ff85805def8b) Importer(2089858483,b0f066a214c2f5e87bad3c948f4d605d)
Start importing Assets/Cartoon UI/Icons/Rank Badge.png using Guid(1361ec617cc1b7747888ff85805def8b) Importer(2089858483,b0f066a214c2f5e87bad3c948f4d605d) (ScriptedImporter) -> (artifact id: '1f283e3636634418cca8e161ce7d805e') in 0.0342164 seconds
Number of updated asset objects reloaded before import = 0Number of asset objects unloaded after import = 3

========================================================================
Received Import Request.
  Time since last request: 0.000062 seconds.
  path: Assets/Cartoon UI/Icons/Megaphone.png
  artifactKey: Guid(9c65064b3a4b23a4496c95b63f1c3ac3) Importer(2089858483,b0f066a214c2f5e87bad3c948f4d605d)
Start importing Assets/Cartoon UI/Icons/Megaphone.png using Guid(9c65064b3a4b23a4496c95b63f1c3ac3) Importer(2089858483,b0f066a214c2f5e87bad3c948f4d605d) (ScriptedImporter) -> (artifact id: 'f88570f37e367734dc73a43ca63f45a9') in 0.0415006 seconds
Number of updated asset objects reloaded before import = 0Number of asset objects unloaded after import = 3

========================================================================
Received Import Request.
  Time since last request: 0.000027 seconds.
  path: Assets/Cartoon UI/Icons/Gem3 Orange.png
  artifactKey: Guid(7c7eadb7be51a5c48bcda5c1798b32c1) Importer(2089858483,b0f066a214c2f5e87bad3c948f4d605d)
Start importing Assets/Cartoon UI/Icons/Gem3 Orange.png using Guid(7c7eadb7be51a5c48bcda5c1798b32c1) Importer(2089858483,b0f066a214c2f5e87bad3c948f4d605d) (ScriptedImporter) -> (artifact id: '12680026385aa4a4c8097caf28779030') in 0.0256179 seconds
Number of updated asset objects reloaded before import = 0Number of asset objects unloaded after import = 3

========================================================================
Received Import Request.
  Time since last request: 0.000034 seconds.
  path: Assets/Cartoon UI/Prefabs/Daily Rewards Panel.prefab
  artifactKey: Guid(0768fe739d1e3524786d43e78984bbc2) Importer(2089858483,b0f066a214c2f5e87bad3c948f4d605d)
Start importing Assets/Cartoon UI/Prefabs/Daily Rewards Panel.prefab using Guid(0768fe739d1e3524786d43e78984bbc2) Importer(2089858483,b0f066a214c2f5e87bad3c948f4d605d) (ScriptedImporter) -> (artifact id: 'ba82c46f47eaec9f3607f4d999d0a286') in 0.0671174 seconds
Number of updated asset objects reloaded before import = 0Number of asset objects unloaded after import = 202

========================================================================
Received Import Request.
  Time since last request: 0.000046 seconds.
  path: Assets/TextMesh Pro/Sprites/EmojiOne.json
  artifactKey: Guid(8f05276190cf498a8153f6cbe761d4e6) Importer(2089858483,b0f066a214c2f5e87bad3c948f4d605d)
Start importing Assets/TextMesh Pro/Sprites/EmojiOne.json using Guid(8f05276190cf498a8153f6cbe761d4e6) Importer(2089858483,b0f066a214c2f5e87bad3c948f4d605d) (ScriptedImporter) -> (artifact id: '1e9065d2ca242a3c7fe203ddb208ef23') in 0.0167384 seconds
Number of updated asset objects reloaded before import = 0Number of asset objects unloaded after import = 1

========================================================================
Received Import Request.
  Time since last request: 0.000021 seconds.
  path: Assets/Cartoon UI/Icons/Pile Of Gem.png
  artifactKey: Guid(bb70a1b9386eb3540ae804c4046c36ed) Importer(2089858483,b0f066a214c2f5e87bad3c948f4d605d)
Start importing Assets/Cartoon UI/Icons/Pile Of Gem.png using Guid(bb70a1b9386eb3540ae804c4046c36ed) Importer(2089858483,b0f066a214c2f5e87bad3c948f4d605d) (ScriptedImporter) -> (artifact id: '17f11f298af6abbd2a490d4621d70503') in 0.0345077 seconds
Number of updated asset objects reloaded before import = 0Number of asset objects unloaded after import = 3

========================================================================
Received Import Request.
  Time since last request: 0.000045 seconds.
  path: Assets/Cartoon UI/Sliders/Slider Background.png
  artifactKey: Guid(05820c3dc41171e4ca9f7163cde3692b) Importer(2089858483,b0f066a214c2f5e87bad3c948f4d605d)
Start importing Assets/Cartoon UI/Sliders/Slider Background.png using Guid(05820c3dc41171e4ca9f7163cde3692b) Importer(2089858483,b0f066a214c2f5e87bad3c948f4d605d) (ScriptedImporter) -> (artifact id: 'b19570e332fd513d608342722b32816c') in 0.0201742 seconds
Number of updated asset objects reloaded before import = 0Number of asset objects unloaded after import = 3

========================================================================
Received Import Request.
  Time since last request: 0.000025 seconds.
  path: Assets/Cartoon UI/Prefabs/Mail Panel.prefab
  artifactKey: Guid(d54409c8918730946a5c603b3d04e0fb) Importer(2089858483,b0f066a214c2f5e87bad3c948f4d605d)
Start importing Assets/Cartoon UI/Prefabs/Mail Panel.prefab using Guid(d54409c8918730946a5c603b3d04e0fb) Importer(2089858483,b0f066a214c2f5e87bad3c948f4d605d) (ScriptedImporter) -> (artifact id: '116ccc1cf0d55a0292722d44ccb5ac08') in 0.0402784 seconds
Number of updated asset objects reloaded before import = 0Number of asset objects unloaded after import = 198

========================================================================
Received Import Request.
  Time since last request: 0.000027 seconds.
  path: Assets/Cartoon UI/White Icons/White Icons/White Icons 2/White Helmet.png
  artifactKey: Guid(0d97d9f35c39ca2488ba548dd92d6282) Importer(2089858483,b0f066a214c2f5e87bad3c948f4d605d)
Start importing Assets/Cartoon UI/White Icons/White Icons/White Icons 2/White Helmet.png using Guid(0d97d9f35c39ca2488ba548dd92d6282) Importer(2089858483,b0f066a214c2f5e87bad3c948f4d605d) (ScriptedImporter) -> (artifact id: '33bf5a209545f8b729332e826726aa6c') in 0.0302263 seconds
Number of updated asset objects reloaded before import = 0Number of asset objects unloaded after import = 3

========================================================================
Received Prepare
Begin MonoManager ReloadAssembly
[Licensing::Client] Successfully resolved entitlement details
- Loaded All Assemblies, in  1.163 seconds
Refreshing native plugins compatible for Editor in 3.01 ms, found 4 plugins.
Native extension for WindowsStandalone target not found
Native extension for WebGL target not found
[Package Manager] Failed to launch server process. Reason: Unity was launched with the -noUpm command-line argument
[Package Manager] Unable to send message (not connected to server process).
[Package Manager] Cannot connect to Unity Package Manager local server
ScheduleIndexationOnStartup MainProcess:False IndexOnStartup:True
Mono: successfully reloaded assembly
- Finished resetting the current domain, in  1.170 seconds
Domain Reload Profiling: 2331ms
	BeginReloadAssembly (389ms)
		ExecutionOrderSort (0ms)
		DisableScriptedObjects (46ms)
		BackupInstance (0ms)
		ReleaseScriptingObjects (1ms)
		CreateAndSetChildDomain (111ms)
	RebuildCommonClasses (46ms)
	RebuildNativeTypeToScriptingClass (12ms)
	initialDomainReloadingComplete (37ms)
	LoadAllAssembliesAndSetupDomain (675ms)
		LoadAssemblies (560ms)
		RebuildTransferFunctionScriptingTraits (0ms)
		AnalyzeDomain (246ms)
			TypeCache.Refresh (13ms)
				TypeCache.ScanAssembly (0ms)
			BuildScriptInfoCaches (216ms)
			ResolveRequiredComponents (10ms)
	FinalizeReload (1171ms)
		ReleaseScriptCaches (0ms)
		RebuildScriptCaches (0ms)
		SetupLoadedEditorAssemblies (901ms)
			LogAssemblyErrors (0ms)
			InitializePlatformSupportModulesInManaged (4ms)
			SetLoadedEditorAssemblies (9ms)
			BeforeProcessingInitializeOnLoad (246ms)
			ProcessInitializeOnLoadAttributes (508ms)
			ProcessInitializeOnLoadMethodAttributes (121ms)
			AfterProcessingInitializeOnLoad (11ms)
			EditorAssembliesLoaded (1ms)
		ExecutionOrderSort2 (0ms)
		AwakeInstancesAfterBackupRestoration (24ms)
Refreshing native plugins compatible for Editor in 2.65 ms, found 4 plugins.
Preloading 0 native plugins for Editor in 0.00 ms.
Unloading 16 Unused Serialized files (Serialized files now loaded: 0)
Unloading 7006 unused Assets / (5.3 MB). Loaded Objects now: 7844.
Memory consumption went from 159.9 MB to 154.6 MB.
Total: 25.193600 ms (FindLiveObjects: 1.867700 ms CreateObjectMapping: 2.576800 ms MarkObjects: 13.211800 ms  DeleteObjects: 7.535000 ms)

Prepare: number of updated asset objects reloaded= 0
========================================================================
Received Prepare
Begin MonoManager ReloadAssembly
[Licensing::Client] Successfully resolved entitlement details
- Loaded All Assemblies, in  0.866 seconds
Refreshing native plugins compatible for Editor in 1.80 ms, found 4 plugins.
Native extension for WindowsStandalone target not found
Native extension for WebGL target not found
[Package Manager] Failed to launch server process. Reason: Unity was launched with the -noUpm command-line argument
[Package Manager] Unable to send message (not connected to server process).
[Package Manager] Cannot connect to Unity Package Manager local server
ScheduleIndexationOnStartup MainProcess:False IndexOnStartup:True
Mono: successfully reloaded assembly
- Finished resetting the current domain, in  1.034 seconds
Domain Reload Profiling: 1898ms
	BeginReloadAssembly (241ms)
		ExecutionOrderSort (0ms)
		DisableScriptedObjects (17ms)
		BackupInstance (0ms)
		ReleaseScriptingObjects (0ms)
		CreateAndSetChildDomain (57ms)
	RebuildCommonClasses (34ms)
	RebuildNativeTypeToScriptingClass (12ms)
	initialDomainReloadingComplete (33ms)
	LoadAllAssembliesAndSetupDomain (543ms)
		LoadAssemblies (419ms)
		RebuildTransferFunctionScriptingTraits (0ms)
		AnalyzeDomain (229ms)
			TypeCache.Refresh (7ms)
				TypeCache.ScanAssembly (0ms)
			BuildScriptInfoCaches (205ms)
			ResolveRequiredComponents (13ms)
	FinalizeReload (1035ms)
		ReleaseScriptCaches (0ms)
		RebuildScriptCaches (0ms)
		SetupLoadedEditorAssemblies (852ms)
			LogAssemblyErrors (0ms)
			InitializePlatformSupportModulesInManaged (2ms)
			SetLoadedEditorAssemblies (5ms)
			BeforeProcessingInitializeOnLoad (228ms)
			ProcessInitializeOnLoadAttributes (492ms)
			ProcessInitializeOnLoadMethodAttributes (115ms)
			AfterProcessingInitializeOnLoad (9ms)
			EditorAssembliesLoaded (1ms)
		ExecutionOrderSort2 (0ms)
		AwakeInstancesAfterBackupRestoration (25ms)
Refreshing native plugins compatible for Editor in 2.42 ms, found 4 plugins.
Preloading 0 native plugins for Editor in 0.00 ms.
Unloading 16 Unused Serialized files (Serialized files now loaded: 0)
Unloading 7002 unused Assets / (5.1 MB). Loaded Objects now: 7847.
Memory consumption went from 159.9 MB to 154.8 MB.
Total: 25.461400 ms (FindLiveObjects: 2.658800 ms CreateObjectMapping: 1.921000 ms MarkObjects: 13.133600 ms  DeleteObjects: 7.745800 ms)

Prepare: number of updated asset objects reloaded= 0
========================================================================
Received Prepare
Begin MonoManager ReloadAssembly
[Licensing::Client] Successfully resolved entitlement details
- Loaded All Assemblies, in  0.840 seconds
Refreshing native plugins compatible for Editor in 1.81 ms, found 4 plugins.
Native extension for WindowsStandalone target not found
Native extension for WebGL target not found
[Package Manager] Failed to launch server process. Reason: Unity was launched with the -noUpm command-line argument
[Package Manager] Unable to send message (not connected to server process).
[Package Manager] Cannot connect to Unity Package Manager local server
ScheduleIndexationOnStartup MainProcess:False IndexOnStartup:True
Mono: successfully reloaded assembly
- Finished resetting the current domain, in  1.043 seconds
Domain Reload Profiling: 1880ms
	BeginReloadAssembly (234ms)
		ExecutionOrderSort (0ms)
		DisableScriptedObjects (16ms)
		BackupInstance (0ms)
		ReleaseScriptingObjects (0ms)
		CreateAndSetChildDomain (61ms)
	RebuildCommonClasses (35ms)
	RebuildNativeTypeToScriptingClass (11ms)
	initialDomainReloadingComplete (31ms)
	LoadAllAssembliesAndSetupDomain (526ms)
		LoadAssemblies (400ms)
		RebuildTransferFunctionScriptingTraits (0ms)
		AnalyzeDomain (222ms)
			TypeCache.Refresh (6ms)
				TypeCache.ScanAssembly (0ms)
			BuildScriptInfoCaches (197ms)
			ResolveRequiredComponents (14ms)
	FinalizeReload (1044ms)
		ReleaseScriptCaches (0ms)
		RebuildScriptCaches (0ms)
		SetupLoadedEditorAssemblies (839ms)
			LogAssemblyErrors (0ms)
			InitializePlatformSupportModulesInManaged (3ms)
			SetLoadedEditorAssemblies (9ms)
			BeforeProcessingInitializeOnLoad (234ms)
			ProcessInitializeOnLoadAttributes (472ms)
			ProcessInitializeOnLoadMethodAttributes (111ms)
			AfterProcessingInitializeOnLoad (10ms)
			EditorAssembliesLoaded (1ms)
		ExecutionOrderSort2 (0ms)
		AwakeInstancesAfterBackupRestoration (24ms)
Refreshing native plugins compatible for Editor in 2.44 ms, found 4 plugins.
Preloading 0 native plugins for Editor in 0.00 ms.
Unloading 16 Unused Serialized files (Serialized files now loaded: 0)
Unloading 7002 unused Assets / (4.4 MB). Loaded Objects now: 7850.
Memory consumption went from 160.0 MB to 155.6 MB.
Total: 20.080500 ms (FindLiveObjects: 1.813700 ms CreateObjectMapping: 1.602800 ms MarkObjects: 11.292400 ms  DeleteObjects: 5.368200 ms)

Prepare: number of updated asset objects reloaded= 0
========================================================================
Received Prepare
Begin MonoManager ReloadAssembly
- Loaded All Assemblies, in  0.851 seconds
Refreshing native plugins compatible for Editor in 1.65 ms, found 4 plugins.
Native extension for WindowsStandalone target not found
Native extension for WebGL target not found
[Package Manager] Failed to launch server process. Reason: Unity was launched with the -noUpm command-line argument
[Package Manager] Unable to send message (not connected to server process).
[Package Manager] Cannot connect to Unity Package Manager local server
ScheduleIndexationOnStartup MainProcess:False IndexOnStartup:True
Mono: successfully reloaded assembly
- Finished resetting the current domain, in  1.080 seconds
Domain Reload Profiling: 1928ms
	BeginReloadAssembly (240ms)
		ExecutionOrderSort (0ms)
		DisableScriptedObjects (22ms)
		BackupInstance (0ms)
		ReleaseScriptingObjects (0ms)
		CreateAndSetChildDomain (59ms)
	RebuildCommonClasses (45ms)
	RebuildNativeTypeToScriptingClass (12ms)
	initialDomainReloadingComplete (34ms)
	LoadAllAssembliesAndSetupDomain (517ms)
		LoadAssemblies (394ms)
		RebuildTransferFunctionScriptingTraits (0ms)
		AnalyzeDomain (224ms)
			TypeCache.Refresh (7ms)
				TypeCache.ScanAssembly (0ms)
			BuildScriptInfoCaches (202ms)
			ResolveRequiredComponents (11ms)
	FinalizeReload (1081ms)
		ReleaseScriptCaches (0ms)
		RebuildScriptCaches (0ms)
		SetupLoadedEditorAssemblies (867ms)
			LogAssemblyErrors (0ms)
			InitializePlatformSupportModulesInManaged (4ms)
			SetLoadedEditorAssemblies (10ms)
			BeforeProcessingInitializeOnLoad (248ms)
			ProcessInitializeOnLoadAttributes (481ms)
			ProcessInitializeOnLoadMethodAttributes (114ms)
			AfterProcessingInitializeOnLoad (10ms)
			EditorAssembliesLoaded (1ms)
		ExecutionOrderSort2 (0ms)
		AwakeInstancesAfterBackupRestoration (23ms)
Refreshing native plugins compatible for Editor in 2.82 ms, found 4 plugins.
Preloading 0 native plugins for Editor in 0.00 ms.
Unloading 16 Unused Serialized files (Serialized files now loaded: 0)
Unloading 7002 unused Assets / (5.0 MB). Loaded Objects now: 7853.
Memory consumption went from 160.1 MB to 155.1 MB.
Total: 25.238500 ms (FindLiveObjects: 1.905300 ms CreateObjectMapping: 2.225900 ms MarkObjects: 13.561800 ms  DeleteObjects: 7.543000 ms)

Prepare: number of updated asset objects reloaded= 0
========================================================================
Received Prepare
Begin MonoManager ReloadAssembly
[Licensing::Client] Successfully resolved entitlement details
- Loaded All Assemblies, in  0.854 seconds
Refreshing native plugins compatible for Editor in 1.93 ms, found 4 plugins.
Native extension for WindowsStandalone target not found
Native extension for WebGL target not found
[Package Manager] Failed to launch server process. Reason: Unity was launched with the -noUpm command-line argument
[Package Manager] Unable to send message (not connected to server process).
[Package Manager] Cannot connect to Unity Package Manager local server
ScheduleIndexationOnStartup MainProcess:False IndexOnStartup:True
Mono: successfully reloaded assembly
- Finished resetting the current domain, in  1.078 seconds
Domain Reload Profiling: 1928ms
	BeginReloadAssembly (240ms)
		ExecutionOrderSort (0ms)
		DisableScriptedObjects (15ms)
		BackupInstance (0ms)
		ReleaseScriptingObjects (0ms)
		CreateAndSetChildDomain (61ms)
	RebuildCommonClasses (35ms)
	RebuildNativeTypeToScriptingClass (12ms)
	initialDomainReloadingComplete (33ms)
	LoadAllAssembliesAndSetupDomain (530ms)
		LoadAssemblies (418ms)
		RebuildTransferFunctionScriptingTraits (0ms)
		AnalyzeDomain (216ms)
			TypeCache.Refresh (8ms)
				TypeCache.ScanAssembly (0ms)
			BuildScriptInfoCaches (193ms)
			ResolveRequiredComponents (11ms)
	FinalizeReload (1079ms)
		ReleaseScriptCaches (0ms)
		RebuildScriptCaches (0ms)
		SetupLoadedEditorAssemblies (865ms)
			LogAssemblyErrors (0ms)
			InitializePlatformSupportModulesInManaged (4ms)
			SetLoadedEditorAssemblies (10ms)
			BeforeProcessingInitializeOnLoad (226ms)
			ProcessInitializeOnLoadAttributes (503ms)
			ProcessInitializeOnLoadMethodAttributes (113ms)
			AfterProcessingInitializeOnLoad (10ms)
			EditorAssembliesLoaded (1ms)
		ExecutionOrderSort2 (0ms)
		AwakeInstancesAfterBackupRestoration (24ms)
Refreshing native plugins compatible for Editor in 2.42 ms, found 4 plugins.
Preloading 0 native plugins for Editor in 0.00 ms.
Unloading 16 Unused Serialized files (Serialized files now loaded: 0)
Unloading 7002 unused Assets / (4.7 MB). Loaded Objects now: 7856.
Memory consumption went from 160.1 MB to 155.4 MB.
Total: 20.314800 ms (FindLiveObjects: 2.025600 ms CreateObjectMapping: 2.246700 ms MarkObjects: 9.832500 ms  DeleteObjects: 6.207300 ms)

Prepare: number of updated asset objects reloaded= 0
========================================================================
Received Import Request.
  Time since last request: 3707.561482 seconds.
  path: Assets/Cartoon UI/Icons/Axe.png
  artifactKey: Guid(62c9fafe55084e647ae3b85dbc15ed8b) Importer(815301076,1909f56bfc062723c751e8b465ee728b)
Start importing Assets/Cartoon UI/Icons/Axe.png using Guid(62c9fafe55084e647ae3b85dbc15ed8b) Importer(815301076,1909f56bfc062723c751e8b465ee728b) (PreviewImporter) -> (artifact id: 'f3053d99de0c905723cb2facb8b4027b') in 0.1541698 seconds
Number of updated asset objects reloaded before import = 0Number of asset objects unloaded after import = 3

========================================================================
Received Import Request.
  Time since last request: 0.000030 seconds.
  path: Assets/Cartoon UI/Icons/Droplet.png
  artifactKey: Guid(7b21f9026097ddc43b00a0eb223aa055) Importer(815301076,1909f56bfc062723c751e8b465ee728b)
Start importing Assets/Cartoon UI/Icons/Droplet.png using Guid(7b21f9026097ddc43b00a0eb223aa055) Importer(815301076,1909f56bfc062723c751e8b465ee728b) (PreviewImporter) -> (artifact id: '5719b72e29916a3d1d16eb4b6e101ed6') in 0.0277456 seconds
Number of updated asset objects reloaded before import = 0Number of asset objects unloaded after import = 3

========================================================================
Received Import Request.
  Time since last request: 0.000035 seconds.
  path: Assets/Cartoon UI/Icons/Bottle.png
  artifactKey: Guid(af3ce18394be1b448a9e38602526eb80) Importer(815301076,1909f56bfc062723c751e8b465ee728b)
Start importing Assets/Cartoon UI/Icons/Bottle.png using Guid(af3ce18394be1b448a9e38602526eb80) Importer(815301076,1909f56bfc062723c751e8b465ee728b) (PreviewImporter) -> (artifact id: 'b91b7053291b2c730fff6b1c69ca78c9') in 0.0208266 seconds
Number of updated asset objects reloaded before import = 0Number of asset objects unloaded after import = 3

========================================================================
Received Import Request.
  Time since last request: 0.000019 seconds.
  path: Assets/Cartoon UI/Icons/Cow.png
  artifactKey: Guid(2f0ea2b5d8552c54f9b3a6f8fc3b1b5e) Importer(815301076,1909f56bfc062723c751e8b465ee728b)
Start importing Assets/Cartoon UI/Icons/Cow.png using Guid(2f0ea2b5d8552c54f9b3a6f8fc3b1b5e) Importer(815301076,1909f56bfc062723c751e8b465ee728b) (PreviewImporter) -> (artifact id: 'a22e7c426509e58f7d2e503b2926933d') in 0.0260046 seconds
Number of updated asset objects reloaded before import = 0Number of asset objects unloaded after import = 3

========================================================================
Received Import Request.
  Time since last request: 0.000031 seconds.
  path: Assets/Cartoon UI/Icons/Berry.png
  artifactKey: Guid(09ee0477085c48b4c9aff9837c4c28bd) Importer(815301076,1909f56bfc062723c751e8b465ee728b)
Start importing Assets/Cartoon UI/Icons/Berry.png using Guid(09ee0477085c48b4c9aff9837c4c28bd) Importer(815301076,1909f56bfc062723c751e8b465ee728b) (PreviewImporter) -> (artifact id: '0d443c1f1426b858bdc2752c16847821') in 0.0199632 seconds
Number of updated asset objects reloaded before import = 0Number of asset objects unloaded after import = 3

========================================================================
Received Import Request.
  Time since last request: 0.000032 seconds.
  path: Assets/Cartoon UI/Icons/Candy Cane.png
  artifactKey: Guid(f69c728cc7ea2394aa42329e4bb802b8) Importer(815301076,1909f56bfc062723c751e8b465ee728b)
Start importing Assets/Cartoon UI/Icons/Candy Cane.png using Guid(f69c728cc7ea2394aa42329e4bb802b8) Importer(815301076,1909f56bfc062723c751e8b465ee728b) (PreviewImporter) -> (artifact id: '09d2d1ee34a5c08cf2c78b0740b6e57f') in 0.0198121 seconds
Number of updated asset objects reloaded before import = 0Number of asset objects unloaded after import = 3

========================================================================
Received Import Request.
  Time since last request: 0.000026 seconds.
  path: Assets/Cartoon UI/Icons/Blue Flag.png
  artifactKey: Guid(4c2b1fb8dfb78e7488c1a53144547575) Importer(815301076,1909f56bfc062723c751e8b465ee728b)
Start importing Assets/Cartoon UI/Icons/Blue Flag.png using Guid(4c2b1fb8dfb78e7488c1a53144547575) Importer(815301076,1909f56bfc062723c751e8b465ee728b) (PreviewImporter) -> (artifact id: '52ea1f27843c7dcad8030a72e77daa63') in 0.0226608 seconds
Number of updated asset objects reloaded before import = 0Number of asset objects unloaded after import = 3

========================================================================
Received Import Request.
  Time since last request: 0.000026 seconds.
  path: Assets/Cartoon UI/Icons/Chat.png
  artifactKey: Guid(1011d2c7bcd478540a46f4024c6b8570) Importer(815301076,1909f56bfc062723c751e8b465ee728b)
Start importing Assets/Cartoon UI/Icons/Chat.png using Guid(1011d2c7bcd478540a46f4024c6b8570) Importer(815301076,1909f56bfc062723c751e8b465ee728b) (PreviewImporter) -> (artifact id: '0114aa02ab20b8280ab2a95b72ffad07') in 0.0195797 seconds
Number of updated asset objects reloaded before import = 0Number of asset objects unloaded after import = 3

========================================================================
Received Import Request.
  Time since last request: 0.000022 seconds.
  path: Assets/Cartoon UI/Icons/Box.png
  artifactKey: Guid(8505140710fbc9a4da6894b64f4a0120) Importer(815301076,1909f56bfc062723c751e8b465ee728b)
Start importing Assets/Cartoon UI/Icons/Box.png using Guid(8505140710fbc9a4da6894b64f4a0120) Importer(815301076,1909f56bfc062723c751e8b465ee728b) (PreviewImporter) -> (artifact id: 'fd98883f45fa2904d6aebfa4e2b0c975') in 0.0211866 seconds
Number of updated asset objects reloaded before import = 0Number of asset objects unloaded after import = 3

========================================================================
Received Import Request.
  Time since last request: 0.000020 seconds.
  path: Assets/Cartoon UI/Icons/Bow.png
  artifactKey: Guid(ac11f876de4dc6243a967d4f293541a2) Importer(815301076,1909f56bfc062723c751e8b465ee728b)
Start importing Assets/Cartoon UI/Icons/Bow.png using Guid(ac11f876de4dc6243a967d4f293541a2) Importer(815301076,1909f56bfc062723c751e8b465ee728b) (PreviewImporter) -> (artifact id: '661360fa5c86e61b48ef1ac43f9f7b66') in 0.0196696 seconds
Number of updated asset objects reloaded before import = 0Number of asset objects unloaded after import = 3

========================================================================
Received Import Request.
  Time since last request: 0.000040 seconds.
  path: Assets/Cartoon UI/Icons/Coin Chest.png
  artifactKey: Guid(4ce64a1d7960a76478ad3a9117ba112e) Importer(815301076,1909f56bfc062723c751e8b465ee728b)
Start importing Assets/Cartoon UI/Icons/Coin Chest.png using Guid(4ce64a1d7960a76478ad3a9117ba112e) Importer(815301076,1909f56bfc062723c751e8b465ee728b) (PreviewImporter) -> (artifact id: 'b81c29255d53bb4c20bf3019f8986b34') in 0.0240283 seconds
Number of updated asset objects reloaded before import = 0Number of asset objects unloaded after import = 3

========================================================================
Received Import Request.
  Time since last request: 0.000027 seconds.
  path: Assets/Cartoon UI/Icons/Fish Meat.png
  artifactKey: Guid(87b81d8fa1dd315488c94ed68b55306c) Importer(815301076,1909f56bfc062723c751e8b465ee728b)
Start importing Assets/Cartoon UI/Icons/Fish Meat.png using Guid(87b81d8fa1dd315488c94ed68b55306c) Importer(815301076,1909f56bfc062723c751e8b465ee728b) (PreviewImporter) -> (artifact id: 'b3a4313640fcb75db63f69b4234e0be8') in 0.0189537 seconds
Number of updated asset objects reloaded before import = 0Number of asset objects unloaded after import = 3

========================================================================
Received Import Request.
  Time since last request: 0.000017 seconds.
  path: Assets/Cartoon UI/Icons/Gem2 Orange.png
  artifactKey: Guid(321f93762f1284246a3f5b17c2adc765) Importer(815301076,1909f56bfc062723c751e8b465ee728b)
Start importing Assets/Cartoon UI/Icons/Gem2 Orange.png using Guid(321f93762f1284246a3f5b17c2adc765) Importer(815301076,1909f56bfc062723c751e8b465ee728b) (PreviewImporter) -> (artifact id: 'c6771f6c30eec5f3b77f0bfa7a008053') in 0.0185603 seconds
Number of updated asset objects reloaded before import = 0Number of asset objects unloaded after import = 3

========================================================================
Received Import Request.
  Time since last request: 0.000019 seconds.
  path: Assets/Cartoon UI/Icons/fox.png
  artifactKey: Guid(2f7534cd467b3f3489259a573c185302) Importer(815301076,1909f56bfc062723c751e8b465ee728b)
Start importing Assets/Cartoon UI/Icons/fox.png using Guid(2f7534cd467b3f3489259a573c185302) Importer(815301076,1909f56bfc062723c751e8b465ee728b) (PreviewImporter) -> (artifact id: '4f7efdb35ab61310d0d150faa2362501') in 0.0187496 seconds
Number of updated asset objects reloaded before import = 0Number of asset objects unloaded after import = 3

========================================================================
Received Import Request.
  Time since last request: 0.000017 seconds.
  path: Assets/Cartoon UI/Icons/Gem2 Yellow.png
  artifactKey: Guid(80a060a01b7b7f6408a1b58d8e9f0db0) Importer(815301076,1909f56bfc062723c751e8b465ee728b)
Start importing Assets/Cartoon UI/Icons/Gem2 Yellow.png using Guid(80a060a01b7b7f6408a1b58d8e9f0db0) Importer(815301076,1909f56bfc062723c751e8b465ee728b) (PreviewImporter) -> (artifact id: '44c356ddb8ee4d86c4a67747fdde3a5d') in 0.0199406 seconds
Number of updated asset objects reloaded before import = 0Number of asset objects unloaded after import = 3

========================================================================
Received Import Request.
  Time since last request: 0.000023 seconds.
  path: Assets/Cartoon UI/Icons/Earphones.png
  artifactKey: Guid(52e2204b1175f7a418efd3c401878051) Importer(815301076,1909f56bfc062723c751e8b465ee728b)
Start importing Assets/Cartoon UI/Icons/Earphones.png using Guid(52e2204b1175f7a418efd3c401878051) Importer(815301076,1909f56bfc062723c751e8b465ee728b) (PreviewImporter) -> (artifact id: 'd40f2234118597e6723b2b8165388819') in 0.0195318 seconds
Number of updated asset objects reloaded before import = 0Number of asset objects unloaded after import = 3

========================================================================
Received Import Request.
  Time since last request: 0.000015 seconds.
  path: Assets/Cartoon UI/Icons/Gem3 Orange.png
  artifactKey: Guid(7c7eadb7be51a5c48bcda5c1798b32c1) Importer(815301076,1909f56bfc062723c751e8b465ee728b)
Start importing Assets/Cartoon UI/Icons/Gem3 Orange.png using Guid(7c7eadb7be51a5c48bcda5c1798b32c1) Importer(815301076,1909f56bfc062723c751e8b465ee728b) (PreviewImporter) -> (artifact id: '562a78576c6dec94436a4ec9f7262eb8') in 0.0176378 seconds
Number of updated asset objects reloaded before import = 0Number of asset objects unloaded after import = 3

========================================================================
Received Import Request.
  Time since last request: 0.000025 seconds.
  path: Assets/Cartoon UI/Icons/Gem3 Red.png
  artifactKey: Guid(009506875b6bb994590796065527ec3f) Importer(815301076,1909f56bfc062723c751e8b465ee728b)
Start importing Assets/Cartoon UI/Icons/Gem3 Red.png using Guid(009506875b6bb994590796065527ec3f) Importer(815301076,1909f56bfc062723c751e8b465ee728b) (PreviewImporter) -> (artifact id: '550c6b038cf0a3fa7f1459452f722907') in 0.0180564 seconds
Number of updated asset objects reloaded before import = 0Number of asset objects unloaded after import = 3

========================================================================
Received Import Request.
  Time since last request: 0.000026 seconds.
  path: Assets/Cartoon UI/Icons/Gem4 Yellow.png
  artifactKey: Guid(34e197b235af9d648bfe85c3f634c145) Importer(815301076,1909f56bfc062723c751e8b465ee728b)
Start importing Assets/Cartoon UI/Icons/Gem4 Yellow.png using Guid(34e197b235af9d648bfe85c3f634c145) Importer(815301076,1909f56bfc062723c751e8b465ee728b) (PreviewImporter) -> (artifact id: '1f30d8051f006c6dbe85964343038617') in 0.020127 seconds
Number of updated asset objects reloaded before import = 0Number of asset objects unloaded after import = 3

========================================================================
Received Import Request.
  Time since last request: 0.000021 seconds.
  path: Assets/Cartoon UI/Icons/Gem4 Green.png
  artifactKey: Guid(cbe22720997d14547a5bd67928ac382b) Importer(815301076,1909f56bfc062723c751e8b465ee728b)
Start importing Assets/Cartoon UI/Icons/Gem4 Green.png using Guid(cbe22720997d14547a5bd67928ac382b) Importer(815301076,1909f56bfc062723c751e8b465ee728b) (PreviewImporter) -> (artifact id: '62eb1ba63049e5283a7e94498d2f1f8c') in 0.0202461 seconds
Number of updated asset objects reloaded before import = 0Number of asset objects unloaded after import = 3

========================================================================
Received Import Request.
  Time since last request: 0.000054 seconds.
  path: Assets/Cartoon UI/Icons/Gem4 Purple.png
  artifactKey: Guid(e7ee6370f4a7e5d4eb490ea19d751f5a) Importer(815301076,1909f56bfc062723c751e8b465ee728b)
Start importing Assets/Cartoon UI/Icons/Gem4 Purple.png using Guid(e7ee6370f4a7e5d4eb490ea19d751f5a) Importer(815301076,1909f56bfc062723c751e8b465ee728b) (PreviewImporter) -> (artifact id: '7f57c6c7887cbd2b4f53d4e3e21b5de4') in 0.0341071 seconds
Number of updated asset objects reloaded before import = 0Number of asset objects unloaded after import = 3

========================================================================
Received Import Request.
  Time since last request: 0.000026 seconds.
  path: Assets/Cartoon UI/Icons/Game Pad.png
  artifactKey: Guid(6bf06f7ed45feb44faaa0a552590ea39) Importer(815301076,1909f56bfc062723c751e8b465ee728b)
Start importing Assets/Cartoon UI/Icons/Game Pad.png using Guid(6bf06f7ed45feb44faaa0a552590ea39) Importer(815301076,1909f56bfc062723c751e8b465ee728b) (PreviewImporter) -> (artifact id: 'f0277505b6648db1fe901fee53d8ce63') in 0.0229324 seconds
Number of updated asset objects reloaded before import = 0Number of asset objects unloaded after import = 3

========================================================================
Received Import Request.
  Time since last request: 0.000018 seconds.
  path: Assets/Cartoon UI/Icons/Gem2 Red.png
  artifactKey: Guid(bd7fe93f609ce4648a5c8ea1d95cc99e) Importer(815301076,1909f56bfc062723c751e8b465ee728b)
Start importing Assets/Cartoon UI/Icons/Gem2 Red.png using Guid(bd7fe93f609ce4648a5c8ea1d95cc99e) Importer(815301076,1909f56bfc062723c751e8b465ee728b) (PreviewImporter) -> (artifact id: '4b5b20d1969cfe400713384100eb0da4') in 0.0224205 seconds
Number of updated asset objects reloaded before import = 0Number of asset objects unloaded after import = 3

========================================================================
Received Import Request.
  Time since last request: 0.000039 seconds.
  path: Assets/Cartoon UI/Icons/Energy Blue.png
  artifactKey: Guid(5d7af1035c531cc4f8f423537926a394) Importer(815301076,1909f56bfc062723c751e8b465ee728b)
Start importing Assets/Cartoon UI/Icons/Energy Blue.png using Guid(5d7af1035c531cc4f8f423537926a394) Importer(815301076,1909f56bfc062723c751e8b465ee728b) (PreviewImporter) -> (artifact id: '598279e20f607f75a14b3fa61555b441') in 0.0267527 seconds
Number of updated asset objects reloaded before import = 0Number of asset objects unloaded after import = 3

========================================================================
Received Import Request.
  Time since last request: 0.000037 seconds.
  path: Assets/Cartoon UI/Icons/Blue Book.png
  artifactKey: Guid(8df97c5178807fb4094b7392555dbf59) Importer(815301076,1909f56bfc062723c751e8b465ee728b)
Start importing Assets/Cartoon UI/Icons/Blue Book.png using Guid(8df97c5178807fb4094b7392555dbf59) Importer(815301076,1909f56bfc062723c751e8b465ee728b) (PreviewImporter) -> (artifact id: 'a86f1b83e80aefd8a47ec1509058db70') in 0.0213454 seconds
Number of updated asset objects reloaded before import = 0Number of asset objects unloaded after import = 3

========================================================================
Received Import Request.
  Time since last request: 0.000036 seconds.
  path: Assets/Cartoon UI/Icons/Energy Green.png
  artifactKey: Guid(8cba42e0abb3fa440a25190bc723f18e) Importer(815301076,1909f56bfc062723c751e8b465ee728b)
Start importing Assets/Cartoon UI/Icons/Energy Green.png using Guid(8cba42e0abb3fa440a25190bc723f18e) Importer(815301076,1909f56bfc062723c751e8b465ee728b) (PreviewImporter) -> (artifact id: 'd22b564d5fc3dc647cfd680199c0fad3') in 0.0201852 seconds
Number of updated asset objects reloaded before import = 0Number of asset objects unloaded after import = 3

========================================================================
Received Import Request.
  Time since last request: 0.000017 seconds.
  path: Assets/Cartoon UI/Icons/Beef.png
  artifactKey: Guid(b8e47a6fb5d9ae747814254f7f7d3f2b) Importer(815301076,1909f56bfc062723c751e8b465ee728b)
Start importing Assets/Cartoon UI/Icons/Beef.png using Guid(b8e47a6fb5d9ae747814254f7f7d3f2b) Importer(815301076,1909f56bfc062723c751e8b465ee728b) (PreviewImporter) -> (artifact id: 'b9303eca84a4cc73bd5758fab36ff915') in 0.0195121 seconds
Number of updated asset objects reloaded before import = 0Number of asset objects unloaded after import = 3

========================================================================
Received Import Request.
  Time since last request: 0.000019 seconds.
  path: Assets/Cartoon UI/Icons/Battery.png
  artifactKey: Guid(fe02779507a9c494bae90aa7f3c06df5) Importer(815301076,1909f56bfc062723c751e8b465ee728b)
Start importing Assets/Cartoon UI/Icons/Battery.png using Guid(fe02779507a9c494bae90aa7f3c06df5) Importer(815301076,1909f56bfc062723c751e8b465ee728b) (PreviewImporter) -> (artifact id: '04ebfc133c4853e7a40e351609b13fb1') in 0.0211793 seconds
Number of updated asset objects reloaded before import = 0Number of asset objects unloaded after import = 3

========================================================================
Received Import Request.
  Time since last request: 0.000029 seconds.
  path: Assets/Cartoon UI/Icons/Badge.png
  artifactKey: Guid(466dfc3f408bb7f48996df9ca2213897) Importer(815301076,1909f56bfc062723c751e8b465ee728b)
Start importing Assets/Cartoon UI/Icons/Badge.png using Guid(466dfc3f408bb7f48996df9ca2213897) Importer(815301076,1909f56bfc062723c751e8b465ee728b) (PreviewImporter) -> (artifact id: '4ec3daeba44824ac5e89db026b732ba4') in 0.0204508 seconds
Number of updated asset objects reloaded before import = 0Number of asset objects unloaded after import = 3

========================================================================
Received Import Request.
  Time since last request: 0.000019 seconds.
  path: Assets/Cartoon UI/Icons/Female.png
  artifactKey: Guid(bea8d0335c9d6ef408a156e3bdb2aacf) Importer(815301076,1909f56bfc062723c751e8b465ee728b)
Start importing Assets/Cartoon UI/Icons/Female.png using Guid(bea8d0335c9d6ef408a156e3bdb2aacf) Importer(815301076,1909f56bfc062723c751e8b465ee728b) (PreviewImporter) -> (artifact id: '2fbb2f4304be7a21f4a1687668d71ccf') in 0.0188368 seconds
Number of updated asset objects reloaded before import = 0Number of asset objects unloaded after import = 3

========================================================================
Received Import Request.
  Time since last request: 0.000027 seconds.
  path: Assets/Cartoon UI/Buttons
  artifactKey: Guid(f35accfca90c44f4aabbb05a137364b3) Importer(815301076,1909f56bfc062723c751e8b465ee728b)
Start importing Assets/Cartoon UI/Buttons using Guid(f35accfca90c44f4aabbb05a137364b3) Importer(815301076,1909f56bfc062723c751e8b465ee728b) (PreviewImporter) -> (artifact id: 'fa1f6f9478b19c73e79dee23ff6ebb8a') in 0.0011799 seconds
Number of updated asset objects reloaded before import = 0Number of asset objects unloaded after import = 0

========================================================================
Received Import Request.
  Time since last request: 0.000018 seconds.
  path: Assets/Cartoon UI/Icons/Gem1 Yellow.png
  artifactKey: Guid(ee43cd7eadfdbf749824a8928ac6d958) Importer(815301076,1909f56bfc062723c751e8b465ee728b)
Start importing Assets/Cartoon UI/Icons/Gem1 Yellow.png using Guid(ee43cd7eadfdbf749824a8928ac6d958) Importer(815301076,1909f56bfc062723c751e8b465ee728b) (PreviewImporter) -> (artifact id: '739961aa39773dcbcc7ae315e88c9a3b') in 0.0178806 seconds
Number of updated asset objects reloaded before import = 0Number of asset objects unloaded after import = 3

========================================================================
Received Import Request.
  Time since last request: 0.000021 seconds.
  path: Assets/Cartoon UI/Icons/Chocolate.png
  artifactKey: Guid(7b6d3c433893d5f42a834c96076573d4) Importer(815301076,1909f56bfc062723c751e8b465ee728b)
Start importing Assets/Cartoon UI/Icons/Chocolate.png using Guid(7b6d3c433893d5f42a834c96076573d4) Importer(815301076,1909f56bfc062723c751e8b465ee728b) (PreviewImporter) -> (artifact id: '1a7c60bd5cdd4a9ac8c7e58445288b49') in 0.0217615 seconds
Number of updated asset objects reloaded before import = 0Number of asset objects unloaded after import = 3

========================================================================
Received Import Request.
  Time since last request: 0.000029 seconds.
  path: Assets/Cartoon UI/Icons/Banana.png
  artifactKey: Guid(26bfc7c607cf6df469af8b09e8252f30) Importer(815301076,1909f56bfc062723c751e8b465ee728b)
Start importing Assets/Cartoon UI/Icons/Banana.png using Guid(26bfc7c607cf6df469af8b09e8252f30) Importer(815301076,1909f56bfc062723c751e8b465ee728b) (PreviewImporter) -> (artifact id: '7519d8c19194937bfa38297739f24c31') in 0.0195559 seconds
Number of updated asset objects reloaded before import = 0Number of asset objects unloaded after import = 3

========================================================================
Received Import Request.
  Time since last request: 0.000024 seconds.
  path: Assets/Cartoon UI/Icons/Gem4 Red.png
  artifactKey: Guid(6cc5ae988f0e71846b8f20775e07af3e) Importer(815301076,1909f56bfc062723c751e8b465ee728b)
Start importing Assets/Cartoon UI/Icons/Gem4 Red.png using Guid(6cc5ae988f0e71846b8f20775e07af3e) Importer(815301076,1909f56bfc062723c751e8b465ee728b) (PreviewImporter) -> (artifact id: 'afc21a21eb75d82a9b236d70c4de29c1') in 0.0233971 seconds
Number of updated asset objects reloaded before import = 0Number of asset objects unloaded after import = 3

========================================================================
Received Import Request.
  Time since last request: 0.000018 seconds.
  path: Assets/Cartoon UI/Icons/Bronze Badge.png
  artifactKey: Guid(74bed0612455f764fac7ef2f5eeec0e9) Importer(815301076,1909f56bfc062723c751e8b465ee728b)
Start importing Assets/Cartoon UI/Icons/Bronze Badge.png using Guid(74bed0612455f764fac7ef2f5eeec0e9) Importer(815301076,1909f56bfc062723c751e8b465ee728b) (PreviewImporter) -> (artifact id: '112f4bd7c1e8ba604d184c351d98dcc2') in 0.0226363 seconds
Number of updated asset objects reloaded before import = 0Number of asset objects unloaded after import = 3

========================================================================
Received Import Request.
  Time since last request: 0.000041 seconds.
  path: Assets/Cartoon UI/Icons/Gem2 Green.png
  artifactKey: Guid(f21ce91dac0f6784c925a1b8bdadd036) Importer(815301076,1909f56bfc062723c751e8b465ee728b)
Start importing Assets/Cartoon UI/Icons/Gem2 Green.png using Guid(f21ce91dac0f6784c925a1b8bdadd036) Importer(815301076,1909f56bfc062723c751e8b465ee728b) (PreviewImporter) -> (artifact id: 'ec9ade1978c9388ecfec9739ed751aa4') in 0.026452 seconds
Number of updated asset objects reloaded before import = 0Number of asset objects unloaded after import = 3

========================================================================
Received Import Request.
  Time since last request: 0.000063 seconds.
  path: Assets/Cartoon UI/Icons/Fire.png
  artifactKey: Guid(427c437c2692a3e47848d74afe733c35) Importer(815301076,1909f56bfc062723c751e8b465ee728b)
Start importing Assets/Cartoon UI/Icons/Fire.png using Guid(427c437c2692a3e47848d74afe733c35) Importer(815301076,1909f56bfc062723c751e8b465ee728b) (PreviewImporter) -> (artifact id: 'ed2b65b60e8eed212ff5b061a00653f6') in 0.0217677 seconds
Number of updated asset objects reloaded before import = 0Number of asset objects unloaded after import = 3

========================================================================
Received Import Request.
  Time since last request: 0.686745 seconds.
  path: Assets/Cartoon UI/Customizable/Custom Long Round Button.prefab
  artifactKey: Guid(4a77c65432a3ab347bc3eab110a22306) Importer(815301076,1909f56bfc062723c751e8b465ee728b)
Start importing Assets/Cartoon UI/Customizable/Custom Long Round Button.prefab using Guid(4a77c65432a3ab347bc3eab110a22306) Importer(815301076,1909f56bfc062723c751e8b465ee728b) (PreviewImporter) -> (artifact id: '64b76fdd5dd0cf0f380f3f7f9536251d') in 0.0191217 seconds
Number of updated asset objects reloaded before import = 0Number of asset objects unloaded after import = 24

========================================================================
Received Import Request.
  Time since last request: 0.000019 seconds.
  path: Assets/Cartoon UI/Customizable/Custom Toggle Dot.prefab
  artifactKey: Guid(98124d022e7743140a358cf39843b27b) Importer(815301076,1909f56bfc062723c751e8b465ee728b)
Start importing Assets/Cartoon UI/Customizable/Custom Toggle Dot.prefab using Guid(98124d022e7743140a358cf39843b27b) Importer(815301076,1909f56bfc062723c751e8b465ee728b) (PreviewImporter) -> (artifact id: 'efb0e4df32897a023234e27c7b10405d') in 0.0071996 seconds
Number of updated asset objects reloaded before import = 0Number of asset objects unloaded after import = 15

========================================================================
Received Import Request.
  Time since last request: 0.000028 seconds.
  path: Assets/Cartoon UI/Customizable/Custom Panel.prefab
  artifactKey: Guid(05969ab1431ab8c4fb0b78ce7b1d23c8) Importer(815301076,1909f56bfc062723c751e8b465ee728b)
Start importing Assets/Cartoon UI/Customizable/Custom Panel.prefab using Guid(05969ab1431ab8c4fb0b78ce7b1d23c8) Importer(815301076,1909f56bfc062723c751e8b465ee728b) (PreviewImporter) -> (artifact id: 'bee6ffdda618e91ca9d3fbae873977b6') in 0.0065387 seconds
Number of updated asset objects reloaded before import = 0Number of asset objects unloaded after import = 19

========================================================================
Received Import Request.
  Time since last request: 0.000021 seconds.
  path: Assets/Cartoon UI/Customizable/Custom Slider.prefab
  artifactKey: Guid(660aad445db1ff1489da06180fc773a9) Importer(815301076,1909f56bfc062723c751e8b465ee728b)
Start importing Assets/Cartoon UI/Customizable/Custom Slider.prefab using Guid(660aad445db1ff1489da06180fc773a9) Importer(815301076,1909f56bfc062723c751e8b465ee728b) (PreviewImporter) -> (artifact id: '60eae747e251ed6b325f80a01576acab') in 0.0077451 seconds
Number of updated asset objects reloaded before import = 0Number of asset objects unloaded after import = 29

========================================================================
Received Import Request.
  Time since last request: 1.084276 seconds.
  path: Assets/Cartoon UI/Customizable/Sprites/Circle Back.png
  artifactKey: Guid(e8eeb25a388a8ec4faf52b6d6ed37454) Importer(815301076,1909f56bfc062723c751e8b465ee728b)
Start importing Assets/Cartoon UI/Customizable/Sprites/Circle Back.png using Guid(e8eeb25a388a8ec4faf52b6d6ed37454) Importer(815301076,1909f56bfc062723c751e8b465ee728b) (PreviewImporter) -> (artifact id: '93afb1b65ce4d70b8366826d9db2c949') in 0.0211465 seconds
Number of updated asset objects reloaded before import = 0Number of asset objects unloaded after import = 3

========================================================================
Received Import Request.
  Time since last request: 0.000017 seconds.
  path: Assets/Cartoon UI/Customizable/Sprites/Circle Outer.png
  artifactKey: Guid(784674de0b7e7cd41a4741345222dbb1) Importer(815301076,1909f56bfc062723c751e8b465ee728b)
Start importing Assets/Cartoon UI/Customizable/Sprites/Circle Outer.png using Guid(784674de0b7e7cd41a4741345222dbb1) Importer(815301076,1909f56bfc062723c751e8b465ee728b) (PreviewImporter) -> (artifact id: 'db6df3e4f84198b737f787d55f461570') in 0.0189089 seconds
Number of updated asset objects reloaded before import = 0Number of asset objects unloaded after import = 3

========================================================================
Received Import Request.
  Time since last request: 0.000026 seconds.
  path: Assets/Cartoon UI/Customizable/Sprites/Long Square Back.png
  artifactKey: Guid(0bfe1db5e842bf847b7a42950218b68f) Importer(815301076,1909f56bfc062723c751e8b465ee728b)
Start importing Assets/Cartoon UI/Customizable/Sprites/Long Square Back.png using Guid(0bfe1db5e842bf847b7a42950218b68f) Importer(815301076,1909f56bfc062723c751e8b465ee728b) (PreviewImporter) -> (artifact id: '27629fc16e6375d74462d4a1cd81e5fe') in 0.0201136 seconds
Number of updated asset objects reloaded before import = 0Number of asset objects unloaded after import = 3

========================================================================
Received Import Request.
  Time since last request: 0.000036 seconds.
  path: Assets/Cartoon UI/Customizable/Sprites/Progress Bar Fill 2.png
  artifactKey: Guid(8a8c7fe63804c2f43bc47e12ae63f3ac) Importer(815301076,1909f56bfc062723c751e8b465ee728b)
Start importing Assets/Cartoon UI/Customizable/Sprites/Progress Bar Fill 2.png using Guid(8a8c7fe63804c2f43bc47e12ae63f3ac) Importer(815301076,1909f56bfc062723c751e8b465ee728b) (PreviewImporter) -> (artifact id: 'c6c358a3458ab06ed8c59ebd9e50a39a') in 0.0246429 seconds
Number of updated asset objects reloaded before import = 0Number of asset objects unloaded after import = 3

========================================================================
Received Import Request.
  Time since last request: 0.000030 seconds.
  path: Assets/Cartoon UI/Customizable/Sprites/Long Round Back.png
  artifactKey: Guid(bf4da67f05ffd6849a544410b2090314) Importer(815301076,1909f56bfc062723c751e8b465ee728b)
Start importing Assets/Cartoon UI/Customizable/Sprites/Long Round Back.png using Guid(bf4da67f05ffd6849a544410b2090314) Importer(815301076,1909f56bfc062723c751e8b465ee728b) (PreviewImporter) -> (artifact id: '1794a552effadc9f7939d9418d56b2cf') in 0.018691 seconds
Number of updated asset objects reloaded before import = 0Number of asset objects unloaded after import = 3

========================================================================
Received Import Request.
  Time since last request: 0.000028 seconds.
  path: Assets/Cartoon UI/Customizable/Sprites/Panel Back.png
  artifactKey: Guid(aabf90faa69812b41a567a050bd45e64) Importer(815301076,1909f56bfc062723c751e8b465ee728b)
Start importing Assets/Cartoon UI/Customizable/Sprites/Panel Back.png using Guid(aabf90faa69812b41a567a050bd45e64) Importer(815301076,1909f56bfc062723c751e8b465ee728b) (PreviewImporter) -> (artifact id: '74cd15f98fe7197d83373813b18c7d60') in 0.0578886 seconds
Number of updated asset objects reloaded before import = 0Number of asset objects unloaded after import = 3

========================================================================
Received Import Request.
  Time since last request: 0.000029 seconds.
  path: Assets/Cartoon UI/Customizable/Sprites/Long Square Front.png
  artifactKey: Guid(5bc1d66c877c2c848931e91ddd27c600) Importer(815301076,1909f56bfc062723c751e8b465ee728b)
Start importing Assets/Cartoon UI/Customizable/Sprites/Long Square Front.png using Guid(5bc1d66c877c2c848931e91ddd27c600) Importer(815301076,1909f56bfc062723c751e8b465ee728b) (PreviewImporter) -> (artifact id: '5a19a73079160c8d490f7cdadbe76604') in 0.0227262 seconds
Number of updated asset objects reloaded before import = 0Number of asset objects unloaded after import = 3

========================================================================
Received Import Request.
  Time since last request: 0.000017 seconds.
  path: Assets/Cartoon UI/Customizable/Sprites/Long Square Outer.png
  artifactKey: Guid(939d0b9b5e3078447b8c3e686a960e3f) Importer(815301076,1909f56bfc062723c751e8b465ee728b)
Start importing Assets/Cartoon UI/Customizable/Sprites/Long Square Outer.png using Guid(939d0b9b5e3078447b8c3e686a960e3f) Importer(815301076,1909f56bfc062723c751e8b465ee728b) (PreviewImporter) -> (artifact id: 'f79fb0741693340158f4b2a9b2f7e08e') in 0.0211352 seconds
Number of updated asset objects reloaded before import = 0Number of asset objects unloaded after import = 3

========================================================================
Received Import Request.
  Time since last request: 0.000021 seconds.
  path: Assets/Cartoon UI/Customizable/Sprites/Handle Outer.png
  artifactKey: Guid(c692faa8cd035124690496c1e1f7042e) Importer(815301076,1909f56bfc062723c751e8b465ee728b)
Start importing Assets/Cartoon UI/Customizable/Sprites/Handle Outer.png using Guid(c692faa8cd035124690496c1e1f7042e) Importer(815301076,1909f56bfc062723c751e8b465ee728b) (PreviewImporter) -> (artifact id: 'eb160d6c0e7ee89e087351536c4251e9') in 0.0234008 seconds
Number of updated asset objects reloaded before import = 0Number of asset objects unloaded after import = 3

========================================================================
Received Import Request.
  Time since last request: 0.000018 seconds.
  path: Assets/Cartoon UI/Customizable/Sprites/Panel Front.png
  artifactKey: Guid(aa1db6a12ef5a0b4eb230deb3e02fde9) Importer(815301076,1909f56bfc062723c751e8b465ee728b)
Start importing Assets/Cartoon UI/Customizable/Sprites/Panel Front.png using Guid(aa1db6a12ef5a0b4eb230deb3e02fde9) Importer(815301076,1909f56bfc062723c751e8b465ee728b) (PreviewImporter) -> (artifact id: '8f46a45136ceeb9c39f6740a7a29e946') in 0.0250137 seconds
Number of updated asset objects reloaded before import = 0Number of asset objects unloaded after import = 3

========================================================================
Received Import Request.
  Time since last request: 22.401516 seconds.
  path: Assets/Cartoon UI/Icons/Gem5 Green.png
  artifactKey: Guid(6da996cadff30e2478cb12f49f57d5e7) Importer(815301076,1909f56bfc062723c751e8b465ee728b)
Start importing Assets/Cartoon UI/Icons/Gem5 Green.png using Guid(6da996cadff30e2478cb12f49f57d5e7) Importer(815301076,1909f56bfc062723c751e8b465ee728b) (PreviewImporter) -> (artifact id: '9e964880fa68fa71207f2fc8531b0d4d') in 0.0195176 seconds
Number of updated asset objects reloaded before import = 0Number of asset objects unloaded after import = 3

========================================================================
Received Import Request.
  Time since last request: 0.000024 seconds.
  path: Assets/Cartoon UI/Icons/Gem5 Purple.png
  artifactKey: Guid(34e3e655fdf0cfe4f8c7dc514f21cfcc) Importer(815301076,1909f56bfc062723c751e8b465ee728b)
Start importing Assets/Cartoon UI/Icons/Gem5 Purple.png using Guid(34e3e655fdf0cfe4f8c7dc514f21cfcc) Importer(815301076,1909f56bfc062723c751e8b465ee728b) (PreviewImporter) -> (artifact id: 'd16fe5d2b534f380a24d9099cdded1a6') in 0.0189288 seconds
Number of updated asset objects reloaded before import = 0Number of asset objects unloaded after import = 3

========================================================================
Received Import Request.
  Time since last request: 0.000030 seconds.
  path: Assets/Cartoon UI/Icons/Gem5 Red.png
  artifactKey: Guid(9a4841dfe3437a045b4782d81da27e0d) Importer(815301076,1909f56bfc062723c751e8b465ee728b)
Start importing Assets/Cartoon UI/Icons/Gem5 Red.png using Guid(9a4841dfe3437a045b4782d81da27e0d) Importer(815301076,1909f56bfc062723c751e8b465ee728b) (PreviewImporter) -> (artifact id: '3b8a9bb9ee022f42fa161c039c341199') in 0.0178634 seconds
Number of updated asset objects reloaded before import = 0Number of asset objects unloaded after import = 3

========================================================================
Received Import Request.
  Time since last request: 0.000018 seconds.
  path: Assets/Cartoon UI/Icons/Gold Key.png
  artifactKey: Guid(6c7764f83d1fcc64699805038faf09c8) Importer(815301076,1909f56bfc062723c751e8b465ee728b)
Start importing Assets/Cartoon UI/Icons/Gold Key.png using Guid(6c7764f83d1fcc64699805038faf09c8) Importer(815301076,1909f56bfc062723c751e8b465ee728b) (PreviewImporter) -> (artifact id: 'ef78ee51f892c7ce2f470f7b43aa628b') in 0.0177448 seconds
Number of updated asset objects reloaded before import = 0Number of asset objects unloaded after import = 3

========================================================================
Received Import Request.
  Time since last request: 0.000017 seconds.
  path: Assets/Cartoon UI/Icons/Gem7 Red.png
  artifactKey: Guid(e1999a1d36c024841a4b7dc54d1dedb4) Importer(815301076,1909f56bfc062723c751e8b465ee728b)
Start importing Assets/Cartoon UI/Icons/Gem7 Red.png using Guid(e1999a1d36c024841a4b7dc54d1dedb4) Importer(815301076,1909f56bfc062723c751e8b465ee728b) (PreviewImporter) -> (artifact id: 'd5e734210ea31c97ebda153f243553fc') in 0.0188466 seconds
Number of updated asset objects reloaded before import = 0Number of asset objects unloaded after import = 3

========================================================================
Received Import Request.
  Time since last request: 0.000021 seconds.
  path: Assets/Cartoon UI/Icons/Gem7 Blue.png
  artifactKey: Guid(533872ca8c3d65b41af04be9a1b45a4c) Importer(815301076,1909f56bfc062723c751e8b465ee728b)
Start importing Assets/Cartoon UI/Icons/Gem7 Blue.png using Guid(533872ca8c3d65b41af04be9a1b45a4c) Importer(815301076,1909f56bfc062723c751e8b465ee728b) (PreviewImporter) -> (artifact id: 'f9fd6ab06255ac7594b6a709b03fad7b') in 0.0199811 seconds
Number of updated asset objects reloaded before import = 0Number of asset objects unloaded after import = 3

========================================================================
Received Import Request.
  Time since last request: 0.000020 seconds.
  path: Assets/Cartoon UI/Icons/Gem6 Green.png
  artifactKey: Guid(69e5569ce693e8846ab58c6d28752ee8) Importer(815301076,1909f56bfc062723c751e8b465ee728b)
Start importing Assets/Cartoon UI/Icons/Gem6 Green.png using Guid(69e5569ce693e8846ab58c6d28752ee8) Importer(815301076,1909f56bfc062723c751e8b465ee728b) (PreviewImporter) -> (artifact id: 'bd9d77b2406d5e536709346625c932d9') in 0.0186545 seconds
Number of updated asset objects reloaded before import = 0Number of asset objects unloaded after import = 3

========================================================================
Received Import Request.
  Time since last request: 0.000025 seconds.
  path: Assets/Cartoon UI/Icons/Heart.png
  artifactKey: Guid(2cd1e7842f2d29e42ab58a84c4e32fc7) Importer(815301076,1909f56bfc062723c751e8b465ee728b)
Start importing Assets/Cartoon UI/Icons/Heart.png using Guid(2cd1e7842f2d29e42ab58a84c4e32fc7) Importer(815301076,1909f56bfc062723c751e8b465ee728b) (PreviewImporter) -> (artifact id: '2c97523dcf0cbb45604914c6f8d9be88') in 0.017151 seconds
Number of updated asset objects reloaded before import = 0Number of asset objects unloaded after import = 3

========================================================================
Received Import Request.
  Time since last request: 0.000027 seconds.
  path: Assets/Cartoon UI/Icons/Moon.png
  artifactKey: Guid(1db1377fee600244e90f9d6bd89ef14e) Importer(815301076,1909f56bfc062723c751e8b465ee728b)
Start importing Assets/Cartoon UI/Icons/Moon.png using Guid(1db1377fee600244e90f9d6bd89ef14e) Importer(815301076,1909f56bfc062723c751e8b465ee728b) (PreviewImporter) -> (artifact id: '83f33df2a283f6bc7339006b1d42c100') in 0.0175164 seconds
Number of updated asset objects reloaded before import = 0Number of asset objects unloaded after import = 3

========================================================================
Received Import Request.
  Time since last request: 0.000016 seconds.
  path: Assets/Cartoon UI/Icons/Pig.png
  artifactKey: Guid(e1d87f948dea95a4daad403465e1fa31) Importer(815301076,1909f56bfc062723c751e8b465ee728b)
Start importing Assets/Cartoon UI/Icons/Pig.png using Guid(e1d87f948dea95a4daad403465e1fa31) Importer(815301076,1909f56bfc062723c751e8b465ee728b) (PreviewImporter) -> (artifact id: 'ff99aeac4f93f389a3f9e927df524b9f') in 0.0185911 seconds
Number of updated asset objects reloaded before import = 0Number of asset objects unloaded after import = 3

========================================================================
Received Import Request.
  Time since last request: 0.000015 seconds.
  path: Assets/Cartoon UI/Icons/Megaphone.png
  artifactKey: Guid(9c65064b3a4b23a4496c95b63f1c3ac3) Importer(815301076,1909f56bfc062723c751e8b465ee728b)
Start importing Assets/Cartoon UI/Icons/Megaphone.png using Guid(9c65064b3a4b23a4496c95b63f1c3ac3) Importer(815301076,1909f56bfc062723c751e8b465ee728b) (PreviewImporter) -> (artifact id: '211b7a579877507c9e8bfe136784ac78') in 0.0183122 seconds
Number of updated asset objects reloaded before import = 0Number of asset objects unloaded after import = 3

========================================================================
Received Import Request.
  Time since last request: 0.000019 seconds.
  path: Assets/Cartoon UI/Icons/Lemon.png
  artifactKey: Guid(9978fc98a2d844346b3d2fb0c0fe9da9) Importer(815301076,1909f56bfc062723c751e8b465ee728b)
Start importing Assets/Cartoon UI/Icons/Lemon.png using Guid(9978fc98a2d844346b3d2fb0c0fe9da9) Importer(815301076,1909f56bfc062723c751e8b465ee728b) (PreviewImporter) -> (artifact id: 'cfc2c5d829303706aa6362afe3647a69') in 0.0179116 seconds
Number of updated asset objects reloaded before import = 0Number of asset objects unloaded after import = 3

========================================================================
Received Import Request.
  Time since last request: 0.000045 seconds.
  path: Assets/Cartoon UI/Icons/Light.png
  artifactKey: Guid(396d80a5e7b0dac44ad13ec2e2d56f44) Importer(815301076,1909f56bfc062723c751e8b465ee728b)
Start importing Assets/Cartoon UI/Icons/Light.png using Guid(396d80a5e7b0dac44ad13ec2e2d56f44) Importer(815301076,1909f56bfc062723c751e8b465ee728b) (PreviewImporter) -> (artifact id: '6327d094b39fd1c183e486196c5039e8') in 0.0195655 seconds
Number of updated asset objects reloaded before import = 0Number of asset objects unloaded after import = 3

========================================================================
Received Import Request.
  Time since last request: 0.000016 seconds.
  path: Assets/Cartoon UI/Icons/Pear.png
  artifactKey: Guid(5cd4d2e575aac21449b4860290000c49) Importer(815301076,1909f56bfc062723c751e8b465ee728b)
Start importing Assets/Cartoon UI/Icons/Pear.png using Guid(5cd4d2e575aac21449b4860290000c49) Importer(815301076,1909f56bfc062723c751e8b465ee728b) (PreviewImporter) -> (artifact id: 'e2c7dccda9e034d017b85093f2ba511e') in 0.0220405 seconds
Number of updated asset objects reloaded before import = 0Number of asset objects unloaded after import = 3

========================================================================
Received Import Request.
  Time since last request: 0.000020 seconds.
  path: Assets/Cartoon UI/Icons/Potion 2.png
  artifactKey: Guid(87cabf9e6e7b0bb409e9bac671427811) Importer(815301076,1909f56bfc062723c751e8b465ee728b)
Start importing Assets/Cartoon UI/Icons/Potion 2.png using Guid(87cabf9e6e7b0bb409e9bac671427811) Importer(815301076,1909f56bfc062723c751e8b465ee728b) (PreviewImporter) -> (artifact id: '637aee93ef163ee0d4dc7912d107adc3') in 0.020095 seconds
Number of updated asset objects reloaded before import = 0Number of asset objects unloaded after import = 3

========================================================================
Received Import Request.
  Time since last request: 0.000025 seconds.
  path: Assets/Cartoon UI/Icons/Unlock Gold.png
  artifactKey: Guid(af455ab61d6d6bb4aa0932a3aa50e9a9) Importer(815301076,1909f56bfc062723c751e8b465ee728b)
Start importing Assets/Cartoon UI/Icons/Unlock Gold.png using Guid(af455ab61d6d6bb4aa0932a3aa50e9a9) Importer(815301076,1909f56bfc062723c751e8b465ee728b) (PreviewImporter) -> (artifact id: '055f9e4d8da30bd7fb53dab3709b4834') in 0.0217053 seconds
Number of updated asset objects reloaded before import = 0Number of asset objects unloaded after import = 3

========================================================================
Received Import Request.
  Time since last request: 0.000028 seconds.
  path: Assets/Cartoon UI/Icons/Store.png
  artifactKey: Guid(c3e56da55e40b1346b3cd568fd38acbe) Importer(815301076,1909f56bfc062723c751e8b465ee728b)
Start importing Assets/Cartoon UI/Icons/Store.png using Guid(c3e56da55e40b1346b3cd568fd38acbe) Importer(815301076,1909f56bfc062723c751e8b465ee728b) (PreviewImporter) -> (artifact id: '0f0e42b7730be724c1e3c2cb3891ebf8') in 0.0216799 seconds
Number of updated asset objects reloaded before import = 0Number of asset objects unloaded after import = 3

========================================================================
Received Import Request.
  Time since last request: 0.000020 seconds.
  path: Assets/Cartoon UI/Icons/Location.png
  artifactKey: Guid(ae02e89a2cce3914fb58240ea7749c5b) Importer(815301076,1909f56bfc062723c751e8b465ee728b)
Start importing Assets/Cartoon UI/Icons/Location.png using Guid(ae02e89a2cce3914fb58240ea7749c5b) Importer(815301076,1909f56bfc062723c751e8b465ee728b) (PreviewImporter) -> (artifact id: '68d9cc861ad9077923b961bab81419a9') in 0.0188599 seconds
Number of updated asset objects reloaded before import = 0Number of asset objects unloaded after import = 3

========================================================================
Received Import Request.
  Time since last request: 0.000032 seconds.
  path: Assets/Cartoon UI/Icons/Stop.png
  artifactKey: Guid(8f5b101912c9e2c4f901f26afd938f3f) Importer(815301076,1909f56bfc062723c751e8b465ee728b)
Start importing Assets/Cartoon UI/Icons/Stop.png using Guid(8f5b101912c9e2c4f901f26afd938f3f) Importer(815301076,1909f56bfc062723c751e8b465ee728b) (PreviewImporter) -> (artifact id: '5f654b8f873e506f329333b8d1cd48a7') in 0.0218432 seconds
Number of updated asset objects reloaded before import = 0Number of asset objects unloaded after import = 3

========================================================================
Received Import Request.
  Time since last request: 0.000020 seconds.
  path: Assets/Cartoon UI/Icons/Unlock Bronze.png
  artifactKey: Guid(31887f845fc4fcd44859680511b20583) Importer(815301076,1909f56bfc062723c751e8b465ee728b)
Start importing Assets/Cartoon UI/Icons/Unlock Bronze.png using Guid(31887f845fc4fcd44859680511b20583) Importer(815301076,1909f56bfc062723c751e8b465ee728b) (PreviewImporter) -> (artifact id: '7e047b55e3c4c546f3503489c9e2825f') in 0.0177936 seconds
Number of updated asset objects reloaded before import = 0Number of asset objects unloaded after import = 3

========================================================================
Received Import Request.
  Time since last request: 0.000028 seconds.
  path: Assets/Cartoon UI/Icons/Silver Lock.png
  artifactKey: Guid(329dadd94a05d2840bc122db69610fd2) Importer(815301076,1909f56bfc062723c751e8b465ee728b)
Start importing Assets/Cartoon UI/Icons/Silver Lock.png using Guid(329dadd94a05d2840bc122db69610fd2) Importer(815301076,1909f56bfc062723c751e8b465ee728b) (PreviewImporter) -> (artifact id: '0af66b1252873bb1d7766f5b1d550d98') in 0.0195384 seconds
Number of updated asset objects reloaded before import = 0Number of asset objects unloaded after import = 3

========================================================================
Received Import Request.
  Time since last request: 0.000026 seconds.
  path: Assets/Cartoon UI/Icons/Lollipop.png
  artifactKey: Guid(27adfaee3f8bee14280e634021049f50) Importer(815301076,1909f56bfc062723c751e8b465ee728b)
Start importing Assets/Cartoon UI/Icons/Lollipop.png using Guid(27adfaee3f8bee14280e634021049f50) Importer(815301076,1909f56bfc062723c751e8b465ee728b) (PreviewImporter) -> (artifact id: 'e4e22a21d4eecbf5ebb72da1c3a411eb') in 0.018979 seconds
Number of updated asset objects reloaded before import = 0Number of asset objects unloaded after import = 3

========================================================================
Received Import Request.
  Time since last request: 0.000017 seconds.
  path: Assets/Cartoon UI/Icons/Purple Book.png
  artifactKey: Guid(4b16e84cb7f1ada4aac6e1d8dc155cda) Importer(815301076,1909f56bfc062723c751e8b465ee728b)
Start importing Assets/Cartoon UI/Icons/Purple Book.png using Guid(4b16e84cb7f1ada4aac6e1d8dc155cda) Importer(815301076,1909f56bfc062723c751e8b465ee728b) (PreviewImporter) -> (artifact id: 'accc18d160d92262467da32b30bb80fa') in 0.0192929 seconds
Number of updated asset objects reloaded before import = 0Number of asset objects unloaded after import = 3

========================================================================
Received Import Request.
  Time since last request: 0.000015 seconds.
  path: Assets/Cartoon UI/Icons/Meat.png
  artifactKey: Guid(d2f2238128564eb4a86006c67b19cf65) Importer(815301076,1909f56bfc062723c751e8b465ee728b)
Start importing Assets/Cartoon UI/Icons/Meat.png using Guid(d2f2238128564eb4a86006c67b19cf65) Importer(815301076,1909f56bfc062723c751e8b465ee728b) (PreviewImporter) -> (artifact id: '0712512f6f743fee2a3bf25b7d262d76') in 0.018761 seconds
Number of updated asset objects reloaded before import = 0Number of asset objects unloaded after import = 3

========================================================================
Received Import Request.
  Time since last request: 0.000018 seconds.
  path: Assets/Cartoon UI/Icons/Notes.png
  artifactKey: Guid(13defd8dd07b6e543bbd9ad990df893e) Importer(815301076,1909f56bfc062723c751e8b465ee728b)
Start importing Assets/Cartoon UI/Icons/Notes.png using Guid(13defd8dd07b6e543bbd9ad990df893e) Importer(815301076,1909f56bfc062723c751e8b465ee728b) (PreviewImporter) -> (artifact id: 'fe5fc056b1ce481351a956b2df98f114') in 0.0181405 seconds
Number of updated asset objects reloaded before import = 0Number of asset objects unloaded after import = 3

========================================================================
Received Import Request.
  Time since last request: 0.000027 seconds.
  path: Assets/Cartoon UI/Icons/Target.png
  artifactKey: Guid(17edd2b12077be84c84a00b99b88754b) Importer(815301076,1909f56bfc062723c751e8b465ee728b)
Start importing Assets/Cartoon UI/Icons/Target.png using Guid(17edd2b12077be84c84a00b99b88754b) Importer(815301076,1909f56bfc062723c751e8b465ee728b) (PreviewImporter) -> (artifact id: 'd44872c5db5ad84bf14b692befe7ef75') in 0.0214339 seconds
Number of updated asset objects reloaded before import = 0Number of asset objects unloaded after import = 3

========================================================================
Received Import Request.
  Time since last request: 0.000021 seconds.
  path: Assets/Cartoon UI/Icons/Map.png
  artifactKey: Guid(0c6ec94686930a84c81abab47e91c52f) Importer(815301076,1909f56bfc062723c751e8b465ee728b)
Start importing Assets/Cartoon UI/Icons/Map.png using Guid(0c6ec94686930a84c81abab47e91c52f) Importer(815301076,1909f56bfc062723c751e8b465ee728b) (PreviewImporter) -> (artifact id: 'f86df2693194ef5b81d8cbd86a8190af') in 0.0209926 seconds
Number of updated asset objects reloaded before import = 0Number of asset objects unloaded after import = 3

========================================================================
Received Import Request.
  Time since last request: 0.000015 seconds.
  path: Assets/Cartoon UI/Icons/Gem6 Orange.png
  artifactKey: Guid(b5bc9b7485b59a847bbe9c32637eb895) Importer(815301076,1909f56bfc062723c751e8b465ee728b)
Start importing Assets/Cartoon UI/Icons/Gem6 Orange.png using Guid(b5bc9b7485b59a847bbe9c32637eb895) Importer(815301076,1909f56bfc062723c751e8b465ee728b) (PreviewImporter) -> (artifact id: '2fecf12011124d9df44c684823e0aa55') in 0.0177357 seconds
Number of updated asset objects reloaded before import = 0Number of asset objects unloaded after import = 3

========================================================================
Received Import Request.
  Time since last request: 0.000038 seconds.
  path: Assets/Cartoon UI/Icons/Gold Coin.png
  artifactKey: Guid(4f6a847b3880da4419e0f12ec9c900da) Importer(815301076,1909f56bfc062723c751e8b465ee728b)
Start importing Assets/Cartoon UI/Icons/Gold Coin.png using Guid(4f6a847b3880da4419e0f12ec9c900da) Importer(815301076,1909f56bfc062723c751e8b465ee728b) (PreviewImporter) -> (artifact id: '77bc9c8479d8d3d29d45ea5772e786fa') in 0.0204401 seconds
Number of updated asset objects reloaded before import = 0Number of asset objects unloaded after import = 3

========================================================================
Received Import Request.
  Time since last request: 0.000019 seconds.
  path: Assets/Cartoon UI/Icons/Gem7 Purple.png
  artifactKey: Guid(e349b47fce4c0af4ba0da5504d4b3c2f) Importer(815301076,1909f56bfc062723c751e8b465ee728b)
Start importing Assets/Cartoon UI/Icons/Gem7 Purple.png using Guid(e349b47fce4c0af4ba0da5504d4b3c2f) Importer(815301076,1909f56bfc062723c751e8b465ee728b) (PreviewImporter) -> (artifact id: 'fa55b35ac8bc72f1c32048d321f56729') in 0.0196645 seconds
Number of updated asset objects reloaded before import = 0Number of asset objects unloaded after import = 3

========================================================================
Received Import Request.
  Time since last request: 0.000029 seconds.
  path: Assets/Cartoon UI/Icons/Star.png
  artifactKey: Guid(06c487ef7d0a52e45affa9b5203e224b) Importer(815301076,1909f56bfc062723c751e8b465ee728b)
Start importing Assets/Cartoon UI/Icons/Star.png using Guid(06c487ef7d0a52e45affa9b5203e224b) Importer(815301076,1909f56bfc062723c751e8b465ee728b) (PreviewImporter) -> (artifact id: 'b91be95e3366d809f9325dc420a4c005') in 0.0202985 seconds
Number of updated asset objects reloaded before import = 0Number of asset objects unloaded after import = 3

========================================================================
Received Import Request.
  Time since last request: 0.000024 seconds.
  path: Assets/Cartoon UI/Icons/Sun.png
  artifactKey: Guid(bcb6d6e8882948e4e86fb06dfb68f4f6) Importer(815301076,1909f56bfc062723c751e8b465ee728b)
Start importing Assets/Cartoon UI/Icons/Sun.png using Guid(bcb6d6e8882948e4e86fb06dfb68f4f6) Importer(815301076,1909f56bfc062723c751e8b465ee728b) (PreviewImporter) -> (artifact id: 'b46f7ef794bf55fd7a1b8778eda1d71c') in 0.0198506 seconds
Number of updated asset objects reloaded before import = 0Number of asset objects unloaded after import = 3

========================================================================
Received Prepare
Refreshing native plugins compatible for Editor in 2.40 ms, found 4 plugins.
Preloading 0 native plugins for Editor in 0.00 ms.
Unloading 16 Unused Serialized files (Serialized files now loaded: 0)
Unloading 6993 unused Assets / (4.7 MB). Loaded Objects now: 7873.
Memory consumption went from 162.0 MB to 157.3 MB.
Total: 12.988000 ms (FindLiveObjects: 1.156700 ms CreateObjectMapping: 1.134000 ms MarkObjects: 7.761300 ms  DeleteObjects: 2.934400 ms)

Prepare: number of updated asset objects reloaded= 0
========================================================================
Received Prepare
Refreshing native plugins compatible for Editor in 2.36 ms, found 4 plugins.
Preloading 0 native plugins for Editor in 0.00 ms.
Unloading 16 Unused Serialized files (Serialized files now loaded: 0)
Unloading 6993 unused Assets / (4.7 MB). Loaded Objects now: 7873.
Memory consumption went from 162.0 MB to 157.3 MB.
Total: 20.466300 ms (FindLiveObjects: 2.002400 ms CreateObjectMapping: 1.326600 ms MarkObjects: 11.441300 ms  DeleteObjects: 5.693800 ms)

Prepare: number of updated asset objects reloaded= 0
========================================================================
Received Prepare
Begin MonoManager ReloadAssembly
[Licensing::Client] Successfully resolved entitlement details
- Loaded All Assemblies, in  1.254 seconds
Refreshing native plugins compatible for Editor in 1.70 ms, found 4 plugins.
Native extension for WindowsStandalone target not found
Native extension for WebGL target not found
[Package Manager] Failed to launch server process. Reason: Unity was launched with the -noUpm command-line argument
[Package Manager] Unable to send message (not connected to server process).
[Package Manager] Cannot connect to Unity Package Manager local server
ScheduleIndexationOnStartup MainProcess:False IndexOnStartup:True
Mono: successfully reloaded assembly
- Finished resetting the current domain, in  0.777 seconds
Domain Reload Profiling: 2029ms
	BeginReloadAssembly (401ms)
		ExecutionOrderSort (0ms)
		DisableScriptedObjects (39ms)
		BackupInstance (0ms)
		ReleaseScriptingObjects (0ms)
		CreateAndSetChildDomain (140ms)
	RebuildCommonClasses (38ms)
	RebuildNativeTypeToScriptingClass (12ms)
	initialDomainReloadingComplete (38ms)
	LoadAllAssembliesAndSetupDomain (761ms)
		LoadAssemblies (623ms)
		RebuildTransferFunctionScriptingTraits (0ms)
		AnalyzeDomain (280ms)
			TypeCache.Refresh (20ms)
				TypeCache.ScanAssembly (1ms)
			BuildScriptInfoCaches (242ms)
			ResolveRequiredComponents (12ms)
	FinalizeReload (777ms)
		ReleaseScriptCaches (0ms)
		RebuildScriptCaches (0ms)
		SetupLoadedEditorAssemblies (612ms)
			LogAssemblyErrors (0ms)
			InitializePlatformSupportModulesInManaged (2ms)
			SetLoadedEditorAssemblies (6ms)
			BeforeProcessingInitializeOnLoad (170ms)
			ProcessInitializeOnLoadAttributes (344ms)
			ProcessInitializeOnLoadMethodAttributes (80ms)
			AfterProcessingInitializeOnLoad (9ms)
			EditorAssembliesLoaded (0ms)
		ExecutionOrderSort2 (0ms)
		AwakeInstancesAfterBackupRestoration (16ms)
Refreshing native plugins compatible for Editor in 2.09 ms, found 4 plugins.
Preloading 0 native plugins for Editor in 0.00 ms.
Unloading 16 Unused Serialized files (Serialized files now loaded: 0)
Unloading 7003 unused Assets / (4.8 MB). Loaded Objects now: 7875.
Memory consumption went from 160.5 MB to 155.6 MB.
Total: 10.945600 ms (FindLiveObjects: 0.774300 ms CreateObjectMapping: 1.017700 ms MarkObjects: 6.118800 ms  DeleteObjects: 3.033800 ms)

Prepare: number of updated asset objects reloaded= 0
========================================================================
Received Prepare
Refreshing native plugins compatible for Editor in 3.24 ms, found 4 plugins.
Preloading 0 native plugins for Editor in 0.00 ms.
Unloading 16 Unused Serialized files (Serialized files now loaded: 0)
Unloading 6993 unused Assets / (4.6 MB). Loaded Objects now: 7875.
Memory consumption went from 160.6 MB to 156.1 MB.
Total: 15.000900 ms (FindLiveObjects: 1.134300 ms CreateObjectMapping: 1.717100 ms MarkObjects: 8.051000 ms  DeleteObjects: 4.097200 ms)

Prepare: number of updated asset objects reloaded= 0
========================================================================
Received Prepare
Begin MonoManager ReloadAssembly
[Licensing::Client] Successfully resolved entitlement details
- Loaded All Assemblies, in  1.328 seconds
Refreshing native plugins compatible for Editor in 2.37 ms, found 4 plugins.
Native extension for WindowsStandalone target not found
Native extension for WebGL target not found
[Package Manager] Failed to launch server process. Reason: Unity was launched with the -noUpm command-line argument
[Package Manager] Unable to send message (not connected to server process).
[Package Manager] Cannot connect to Unity Package Manager local server
ScheduleIndexationOnStartup MainProcess:False IndexOnStartup:True
Mono: successfully reloaded assembly
- Finished resetting the current domain, in  1.019 seconds
Domain Reload Profiling: 2345ms
	BeginReloadAssembly (351ms)
		ExecutionOrderSort (0ms)
		DisableScriptedObjects (25ms)
		BackupInstance (0ms)
		ReleaseScriptingObjects (0ms)
		CreateAndSetChildDomain (89ms)
	RebuildCommonClasses (68ms)
	RebuildNativeTypeToScriptingClass (20ms)
	initialDomainReloadingComplete (55ms)
	LoadAllAssembliesAndSetupDomain (831ms)
		LoadAssemblies (695ms)
		RebuildTransferFunctionScriptingTraits (0ms)
		AnalyzeDomain (287ms)
			TypeCache.Refresh (13ms)
				TypeCache.ScanAssembly (1ms)
			BuildScriptInfoCaches (253ms)
			ResolveRequiredComponents (14ms)
	FinalizeReload (1020ms)
		ReleaseScriptCaches (0ms)
		RebuildScriptCaches (0ms)
		SetupLoadedEditorAssemblies (809ms)
			LogAssemblyErrors (0ms)
			InitializePlatformSupportModulesInManaged (3ms)
			SetLoadedEditorAssemblies (5ms)
			BeforeProcessingInitializeOnLoad (238ms)
			ProcessInitializeOnLoadAttributes (448ms)
			ProcessInitializeOnLoadMethodAttributes (97ms)
			AfterProcessingInitializeOnLoad (17ms)
			EditorAssembliesLoaded (1ms)
		ExecutionOrderSort2 (0ms)
		AwakeInstancesAfterBackupRestoration (18ms)
Refreshing native plugins compatible for Editor in 2.78 ms, found 4 plugins.
Preloading 0 native plugins for Editor in 0.00 ms.
Unloading 16 Unused Serialized files (Serialized files now loaded: 0)
Unloading 7003 unused Assets / (4.7 MB). Loaded Objects now: 7878.
Memory consumption went from 160.5 MB to 155.9 MB.
Total: 13.459400 ms (FindLiveObjects: 1.572200 ms CreateObjectMapping: 1.636600 ms MarkObjects: 6.818600 ms  DeleteObjects: 3.430300 ms)

Prepare: number of updated asset objects reloaded= 0
========================================================================
Received Import Request.
  Time since last request: 1018.961251 seconds.
  path: Assets/Cartoon UI/Buttons/Long Round/Long Round Green.png
  artifactKey: Guid(8e86ae80ea19fd948b6d0a406edfc8cb) Importer(815301076,1909f56bfc062723c751e8b465ee728b)
Start importing Assets/Cartoon UI/Buttons/Long Round/Long Round Green.png using Guid(8e86ae80ea19fd948b6d0a406edfc8cb) Importer(815301076,1909f56bfc062723c751e8b465ee728b) (PreviewImporter) -> (artifact id: '255867ff4b182f9316647bee9066d1f7') in 0.1088557 seconds
Number of updated asset objects reloaded before import = 0Number of asset objects unloaded after import = 3

========================================================================
Received Import Request.
  Time since last request: 0.000021 seconds.
  path: Assets/Cartoon UI/Buttons/Long Round/Long Round Red.png
  artifactKey: Guid(6e7cda24cdeb04d4fb3b6613a548b166) Importer(815301076,1909f56bfc062723c751e8b465ee728b)
Start importing Assets/Cartoon UI/Buttons/Long Round/Long Round Red.png using Guid(6e7cda24cdeb04d4fb3b6613a548b166) Importer(815301076,1909f56bfc062723c751e8b465ee728b) (PreviewImporter) -> (artifact id: '7406ac9c7de106603b83462874a9da90') in 0.0263411 seconds
Number of updated asset objects reloaded before import = 0Number of asset objects unloaded after import = 3

========================================================================
Received Import Request.
  Time since last request: 0.000027 seconds.
  path: Assets/Cartoon UI/Buttons/Long Round/Long Round Grey.png
  artifactKey: Guid(3410813869a49f942b4e0198c93eb3ec) Importer(815301076,1909f56bfc062723c751e8b465ee728b)
Start importing Assets/Cartoon UI/Buttons/Long Round/Long Round Grey.png using Guid(3410813869a49f942b4e0198c93eb3ec) Importer(815301076,1909f56bfc062723c751e8b465ee728b) (PreviewImporter) -> (artifact id: '9b4f2f149a1ef1d51694193a479b70a5') in 0.0230426 seconds
Number of updated asset objects reloaded before import = 0Number of asset objects unloaded after import = 3

========================================================================
Received Import Request.
  Time since last request: 0.000198 seconds.
  path: Assets/Cartoon UI/Buttons/Long Round/Long Round Purple.png
  artifactKey: Guid(0f7f945bf20572042af1ef7075dd57b8) Importer(815301076,1909f56bfc062723c751e8b465ee728b)
Start importing Assets/Cartoon UI/Buttons/Long Round/Long Round Purple.png using Guid(0f7f945bf20572042af1ef7075dd57b8) Importer(815301076,1909f56bfc062723c751e8b465ee728b) (PreviewImporter) -> (artifact id: '8f115cd0ea014f8c6f293842e6bc4760') in 0.0217014 seconds
Number of updated asset objects reloaded before import = 0Number of asset objects unloaded after import = 3

========================================================================
Received Import Request.
  Time since last request: 0.000019 seconds.
  path: Assets/Cartoon UI/Buttons/Long Round/Long Round Pink.png
  artifactKey: Guid(492b08f39f232d64e9ce8eb248b5daea) Importer(815301076,1909f56bfc062723c751e8b465ee728b)
Start importing Assets/Cartoon UI/Buttons/Long Round/Long Round Pink.png using Guid(492b08f39f232d64e9ce8eb248b5daea) Importer(815301076,1909f56bfc062723c751e8b465ee728b) (PreviewImporter) -> (artifact id: 'd1c8376a34186146d10e5c3ed9a6251c') in 0.0197835 seconds
Number of updated asset objects reloaded before import = 0Number of asset objects unloaded after import = 3

========================================================================
Received Import Request.
  Time since last request: 0.000032 seconds.
  path: Assets/Cartoon UI/Buttons/Long Round/Long Round Pink Purple.png
  artifactKey: Guid(772961ab1385ed34e9e0cca9f72d51d7) Importer(815301076,1909f56bfc062723c751e8b465ee728b)
Start importing Assets/Cartoon UI/Buttons/Long Round/Long Round Pink Purple.png using Guid(772961ab1385ed34e9e0cca9f72d51d7) Importer(815301076,1909f56bfc062723c751e8b465ee728b) (PreviewImporter) -> (artifact id: '7aef5db56d38a23aaa01be2a80f77db1') in 0.0197908 seconds
Number of updated asset objects reloaded before import = 0Number of asset objects unloaded after import = 3

========================================================================
Received Import Request.
  Time since last request: 1.425908 seconds.
  path: Assets/Cartoon UI/Buttons/Long Square/Long Square Green.png
  artifactKey: Guid(7b11500804418974ab0bd07a1c66f07b) Importer(815301076,1909f56bfc062723c751e8b465ee728b)
Start importing Assets/Cartoon UI/Buttons/Long Square/Long Square Green.png using Guid(7b11500804418974ab0bd07a1c66f07b) Importer(815301076,1909f56bfc062723c751e8b465ee728b) (PreviewImporter) -> (artifact id: '0ba0af366931fae00e8a1f2d6ec4b6fb') in 0.0176914 seconds
Number of updated asset objects reloaded before import = 0Number of asset objects unloaded after import = 3

========================================================================
Received Import Request.
  Time since last request: 0.000020 seconds.
  path: Assets/Cartoon UI/Buttons/Long Square/Long Square Grey.png
  artifactKey: Guid(14a5abbf07e3a54499d9e06484b3db1e) Importer(815301076,1909f56bfc062723c751e8b465ee728b)
Start importing Assets/Cartoon UI/Buttons/Long Square/Long Square Grey.png using Guid(14a5abbf07e3a54499d9e06484b3db1e) Importer(815301076,1909f56bfc062723c751e8b465ee728b) (PreviewImporter) -> (artifact id: 'c87b0ffd1be8a30cd0d4d98cf6e4ee51') in 0.0223843 seconds
Number of updated asset objects reloaded before import = 0Number of asset objects unloaded after import = 3

========================================================================
Received Import Request.
  Time since last request: 0.000028 seconds.
  path: Assets/Cartoon UI/Buttons/Long Square/Long Square Red.png
  artifactKey: Guid(4fc463417c4d0ec41bdf527e6f4aa8f2) Importer(815301076,1909f56bfc062723c751e8b465ee728b)
Start importing Assets/Cartoon UI/Buttons/Long Square/Long Square Red.png using Guid(4fc463417c4d0ec41bdf527e6f4aa8f2) Importer(815301076,1909f56bfc062723c751e8b465ee728b) (PreviewImporter) -> (artifact id: '527f2af338c2b78f4f08d832e3bbe6d3') in 0.020228 seconds
Number of updated asset objects reloaded before import = 0Number of asset objects unloaded after import = 3

========================================================================
Received Import Request.
  Time since last request: 0.000017 seconds.
  path: Assets/Cartoon UI/Buttons/Long Square/Long Square Pink.png
  artifactKey: Guid(d8d136e6a4fde8b4c8dd48286a3a1635) Importer(815301076,1909f56bfc062723c751e8b465ee728b)
Start importing Assets/Cartoon UI/Buttons/Long Square/Long Square Pink.png using Guid(d8d136e6a4fde8b4c8dd48286a3a1635) Importer(815301076,1909f56bfc062723c751e8b465ee728b) (PreviewImporter) -> (artifact id: '1ef169151e6256dcaf74105314788256') in 0.0287969 seconds
Number of updated asset objects reloaded before import = 0Number of asset objects unloaded after import = 3

========================================================================
Received Import Request.
  Time since last request: 0.000024 seconds.
  path: Assets/Cartoon UI/Buttons/Long Square/Long Square Orange.png
  artifactKey: Guid(14a770c82ac2924439f3fda540df40a8) Importer(815301076,1909f56bfc062723c751e8b465ee728b)
Start importing Assets/Cartoon UI/Buttons/Long Square/Long Square Orange.png using Guid(14a770c82ac2924439f3fda540df40a8) Importer(815301076,1909f56bfc062723c751e8b465ee728b) (PreviewImporter) -> (artifact id: '08276681479a3deb740ad84b8ea39099') in 0.0186483 seconds
Number of updated asset objects reloaded before import = 0Number of asset objects unloaded after import = 3

========================================================================
Received Import Request.
  Time since last request: 1.007440 seconds.
  path: Assets/Cartoon UI/Buttons/Round/Circle Green.png
  artifactKey: Guid(a70120c7f55a8094f9ef9061ea7d8923) Importer(815301076,1909f56bfc062723c751e8b465ee728b)
Start importing Assets/Cartoon UI/Buttons/Round/Circle Green.png using Guid(a70120c7f55a8094f9ef9061ea7d8923) Importer(815301076,1909f56bfc062723c751e8b465ee728b) (PreviewImporter) -> (artifact id: '2da4d6b880bea760c1ca4fd3aad94b77') in 0.0184369 seconds
Number of updated asset objects reloaded before import = 0Number of asset objects unloaded after import = 3

========================================================================
Received Import Request.
  Time since last request: 0.000027 seconds.
  path: Assets/Cartoon UI/Buttons/Round/Circle Grey.png
  artifactKey: Guid(c6974e2b5e9922a4e8fe65b4e304d5ab) Importer(815301076,1909f56bfc062723c751e8b465ee728b)
Start importing Assets/Cartoon UI/Buttons/Round/Circle Grey.png using Guid(c6974e2b5e9922a4e8fe65b4e304d5ab) Importer(815301076,1909f56bfc062723c751e8b465ee728b) (PreviewImporter) -> (artifact id: '9854510cab42d2f373878ee88ae5964a') in 0.020056 seconds
Number of updated asset objects reloaded before import = 0Number of asset objects unloaded after import = 3

========================================================================
Received Import Request.
  Time since last request: 0.000037 seconds.
  path: Assets/Cartoon UI/Buttons/Round/Circle Skyblue.png
  artifactKey: Guid(37b29d4f15e98ca49bf07ed50308f3b5) Importer(815301076,1909f56bfc062723c751e8b465ee728b)
Start importing Assets/Cartoon UI/Buttons/Round/Circle Skyblue.png using Guid(37b29d4f15e98ca49bf07ed50308f3b5) Importer(815301076,1909f56bfc062723c751e8b465ee728b) (PreviewImporter) -> (artifact id: '8d7073fe380e16258bef1f6d223697e7') in 0.0208668 seconds
Number of updated asset objects reloaded before import = 0Number of asset objects unloaded after import = 3

========================================================================
Received Import Request.
  Time since last request: 0.000019 seconds.
  path: Assets/Cartoon UI/Buttons/Round/Circle Red.png
  artifactKey: Guid(bef5646fb83a6a54f9b2720dc36259f3) Importer(815301076,1909f56bfc062723c751e8b465ee728b)
Start importing Assets/Cartoon UI/Buttons/Round/Circle Red.png using Guid(bef5646fb83a6a54f9b2720dc36259f3) Importer(815301076,1909f56bfc062723c751e8b465ee728b) (PreviewImporter) -> (artifact id: '0381fa98620ecc88e8e4f157909354ac') in 0.0200627 seconds
Number of updated asset objects reloaded before import = 0Number of asset objects unloaded after import = 3

========================================================================
Received Import Request.
  Time since last request: 0.000015 seconds.
  path: Assets/Cartoon UI/Buttons/Round/Circle Pink.png
  artifactKey: Guid(aac079b4323b533498b3cc5fdd8d48fa) Importer(815301076,1909f56bfc062723c751e8b465ee728b)
Start importing Assets/Cartoon UI/Buttons/Round/Circle Pink.png using Guid(aac079b4323b533498b3cc5fdd8d48fa) Importer(815301076,1909f56bfc062723c751e8b465ee728b) (PreviewImporter) -> (artifact id: '7f4497bfec36218589a40d8ecef24df5') in 0.0215931 seconds
Number of updated asset objects reloaded before import = 0Number of asset objects unloaded after import = 3

========================================================================
Received Import Request.
  Time since last request: 1.004898 seconds.
  path: Assets/Cartoon UI/Buttons/Round Big/Circle Green.png
  artifactKey: Guid(160e2ffeed0794f42ae0221047e49687) Importer(815301076,1909f56bfc062723c751e8b465ee728b)
Start importing Assets/Cartoon UI/Buttons/Round Big/Circle Green.png using Guid(160e2ffeed0794f42ae0221047e49687) Importer(815301076,1909f56bfc062723c751e8b465ee728b) (PreviewImporter) -> (artifact id: '902a8f904224c22457ba8e968eb5ed01') in 0.0183126 seconds
Number of updated asset objects reloaded before import = 0Number of asset objects unloaded after import = 3

========================================================================
Received Import Request.
  Time since last request: 0.000022 seconds.
  path: Assets/Cartoon UI/Buttons/Round Big/Circle Pink.png
  artifactKey: Guid(419fce17d86c6bc499d095aa4a62c4e6) Importer(815301076,1909f56bfc062723c751e8b465ee728b)
Start importing Assets/Cartoon UI/Buttons/Round Big/Circle Pink.png using Guid(419fce17d86c6bc499d095aa4a62c4e6) Importer(815301076,1909f56bfc062723c751e8b465ee728b) (PreviewImporter) -> (artifact id: 'b318c5b56eaf476e562e31e22760cff0') in 0.0237762 seconds
Number of updated asset objects reloaded before import = 0Number of asset objects unloaded after import = 3

========================================================================
Received Import Request.
  Time since last request: 0.000063 seconds.
  path: Assets/Cartoon UI/Buttons/Round Big/Circle Orange.png
  artifactKey: Guid(db6ae97f56508604c9e4ee47f018e13b) Importer(815301076,1909f56bfc062723c751e8b465ee728b)
Start importing Assets/Cartoon UI/Buttons/Round Big/Circle Orange.png using Guid(db6ae97f56508604c9e4ee47f018e13b) Importer(815301076,1909f56bfc062723c751e8b465ee728b) (PreviewImporter) -> (artifact id: '91f646385d8ebbf6d52cbedfeb96520e') in 0.0248746 seconds
Number of updated asset objects reloaded before import = 0Number of asset objects unloaded after import = 3

========================================================================
Received Import Request.
  Time since last request: 0.000021 seconds.
  path: Assets/Cartoon UI/Buttons/Round Big/Circle Red.png
  artifactKey: Guid(e7c8d1ed0c332ef4b88e8657ae70281e) Importer(815301076,1909f56bfc062723c751e8b465ee728b)
Start importing Assets/Cartoon UI/Buttons/Round Big/Circle Red.png using Guid(e7c8d1ed0c332ef4b88e8657ae70281e) Importer(815301076,1909f56bfc062723c751e8b465ee728b) (PreviewImporter) -> (artifact id: '22875fb70fb47a1a9b8e8ecd28b6f3ab') in 0.0235363 seconds
Number of updated asset objects reloaded before import = 0Number of asset objects unloaded after import = 3

Editor requested this worker to shutdown with reason: Scaling down because of idle timeout
AssetImportWorker is now disconnected from the server
Process exiting
Exiting without the bug reporter. Application will terminate with return code 0