[Licensing::Module] Trying to connect to existing licensing client channel...
Built from '6000.3/staging' branch; Version is '6000.3.9f1 (7a9955a4f2fa) revision 8034645'; Using compiler version '194234433'; Build Type 'Release'
OS: 'Windows 11  (10.0.26200) Core' Language: 'en' Physical Memory: 15743 MB
[Licensing::IpcConnector] Successfully connected to: "LicenseClient-Mehran" at "2026-09-09T17:14:14.7402424Z"
BatchMode: 1, IsHumanControllingUs: 0, StartBugReporterOnCrash: 0, Is64bit: 1
System  architecture: x64
Process architecture: x64
Date: 2026-09-09T17:14:14Z
[Licensing::Client] Code 10 while verifying Licensing Client signature (process Id: 11380, path: "C:/Program Files/Unity Hub/UnityLicensingClient_V1/Unity.Licensing.Client.exe")
[Licensing::Module] LicensingClient has failed validation; ignoring
[Licensing::Client] Handshaking with LicensingClient:
  Version:                 1.18.3+d7ffd15
  Session Id:              7e42afc31300403e982499c968d174b9
  Correlation Id:          43817759048f46e5ba48ca5501f664c0
  External correlation Id: 2175689113344086701
  Machine Id:              DK+L0caBMZTr5YsxNxL4HGi2ATY=
[Licensing::Module] Successfully connected to LicensingClient on channel: "LicenseClient-Mehran" (connect: 0.00s, validation: 0.00s, handshake: 0.06s)
[Licensing::IpcConnector] Successfully connected to: "LicenseClient-Mehran-notifications" at "2026-09-09T17:14:14.8059708Z"
[Licensing::Module] Licensing Background thread has ended after 0.07s

COMMAND LINE ARGUMENTS:
C:\Program Files\Unity\Hub\Editor\6000.3.9f1\Editor\Unity.exe
-adb2
-batchMode
-noUpm
-name
AssetImportWorker2
-projectPath
C:/Users/Mehran/unitygames/SMRITICARE APP/SmritiCare_App
-logFile
Logs/AssetImportWorker2.log
-srvPort
55543
-licensingIpc
LicenseClient-Mehran
-job-worker-count
5
-background-job-worker-count
8
-gc-helper-count
1
-name
AssetImport
Successfully changed project path to: C:/Users/Mehran/unitygames/SMRITICARE APP/SmritiCare_App
C:/Users/Mehran/unitygames/SMRITICARE APP/SmritiCare_App
[UnityMemory] Configuration Parameters - Can be set up in boot.config
    "memorysetup-temp-allocator-size-nav-mesh-worker=65536"
    "memorysetup-temp-allocator-size-audio-worker=65536"
    "memorysetup-temp-allocator-size-gfx=262144"
    "memorysetup-allocator-temp-initial-block-size-main=262144"
    "memorysetup-allocator-temp-initial-block-size-worker=262144"
    "memorysetup-temp-allocator-size-background-worker=32768"
    "memorysetup-temp-allocator-size-job-worker=262144"
    "memorysetup-temp-allocator-size-preload-manager=33554432"
    "memorysetup-temp-allocator-size-gi-baking-worker=262144"
    "memorysetup-temp-allocator-size-gi-baking-worker=262144"
    "memorysetup-temp-allocator-size-gi-baking-worker=262144"
    "memorysetup-temp-allocator-size-gi-baking-worker=262144"
    "memorysetup-temp-allocator-size-gi-baking-worker=262144"
    "memorysetup-bucket-allocator-granularity=16"
    "memorysetup-bucket-allocator-bucket-count=8"
    "memorysetup-bucket-allocator-block-size=33554432"
    "memorysetup-bucket-allocator-block-count=8"
    "memorysetup-main-allocator-block-size=16777216"
    "memorysetup-thread-allocator-block-size=16777216"
    "memorysetup-gfx-main-allocator-block-size=16777216"
    "memorysetup-gfx-thread-allocator-block-size=16777216"
    "memorysetup-cache-allocator-block-size=4194304"
    "memorysetup-typetree-allocator-block-size=2097152"
    "memorysetup-profiler-bucket-allocator-granularity=16"
    "memorysetup-profiler-bucket-allocator-bucket-count=8"
    "memorysetup-profiler-bucket-allocator-block-size=33554432"
    "memorysetup-profiler-bucket-allocator-block-count=8"
    "memorysetup-profiler-allocator-block-size=16777216"
    "memorysetup-profiler-editor-allocator-block-size=1048576"
    "memorysetup-temp-allocator-size-main=16777216"
    "memorysetup-job-temp-allocator-block-size=2097152"
    "memorysetup-job-temp-allocator-block-size-background=1048576"
    "memorysetup-job-temp-allocator-reduction-small-platforms=262144"
    "memorysetup-temp-allocator-size-cloud-worker=32768"
Player connection [9468]  Target information:

Player connection [9468]  * "[IP] 192.168.1.2 [Port] 0 [Flags] 2 [Guid] 3915225627 [EditorId] 3915225627 [Version] 1048832 [Id] WindowsEditor(7,DESKTOP-FKC2D1R) [Debug] 1 [PackageName] WindowsEditor [ProjectName] Editor" 

Player connection [9468] Host joined multi-casting on [225.0.0.222:54997]...
Player connection [9468] Host joined alternative multi-casting on [225.0.0.222:34997]...
JobSystem: Creating JobQueue using job-worker-count value 5
Input System module state changed to: Initialized.
[Physics::Module] Initialized fallback backend.
[Physics::Module] Id: 0xdecafbad
Library Redirect Path: Library/
[Physics::Module] Selected backend.
[Physics::Module] Name: PhysX
[Physics::Module] Id: 0xf2b8ea05
[Physics::Module] SDK Version: 4.1.2
[Physics::Module] Integration Version: 1.0.0
[Physics::Module] Threading Mode: Multi-Threaded
Refreshing native plugins compatible for Editor in 8.85 ms, found 4 plugins.
Preloading 0 native plugins for Editor in 0.00 ms.
Initialize engine version: 6000.3.9f1 (7a9955a4f2fa)
[Subsystems] Discovering subsystems at path C:/Program Files/Unity/Hub/Editor/6000.3.9f1/Editor/Data/Resources/UnitySubsystems
[Subsystems] Discovering subsystems at path C:/Users/Mehran/unitygames/SMRITICARE APP/SmritiCare_App/Assets
GfxDevice: creating device client; kGfxThreadingModeNonThreaded
Direct3D:
    Version:  Direct3D 11.0 [level 11.1]
    Renderer: AMD Radeon(TM) Graphics (ID=0x1638)
    Vendor:   ATI
    VRAM:     7871 MB
    Driver:   31.0.21923.11000
Initialize mono
Mono path[0] = 'C:/Program Files/Unity/Hub/Editor/6000.3.9f1/Editor/Data/Managed'
Mono path[1] = 'C:/Program Files/Unity/Hub/Editor/6000.3.9f1/Editor/Data/MonoBleedingEdge/lib/mono/unityjit-win32'
Mono config path = 'C:/Program Files/Unity/Hub/Editor/6000.3.9f1/Editor/Data/MonoBleedingEdge/etc'
Using monoOptions --debugger-agent=transport=dt_socket,embedding=1,server=y,suspend=n,address=127.0.0.1:56476
Begin MonoManager ReloadAssembly
Registering precompiled unity dll's ...
Register platform support module: C:/Program Files/Unity/Hub/Editor/6000.3.9f1/Editor/Data/PlaybackEngines/WebGLSupport/UnityEditor.WebGL.Extensions.dll
Register platform support module: C:/Program Files/Unity/Hub/Editor/6000.3.9f1/Editor/Data/PlaybackEngines/WindowsStandaloneSupport/UnityEditor.WindowsStandalone.Extensions.dll
Registered in 0.004270 seconds.
- Loaded All Assemblies, in  0.551 seconds
Native extension for WindowsStandalone target not found
Native extension for WebGL target not found
ScheduleIndexationOnStartup MainProcess:False IndexOnStartup:True
Mono: successfully reloaded assembly
- Finished resetting the current domain, in  0.450 seconds
Domain Reload Profiling: 996ms
	BeginReloadAssembly (188ms)
		ExecutionOrderSort (0ms)
		DisableScriptedObjects (0ms)
		BackupInstance (0ms)
		ReleaseScriptingObjects (0ms)
		CreateAndSetChildDomain (1ms)
	RebuildCommonClasses (39ms)
	RebuildNativeTypeToScriptingClass (17ms)
	initialDomainReloadingComplete (60ms)
	LoadAllAssembliesAndSetupDomain (243ms)
		LoadAssemblies (185ms)
		RebuildTransferFunctionScriptingTraits (0ms)
		AnalyzeDomain (237ms)
			TypeCache.Refresh (236ms)
				TypeCache.ScanAssembly (221ms)
			BuildScriptInfoCaches (0ms)
			ResolveRequiredComponents (0ms)
	FinalizeReload (450ms)
		ReleaseScriptCaches (0ms)
		RebuildScriptCaches (0ms)
		SetupLoadedEditorAssemblies (403ms)
			LogAssemblyErrors (0ms)
			InitializePlatformSupportModulesInManaged (55ms)
			SetLoadedEditorAssemblies (4ms)
			BeforeProcessingInitializeOnLoad (83ms)
			ProcessInitializeOnLoadAttributes (166ms)
			ProcessInitializeOnLoadMethodAttributes (95ms)
			AfterProcessingInitializeOnLoad (0ms)
			EditorAssembliesLoaded (0ms)
		ExecutionOrderSort2 (0ms)
		AwakeInstancesAfterBackupRestoration (0ms)
========================================================================
Worker process is ready to serve import requests
Import Worker Mode flag is 0x00
Begin MonoManager ReloadAssembly
[Licensing::Client] Successfully resolved entitlement details
[Licensing::Module] License group:
  Id: 13469805414795-UnityPersXXXX
  Product: Unity Personal
  Type: Assigned
  Expiration: Unlimited
- Loaded All Assemblies, in  1.001 seconds
Refreshing native plugins compatible for Editor in 1.99 ms, found 4 plugins.
Native extension for WindowsStandalone target not found
Native extension for WebGL target not found
Package Manager log level set to [2]
[Package Manager] Failed to launch server process. Reason: Unity was launched with the -noUpm command-line argument
[Package Manager] Unable to send message (not connected to server process).
[Package Manager] Cannot connect to Unity Package Manager local server
ScheduleIndexationOnStartup MainProcess:False IndexOnStartup:True
Mono: successfully reloaded assembly
- Finished resetting the current domain, in  1.014 seconds
Domain Reload Profiling: 2008ms
	BeginReloadAssembly (221ms)
		ExecutionOrderSort (0ms)
		DisableScriptedObjects (7ms)
		BackupInstance (0ms)
		ReleaseScriptingObjects (0ms)
		CreateAndSetChildDomain (43ms)
	RebuildCommonClasses (42ms)
	RebuildNativeTypeToScriptingClass (11ms)
	initialDomainReloadingComplete (42ms)
	LoadAllAssembliesAndSetupDomain (677ms)
		LoadAssemblies (540ms)
		RebuildTransferFunctionScriptingTraits (0ms)
		AnalyzeDomain (261ms)
			TypeCache.Refresh (172ms)
				TypeCache.ScanAssembly (158ms)
			BuildScriptInfoCaches (75ms)
			ResolveRequiredComponents (10ms)
	FinalizeReload (1014ms)
		ReleaseScriptCaches (0ms)
		RebuildScriptCaches (0ms)
		SetupLoadedEditorAssemblies (825ms)
			LogAssemblyErrors (0ms)
			InitializePlatformSupportModulesInManaged (4ms)
			SetLoadedEditorAssemblies (6ms)
			BeforeProcessingInitializeOnLoad (212ms)
			ProcessInitializeOnLoadAttributes (457ms)
			ProcessInitializeOnLoadMethodAttributes (137ms)
			AfterProcessingInitializeOnLoad (7ms)
			EditorAssembliesLoaded (0ms)
		ExecutionOrderSort2 (0ms)
		AwakeInstancesAfterBackupRestoration (8ms)
Launched and connected shader compiler UnityShaderCompiler.exe after 0.02 seconds
Refreshing native plugins compatible for Editor in 2.33 ms, found 4 plugins.
Preloading 0 native plugins for Editor in 0.00 ms.
Unloading 16 Unused Serialized files (Serialized files now loaded: 0)
Unloading 7005 unused Assets / (4.3 MB). Loaded Objects now: 7839.
Memory consumption went from 158.3 MB to 154.0 MB.
Total: 14.766000 ms (FindLiveObjects: 1.473500 ms CreateObjectMapping: 1.099200 ms MarkObjects: 8.118600 ms  DeleteObjects: 4.072000 ms)

========================================================================
Received Import Request.
  Time since last request: 28274.603289 seconds.
  path: Assets/Scripts/NERquiz/ner_memory_quiz_content.json
  artifactKey: Guid(f3497fecbd743984a9a0237d4ac65115) Importer(2089858483,b0f066a214c2f5e87bad3c948f4d605d)
Start importing Assets/Scripts/NERquiz/ner_memory_quiz_content.json using Guid(f3497fecbd743984a9a0237d4ac65115) Importer(2089858483,b0f066a214c2f5e87bad3c948f4d605d) (ScriptedImporter) -> (artifact id: 'f5ad01dbe6be436483f27d0255bf6326') in 0.0542649 seconds
Number of updated asset objects reloaded before import = 0Number of asset objects unloaded after import = 1

========================================================================
Received Import Request.
  Time since last request: 49.259270 seconds.
  path: Assets/Scripts/NERquiz/ner_memory_quiz_content.json
  artifactKey: Guid(f3497fecbd743984a9a0237d4ac65115) Importer(2089858483,b0f066a214c2f5e87bad3c948f4d605d)
Start importing Assets/Scripts/NERquiz/ner_memory_quiz_content.json using Guid(f3497fecbd743984a9a0237d4ac65115) Importer(2089858483,b0f066a214c2f5e87bad3c948f4d605d) (ScriptedImporter) -> (artifact id: 'df145c2ae3e8f6df93155068c4295ff7') in 0.0117154 seconds
Number of updated asset objects reloaded before import = 0Number of asset objects unloaded after import = 1

========================================================================
Received Import Request.
  Time since last request: 14.970118 seconds.
  path: Assets/Scripts/NERquiz/ner_memory_quiz_content.json
  artifactKey: Guid(f3497fecbd743984a9a0237d4ac65115) Importer(2089858483,b0f066a214c2f5e87bad3c948f4d605d)
Start importing Assets/Scripts/NERquiz/ner_memory_quiz_content.json using Guid(f3497fecbd743984a9a0237d4ac65115) Importer(2089858483,b0f066a214c2f5e87bad3c948f4d605d) (ScriptedImporter) -> (artifact id: '76691455c2a89b522f62029b648b6fa2') in 0.0095865 seconds
Number of updated asset objects reloaded before import = 0Number of asset objects unloaded after import = 1

========================================================================
Received Import Request.
  Time since last request: 35.941537 seconds.
  path: Assets/Resources/Images/Screenshot 2026-09-09 223610.png
  artifactKey: Guid(331cb43a05ac8f743835f5d9257ef50a) Importer(815301076,1909f56bfc062723c751e8b465ee728b)
Start importing Assets/Resources/Images/Screenshot 2026-09-09 223610.png using Guid(331cb43a05ac8f743835f5d9257ef50a) Importer(815301076,1909f56bfc062723c751e8b465ee728b) (PreviewImporter) -> (artifact id: '68fc1fd471f74d733c0c5ff4ba7e0abc') in 0.1248929 seconds
Number of updated asset objects reloaded before import = 0Number of asset objects unloaded after import = 3

========================================================================
Received Import Request.
  Time since last request: 0.000045 seconds.
  path: Assets/Resources/Images/Screenshot 2026-09-09 223734.png
  artifactKey: Guid(4ca6270756853c749b1c6dcaa877f5ca) Importer(815301076,1909f56bfc062723c751e8b465ee728b)
Start importing Assets/Resources/Images/Screenshot 2026-09-09 223734.png using Guid(4ca6270756853c749b1c6dcaa877f5ca) Importer(815301076,1909f56bfc062723c751e8b465ee728b) (PreviewImporter) -> (artifact id: 'ca2c55918dcb80ee6d3883785a44e70e') in 0.0289146 seconds
Number of updated asset objects reloaded before import = 0Number of asset objects unloaded after import = 3

========================================================================
Received Import Request.
  Time since last request: 0.786832 seconds.
  path: Assets/Resources/Images/Screenshot 2026-09-09 223610.png
  artifactKey: Guid(331cb43a05ac8f743835f5d9257ef50a) Importer(2089858483,b0f066a214c2f5e87bad3c948f4d605d)
Start importing Assets/Resources/Images/Screenshot 2026-09-09 223610.png using Guid(331cb43a05ac8f743835f5d9257ef50a) Importer(2089858483,b0f066a214c2f5e87bad3c948f4d605d) (ScriptedImporter) -> (artifact id: 'b4a4afbf24111522bb8ed287ea915c75') in 0.1174748 seconds
Number of updated asset objects reloaded before import = 0Number of asset objects unloaded after import = 3

========================================================================
Received Import Request.
  Time since last request: 0.000031 seconds.
  path: Assets/Resources/Images/Screenshot 2026-09-09 223637.png
  artifactKey: Guid(1231f4f2d53d12948aed53ea4eb2d7d2) Importer(2089858483,b0f066a214c2f5e87bad3c948f4d605d)
Start importing Assets/Resources/Images/Screenshot 2026-09-09 223637.png using Guid(1231f4f2d53d12948aed53ea4eb2d7d2) Importer(2089858483,b0f066a214c2f5e87bad3c948f4d605d) (ScriptedImporter) -> (artifact id: 'ace99e4588d249608be88741c47e67c2') in 0.0235646 seconds
Number of updated asset objects reloaded before import = 0Number of asset objects unloaded after import = 3

========================================================================
Received Import Request.
  Time since last request: 18.870753 seconds.
  path: Assets/Resources/Images/meghalaya.png
  artifactKey: Guid(839122696e4ca284398ce2dba03d1f91) Importer(815301076,1909f56bfc062723c751e8b465ee728b)
Start importing Assets/Resources/Images/meghalaya.png using Guid(839122696e4ca284398ce2dba03d1f91) Importer(815301076,1909f56bfc062723c751e8b465ee728b) (PreviewImporter) -> (artifact id: '633ad54b9448f07a45922f43b284c976') in 0.0354616 seconds
Number of updated asset objects reloaded before import = 0Number of asset objects unloaded after import = 3

========================================================================
Received Import Request.
  Time since last request: 0.943027 seconds.
  path: Assets/Resources/Images/meghalaya.png
  artifactKey: Guid(839122696e4ca284398ce2dba03d1f91) Importer(2089858483,b0f066a214c2f5e87bad3c948f4d605d)
Start importing Assets/Resources/Images/meghalaya.png using Guid(839122696e4ca284398ce2dba03d1f91) Importer(2089858483,b0f066a214c2f5e87bad3c948f4d605d) (ScriptedImporter) -> (artifact id: 'd259c0b6ed8e2ee02688d4adf85ce064') in 0.0186411 seconds
Number of updated asset objects reloaded before import = 0Number of asset objects unloaded after import = 3

========================================================================
Received Import Request.
  Time since last request: 5.737352 seconds.
  path: Assets/Scripts/NERquiz/ner_memory_quiz_content.json
  artifactKey: Guid(f3497fecbd743984a9a0237d4ac65115) Importer(2089858483,b0f066a214c2f5e87bad3c948f4d605d)
Start importing Assets/Scripts/NERquiz/ner_memory_quiz_content.json using Guid(f3497fecbd743984a9a0237d4ac65115) Importer(2089858483,b0f066a214c2f5e87bad3c948f4d605d) (ScriptedImporter) -> (artifact id: '511fe0d3d26c0c51f7b8e1efad34284d') in 0.0094983 seconds
Number of updated asset objects reloaded before import = 0Number of asset objects unloaded after import = 1

========================================================================
Received Import Request.
  Time since last request: 8.010183 seconds.
  path: Assets/Resources/Images/khar.png
  artifactKey: Guid(331cb43a05ac8f743835f5d9257ef50a) Importer(815301076,1909f56bfc062723c751e8b465ee728b)
Start importing Assets/Resources/Images/khar.png using Guid(331cb43a05ac8f743835f5d9257ef50a) Importer(815301076,1909f56bfc062723c751e8b465ee728b) (PreviewImporter) -> (artifact id: '7c95ccb4e13865badfee043e682cbeaa') in 0.0185555 seconds
Number of updated asset objects reloaded before import = 0Number of asset objects unloaded after import = 3

========================================================================
Received Import Request.
  Time since last request: 0.903448 seconds.
  path: Assets/Resources/Images/khar.png
  artifactKey: Guid(331cb43a05ac8f743835f5d9257ef50a) Importer(2089858483,b0f066a214c2f5e87bad3c948f4d605d)
Start importing Assets/Resources/Images/khar.png using Guid(331cb43a05ac8f743835f5d9257ef50a) Importer(2089858483,b0f066a214c2f5e87bad3c948f4d605d) (ScriptedImporter) -> (artifact id: '5ab650f9fa3e4bb6c472b83da748eb55') in 0.0149692 seconds
Number of updated asset objects reloaded before import = 0Number of asset objects unloaded after import = 3

========================================================================
Received Import Request.
  Time since last request: 18.598361 seconds.
  path: Assets/Scripts/NERquiz/ner_memory_quiz_content.json
  artifactKey: Guid(f3497fecbd743984a9a0237d4ac65115) Importer(2089858483,b0f066a214c2f5e87bad3c948f4d605d)
Start importing Assets/Scripts/NERquiz/ner_memory_quiz_content.json using Guid(f3497fecbd743984a9a0237d4ac65115) Importer(2089858483,b0f066a214c2f5e87bad3c948f4d605d) (ScriptedImporter) -> (artifact id: '7d71fa62ff4729507504f763ec4fc30b') in 0.0091213 seconds
Number of updated asset objects reloaded before import = 0Number of asset objects unloaded after import = 1

========================================================================
Received Import Request.
  Time since last request: 12.259632 seconds.
  path: Assets/Resources/Images/bihu.png
  artifactKey: Guid(1231f4f2d53d12948aed53ea4eb2d7d2) Importer(815301076,1909f56bfc062723c751e8b465ee728b)
Start importing Assets/Resources/Images/bihu.png using Guid(1231f4f2d53d12948aed53ea4eb2d7d2) Importer(815301076,1909f56bfc062723c751e8b465ee728b) (PreviewImporter) -> (artifact id: 'b2e42dc9d733866d49a956176ce038c2') in 0.0200601 seconds
Number of updated asset objects reloaded before import = 0Number of asset objects unloaded after import = 3

========================================================================
Received Import Request.
  Time since last request: 0.963526 seconds.
  path: Assets/Resources/Images/bihu.png
  artifactKey: Guid(1231f4f2d53d12948aed53ea4eb2d7d2) Importer(2089858483,b0f066a214c2f5e87bad3c948f4d605d)
Start importing Assets/Resources/Images/bihu.png using Guid(1231f4f2d53d12948aed53ea4eb2d7d2) Importer(2089858483,b0f066a214c2f5e87bad3c948f4d605d) (ScriptedImporter) -> (artifact id: 'c08b959b72937c45cd24368435dcc7bc') in 0.0128075 seconds
Number of updated asset objects reloaded before import = 0Number of asset objects unloaded after import = 3

========================================================================
Received Import Request.
  Time since last request: 10.776892 seconds.
  path: Assets/Resources/Images/kaziranga.png
  artifactKey: Guid(1e720fb1351d95145bebcbaf43b4ada3) Importer(815301076,1909f56bfc062723c751e8b465ee728b)
Start importing Assets/Resources/Images/kaziranga.png using Guid(1e720fb1351d95145bebcbaf43b4ada3) Importer(815301076,1909f56bfc062723c751e8b465ee728b) (PreviewImporter) -> (artifact id: 'ebcd7c3c7568d285e5aa93475131aa91') in 0.0207341 seconds
Number of updated asset objects reloaded before import = 0Number of asset objects unloaded after import = 3

========================================================================
Received Import Request.
  Time since last request: 0.900451 seconds.
  path: Assets/Resources/Images/kaziranga.png
  artifactKey: Guid(1e720fb1351d95145bebcbaf43b4ada3) Importer(2089858483,b0f066a214c2f5e87bad3c948f4d605d)
Start importing Assets/Resources/Images/kaziranga.png using Guid(1e720fb1351d95145bebcbaf43b4ada3) Importer(2089858483,b0f066a214c2f5e87bad3c948f4d605d) (ScriptedImporter) -> (artifact id: '33f0b722d7299183f97905be29da8a0a') in 0.014105 seconds
Number of updated asset objects reloaded before import = 0Number of asset objects unloaded after import = 3

========================================================================
Received Import Request.
  Time since last request: 20.857323 seconds.
  path: Assets/Scripts/NERquiz/ner_memory_quiz_content.json
  artifactKey: Guid(f3497fecbd743984a9a0237d4ac65115) Importer(2089858483,b0f066a214c2f5e87bad3c948f4d605d)
Start importing Assets/Scripts/NERquiz/ner_memory_quiz_content.json using Guid(f3497fecbd743984a9a0237d4ac65115) Importer(2089858483,b0f066a214c2f5e87bad3c948f4d605d) (ScriptedImporter) -> (artifact id: 'd408e723657a35b85b8d7d1b7912c750') in 0.0104905 seconds
Number of updated asset objects reloaded before import = 0Number of asset objects unloaded after import = 1

========================================================================
Received Import Request.
  Time since last request: 4.465740 seconds.
  path: Assets/Resources/Images/gamosa.png
  artifactKey: Guid(4ca6270756853c749b1c6dcaa877f5ca) Importer(815301076,1909f56bfc062723c751e8b465ee728b)
Start importing Assets/Resources/Images/gamosa.png using Guid(4ca6270756853c749b1c6dcaa877f5ca) Importer(815301076,1909f56bfc062723c751e8b465ee728b) (PreviewImporter) -> (artifact id: '92639a2bc24b24056a6df11b705ecbb7') in 0.0225328 seconds
Number of updated asset objects reloaded before import = 0Number of asset objects unloaded after import = 3

========================================================================
Received Import Request.
  Time since last request: 0.904509 seconds.
  path: Assets/Resources/Images/gamosa.png
  artifactKey: Guid(4ca6270756853c749b1c6dcaa877f5ca) Importer(2089858483,b0f066a214c2f5e87bad3c948f4d605d)
Start importing Assets/Resources/Images/gamosa.png using Guid(4ca6270756853c749b1c6dcaa877f5ca) Importer(2089858483,b0f066a214c2f5e87bad3c948f4d605d) (ScriptedImporter) -> (artifact id: 'b1932f5ce85ff9993f4a50962042c7d8') in 0.0146779 seconds
Number of updated asset objects reloaded before import = 0Number of asset objects unloaded after import = 3

========================================================================
Received Prepare
Begin MonoManager ReloadAssembly
[Licensing::Client] Successfully resolved entitlement details
- Loaded All Assemblies, in  0.949 seconds
Refreshing native plugins compatible for Editor in 1.63 ms, found 4 plugins.
Native extension for WindowsStandalone target not found
Native extension for WebGL target not found
[Package Manager] Failed to launch server process. Reason: Unity was launched with the -noUpm command-line argument
[Package Manager] Unable to send message (not connected to server process).
[Package Manager] Cannot connect to Unity Package Manager local server
ScheduleIndexationOnStartup MainProcess:False IndexOnStartup:True
Mono: successfully reloaded assembly
- Finished resetting the current domain, in  0.767 seconds
Domain Reload Profiling: 1712ms
	BeginReloadAssembly (270ms)
		ExecutionOrderSort (0ms)
		DisableScriptedObjects (18ms)
		BackupInstance (0ms)
		ReleaseScriptingObjects (0ms)
		CreateAndSetChildDomain (70ms)
	RebuildCommonClasses (38ms)
	RebuildNativeTypeToScriptingClass (13ms)
	initialDomainReloadingComplete (33ms)
	LoadAllAssembliesAndSetupDomain (591ms)
		LoadAssemblies (501ms)
		RebuildTransferFunctionScriptingTraits (0ms)
		AnalyzeDomain (204ms)
			TypeCache.Refresh (7ms)
				TypeCache.ScanAssembly (0ms)
			BuildScriptInfoCaches (181ms)
			ResolveRequiredComponents (11ms)
	FinalizeReload (767ms)
		ReleaseScriptCaches (0ms)
		RebuildScriptCaches (0ms)
		SetupLoadedEditorAssemblies (587ms)
			LogAssemblyErrors (0ms)
			InitializePlatformSupportModulesInManaged (3ms)
			SetLoadedEditorAssemblies (5ms)
			BeforeProcessingInitializeOnLoad (158ms)
			ProcessInitializeOnLoadAttributes (339ms)
			ProcessInitializeOnLoadMethodAttributes (74ms)
			AfterProcessingInitializeOnLoad (9ms)
			EditorAssembliesLoaded (0ms)
		ExecutionOrderSort2 (0ms)
		AwakeInstancesAfterBackupRestoration (16ms)
Refreshing native plugins compatible for Editor in 1.88 ms, found 4 plugins.
Preloading 0 native plugins for Editor in 0.00 ms.
Unloading 16 Unused Serialized files (Serialized files now loaded: 0)
Unloading 7003 unused Assets / (4.7 MB). Loaded Objects now: 7856.
Memory consumption went from 159.7 MB to 155.1 MB.
Total: 12.856100 ms (FindLiveObjects: 0.720700 ms CreateObjectMapping: 0.947400 ms MarkObjects: 8.109100 ms  DeleteObjects: 3.077900 ms)

Prepare: number of updated asset objects reloaded= 0
========================================================================
Received Prepare
Begin MonoManager ReloadAssembly
- Loaded All Assemblies, in  0.878 seconds
Refreshing native plugins compatible for Editor in 1.94 ms, found 4 plugins.
Native extension for WindowsStandalone target not found
Native extension for WebGL target not found
[Package Manager] Failed to launch server process. Reason: Unity was launched with the -noUpm command-line argument
[Package Manager] Unable to send message (not connected to server process).
[Package Manager] Cannot connect to Unity Package Manager local server
ScheduleIndexationOnStartup MainProcess:False IndexOnStartup:True
Mono: successfully reloaded assembly
- Finished resetting the current domain, in  1.100 seconds
Domain Reload Profiling: 1974ms
	BeginReloadAssembly (238ms)
		ExecutionOrderSort (0ms)
		DisableScriptedObjects (14ms)
		BackupInstance (0ms)
		ReleaseScriptingObjects (0ms)
		CreateAndSetChildDomain (61ms)
	RebuildCommonClasses (35ms)
	RebuildNativeTypeToScriptingClass (12ms)
	initialDomainReloadingComplete (34ms)
	LoadAllAssembliesAndSetupDomain (555ms)
		LoadAssemblies (435ms)
		RebuildTransferFunctionScriptingTraits (0ms)
		AnalyzeDomain (225ms)
			TypeCache.Refresh (8ms)
				TypeCache.ScanAssembly (0ms)
			BuildScriptInfoCaches (201ms)
			ResolveRequiredComponents (11ms)
	FinalizeReload (1100ms)
		ReleaseScriptCaches (0ms)
		RebuildScriptCaches (0ms)
		SetupLoadedEditorAssemblies (884ms)
			LogAssemblyErrors (0ms)
			InitializePlatformSupportModulesInManaged (4ms)
			SetLoadedEditorAssemblies (12ms)
			BeforeProcessingInitializeOnLoad (257ms)
			ProcessInitializeOnLoadAttributes (478ms)
			ProcessInitializeOnLoadMethodAttributes (124ms)
			AfterProcessingInitializeOnLoad (9ms)
			EditorAssembliesLoaded (1ms)
		ExecutionOrderSort2 (0ms)
		AwakeInstancesAfterBackupRestoration (24ms)
Refreshing native plugins compatible for Editor in 2.46 ms, found 4 plugins.
Preloading 0 native plugins for Editor in 0.00 ms.
Unloading 16 Unused Serialized files (Serialized files now loaded: 0)
Unloading 7003 unused Assets / (4.3 MB). Loaded Objects now: 7859.
Memory consumption went from 159.8 MB to 155.5 MB.
Total: 21.390700 ms (FindLiveObjects: 1.739900 ms CreateObjectMapping: 1.783600 ms MarkObjects: 12.520000 ms  DeleteObjects: 5.344000 ms)

Prepare: number of updated asset objects reloaded= 0
========================================================================
Received Prepare
Begin MonoManager ReloadAssembly
[Licensing::Client] Successfully resolved entitlement details
- Loaded All Assemblies, in  0.899 seconds
Refreshing native plugins compatible for Editor in 1.85 ms, found 4 plugins.
Native extension for WindowsStandalone target not found
Native extension for WebGL target not found
[Package Manager] Failed to launch server process. Reason: Unity was launched with the -noUpm command-line argument
[Package Manager] Unable to send message (not connected to server process).
[Package Manager] Cannot connect to Unity Package Manager local server
ScheduleIndexationOnStartup MainProcess:False IndexOnStartup:True
Mono: successfully reloaded assembly
- Finished resetting the current domain, in  1.078 seconds
Domain Reload Profiling: 1975ms
	BeginReloadAssembly (251ms)
		ExecutionOrderSort (0ms)
		DisableScriptedObjects (20ms)
		BackupInstance (0ms)
		ReleaseScriptingObjects (0ms)
		CreateAndSetChildDomain (64ms)
	RebuildCommonClasses (36ms)
	RebuildNativeTypeToScriptingClass (12ms)
	initialDomainReloadingComplete (34ms)
	LoadAllAssembliesAndSetupDomain (562ms)
		LoadAssemblies (434ms)
		RebuildTransferFunctionScriptingTraits (0ms)
		AnalyzeDomain (235ms)
			TypeCache.Refresh (6ms)
				TypeCache.ScanAssembly (0ms)
			BuildScriptInfoCaches (214ms)
			ResolveRequiredComponents (11ms)
	FinalizeReload (1079ms)
		ReleaseScriptCaches (0ms)
		RebuildScriptCaches (0ms)
		SetupLoadedEditorAssemblies (871ms)
			LogAssemblyErrors (0ms)
			InitializePlatformSupportModulesInManaged (4ms)
			SetLoadedEditorAssemblies (11ms)
			BeforeProcessingInitializeOnLoad (249ms)
			ProcessInitializeOnLoadAttributes (481ms)
			ProcessInitializeOnLoadMethodAttributes (114ms)
			AfterProcessingInitializeOnLoad (11ms)
			EditorAssembliesLoaded (1ms)
		ExecutionOrderSort2 (0ms)
		AwakeInstancesAfterBackupRestoration (23ms)
Refreshing native plugins compatible for Editor in 3.13 ms, found 4 plugins.
Preloading 0 native plugins for Editor in 0.00 ms.
Unloading 16 Unused Serialized files (Serialized files now loaded: 0)
Unloading 7003 unused Assets / (4.5 MB). Loaded Objects now: 7862.
Memory consumption went from 159.8 MB to 155.3 MB.
Total: 22.480000 ms (FindLiveObjects: 2.039700 ms CreateObjectMapping: 1.921100 ms MarkObjects: 12.632000 ms  DeleteObjects: 5.885100 ms)

Prepare: number of updated asset objects reloaded= 0
========================================================================
Received Prepare
Begin MonoManager ReloadAssembly
[Licensing::Client] Successfully resolved entitlement details
- Loaded All Assemblies, in  0.895 seconds
Refreshing native plugins compatible for Editor in 1.88 ms, found 4 plugins.
Native extension for WindowsStandalone target not found
Native extension for WebGL target not found
[Package Manager] Failed to launch server process. Reason: Unity was launched with the -noUpm command-line argument
[Package Manager] Unable to send message (not connected to server process).
[Package Manager] Cannot connect to Unity Package Manager local server
ScheduleIndexationOnStartup MainProcess:False IndexOnStartup:True
Mono: successfully reloaded assembly
- Finished resetting the current domain, in  1.489 seconds
Domain Reload Profiling: 2380ms
	BeginReloadAssembly (241ms)
		ExecutionOrderSort (0ms)
		DisableScriptedObjects (15ms)
		BackupInstance (0ms)
		ReleaseScriptingObjects (0ms)
		CreateAndSetChildDomain (63ms)
	RebuildCommonClasses (36ms)
	RebuildNativeTypeToScriptingClass (13ms)
	initialDomainReloadingComplete (32ms)
	LoadAllAssembliesAndSetupDomain (569ms)
		LoadAssemblies (451ms)
		RebuildTransferFunctionScriptingTraits (0ms)
		AnalyzeDomain (220ms)
			TypeCache.Refresh (8ms)
				TypeCache.ScanAssembly (0ms)
			BuildScriptInfoCaches (196ms)
			ResolveRequiredComponents (11ms)
	FinalizeReload (1490ms)
		ReleaseScriptCaches (0ms)
		RebuildScriptCaches (0ms)
		SetupLoadedEditorAssemblies (1246ms)
			LogAssemblyErrors (0ms)
			InitializePlatformSupportModulesInManaged (4ms)
			SetLoadedEditorAssemblies (10ms)
			BeforeProcessingInitializeOnLoad (251ms)
			ProcessInitializeOnLoadAttributes (744ms)
			ProcessInitializeOnLoadMethodAttributes (223ms)
			AfterProcessingInitializeOnLoad (14ms)
			EditorAssembliesLoaded (1ms)
		ExecutionOrderSort2 (0ms)
		AwakeInstancesAfterBackupRestoration (28ms)
Refreshing native plugins compatible for Editor in 2.02 ms, found 4 plugins.
Preloading 0 native plugins for Editor in 0.00 ms.
Unloading 16 Unused Serialized files (Serialized files now loaded: 0)
Unloading 7003 unused Assets / (4.3 MB). Loaded Objects now: 7865.
Memory consumption went from 159.9 MB to 155.6 MB.
Total: 13.758400 ms (FindLiveObjects: 0.724100 ms CreateObjectMapping: 0.910100 ms MarkObjects: 8.710000 ms  DeleteObjects: 3.412600 ms)

Prepare: number of updated asset objects reloaded= 0
========================================================================
Received Prepare
Refreshing native plugins compatible for Editor in 3.12 ms, found 4 plugins.
Preloading 0 native plugins for Editor in 0.00 ms.
Unloading 16 Unused Serialized files (Serialized files now loaded: 0)
Unloading 6994 unused Assets / (3.3 MB). Loaded Objects now: 7866.
Memory consumption went from 160.0 MB to 156.7 MB.
Total: 137.250600 ms (FindLiveObjects: 2.341100 ms CreateObjectMapping: 1.510500 ms MarkObjects: 119.380300 ms  DeleteObjects: 14.016300 ms)

Prepare: number of updated asset objects reloaded= 0
========================================================================
Received Prepare
Begin MonoManager ReloadAssembly
[Licensing::Client] Successfully resolved entitlement details
- Loaded All Assemblies, in  2.158 seconds
Refreshing native plugins compatible for Editor in 2.37 ms, found 4 plugins.
Native extension for WindowsStandalone target not found
Native extension for WebGL target not found
[Package Manager] Failed to launch server process. Reason: Unity was launched with the -noUpm command-line argument
[Package Manager] Unable to send message (not connected to server process).
[Package Manager] Cannot connect to Unity Package Manager local server
ScheduleIndexationOnStartup MainProcess:False IndexOnStartup:True
Mono: successfully reloaded assembly
- Finished resetting the current domain, in  0.865 seconds
Domain Reload Profiling: 3020ms
	BeginReloadAssembly (450ms)
		ExecutionOrderSort (0ms)
		DisableScriptedObjects (38ms)
		BackupInstance (0ms)
		ReleaseScriptingObjects (1ms)
		CreateAndSetChildDomain (122ms)
	RebuildCommonClasses (116ms)
	RebuildNativeTypeToScriptingClass (13ms)
	initialDomainReloadingComplete (37ms)
	LoadAllAssembliesAndSetupDomain (1538ms)
		LoadAssemblies (1450ms)
		RebuildTransferFunctionScriptingTraits (0ms)
		AnalyzeDomain (296ms)
			TypeCache.Refresh (22ms)
				TypeCache.ScanAssembly (1ms)
			BuildScriptInfoCaches (254ms)
			ResolveRequiredComponents (12ms)
	FinalizeReload (865ms)
		ReleaseScriptCaches (0ms)
		RebuildScriptCaches (0ms)
		SetupLoadedEditorAssemblies (644ms)
			LogAssemblyErrors (0ms)
			InitializePlatformSupportModulesInManaged (3ms)
			SetLoadedEditorAssemblies (6ms)
			BeforeProcessingInitializeOnLoad (181ms)
			ProcessInitializeOnLoadAttributes (360ms)
			ProcessInitializeOnLoadMethodAttributes (85ms)
			AfterProcessingInitializeOnLoad (9ms)
			EditorAssembliesLoaded (0ms)
		ExecutionOrderSort2 (0ms)
		AwakeInstancesAfterBackupRestoration (17ms)
Refreshing native plugins compatible for Editor in 2.30 ms, found 4 plugins.
Preloading 0 native plugins for Editor in 0.00 ms.
Unloading 16 Unused Serialized files (Serialized files now loaded: 0)
Unloading 7004 unused Assets / (5.1 MB). Loaded Objects now: 7869.
Memory consumption went from 159.9 MB to 154.8 MB.
Total: 11.087200 ms (FindLiveObjects: 0.937000 ms CreateObjectMapping: 1.229800 ms MarkObjects: 6.100500 ms  DeleteObjects: 2.818800 ms)

Prepare: number of updated asset objects reloaded= 0
========================================================================
Received Import Request.
  Time since last request: 2816.882476 seconds.
  path: Assets/Aztech Games/PC&ConsoleButtonsIcons
  artifactKey: Guid(cfd1de05546c1834ca0a26214ab3bd2f) Importer(815301076,1909f56bfc062723c751e8b465ee728b)
Start importing Assets/Aztech Games/PC&ConsoleButtonsIcons using Guid(cfd1de05546c1834ca0a26214ab3bd2f) Importer(815301076,1909f56bfc062723c751e8b465ee728b) (PreviewImporter) -> (artifact id: '008cf276ba429ebed6a7f276450ff399') in 0.0140267 seconds
Number of updated asset objects reloaded before import = 0Number of asset objects unloaded after import = 0

========================================================================
Received Import Request.
  Time since last request: 0.112190 seconds.
  path: Assets/Aztech Games/PC&ConsoleButtonsIcons/Keyboard
  artifactKey: Guid(4d928385d7158394cbd0fdb42aed08f8) Importer(815301076,1909f56bfc062723c751e8b465ee728b)
Start importing Assets/Aztech Games/PC&ConsoleButtonsIcons/Keyboard using Guid(4d928385d7158394cbd0fdb42aed08f8) Importer(815301076,1909f56bfc062723c751e8b465ee728b) (PreviewImporter) -> (artifact id: 'e0d5093b2374c54ad5474d26833cbcc6') in 0.0013966 seconds
Number of updated asset objects reloaded before import = 0Number of asset objects unloaded after import = 0

========================================================================
Received Import Request.
  Time since last request: 0.059831 seconds.
  path: Assets/Aztech Games/PC&ConsoleButtonsIcons/Keyboard/0.png
  artifactKey: Guid(f1ed4c6e1756e2e49bc6faaff861937f) Importer(815301076,1909f56bfc062723c751e8b465ee728b)
Start importing Assets/Aztech Games/PC&ConsoleButtonsIcons/Keyboard/0.png using Guid(f1ed4c6e1756e2e49bc6faaff861937f) Importer(815301076,1909f56bfc062723c751e8b465ee728b) (PreviewImporter) -> (artifact id: '07ea88eb117d8c4edb541a5953074237') in 0.1580414 seconds
Number of updated asset objects reloaded before import = 0Number of asset objects unloaded after import = 3

========================================================================
Received Import Request.
  Time since last request: 0.000036 seconds.
  path: Assets/Aztech Games/PC&ConsoleButtonsIcons/Keyboard/angleBracketL.png
  artifactKey: Guid(4083622e63f74634789022963c5ab284) Importer(815301076,1909f56bfc062723c751e8b465ee728b)
Start importing Assets/Aztech Games/PC&ConsoleButtonsIcons/Keyboard/angleBracketL.png using Guid(4083622e63f74634789022963c5ab284) Importer(815301076,1909f56bfc062723c751e8b465ee728b) (PreviewImporter) -> (artifact id: 'a447119bfe3044be2bd4a1b6d2399684') in 0.0236516 seconds
Number of updated asset objects reloaded before import = 0Number of asset objects unloaded after import = 3

========================================================================
Received Import Request.
  Time since last request: 0.000064 seconds.
  path: Assets/Aztech Games/PC&ConsoleButtonsIcons/Keyboard/b.png
  artifactKey: Guid(5d44df3f3c6042c43ab7f7c1b928c576) Importer(815301076,1909f56bfc062723c751e8b465ee728b)
Start importing Assets/Aztech Games/PC&ConsoleButtonsIcons/Keyboard/b.png using Guid(5d44df3f3c6042c43ab7f7c1b928c576) Importer(815301076,1909f56bfc062723c751e8b465ee728b) (PreviewImporter) -> (artifact id: 'bfb338c283b685ee89b4fcc2445a8182') in 0.0256441 seconds
Number of updated asset objects reloaded before import = 0Number of asset objects unloaded after import = 3

========================================================================
Received Import Request.
  Time since last request: 0.000022 seconds.
  path: Assets/Aztech Games/PC&ConsoleButtonsIcons/Keyboard/2.png
  artifactKey: Guid(19bff8650750ea3479965ba453305f7b) Importer(815301076,1909f56bfc062723c751e8b465ee728b)
Start importing Assets/Aztech Games/PC&ConsoleButtonsIcons/Keyboard/2.png using Guid(19bff8650750ea3479965ba453305f7b) Importer(815301076,1909f56bfc062723c751e8b465ee728b) (PreviewImporter) -> (artifact id: 'f86f428e1541de9be0b3c085bda18f89') in 0.0235251 seconds
Number of updated asset objects reloaded before import = 0Number of asset objects unloaded after import = 3

========================================================================
Received Import Request.
  Time since last request: 0.000024 seconds.
  path: Assets/Aztech Games/PC&ConsoleButtonsIcons/Keyboard/colon.png
  artifactKey: Guid(57f517df2b54ec64ea9382cbeb84878e) Importer(815301076,1909f56bfc062723c751e8b465ee728b)
Start importing Assets/Aztech Games/PC&ConsoleButtonsIcons/Keyboard/colon.png using Guid(57f517df2b54ec64ea9382cbeb84878e) Importer(815301076,1909f56bfc062723c751e8b465ee728b) (PreviewImporter) -> (artifact id: 'f89f54466870b20c5a78993bbe87307c') in 0.0233179 seconds
Number of updated asset objects reloaded before import = 0Number of asset objects unloaded after import = 3

========================================================================
Received Import Request.
  Time since last request: 0.000033 seconds.
  path: Assets/Aztech Games/PC&ConsoleButtonsIcons/Keyboard/dollar.png
  artifactKey: Guid(a94788ab49ac7cd4b9449633be981d1a) Importer(815301076,1909f56bfc062723c751e8b465ee728b)
Start importing Assets/Aztech Games/PC&ConsoleButtonsIcons/Keyboard/dollar.png using Guid(a94788ab49ac7cd4b9449633be981d1a) Importer(815301076,1909f56bfc062723c751e8b465ee728b) (PreviewImporter) -> (artifact id: 'fa3ed6e1108e1aabd31bea0d570c52b0') in 0.0266633 seconds
Number of updated asset objects reloaded before import = 0Number of asset objects unloaded after import = 3

========================================================================
Received Import Request.
  Time since last request: 0.000046 seconds.
  path: Assets/Aztech Games/PC&ConsoleButtonsIcons/Keyboard/7.png
  artifactKey: Guid(05a90348adc419d4288e1168666ce850) Importer(815301076,1909f56bfc062723c751e8b465ee728b)
Start importing Assets/Aztech Games/PC&ConsoleButtonsIcons/Keyboard/7.png using Guid(05a90348adc419d4288e1168666ce850) Importer(815301076,1909f56bfc062723c751e8b465ee728b) (PreviewImporter) -> (artifact id: 'd9cd058647371b25fcfc8347065bd8cb') in 0.0255551 seconds
Number of updated asset objects reloaded before import = 0Number of asset objects unloaded after import = 3

========================================================================
Received Import Request.
  Time since last request: 0.000035 seconds.
  path: Assets/Aztech Games/PC&ConsoleButtonsIcons/Keyboard/c.png
  artifactKey: Guid(cfd17122cb1c62944afaee1b32bb201e) Importer(815301076,1909f56bfc062723c751e8b465ee728b)
Start importing Assets/Aztech Games/PC&ConsoleButtonsIcons/Keyboard/c.png using Guid(cfd17122cb1c62944afaee1b32bb201e) Importer(815301076,1909f56bfc062723c751e8b465ee728b) (PreviewImporter) -> (artifact id: 'fe2f8b9b4443b7b0a91939c1cabdaa58') in 0.0228099 seconds
Number of updated asset objects reloaded before import = 0Number of asset objects unloaded after import = 3

========================================================================
Received Import Request.
  Time since last request: 0.000025 seconds.
  path: Assets/Aztech Games/PC&ConsoleButtonsIcons/Keyboard/at.png
  artifactKey: Guid(c0a3df33c4ab7734ebce7406c2a27593) Importer(815301076,1909f56bfc062723c751e8b465ee728b)
Start importing Assets/Aztech Games/PC&ConsoleButtonsIcons/Keyboard/at.png using Guid(c0a3df33c4ab7734ebce7406c2a27593) Importer(815301076,1909f56bfc062723c751e8b465ee728b) (PreviewImporter) -> (artifact id: 'd4b3785b0ad440839753ec83ea3c390e') in 0.0287426 seconds
Number of updated asset objects reloaded before import = 0Number of asset objects unloaded after import = 3

========================================================================
Received Import Request.
  Time since last request: 0.000030 seconds.
  path: Assets/Aztech Games/PC&ConsoleButtonsIcons/Keyboard/d.png
  artifactKey: Guid(1776ac41d91387546af27228e20643cf) Importer(815301076,1909f56bfc062723c751e8b465ee728b)
Start importing Assets/Aztech Games/PC&ConsoleButtonsIcons/Keyboard/d.png using Guid(1776ac41d91387546af27228e20643cf) Importer(815301076,1909f56bfc062723c751e8b465ee728b) (PreviewImporter) -> (artifact id: '78cf46ac02aa3846157fd3392a2aebee') in 0.021332 seconds
Number of updated asset objects reloaded before import = 0Number of asset objects unloaded after import = 3

========================================================================
Received Import Request.
  Time since last request: 0.000072 seconds.
  path: Assets/Aztech Games/PC&ConsoleButtonsIcons/Keyboard/asteriks.png
  artifactKey: Guid(ca1e28a7af183354cbb75022e75403b2) Importer(815301076,1909f56bfc062723c751e8b465ee728b)
Start importing Assets/Aztech Games/PC&ConsoleButtonsIcons/Keyboard/asteriks.png using Guid(ca1e28a7af183354cbb75022e75403b2) Importer(815301076,1909f56bfc062723c751e8b465ee728b) (PreviewImporter) -> (artifact id: '224007300084d342be47ee5ee84c094b') in 0.0389987 seconds
Number of updated asset objects reloaded before import = 0Number of asset objects unloaded after import = 3

========================================================================
Received Import Request.
  Time since last request: 0.000125 seconds.
  path: Assets/Aztech Games/PC&ConsoleButtonsIcons/Keyboard/curlybracketR.png
  artifactKey: Guid(11489c54886757c48b9479e078120e54) Importer(815301076,1909f56bfc062723c751e8b465ee728b)
Start importing Assets/Aztech Games/PC&ConsoleButtonsIcons/Keyboard/curlybracketR.png using Guid(11489c54886757c48b9479e078120e54) Importer(815301076,1909f56bfc062723c751e8b465ee728b) (PreviewImporter) -> (artifact id: '068d90c60a4e4a99fa4ae7893d4fde0c') in 0.0276572 seconds
Number of updated asset objects reloaded before import = 0Number of asset objects unloaded after import = 3

========================================================================
Received Import Request.
  Time since last request: 0.000022 seconds.
  path: Assets/Aztech Games/PC&ConsoleButtonsIcons/Keyboard/4.png
  artifactKey: Guid(b0ccfb9e9e8c2304b8337ba04775df75) Importer(815301076,1909f56bfc062723c751e8b465ee728b)
Start importing Assets/Aztech Games/PC&ConsoleButtonsIcons/Keyboard/4.png using Guid(b0ccfb9e9e8c2304b8337ba04775df75) Importer(815301076,1909f56bfc062723c751e8b465ee728b) (PreviewImporter) -> (artifact id: '6dcce81881c438ea207f035347efcadd') in 0.0186831 seconds
Number of updated asset objects reloaded before import = 0Number of asset objects unloaded after import = 3

========================================================================
Received Import Request.
  Time since last request: 0.000033 seconds.
  path: Assets/Aztech Games/PC&ConsoleButtonsIcons/Keyboard/e.png
  artifactKey: Guid(612ed23f0b07a434086e195241d281c8) Importer(815301076,1909f56bfc062723c751e8b465ee728b)
Start importing Assets/Aztech Games/PC&ConsoleButtonsIcons/Keyboard/e.png using Guid(612ed23f0b07a434086e195241d281c8) Importer(815301076,1909f56bfc062723c751e8b465ee728b) (PreviewImporter) -> (artifact id: '6d99fb72b27bd60c6375b3e4c6cc5bab') in 0.0227093 seconds
Number of updated asset objects reloaded before import = 0Number of asset objects unloaded after import = 3

========================================================================
Received Import Request.
  Time since last request: 0.000026 seconds.
  path: Assets/Aztech Games/PC&ConsoleButtonsIcons/Keyboard/esc.png
  artifactKey: Guid(06995699ae8eea549a52d687570f0310) Importer(815301076,1909f56bfc062723c751e8b465ee728b)
Start importing Assets/Aztech Games/PC&ConsoleButtonsIcons/Keyboard/esc.png using Guid(06995699ae8eea549a52d687570f0310) Importer(815301076,1909f56bfc062723c751e8b465ee728b) (PreviewImporter) -> (artifact id: '47fbad4055f8d7a22e0cf6c18830995e') in 0.0217137 seconds
Number of updated asset objects reloaded before import = 0Number of asset objects unloaded after import = 3

========================================================================
Received Import Request.
  Time since last request: 0.000024 seconds.
  path: Assets/Aztech Games/PC&ConsoleButtonsIcons/Keyboard/f5.png
  artifactKey: Guid(0417478c0fcc821449c8b9cc05153400) Importer(815301076,1909f56bfc062723c751e8b465ee728b)
Start importing Assets/Aztech Games/PC&ConsoleButtonsIcons/Keyboard/f5.png using Guid(0417478c0fcc821449c8b9cc05153400) Importer(815301076,1909f56bfc062723c751e8b465ee728b) (PreviewImporter) -> (artifact id: '00abc487c5b6ae35d918a4795b231a86') in 0.0217371 seconds
Number of updated asset objects reloaded before import = 0Number of asset objects unloaded after import = 3

========================================================================
Received Import Request.
  Time since last request: 0.000023 seconds.
  path: Assets/Aztech Games/PC&ConsoleButtonsIcons/Keyboard/doublequotes.png
  artifactKey: Guid(edab70be8f29a864a853bc1bc8f57739) Importer(815301076,1909f56bfc062723c751e8b465ee728b)
Start importing Assets/Aztech Games/PC&ConsoleButtonsIcons/Keyboard/doublequotes.png using Guid(edab70be8f29a864a853bc1bc8f57739) Importer(815301076,1909f56bfc062723c751e8b465ee728b) (PreviewImporter) -> (artifact id: '7d0580c409f9e66145b43c32df673f10') in 0.0200129 seconds
Number of updated asset objects reloaded before import = 0Number of asset objects unloaded after import = 3

========================================================================
Received Import Request.
  Time since last request: 0.000041 seconds.
  path: Assets/Aztech Games/PC&ConsoleButtonsIcons/Keyboard/f1.png
  artifactKey: Guid(0c7d114d57c1df04289da63d1d332531) Importer(815301076,1909f56bfc062723c751e8b465ee728b)
Start importing Assets/Aztech Games/PC&ConsoleButtonsIcons/Keyboard/f1.png using Guid(0c7d114d57c1df04289da63d1d332531) Importer(815301076,1909f56bfc062723c751e8b465ee728b) (PreviewImporter) -> (artifact id: '8876981c8377028283552ec345666773') in 0.0259876 seconds
Number of updated asset objects reloaded before import = 0Number of asset objects unloaded after import = 3

========================================================================
Received Import Request.
  Time since last request: 0.000024 seconds.
  path: Assets/Aztech Games/PC&ConsoleButtonsIcons/Keyboard/doublegreaterthan.png
  artifactKey: Guid(658994e8cbafdd0479d331d6a8b0cc65) Importer(815301076,1909f56bfc062723c751e8b465ee728b)
Start importing Assets/Aztech Games/PC&ConsoleButtonsIcons/Keyboard/doublegreaterthan.png using Guid(658994e8cbafdd0479d331d6a8b0cc65) Importer(815301076,1909f56bfc062723c751e8b465ee728b) (PreviewImporter) -> (artifact id: 'c2a3e2cdc5275a0aedcf3b9afb8d0ec7') in 0.0403935 seconds
Number of updated asset objects reloaded before import = 0Number of asset objects unloaded after import = 3

========================================================================
Received Import Request.
  Time since last request: 0.000035 seconds.
  path: Assets/Aztech Games/PC&ConsoleButtonsIcons/Keyboard/empty.png
  artifactKey: Guid(75c4d0407107e9b4fbb919b760d5cd58) Importer(815301076,1909f56bfc062723c751e8b465ee728b)
Start importing Assets/Aztech Games/PC&ConsoleButtonsIcons/Keyboard/empty.png using Guid(75c4d0407107e9b4fbb919b760d5cd58) Importer(815301076,1909f56bfc062723c751e8b465ee728b) (PreviewImporter) -> (artifact id: 'd71f3b234f6d1e1557b482b8c1021c43') in 0.0288992 seconds
Number of updated asset objects reloaded before import = 0Number of asset objects unloaded after import = 3

========================================================================
Received Import Request.
  Time since last request: 0.000033 seconds.
  path: Assets/Aztech Games/PC&ConsoleButtonsIcons/Keyboard/6.png
  artifactKey: Guid(275976e0abf2b1f4182fdac6c2fa3239) Importer(815301076,1909f56bfc062723c751e8b465ee728b)
Start importing Assets/Aztech Games/PC&ConsoleButtonsIcons/Keyboard/6.png using Guid(275976e0abf2b1f4182fdac6c2fa3239) Importer(815301076,1909f56bfc062723c751e8b465ee728b) (PreviewImporter) -> (artifact id: 'ec8456e90d56e4fe5ce4722e13089ecc') in 0.0436092 seconds
Number of updated asset objects reloaded before import = 0Number of asset objects unloaded after import = 3

========================================================================
Received Import Request.
  Time since last request: 0.000053 seconds.
  path: Assets/Aztech Games/PC&ConsoleButtonsIcons/Keyboard/arrowU.png
  artifactKey: Guid(366e96d596c363144ad35af915b74144) Importer(815301076,1909f56bfc062723c751e8b465ee728b)
Start importing Assets/Aztech Games/PC&ConsoleButtonsIcons/Keyboard/arrowU.png using Guid(366e96d596c363144ad35af915b74144) Importer(815301076,1909f56bfc062723c751e8b465ee728b) (PreviewImporter) -> (artifact id: '018aa80b9e287af86738428a5eee7bbf') in 0.0631251 seconds
Number of updated asset objects reloaded before import = 0Number of asset objects unloaded after import = 3

========================================================================
Received Import Request.
  Time since last request: 0.000018 seconds.
  path: Assets/Aztech Games/PC&ConsoleButtonsIcons/Keyboard/curlybracketL.png
  artifactKey: Guid(a5835242024862f438a00d5fddab32cd) Importer(815301076,1909f56bfc062723c751e8b465ee728b)
Start importing Assets/Aztech Games/PC&ConsoleButtonsIcons/Keyboard/curlybracketL.png using Guid(a5835242024862f438a00d5fddab32cd) Importer(815301076,1909f56bfc062723c751e8b465ee728b) (PreviewImporter) -> (artifact id: '87c9b542da9af7eb59860b2bdb407116') in 0.0199534 seconds
Number of updated asset objects reloaded before import = 0Number of asset objects unloaded after import = 3

========================================================================
Received Import Request.
  Time since last request: 0.000036 seconds.
  path: Assets/Aztech Games/PC&ConsoleButtonsIcons/Keyboard/f3.png
  artifactKey: Guid(76d09856e387ade4ab2e137489264e41) Importer(815301076,1909f56bfc062723c751e8b465ee728b)
Start importing Assets/Aztech Games/PC&ConsoleButtonsIcons/Keyboard/f3.png using Guid(76d09856e387ade4ab2e137489264e41) Importer(815301076,1909f56bfc062723c751e8b465ee728b) (PreviewImporter) -> (artifact id: '97ae212a9dde70b77606725afc82e00d') in 0.0223085 seconds
Number of updated asset objects reloaded before import = 0Number of asset objects unloaded after import = 3

========================================================================
Received Import Request.
  Time since last request: 0.000035 seconds.
  path: Assets/Aztech Games/PC&ConsoleButtonsIcons/Keyboard/arrowL.png
  artifactKey: Guid(b463520278198664793d67355838e1a0) Importer(815301076,1909f56bfc062723c751e8b465ee728b)
Start importing Assets/Aztech Games/PC&ConsoleButtonsIcons/Keyboard/arrowL.png using Guid(b463520278198664793d67355838e1a0) Importer(815301076,1909f56bfc062723c751e8b465ee728b) (PreviewImporter) -> (artifact id: '11197274a7b545a8f531afa5ec1beae4') in 0.019017 seconds
Number of updated asset objects reloaded before import = 0Number of asset objects unloaded after import = 3

========================================================================
Received Import Request.
  Time since last request: 0.085138 seconds.
  path: Assets/Aztech Games/PC&ConsoleButtonsIcons/Keyboard_White
  artifactKey: Guid(a1433ca590496384fb978e3f34021c08) Importer(815301076,1909f56bfc062723c751e8b465ee728b)
Start importing Assets/Aztech Games/PC&ConsoleButtonsIcons/Keyboard_White using Guid(a1433ca590496384fb978e3f34021c08) Importer(815301076,1909f56bfc062723c751e8b465ee728b) (PreviewImporter) -> (artifact id: 'ed3bf37a9e9f68c5d554ccf94c5970fb') in 0.001021 seconds
Number of updated asset objects reloaded before import = 0Number of asset objects unloaded after import = 0

========================================================================
Received Import Request.
  Time since last request: 0.000022 seconds.
  path: Assets/Aztech Games/PC&ConsoleButtonsIcons/Keyboard_White/0.png
  artifactKey: Guid(690987b671721a843bc12231236b4218) Importer(815301076,1909f56bfc062723c751e8b465ee728b)
Start importing Assets/Aztech Games/PC&ConsoleButtonsIcons/Keyboard_White/0.png using Guid(690987b671721a843bc12231236b4218) Importer(815301076,1909f56bfc062723c751e8b465ee728b) (PreviewImporter) -> (artifact id: '73b31f8f53e112dd3fb94d049456dc68') in 0.0180884 seconds
Number of updated asset objects reloaded before import = 0Number of asset objects unloaded after import = 3

========================================================================
Received Import Request.
  Time since last request: 0.000018 seconds.
  path: Assets/Aztech Games/PC&ConsoleButtonsIcons/Keyboard_White/3.png
  artifactKey: Guid(992e578ba2419e24cbc78bfe15333a41) Importer(815301076,1909f56bfc062723c751e8b465ee728b)
Start importing Assets/Aztech Games/PC&ConsoleButtonsIcons/Keyboard_White/3.png using Guid(992e578ba2419e24cbc78bfe15333a41) Importer(815301076,1909f56bfc062723c751e8b465ee728b) (PreviewImporter) -> (artifact id: '662ea363ac14b3787bf444fb24225889') in 0.0186888 seconds
Number of updated asset objects reloaded before import = 0Number of asset objects unloaded after import = 3

========================================================================
Received Import Request.
  Time since last request: 0.000028 seconds.
  path: Assets/Aztech Games/PC&ConsoleButtonsIcons/Keyboard_White/7.png
  artifactKey: Guid(afc70e2f210d74b49ac8768599b1d9fa) Importer(815301076,1909f56bfc062723c751e8b465ee728b)
Start importing Assets/Aztech Games/PC&ConsoleButtonsIcons/Keyboard_White/7.png using Guid(afc70e2f210d74b49ac8768599b1d9fa) Importer(815301076,1909f56bfc062723c751e8b465ee728b) (PreviewImporter) -> (artifact id: '10f099564b45fa610781f4855a0d463d') in 0.0183617 seconds
Number of updated asset objects reloaded before import = 0Number of asset objects unloaded after import = 3

========================================================================
Received Import Request.
  Time since last request: 0.000039 seconds.
  path: Assets/Aztech Games/PC&ConsoleButtonsIcons/Keyboard_White/arrowU.png
  artifactKey: Guid(d676693fef6219b42a849bada33c528e) Importer(815301076,1909f56bfc062723c751e8b465ee728b)
Start importing Assets/Aztech Games/PC&ConsoleButtonsIcons/Keyboard_White/arrowU.png using Guid(d676693fef6219b42a849bada33c528e) Importer(815301076,1909f56bfc062723c751e8b465ee728b) (PreviewImporter) -> (artifact id: 'bd9dbc1cde6870564bbaf14e1b48d6fb') in 0.0199279 seconds
Number of updated asset objects reloaded before import = 0Number of asset objects unloaded after import = 3

========================================================================
Received Import Request.
  Time since last request: 0.000027 seconds.
  path: Assets/Aztech Games/PC&ConsoleButtonsIcons/Keyboard_White/curlybracketL.png
  artifactKey: Guid(4c136b4ae00b21442a9fbd8b29eef37b) Importer(815301076,1909f56bfc062723c751e8b465ee728b)
Start importing Assets/Aztech Games/PC&ConsoleButtonsIcons/Keyboard_White/curlybracketL.png using Guid(4c136b4ae00b21442a9fbd8b29eef37b) Importer(815301076,1909f56bfc062723c751e8b465ee728b) (PreviewImporter) -> (artifact id: 'e6cbbce36f053a9690db5105d583425b') in 0.0240632 seconds
Number of updated asset objects reloaded before import = 0Number of asset objects unloaded after import = 3

========================================================================
Received Import Request.
  Time since last request: 0.000020 seconds.
  path: Assets/Aztech Games/PC&ConsoleButtonsIcons/Keyboard_White/apostrophe.png
  artifactKey: Guid(7d916f9640133b943a9c7584c9c6489a) Importer(815301076,1909f56bfc062723c751e8b465ee728b)
Start importing Assets/Aztech Games/PC&ConsoleButtonsIcons/Keyboard_White/apostrophe.png using Guid(7d916f9640133b943a9c7584c9c6489a) Importer(815301076,1909f56bfc062723c751e8b465ee728b) (PreviewImporter) -> (artifact id: '8862726c37a9c02e4a13fc8dfbf09410') in 0.0249647 seconds
Number of updated asset objects reloaded before import = 0Number of asset objects unloaded after import = 3

========================================================================
Received Import Request.
  Time since last request: 0.000020 seconds.
  path: Assets/Aztech Games/PC&ConsoleButtonsIcons/Keyboard_White/at.png
  artifactKey: Guid(7a658989f68b222439647f1e3c14e246) Importer(815301076,1909f56bfc062723c751e8b465ee728b)
Start importing Assets/Aztech Games/PC&ConsoleButtonsIcons/Keyboard_White/at.png using Guid(7a658989f68b222439647f1e3c14e246) Importer(815301076,1909f56bfc062723c751e8b465ee728b) (PreviewImporter) -> (artifact id: '8dadf64027942e15c3e925d42b5de3e2') in 0.0212568 seconds
Number of updated asset objects reloaded before import = 0Number of asset objects unloaded after import = 3

========================================================================
Received Import Request.
  Time since last request: 0.000027 seconds.
  path: Assets/Aztech Games/PC&ConsoleButtonsIcons/Keyboard_White/asterisk.png
  artifactKey: Guid(715211b09044e44419e64ec1eca36f3f) Importer(815301076,1909f56bfc062723c751e8b465ee728b)
Start importing Assets/Aztech Games/PC&ConsoleButtonsIcons/Keyboard_White/asterisk.png using Guid(715211b09044e44419e64ec1eca36f3f) Importer(815301076,1909f56bfc062723c751e8b465ee728b) (PreviewImporter) -> (artifact id: 'da21f4d2a1b6251feeb47526094dfb6d') in 0.0232031 seconds
Number of updated asset objects reloaded before import = 0Number of asset objects unloaded after import = 3

========================================================================
Received Import Request.
  Time since last request: 0.000026 seconds.
  path: Assets/Aztech Games/PC&ConsoleButtonsIcons/Keyboard_White/arrowR.png
  artifactKey: Guid(c2a534dc2f94f6045849bfcc56f49f3c) Importer(815301076,1909f56bfc062723c751e8b465ee728b)
Start importing Assets/Aztech Games/PC&ConsoleButtonsIcons/Keyboard_White/arrowR.png using Guid(c2a534dc2f94f6045849bfcc56f49f3c) Importer(815301076,1909f56bfc062723c751e8b465ee728b) (PreviewImporter) -> (artifact id: '9442b64c023155d04f0eea2efaad6c80') in 0.0249181 seconds
Number of updated asset objects reloaded before import = 0Number of asset objects unloaded after import = 3

========================================================================
Received Import Request.
  Time since last request: 0.000022 seconds.
  path: Assets/Aztech Games/PC&ConsoleButtonsIcons/Keyboard_White/colon.png
  artifactKey: Guid(73eb2ec7cf31fd94791b6fe273946956) Importer(815301076,1909f56bfc062723c751e8b465ee728b)
Start importing Assets/Aztech Games/PC&ConsoleButtonsIcons/Keyboard_White/colon.png using Guid(73eb2ec7cf31fd94791b6fe273946956) Importer(815301076,1909f56bfc062723c751e8b465ee728b) (PreviewImporter) -> (artifact id: 'a4a5ce401a31f9b6b35bb6f7034653b4') in 0.0241019 seconds
Number of updated asset objects reloaded before import = 0Number of asset objects unloaded after import = 3

========================================================================
Received Import Request.
  Time since last request: 0.000020 seconds.
  path: Assets/Aztech Games/PC&ConsoleButtonsIcons/Keyboard_White/dollar.png
  artifactKey: Guid(197208206283f41469e214aeb39f186a) Importer(815301076,1909f56bfc062723c751e8b465ee728b)
Start importing Assets/Aztech Games/PC&ConsoleButtonsIcons/Keyboard_White/dollar.png using Guid(197208206283f41469e214aeb39f186a) Importer(815301076,1909f56bfc062723c751e8b465ee728b) (PreviewImporter) -> (artifact id: 'cfcbfe63bcca7b751844069ab611d7c0') in 0.0309663 seconds
Number of updated asset objects reloaded before import = 0Number of asset objects unloaded after import = 3

========================================================================
Received Import Request.
  Time since last request: 0.000069 seconds.
  path: Assets/Aztech Games/PC&ConsoleButtonsIcons/Keyboard_White/arrowD.png
  artifactKey: Guid(5c9598d6e4ae77449b9b415ce0ea7d9e) Importer(815301076,1909f56bfc062723c751e8b465ee728b)
Start importing Assets/Aztech Games/PC&ConsoleButtonsIcons/Keyboard_White/arrowD.png using Guid(5c9598d6e4ae77449b9b415ce0ea7d9e) Importer(815301076,1909f56bfc062723c751e8b465ee728b) (PreviewImporter) -> (artifact id: '92fca9a8e5890f8133e98c9447db2cfe') in 0.0226691 seconds
Number of updated asset objects reloaded before import = 0Number of asset objects unloaded after import = 3

========================================================================
Received Import Request.
  Time since last request: 0.000020 seconds.
  path: Assets/Aztech Games/PC&ConsoleButtonsIcons/Keyboard_White/b.png
  artifactKey: Guid(e3e6b067c1a53ee4ba10a02b0965d09a) Importer(815301076,1909f56bfc062723c751e8b465ee728b)
Start importing Assets/Aztech Games/PC&ConsoleButtonsIcons/Keyboard_White/b.png using Guid(e3e6b067c1a53ee4ba10a02b0965d09a) Importer(815301076,1909f56bfc062723c751e8b465ee728b) (PreviewImporter) -> (artifact id: '48e1cc890f44f4fd4bcef2b0276ab8bd') in 0.0227685 seconds
Number of updated asset objects reloaded before import = 0Number of asset objects unloaded after import = 3

========================================================================
Received Import Request.
  Time since last request: 0.000019 seconds.
  path: Assets/Aztech Games/PC&ConsoleButtonsIcons/Mockups
  artifactKey: Guid(9c36da1db21482f43bf3bd3b267fc7e5) Importer(815301076,1909f56bfc062723c751e8b465ee728b)
Start importing Assets/Aztech Games/PC&ConsoleButtonsIcons/Mockups using Guid(9c36da1db21482f43bf3bd3b267fc7e5) Importer(815301076,1909f56bfc062723c751e8b465ee728b) (PreviewImporter) -> (artifact id: '5421f28dc4b0cc23bfa4532ba219accc') in 0.0009669 seconds
Number of updated asset objects reloaded before import = 0Number of asset objects unloaded after import = 0

========================================================================
Received Import Request.
  Time since last request: 0.000017 seconds.
  path: Assets/Aztech Games/PC&ConsoleButtonsIcons/Mockups/keyboard.png
  artifactKey: Guid(7db46578c690fb84d9d6da123e7c2207) Importer(815301076,1909f56bfc062723c751e8b465ee728b)
Start importing Assets/Aztech Games/PC&ConsoleButtonsIcons/Mockups/keyboard.png using Guid(7db46578c690fb84d9d6da123e7c2207) Importer(815301076,1909f56bfc062723c751e8b465ee728b) (PreviewImporter) -> (artifact id: 'f323d733ae7cf98320091354f23e870a') in 0.0220201 seconds
Number of updated asset objects reloaded before import = 0Number of asset objects unloaded after import = 3

========================================================================
Received Import Request.
  Time since last request: 0.000025 seconds.
  path: Assets/Aztech Games/PC&ConsoleButtonsIcons/Mockups/x_White.png
  artifactKey: Guid(9d72d2b52dc2452439a942b24d650745) Importer(815301076,1909f56bfc062723c751e8b465ee728b)
Start importing Assets/Aztech Games/PC&ConsoleButtonsIcons/Mockups/x_White.png using Guid(9d72d2b52dc2452439a942b24d650745) Importer(815301076,1909f56bfc062723c751e8b465ee728b) (PreviewImporter) -> (artifact id: '8fb6001c00a862675812e6f64570e5ab') in 0.0212803 seconds
Number of updated asset objects reloaded before import = 0Number of asset objects unloaded after import = 3

========================================================================
Received Import Request.
  Time since last request: 0.000059 seconds.
  path: Assets/Aztech Games/PC&ConsoleButtonsIcons/Keyboard_White/anglerbracketR.png
  artifactKey: Guid(10a20f9eb2ebb5d4e82d403f05b0adae) Importer(815301076,1909f56bfc062723c751e8b465ee728b)
Start importing Assets/Aztech Games/PC&ConsoleButtonsIcons/Keyboard_White/anglerbracketR.png using Guid(10a20f9eb2ebb5d4e82d403f05b0adae) Importer(815301076,1909f56bfc062723c751e8b465ee728b) (PreviewImporter) -> (artifact id: 'afe5e9061fad51ef024d76b3eea79c7f') in 0.0209328 seconds
Number of updated asset objects reloaded before import = 0Number of asset objects unloaded after import = 3

========================================================================
Received Import Request.
  Time since last request: 0.000021 seconds.
  path: Assets/Aztech Games/PC&ConsoleButtonsIcons/Keyboard_White/curlybracketR.png
  artifactKey: Guid(a45d15fd07a3b1a438ef1a532a90b434) Importer(815301076,1909f56bfc062723c751e8b465ee728b)
Start importing Assets/Aztech Games/PC&ConsoleButtonsIcons/Keyboard_White/curlybracketR.png using Guid(a45d15fd07a3b1a438ef1a532a90b434) Importer(815301076,1909f56bfc062723c751e8b465ee728b) (PreviewImporter) -> (artifact id: '20e08232e386651021fb66f953b07859') in 0.0245532 seconds
Number of updated asset objects reloaded before import = 0Number of asset objects unloaded after import = 3

========================================================================
Received Import Request.
  Time since last request: 0.000017 seconds.
  path: Assets/Aztech Games/PC&ConsoleButtonsIcons/Mockups/keyboard 2_White.png
  artifactKey: Guid(b80adde9ae2558740b598a83604796f9) Importer(815301076,1909f56bfc062723c751e8b465ee728b)
Start importing Assets/Aztech Games/PC&ConsoleButtonsIcons/Mockups/keyboard 2_White.png using Guid(b80adde9ae2558740b598a83604796f9) Importer(815301076,1909f56bfc062723c751e8b465ee728b) (PreviewImporter) -> (artifact id: '22c35fb76f1b2d3d5bbbcc7e7b42bc95') in 0.0223319 seconds
Number of updated asset objects reloaded before import = 0Number of asset objects unloaded after import = 3

========================================================================
Received Import Request.
  Time since last request: 0.000022 seconds.
  path: Assets/Aztech Games/PC&ConsoleButtonsIcons/Keyboard_White/8.png
  artifactKey: Guid(1990bba32e6a7ae479e13280311e5016) Importer(815301076,1909f56bfc062723c751e8b465ee728b)
Start importing Assets/Aztech Games/PC&ConsoleButtonsIcons/Keyboard_White/8.png using Guid(1990bba32e6a7ae479e13280311e5016) Importer(815301076,1909f56bfc062723c751e8b465ee728b) (PreviewImporter) -> (artifact id: 'a64d3310386e569c0f13ce52b718da76') in 0.0190428 seconds
Number of updated asset objects reloaded before import = 0Number of asset objects unloaded after import = 3

========================================================================
Received Import Request.
  Time since last request: 0.000039 seconds.
  path: Assets/Aztech Games/PC&ConsoleButtonsIcons/Keyboard_White/capslock.png
  artifactKey: Guid(160bfa112b9dbe641bf5a8174c5e8732) Importer(815301076,1909f56bfc062723c751e8b465ee728b)
Start importing Assets/Aztech Games/PC&ConsoleButtonsIcons/Keyboard_White/capslock.png using Guid(160bfa112b9dbe641bf5a8174c5e8732) Importer(815301076,1909f56bfc062723c751e8b465ee728b) (PreviewImporter) -> (artifact id: 'f1e9458a878925c57b02457cec0f47bf') in 0.0200254 seconds
Number of updated asset objects reloaded before import = 0Number of asset objects unloaded after import = 3

========================================================================
Received Import Request.
  Time since last request: 0.373034 seconds.
  path: Assets/Aztech Games/PC&ConsoleButtonsIcons/Ps5
  artifactKey: Guid(d3b6871edce990e449c158253392a321) Importer(815301076,1909f56bfc062723c751e8b465ee728b)
Start importing Assets/Aztech Games/PC&ConsoleButtonsIcons/Ps5 using Guid(d3b6871edce990e449c158253392a321) Importer(815301076,1909f56bfc062723c751e8b465ee728b) (PreviewImporter) -> (artifact id: '165b77ae975464f78ed8466eb6319627') in 0.0009215 seconds
Number of updated asset objects reloaded before import = 0Number of asset objects unloaded after import = 0

========================================================================
Received Import Request.
  Time since last request: 0.016485 seconds.
  path: Assets/Aztech Games/PC&ConsoleButtonsIcons/Ps5/Circle.png
  artifactKey: Guid(531197050711f9442abc6d661bdbeef2) Importer(815301076,1909f56bfc062723c751e8b465ee728b)
Start importing Assets/Aztech Games/PC&ConsoleButtonsIcons/Ps5/Circle.png using Guid(531197050711f9442abc6d661bdbeef2) Importer(815301076,1909f56bfc062723c751e8b465ee728b) (PreviewImporter) -> (artifact id: 'b6d4e6b30abecbf45ee90b6529610cc9') in 0.0369214 seconds
Number of updated asset objects reloaded before import = 0Number of asset objects unloaded after import = 3

========================================================================
Received Import Request.
  Time since last request: 0.000018 seconds.
  path: Assets/Aztech Games/PC&ConsoleButtonsIcons/Ps5/Down.png
  artifactKey: Guid(d0b97318f0861a245805854fbfe05307) Importer(815301076,1909f56bfc062723c751e8b465ee728b)
Start importing Assets/Aztech Games/PC&ConsoleButtonsIcons/Ps5/Down.png using Guid(d0b97318f0861a245805854fbfe05307) Importer(815301076,1909f56bfc062723c751e8b465ee728b) (PreviewImporter) -> (artifact id: '3be071cebd8f773e8ab1d9fa56a9a124') in 0.0175844 seconds
Number of updated asset objects reloaded before import = 0Number of asset objects unloaded after import = 3

========================================================================
Received Import Request.
  Time since last request: 0.000023 seconds.
  path: Assets/Aztech Games/PC&ConsoleButtonsIcons/Ps5/Square.png
  artifactKey: Guid(4c7b6fb174ccc4b4bbaf7d6c697faae5) Importer(815301076,1909f56bfc062723c751e8b465ee728b)
Start importing Assets/Aztech Games/PC&ConsoleButtonsIcons/Ps5/Square.png using Guid(4c7b6fb174ccc4b4bbaf7d6c697faae5) Importer(815301076,1909f56bfc062723c751e8b465ee728b) (PreviewImporter) -> (artifact id: 'f7b0bb67119fc72c7d6615c33f1b661d') in 0.0215498 seconds
Number of updated asset objects reloaded before import = 0Number of asset objects unloaded after import = 3

========================================================================
Received Import Request.
  Time since last request: 0.000032 seconds.
  path: Assets/Aztech Games/PC&ConsoleButtonsIcons/Ps5/R2.png
  artifactKey: Guid(7731e2edad5b9a2448ea9efa3fc18c0f) Importer(815301076,1909f56bfc062723c751e8b465ee728b)
Start importing Assets/Aztech Games/PC&ConsoleButtonsIcons/Ps5/R2.png using Guid(7731e2edad5b9a2448ea9efa3fc18c0f) Importer(815301076,1909f56bfc062723c751e8b465ee728b) (PreviewImporter) -> (artifact id: '77f0909cb969dc9ef45b285dbb42f835') in 0.0199528 seconds
Number of updated asset objects reloaded before import = 0Number of asset objects unloaded after import = 3

========================================================================
Received Import Request.
  Time since last request: 0.000018 seconds.
  path: Assets/Aztech Games/PC&ConsoleButtonsIcons/Ps5/UpDown.png
  artifactKey: Guid(f5f185052e1a999418c2e48d5d96f86f) Importer(815301076,1909f56bfc062723c751e8b465ee728b)
Start importing Assets/Aztech Games/PC&ConsoleButtonsIcons/Ps5/UpDown.png using Guid(f5f185052e1a999418c2e48d5d96f86f) Importer(815301076,1909f56bfc062723c751e8b465ee728b) (PreviewImporter) -> (artifact id: '146290b59f15d71a19f412a1eb8a9124') in 0.0201065 seconds
Number of updated asset objects reloaded before import = 0Number of asset objects unloaded after import = 3

========================================================================
Received Import Request.
  Time since last request: 0.000016 seconds.
  path: Assets/Aztech Games/PC&ConsoleButtonsIcons/Ps5/R1.png
  artifactKey: Guid(c38fb42252cb35f42add7a763094ca46) Importer(815301076,1909f56bfc062723c751e8b465ee728b)
Start importing Assets/Aztech Games/PC&ConsoleButtonsIcons/Ps5/R1.png using Guid(c38fb42252cb35f42add7a763094ca46) Importer(815301076,1909f56bfc062723c751e8b465ee728b) (PreviewImporter) -> (artifact id: '2e94b27227932ca6e9a7984d8ab8c27b') in 0.0164926 seconds
Number of updated asset objects reloaded before import = 0Number of asset objects unloaded after import = 3

========================================================================
Received Import Request.
  Time since last request: 0.000019 seconds.
  path: Assets/Aztech Games/PC&ConsoleButtonsIcons/Ps5/L1.png
  artifactKey: Guid(5cd50b2d36569cf4d882c8e9426384e3) Importer(815301076,1909f56bfc062723c751e8b465ee728b)
Start importing Assets/Aztech Games/PC&ConsoleButtonsIcons/Ps5/L1.png using Guid(5cd50b2d36569cf4d882c8e9426384e3) Importer(815301076,1909f56bfc062723c751e8b465ee728b) (PreviewImporter) -> (artifact id: '894035d880281fbfafe2b19f2edbec03') in 0.0193628 seconds
Number of updated asset objects reloaded before import = 0Number of asset objects unloaded after import = 3

========================================================================
Received Import Request.
  Time since last request: 0.000026 seconds.
  path: Assets/Aztech Games/PC&ConsoleButtonsIcons/Ps5/Up.png
  artifactKey: Guid(96cf6e33e5072aa43aba66e21a9559d1) Importer(815301076,1909f56bfc062723c751e8b465ee728b)
Start importing Assets/Aztech Games/PC&ConsoleButtonsIcons/Ps5/Up.png using Guid(96cf6e33e5072aa43aba66e21a9559d1) Importer(815301076,1909f56bfc062723c751e8b465ee728b) (PreviewImporter) -> (artifact id: '547c9f2238fe350851aa2e3b93e97b01') in 0.0210416 seconds
Number of updated asset objects reloaded before import = 0Number of asset objects unloaded after import = 3

========================================================================
Received Import Request.
  Time since last request: 21.357216 seconds.
  path: Assets/Cartoon UI/Toggles/Check Fill Green.png
  artifactKey: Guid(e31301704cef93b43ab6e5b9d4c96249) Importer(815301076,1909f56bfc062723c751e8b465ee728b)
Start importing Assets/Cartoon UI/Toggles/Check Fill Green.png using Guid(e31301704cef93b43ab6e5b9d4c96249) Importer(815301076,1909f56bfc062723c751e8b465ee728b) (PreviewImporter) -> (artifact id: '366a100bf6c5efc488315352612ee745') in 0.0182914 seconds
Number of updated asset objects reloaded before import = 0Number of asset objects unloaded after import = 3

========================================================================
Received Import Request.
  Time since last request: 0.000022 seconds.
  path: Assets/Cartoon UI/Toggles/Check Fill Pink.png
  artifactKey: Guid(c9d46066e8b50104b84766dcb9d978ec) Importer(815301076,1909f56bfc062723c751e8b465ee728b)
Start importing Assets/Cartoon UI/Toggles/Check Fill Pink.png using Guid(c9d46066e8b50104b84766dcb9d978ec) Importer(815301076,1909f56bfc062723c751e8b465ee728b) (PreviewImporter) -> (artifact id: '77f549fe9034b329c09eac577524179e') in 0.0160232 seconds
Number of updated asset objects reloaded before import = 0Number of asset objects unloaded after import = 3

========================================================================
Received Import Request.
  Time since last request: 0.000040 seconds.
  path: Assets/Cartoon UI/Toggles/Round Fill Green.png
  artifactKey: Guid(41cf1aa849104374d9412af925495326) Importer(815301076,1909f56bfc062723c751e8b465ee728b)
Start importing Assets/Cartoon UI/Toggles/Round Fill Green.png using Guid(41cf1aa849104374d9412af925495326) Importer(815301076,1909f56bfc062723c751e8b465ee728b) (PreviewImporter) -> (artifact id: '976531e072f150b9afa7d8286238b96b') in 0.017753 seconds
Number of updated asset objects reloaded before import = 0Number of asset objects unloaded after import = 3

========================================================================
Received Import Request.
  Time since last request: 0.000034 seconds.
  path: Assets/Cartoon UI/Toggles/Round Fill Skyblue.png
  artifactKey: Guid(b843a1f5242894b478fb35420cb5fbe6) Importer(815301076,1909f56bfc062723c751e8b465ee728b)
Start importing Assets/Cartoon UI/Toggles/Round Fill Skyblue.png using Guid(b843a1f5242894b478fb35420cb5fbe6) Importer(815301076,1909f56bfc062723c751e8b465ee728b) (PreviewImporter) -> (artifact id: '271c16545875e16cd61aa64514cb721f') in 0.0215219 seconds
Number of updated asset objects reloaded before import = 0Number of asset objects unloaded after import = 3

========================================================================
Received Import Request.
  Time since last request: 0.000030 seconds.
  path: Assets/Cartoon UI/Toggles/Round Fill Blue.png
  artifactKey: Guid(9693e3714bf9d0446a56fe0e77429c85) Importer(815301076,1909f56bfc062723c751e8b465ee728b)
Start importing Assets/Cartoon UI/Toggles/Round Fill Blue.png using Guid(9693e3714bf9d0446a56fe0e77429c85) Importer(815301076,1909f56bfc062723c751e8b465ee728b) (PreviewImporter) -> (artifact id: '1d7e3557a4953517841ad611944942dd') in 0.0200334 seconds
Number of updated asset objects reloaded before import = 0Number of asset objects unloaded after import = 3

========================================================================
Received Import Request.
  Time since last request: 0.000019 seconds.
  path: Assets/Cartoon UI/Toggles/Round Fill Red.png
  artifactKey: Guid(fe920d524f1600b4191b8d8445541c61) Importer(815301076,1909f56bfc062723c751e8b465ee728b)
Start importing Assets/Cartoon UI/Toggles/Round Fill Red.png using Guid(fe920d524f1600b4191b8d8445541c61) Importer(815301076,1909f56bfc062723c751e8b465ee728b) (PreviewImporter) -> (artifact id: '7f78603be452ed4ea04922c10663f03c') in 0.0210166 seconds
Number of updated asset objects reloaded before import = 0Number of asset objects unloaded after import = 3

========================================================================
Received Import Request.
  Time since last request: 0.000034 seconds.
  path: Assets/Cartoon UI/Toggles/Round Fill Grey.png
  artifactKey: Guid(57b33191655a439478c9bdc92da83685) Importer(815301076,1909f56bfc062723c751e8b465ee728b)
Start importing Assets/Cartoon UI/Toggles/Round Fill Grey.png using Guid(57b33191655a439478c9bdc92da83685) Importer(815301076,1909f56bfc062723c751e8b465ee728b) (PreviewImporter) -> (artifact id: 'd648d692f22d9fb58d5b74180dd1824a') in 0.0198137 seconds
Number of updated asset objects reloaded before import = 0Number of asset objects unloaded after import = 3

========================================================================
Received Import Request.
  Time since last request: 2.456428 seconds.
  path: Assets/Cartoon UI/White Icons/UI Icons/Down 2.png
  artifactKey: Guid(4d8d93f47bb640b40a60ad1f1605895d) Importer(815301076,1909f56bfc062723c751e8b465ee728b)
Start importing Assets/Cartoon UI/White Icons/UI Icons/Down 2.png using Guid(4d8d93f47bb640b40a60ad1f1605895d) Importer(815301076,1909f56bfc062723c751e8b465ee728b) (PreviewImporter) -> (artifact id: '2d112fcf594df5a60abf4f8113dab81c') in 0.0244295 seconds
Number of updated asset objects reloaded before import = 0Number of asset objects unloaded after import = 3

========================================================================
Received Import Request.
  Time since last request: 3.333382 seconds.
  path: Assets/Cartoon UI/White Icons/White Icons/White Icons 1/Arrow Down.png
  artifactKey: Guid(143f49a3c8faebd4f9dd1bd8cd6fdfed) Importer(815301076,1909f56bfc062723c751e8b465ee728b)
Start importing Assets/Cartoon UI/White Icons/White Icons/White Icons 1/Arrow Down.png using Guid(143f49a3c8faebd4f9dd1bd8cd6fdfed) Importer(815301076,1909f56bfc062723c751e8b465ee728b) (PreviewImporter) -> (artifact id: 'c15d542c4014297456fa26f91b605e88') in 0.0165157 seconds
Number of updated asset objects reloaded before import = 0Number of asset objects unloaded after import = 3

========================================================================
Received Import Request.
  Time since last request: 0.000022 seconds.
  path: Assets/Cartoon UI/White Icons/White Icons/White Icons 1/Arrow Left 2.png
  artifactKey: Guid(b1a62d56245c926428d6eb4bab384a4b) Importer(815301076,1909f56bfc062723c751e8b465ee728b)
Start importing Assets/Cartoon UI/White Icons/White Icons/White Icons 1/Arrow Left 2.png using Guid(b1a62d56245c926428d6eb4bab384a4b) Importer(815301076,1909f56bfc062723c751e8b465ee728b) (PreviewImporter) -> (artifact id: '20aca6b5f5043015bfbb22875b5f518a') in 0.0162447 seconds
Number of updated asset objects reloaded before import = 0Number of asset objects unloaded after import = 3

========================================================================
Received Import Request.
  Time since last request: 0.000019 seconds.
  path: Assets/Cartoon UI/White Icons/White Icons/White Icons 1/Arrow Up.png
  artifactKey: Guid(4b5e965ea3611424dbd5c8ab6043a1bf) Importer(815301076,1909f56bfc062723c751e8b465ee728b)
Start importing Assets/Cartoon UI/White Icons/White Icons/White Icons 1/Arrow Up.png using Guid(4b5e965ea3611424dbd5c8ab6043a1bf) Importer(815301076,1909f56bfc062723c751e8b465ee728b) (PreviewImporter) -> (artifact id: '181315384058de303c77b4a4dde6c2e1') in 0.016662 seconds
Number of updated asset objects reloaded before import = 0Number of asset objects unloaded after import = 3

========================================================================
Received Import Request.
  Time since last request: 0.000031 seconds.
  path: Assets/Cartoon UI/White Icons/White Icons/White Icons 1/Compact.png
  artifactKey: Guid(59fe5ab32d04bc84788dd04cfe95117d) Importer(815301076,1909f56bfc062723c751e8b465ee728b)
Start importing Assets/Cartoon UI/White Icons/White Icons/White Icons 1/Compact.png using Guid(59fe5ab32d04bc84788dd04cfe95117d) Importer(815301076,1909f56bfc062723c751e8b465ee728b) (PreviewImporter) -> (artifact id: 'ceab88c2a73e8c2baf64d5411e122b7b') in 0.0174154 seconds
Number of updated asset objects reloaded before import = 0Number of asset objects unloaded after import = 3

========================================================================
Received Import Request.
  Time since last request: 0.000031 seconds.
  path: Assets/Cartoon UI/White Icons/White Icons/White Icons 1/Dropdown List.png
  artifactKey: Guid(c5b803a3318b5fa44bed673c89c42b5c) Importer(815301076,1909f56bfc062723c751e8b465ee728b)
Start importing Assets/Cartoon UI/White Icons/White Icons/White Icons 1/Dropdown List.png using Guid(c5b803a3318b5fa44bed673c89c42b5c) Importer(815301076,1909f56bfc062723c751e8b465ee728b) (PreviewImporter) -> (artifact id: 'd3cb370ab866cd3d208881db1d38ecfb') in 0.0191481 seconds
Number of updated asset objects reloaded before import = 0Number of asset objects unloaded after import = 3

========================================================================
Received Import Request.
  Time since last request: 0.000018 seconds.
  path: Assets/Cartoon UI/White Icons/White Icons/White Icons 1/Expand Horizontal.png
  artifactKey: Guid(21b0a508161ffc747a4576517df9a742) Importer(815301076,1909f56bfc062723c751e8b465ee728b)
Start importing Assets/Cartoon UI/White Icons/White Icons/White Icons 1/Expand Horizontal.png using Guid(21b0a508161ffc747a4576517df9a742) Importer(815301076,1909f56bfc062723c751e8b465ee728b) (PreviewImporter) -> (artifact id: '829d5ad9e04bf0450c89081e20ea7c52') in 0.0181751 seconds
Number of updated asset objects reloaded before import = 0Number of asset objects unloaded after import = 3

========================================================================
Received Import Request.
  Time since last request: 0.000034 seconds.
  path: Assets/Cartoon UI/White Icons/White Icons/White Icons 1/Expand Full.png
  artifactKey: Guid(cf91964f22ee7864d8a39e21929da9f8) Importer(815301076,1909f56bfc062723c751e8b465ee728b)
Start importing Assets/Cartoon UI/White Icons/White Icons/White Icons 1/Expand Full.png using Guid(cf91964f22ee7864d8a39e21929da9f8) Importer(815301076,1909f56bfc062723c751e8b465ee728b) (PreviewImporter) -> (artifact id: 'e05ab3b4c6e7aa323a1da6a3368e064c') in 0.019871 seconds
Number of updated asset objects reloaded before import = 0Number of asset objects unloaded after import = 3

========================================================================
Received Import Request.
  Time since last request: 0.000018 seconds.
  path: Assets/Cartoon UI/White Icons/White Icons/White Icons 1/Crown.png
  artifactKey: Guid(78b8ccde7903ec348a3d481b59a8afdc) Importer(815301076,1909f56bfc062723c751e8b465ee728b)
Start importing Assets/Cartoon UI/White Icons/White Icons/White Icons 1/Crown.png using Guid(78b8ccde7903ec348a3d481b59a8afdc) Importer(815301076,1909f56bfc062723c751e8b465ee728b) (PreviewImporter) -> (artifact id: 'f93dbb0bac8f3adb433e83df447b471e') in 0.0188291 seconds
Number of updated asset objects reloaded before import = 0Number of asset objects unloaded after import = 3

========================================================================
Received Import Request.
  Time since last request: 0.000033 seconds.
  path: Assets/Cartoon UI/White Icons/White Icons/White Icons 1/Clock.png
  artifactKey: Guid(fd67f8caf87f6ca4eb214467c61a2ae3) Importer(815301076,1909f56bfc062723c751e8b465ee728b)
Start importing Assets/Cartoon UI/White Icons/White Icons/White Icons 1/Clock.png using Guid(fd67f8caf87f6ca4eb214467c61a2ae3) Importer(815301076,1909f56bfc062723c751e8b465ee728b) (PreviewImporter) -> (artifact id: 'b8676a822557e03b39db9e1301be93d2') in 0.0178612 seconds
Number of updated asset objects reloaded before import = 0Number of asset objects unloaded after import = 3

========================================================================
Received Import Request.
  Time since last request: 0.000021 seconds.
  path: Assets/Cartoon UI/White Icons/White Icons/White Icons 1/Cloud.png
  artifactKey: Guid(741e59d86b49b5d4997f4f56f662e9b6) Importer(815301076,1909f56bfc062723c751e8b465ee728b)
Start importing Assets/Cartoon UI/White Icons/White Icons/White Icons 1/Cloud.png using Guid(741e59d86b49b5d4997f4f56f662e9b6) Importer(815301076,1909f56bfc062723c751e8b465ee728b) (PreviewImporter) -> (artifact id: '580f93e56bfdb2164670f900f69acdaf') in 0.0188469 seconds
Number of updated asset objects reloaded before import = 0Number of asset objects unloaded after import = 3

========================================================================
Received Import Request.
  Time since last request: 0.000016 seconds.
  path: Assets/Cartoon UI/White Icons/White Icons/White Icons 1/Clover.png
  artifactKey: Guid(3aff156d0e9e2094aa571716a578f1a8) Importer(815301076,1909f56bfc062723c751e8b465ee728b)
Start importing Assets/Cartoon UI/White Icons/White Icons/White Icons 1/Clover.png using Guid(3aff156d0e9e2094aa571716a578f1a8) Importer(815301076,1909f56bfc062723c751e8b465ee728b) (PreviewImporter) -> (artifact id: 'a165a6aab7d74edb24f15041f1968453') in 0.0228392 seconds
Number of updated asset objects reloaded before import = 0Number of asset objects unloaded after import = 3

========================================================================
Received Import Request.
  Time since last request: 0.304927 seconds.
  path: Assets/Cartoon UI/White Icons/White Icons/White Icons 2/White A1.png
  artifactKey: Guid(d620e3395c9787a4d83bcd7eb5d8ac8a) Importer(815301076,1909f56bfc062723c751e8b465ee728b)
Start importing Assets/Cartoon UI/White Icons/White Icons/White Icons 2/White A1.png using Guid(d620e3395c9787a4d83bcd7eb5d8ac8a) Importer(815301076,1909f56bfc062723c751e8b465ee728b) (PreviewImporter) -> (artifact id: 'c3bf44898590da1755ef00adb5840275') in 0.0220267 seconds
Number of updated asset objects reloaded before import = 0Number of asset objects unloaded after import = 3

========================================================================
Received Import Request.
  Time since last request: 0.000017 seconds.
  path: Assets/Cartoon UI/White Icons/White Icons/White Icons 2/White AddFriend.png
  artifactKey: Guid(9a0764fbfd492fd4c81c2dbc1bce31a1) Importer(815301076,1909f56bfc062723c751e8b465ee728b)
Start importing Assets/Cartoon UI/White Icons/White Icons/White Icons 2/White AddFriend.png using Guid(9a0764fbfd492fd4c81c2dbc1bce31a1) Importer(815301076,1909f56bfc062723c751e8b465ee728b) (PreviewImporter) -> (artifact id: '412de119f426e1110d06be0f49bd6416') in 0.0166214 seconds
Number of updated asset objects reloaded before import = 0Number of asset objects unloaded after import = 3

========================================================================
Received Import Request.
  Time since last request: 0.000022 seconds.
  path: Assets/Cartoon UI/White Icons/White Icons/White Icons 2/White Anchor.png
  artifactKey: Guid(e466d21ce2f328046abdbffa193e4958) Importer(815301076,1909f56bfc062723c751e8b465ee728b)
Start importing Assets/Cartoon UI/White Icons/White Icons/White Icons 2/White Anchor.png using Guid(e466d21ce2f328046abdbffa193e4958) Importer(815301076,1909f56bfc062723c751e8b465ee728b) (PreviewImporter) -> (artifact id: 'f4361b31040926560360f8a39c26b237') in 0.0177917 seconds
Number of updated asset objects reloaded before import = 0Number of asset objects unloaded after import = 3

========================================================================
Received Import Request.
  Time since last request: 0.000024 seconds.
  path: Assets/Cartoon UI/White Icons/White Icons/White Icons 2/White Armor.png
  artifactKey: Guid(70f3c6b5b38437d43883b7f3b8a7a9d7) Importer(815301076,1909f56bfc062723c751e8b465ee728b)
Start importing Assets/Cartoon UI/White Icons/White Icons/White Icons 2/White Armor.png using Guid(70f3c6b5b38437d43883b7f3b8a7a9d7) Importer(815301076,1909f56bfc062723c751e8b465ee728b) (PreviewImporter) -> (artifact id: '6a0328dd17a97905a0cf41ae192f1ace') in 0.017573 seconds
Number of updated asset objects reloaded before import = 0Number of asset objects unloaded after import = 3

========================================================================
Received Import Request.
  Time since last request: 0.000018 seconds.
  path: Assets/Cartoon UI/White Icons/White Icons/White Icons 2/White Battery Empty.png
  artifactKey: Guid(9fead874c141d814ea3321317c83186f) Importer(815301076,1909f56bfc062723c751e8b465ee728b)
Start importing Assets/Cartoon UI/White Icons/White Icons/White Icons 2/White Battery Empty.png using Guid(9fead874c141d814ea3321317c83186f) Importer(815301076,1909f56bfc062723c751e8b465ee728b) (PreviewImporter) -> (artifact id: '0ba28a7cb1f28312a714181b4a3baaf0') in 0.0225598 seconds
Number of updated asset objects reloaded before import = 0Number of asset objects unloaded after import = 3

========================================================================
Received Import Request.
  Time since last request: 0.000015 seconds.
  path: Assets/Cartoon UI/White Icons/White Icons/White Icons 2/White Blade 2.png
  artifactKey: Guid(224954e407c33ff4e94534f1073b4ff3) Importer(815301076,1909f56bfc062723c751e8b465ee728b)
Start importing Assets/Cartoon UI/White Icons/White Icons/White Icons 2/White Blade 2.png using Guid(224954e407c33ff4e94534f1073b4ff3) Importer(815301076,1909f56bfc062723c751e8b465ee728b) (PreviewImporter) -> (artifact id: 'be6d272d3b7f3ae48ce04af2e0bfa8de') in 0.0199291 seconds
Number of updated asset objects reloaded before import = 0Number of asset objects unloaded after import = 3

========================================================================
Received Import Request.
  Time since last request: 0.000021 seconds.
  path: Assets/Cartoon UI/White Icons/White Icons/White Icons 2/White Battery Half.png
  artifactKey: Guid(eaa76be7dca697840b4eb9a3ac4776e1) Importer(815301076,1909f56bfc062723c751e8b465ee728b)
Start importing Assets/Cartoon UI/White Icons/White Icons/White Icons 2/White Battery Half.png using Guid(eaa76be7dca697840b4eb9a3ac4776e1) Importer(815301076,1909f56bfc062723c751e8b465ee728b) (PreviewImporter) -> (artifact id: '4c73773d352fcc09c8cd28f435ebbf52') in 0.0192804 seconds
Number of updated asset objects reloaded before import = 0Number of asset objects unloaded after import = 3

========================================================================
Received Import Request.
  Time since last request: 0.000019 seconds.
  path: Assets/Cartoon UI/White Icons/White Icons/White Icons 2/White Axe.png
  artifactKey: Guid(f27f0995ea8933049956820b99c9ae36) Importer(815301076,1909f56bfc062723c751e8b465ee728b)
Start importing Assets/Cartoon UI/White Icons/White Icons/White Icons 2/White Axe.png using Guid(f27f0995ea8933049956820b99c9ae36) Importer(815301076,1909f56bfc062723c751e8b465ee728b) (PreviewImporter) -> (artifact id: '6a91c27ec73d2b036a921a32e190f506') in 0.0209758 seconds
Number of updated asset objects reloaded before import = 0Number of asset objects unloaded after import = 3

========================================================================
Received Import Request.
  Time since last request: 0.000032 seconds.
  path: Assets/Cartoon UI/White Icons/White Icons/White Icons 2/White Bag 2.png
  artifactKey: Guid(e9be420609208bf4cbf12e39f2b8b690) Importer(815301076,1909f56bfc062723c751e8b465ee728b)
Start importing Assets/Cartoon UI/White Icons/White Icons/White Icons 2/White Bag 2.png using Guid(e9be420609208bf4cbf12e39f2b8b690) Importer(815301076,1909f56bfc062723c751e8b465ee728b) (PreviewImporter) -> (artifact id: 'a2601344a82786c17b8b1222518a1e31') in 0.0217545 seconds
Number of updated asset objects reloaded before import = 0Number of asset objects unloaded after import = 3

========================================================================
Received Import Request.
  Time since last request: 0.000017 seconds.
  path: Assets/Cartoon UI/White Icons/White Icons/White Icons 2/White Arrow.png
  artifactKey: Guid(663b332e2f9288746b3562fb372fe9fc) Importer(815301076,1909f56bfc062723c751e8b465ee728b)
Start importing Assets/Cartoon UI/White Icons/White Icons/White Icons 2/White Arrow.png using Guid(663b332e2f9288746b3562fb372fe9fc) Importer(815301076,1909f56bfc062723c751e8b465ee728b) (PreviewImporter) -> (artifact id: 'fa457259c8dfccbadb88c83c57635520') in 0.0209619 seconds
Number of updated asset objects reloaded before import = 0Number of asset objects unloaded after import = 3

========================================================================
Received Import Request.
  Time since last request: 0.000019 seconds.
  path: Assets/Cartoon UI/White Icons/White Icons/White Icons 2/White Bishop.png
  artifactKey: Guid(aa119866ac682694386aaede41e12f74) Importer(815301076,1909f56bfc062723c751e8b465ee728b)
Start importing Assets/Cartoon UI/White Icons/White Icons/White Icons 2/White Bishop.png using Guid(aa119866ac682694386aaede41e12f74) Importer(815301076,1909f56bfc062723c751e8b465ee728b) (PreviewImporter) -> (artifact id: '6c56fbfa11ef7b883892c9aea82e093b') in 0.0212127 seconds
Number of updated asset objects reloaded before import = 0Number of asset objects unloaded after import = 3

========================================================================
Received Import Request.
  Time since last request: 0.362973 seconds.
  path: Assets/Cartoon UI/White Icons/White Icons/UI Icons/Arrow Left.png
  artifactKey: Guid(ec611ea516930c044b563d84ba1750f6) Importer(815301076,1909f56bfc062723c751e8b465ee728b)
Start importing Assets/Cartoon UI/White Icons/White Icons/UI Icons/Arrow Left.png using Guid(ec611ea516930c044b563d84ba1750f6) Importer(815301076,1909f56bfc062723c751e8b465ee728b) (PreviewImporter) -> (artifact id: '4d7509d68a9971487117db382f5107b4') in 0.0169357 seconds
Number of updated asset objects reloaded before import = 0Number of asset objects unloaded after import = 3

========================================================================
Received Import Request.
  Time since last request: 0.000023 seconds.
  path: Assets/Cartoon UI/White Icons/White Icons/UI Icons/Badge.png
  artifactKey: Guid(7063b772407459c48bdc2f1c6fc5cd80) Importer(815301076,1909f56bfc062723c751e8b465ee728b)
Start importing Assets/Cartoon UI/White Icons/White Icons/UI Icons/Badge.png using Guid(7063b772407459c48bdc2f1c6fc5cd80) Importer(815301076,1909f56bfc062723c751e8b465ee728b) (PreviewImporter) -> (artifact id: 'f8a118785e736c71bb4033fe55f9d709') in 0.0158693 seconds
Number of updated asset objects reloaded before import = 0Number of asset objects unloaded after import = 3

========================================================================
Received Import Request.
  Time since last request: 0.000023 seconds.
  path: Assets/Cartoon UI/White Icons/White Icons/UI Icons/Crown.png
  artifactKey: Guid(62a7a0c133c670d42ad49412711f3deb) Importer(815301076,1909f56bfc062723c751e8b465ee728b)
Start importing Assets/Cartoon UI/White Icons/White Icons/UI Icons/Crown.png using Guid(62a7a0c133c670d42ad49412711f3deb) Importer(815301076,1909f56bfc062723c751e8b465ee728b) (PreviewImporter) -> (artifact id: 'fe82ce2aa8bf9a2389fc67a4284ed083') in 0.0183187 seconds
Number of updated asset objects reloaded before import = 0Number of asset objects unloaded after import = 3

========================================================================
Received Import Request.
  Time since last request: 0.000021 seconds.
  path: Assets/Cartoon UI/White Icons/White Icons/UI Icons/Home.png
  artifactKey: Guid(c1f9ce8fc68eff64fa2b85e197aa1bbb) Importer(815301076,1909f56bfc062723c751e8b465ee728b)
Start importing Assets/Cartoon UI/White Icons/White Icons/UI Icons/Home.png using Guid(c1f9ce8fc68eff64fa2b85e197aa1bbb) Importer(815301076,1909f56bfc062723c751e8b465ee728b) (PreviewImporter) -> (artifact id: 'ad8574ac25492b20ebe3dc258b804a72') in 0.0181466 seconds
Number of updated asset objects reloaded before import = 0Number of asset objects unloaded after import = 3

========================================================================
Received Import Request.
  Time since last request: 0.000016 seconds.
  path: Assets/Cartoon UI/White Icons/White Icons/UI Icons/Menu.png
  artifactKey: Guid(07dac5f99f811b64a8cb482efc6d1de6) Importer(815301076,1909f56bfc062723c751e8b465ee728b)
Start importing Assets/Cartoon UI/White Icons/White Icons/UI Icons/Menu.png using Guid(07dac5f99f811b64a8cb482efc6d1de6) Importer(815301076,1909f56bfc062723c751e8b465ee728b) (PreviewImporter) -> (artifact id: '8f6ac6f4ca616a61ab7eac83dd32ed54') in 0.0173709 seconds
Number of updated asset objects reloaded before import = 0Number of asset objects unloaded after import = 3

========================================================================
Received Import Request.
  Time since last request: 0.000019 seconds.
  path: Assets/Cartoon UI/White Icons/White Icons/UI Icons/Music.png
  artifactKey: Guid(9df0a220f24ec4740958698017c430cd) Importer(815301076,1909f56bfc062723c751e8b465ee728b)
Start importing Assets/Cartoon UI/White Icons/White Icons/UI Icons/Music.png using Guid(9df0a220f24ec4740958698017c430cd) Importer(815301076,1909f56bfc062723c751e8b465ee728b) (PreviewImporter) -> (artifact id: '969c6490992f6d64e0e32d0ca61aeb99') in 0.0200797 seconds
Number of updated asset objects reloaded before import = 0Number of asset objects unloaded after import = 3

========================================================================
Received Import Request.
  Time since last request: 0.000020 seconds.
  path: Assets/Cartoon UI/White Icons/White Icons/UI Icons/Location.png
  artifactKey: Guid(f9f14ade363352840a412aff2a292052) Importer(815301076,1909f56bfc062723c751e8b465ee728b)
Start importing Assets/Cartoon UI/White Icons/White Icons/UI Icons/Location.png using Guid(f9f14ade363352840a412aff2a292052) Importer(815301076,1909f56bfc062723c751e8b465ee728b) (PreviewImporter) -> (artifact id: 'cee820b9f2663bf5f44b5fdfa4561ab0') in 0.0185513 seconds
Number of updated asset objects reloaded before import = 0Number of asset objects unloaded after import = 3

========================================================================
Received Import Request.
  Time since last request: 0.000023 seconds.
  path: Assets/Cartoon UI/White Icons/White Icons/UI Icons/Calendar.png
  artifactKey: Guid(eb544d26a5dc7ef49b28d723af566493) Importer(815301076,1909f56bfc062723c751e8b465ee728b)
Start importing Assets/Cartoon UI/White Icons/White Icons/UI Icons/Calendar.png using Guid(eb544d26a5dc7ef49b28d723af566493) Importer(815301076,1909f56bfc062723c751e8b465ee728b) (PreviewImporter) -> (artifact id: '31e1afd9383e4a54cbec4f773a0bd7e8') in 0.0197818 seconds
Number of updated asset objects reloaded before import = 0Number of asset objects unloaded after import = 3

========================================================================
Received Import Request.
  Time since last request: 0.000029 seconds.
  path: Assets/Cartoon UI/White Icons/White Icons/UI Icons/Gift.png
  artifactKey: Guid(a58b01c3c045d8043ae832432491d339) Importer(815301076,1909f56bfc062723c751e8b465ee728b)
Start importing Assets/Cartoon UI/White Icons/White Icons/UI Icons/Gift.png using Guid(a58b01c3c045d8043ae832432491d339) Importer(815301076,1909f56bfc062723c751e8b465ee728b) (PreviewImporter) -> (artifact id: '3f93daf12d8abc7ce2dcdbc7803027fa') in 0.0217624 seconds
Number of updated asset objects reloaded before import = 0Number of asset objects unloaded after import = 3

========================================================================
Received Import Request.
  Time since last request: 0.000017 seconds.
  path: Assets/Cartoon UI/White Icons/White Icons/UI Icons/Key.png
  artifactKey: Guid(3226b3c49ceed10449e5f955e790b81b) Importer(815301076,1909f56bfc062723c751e8b465ee728b)
Start importing Assets/Cartoon UI/White Icons/White Icons/UI Icons/Key.png using Guid(3226b3c49ceed10449e5f955e790b81b) Importer(815301076,1909f56bfc062723c751e8b465ee728b) (PreviewImporter) -> (artifact id: '49a756632466c6faeac9d05c93cf2d81') in 0.0206793 seconds
Number of updated asset objects reloaded before import = 0Number of asset objects unloaded after import = 3

========================================================================
Received Import Request.
  Time since last request: 0.000026 seconds.
  path: Assets/Cartoon UI/White Icons/White Icons/UI Icons/Person.png
  artifactKey: Guid(23404d1edcc884843a7147bf0c5b0fc2) Importer(815301076,1909f56bfc062723c751e8b465ee728b)
Start importing Assets/Cartoon UI/White Icons/White Icons/UI Icons/Person.png using Guid(23404d1edcc884843a7147bf0c5b0fc2) Importer(815301076,1909f56bfc062723c751e8b465ee728b) (PreviewImporter) -> (artifact id: 'c246adf70687f3c9c9fa67b5688f1ae8') in 0.0210133 seconds
Number of updated asset objects reloaded before import = 0Number of asset objects unloaded after import = 3

========================================================================
Received Import Request.
  Time since last request: 8.739062 seconds.
  path: Assets/Cartoon UI/Sliders/Handle Green.png
  artifactKey: Guid(b08bfce3edd2ce6449eaedfe95ec82de) Importer(815301076,1909f56bfc062723c751e8b465ee728b)
Start importing Assets/Cartoon UI/Sliders/Handle Green.png using Guid(b08bfce3edd2ce6449eaedfe95ec82de) Importer(815301076,1909f56bfc062723c751e8b465ee728b) (PreviewImporter) -> (artifact id: 'dba8eef952486a5958a8cdf7c294aef7') in 0.016685 seconds
Number of updated asset objects reloaded before import = 0Number of asset objects unloaded after import = 3

========================================================================
Received Import Request.
  Time since last request: 0.000029 seconds.
  path: Assets/Cartoon UI/Sliders/Handle Pink.png
  artifactKey: Guid(2721b5415852bd24c9da8f85915f760e) Importer(815301076,1909f56bfc062723c751e8b465ee728b)
Start importing Assets/Cartoon UI/Sliders/Handle Pink.png using Guid(2721b5415852bd24c9da8f85915f760e) Importer(815301076,1909f56bfc062723c751e8b465ee728b) (PreviewImporter) -> (artifact id: '8255d6d582ad155191f74847673d5126') in 0.0180209 seconds
Number of updated asset objects reloaded before import = 0Number of asset objects unloaded after import = 3

========================================================================
Received Import Request.
  Time since last request: 0.000032 seconds.
  path: Assets/Cartoon UI/Sliders/Slider Fill Green.png
  artifactKey: Guid(3a1b0bd88fb86354ca4653df9ba22315) Importer(815301076,1909f56bfc062723c751e8b465ee728b)
Start importing Assets/Cartoon UI/Sliders/Slider Fill Green.png using Guid(3a1b0bd88fb86354ca4653df9ba22315) Importer(815301076,1909f56bfc062723c751e8b465ee728b) (PreviewImporter) -> (artifact id: '1f7f62877f2ee63c15e9723b7ea53e35') in 0.0188861 seconds
Number of updated asset objects reloaded before import = 0Number of asset objects unloaded after import = 3

========================================================================
Received Import Request.
  Time since last request: 0.000023 seconds.
  path: Assets/Cartoon UI/Sliders/Slider Fill Purple.png
  artifactKey: Guid(e9ef71f0d5cbea944823fb89e8bd1939) Importer(815301076,1909f56bfc062723c751e8b465ee728b)
Start importing Assets/Cartoon UI/Sliders/Slider Fill Purple.png using Guid(e9ef71f0d5cbea944823fb89e8bd1939) Importer(815301076,1909f56bfc062723c751e8b465ee728b) (PreviewImporter) -> (artifact id: '397a8f6958e3b945bf960bfe39993dc6') in 0.0221511 seconds
Number of updated asset objects reloaded before import = 0Number of asset objects unloaded after import = 3

========================================================================
Received Import Request.
  Time since last request: 0.000023 seconds.
  path: Assets/Cartoon UI/Sliders/Slider Fill Grey.png
  artifactKey: Guid(2be4e27baffb3f745bf9cb4ac08cee91) Importer(815301076,1909f56bfc062723c751e8b465ee728b)
Start importing Assets/Cartoon UI/Sliders/Slider Fill Grey.png using Guid(2be4e27baffb3f745bf9cb4ac08cee91) Importer(815301076,1909f56bfc062723c751e8b465ee728b) (PreviewImporter) -> (artifact id: 'ba2eec3f03f3517840cf6d2d2add9ffb') in 0.018388 seconds
Number of updated asset objects reloaded before import = 0Number of asset objects unloaded after import = 3

========================================================================
Received Import Request.
  Time since last request: 0.000029 seconds.
  path: Assets/Cartoon UI/Sliders/Slider Fill Skyblue.png
  artifactKey: Guid(4acbb45830750ee44a659aad396bf878) Importer(815301076,1909f56bfc062723c751e8b465ee728b)
Start importing Assets/Cartoon UI/Sliders/Slider Fill Skyblue.png using Guid(4acbb45830750ee44a659aad396bf878) Importer(815301076,1909f56bfc062723c751e8b465ee728b) (PreviewImporter) -> (artifact id: '231e9bc31fe4cfbd6e7b0a62434ada28') in 0.0193043 seconds
Number of updated asset objects reloaded before import = 0Number of asset objects unloaded after import = 3

========================================================================
Received Import Request.
  Time since last request: 0.000033 seconds.
  path: Assets/Cartoon UI/Sliders/Handle Yellow.png
  artifactKey: Guid(82e28a991deeddd46948a29ad022712b) Importer(815301076,1909f56bfc062723c751e8b465ee728b)
Start importing Assets/Cartoon UI/Sliders/Handle Yellow.png using Guid(82e28a991deeddd46948a29ad022712b) Importer(815301076,1909f56bfc062723c751e8b465ee728b) (PreviewImporter) -> (artifact id: 'd4319cd3062e110631ea49378c369419') in 0.0215096 seconds
Number of updated asset objects reloaded before import = 0Number of asset objects unloaded after import = 3

========================================================================
Received Import Request.
  Time since last request: 2.067818 seconds.
  path: Assets/Cartoon UI/Prefabs/Level Select Panel.prefab
  artifactKey: Guid(83418642717f5264f94bb0cc2eaa1428) Importer(815301076,1909f56bfc062723c751e8b465ee728b)
Start importing Assets/Cartoon UI/Prefabs/Level Select Panel.prefab using Guid(83418642717f5264f94bb0cc2eaa1428) Importer(815301076,1909f56bfc062723c751e8b465ee728b) (PreviewImporter) -> (artifact id: 'c794b8af7effda2f394fb4039377c71a') in 0.0526486 seconds
Number of updated asset objects reloaded before import = 0Number of asset objects unloaded after import = 286

========================================================================
Received Import Request.
  Time since last request: 0.000021 seconds.
  path: Assets/Cartoon UI/Prefabs/Store Panel.prefab
  artifactKey: Guid(0ca515d2d1606a94db58ea6debc38e88) Importer(815301076,1909f56bfc062723c751e8b465ee728b)
Start importing Assets/Cartoon UI/Prefabs/Store Panel.prefab using Guid(0ca515d2d1606a94db58ea6debc38e88) Importer(815301076,1909f56bfc062723c751e8b465ee728b) (PreviewImporter) -> (artifact id: '0d92472fd441491f5afb8b8428633e8d') in 0.1025568 seconds
Number of updated asset objects reloaded before import = 0Number of asset objects unloaded after import = 308

========================================================================
Received Import Request.
  Time since last request: 0.000029 seconds.
  path: Assets/Cartoon UI/Prefabs/Victory Panel.prefab
  artifactKey: Guid(0d4511bb571762f46875f9315937e95f) Importer(815301076,1909f56bfc062723c751e8b465ee728b)
Start importing Assets/Cartoon UI/Prefabs/Victory Panel.prefab using Guid(0d4511bb571762f46875f9315937e95f) Importer(815301076,1909f56bfc062723c751e8b465ee728b) (PreviewImporter) -> (artifact id: '30aa7448812127bea03ed8d4f067c1fc') in 0.0128587 seconds
Number of updated asset objects reloaded before import = 0Number of asset objects unloaded after import = 83

========================================================================
Received Import Request.
  Time since last request: 7.225019 seconds.
  path: Assets/Cartoon UI/Prefabs/Toggles Dot/Toggle Dot Green.prefab
  artifactKey: Guid(2fdbdafdf7e9c534a880434cadd03e89) Importer(815301076,1909f56bfc062723c751e8b465ee728b)
Start importing Assets/Cartoon UI/Prefabs/Toggles Dot/Toggle Dot Green.prefab using Guid(2fdbdafdf7e9c534a880434cadd03e89) Importer(815301076,1909f56bfc062723c751e8b465ee728b) (PreviewImporter) -> (artifact id: '37447d9bec40517a92e969712a216dbb') in 0.0043613 seconds
Number of updated asset objects reloaded before import = 0Number of asset objects unloaded after import = 15

========================================================================
Received Import Request.
  Time since last request: 0.000018 seconds.
  path: Assets/Cartoon UI/Prefabs/Toggles Dot/Toggle Dot Pink.prefab
  artifactKey: Guid(c258b39f485c86e468d7b5b358e0a74e) Importer(815301076,1909f56bfc062723c751e8b465ee728b)
Start importing Assets/Cartoon UI/Prefabs/Toggles Dot/Toggle Dot Pink.prefab using Guid(c258b39f485c86e468d7b5b358e0a74e) Importer(815301076,1909f56bfc062723c751e8b465ee728b) (PreviewImporter) -> (artifact id: '13f95e31931529c49307b7a2d41e61c2') in 0.0049074 seconds
Number of updated asset objects reloaded before import = 0Number of asset objects unloaded after import = 15

========================================================================
Received Import Request.
  Time since last request: 0.000047 seconds.
  path: Assets/Cartoon UI/Prefabs/Toggles Dot/Toggle Dot Purple.prefab
  artifactKey: Guid(c0d0ddcef131ecf4090276b1fdc45100) Importer(815301076,1909f56bfc062723c751e8b465ee728b)
Start importing Assets/Cartoon UI/Prefabs/Toggles Dot/Toggle Dot Purple.prefab using Guid(c0d0ddcef131ecf4090276b1fdc45100) Importer(815301076,1909f56bfc062723c751e8b465ee728b) (PreviewImporter) -> (artifact id: 'b0d4a7c8825fb8214ae5ca431bf2eed9') in 0.0037132 seconds
Number of updated asset objects reloaded before import = 0Number of asset objects unloaded after import = 15

========================================================================
Received Import Request.
  Time since last request: 4.282327 seconds.
  path: Assets/Cartoon UI/Prefabs/Toggles CheckMark/Toggle CheckMark Green.prefab
  artifactKey: Guid(774ba78d17b3fac4b9c62f5495f6a65e) Importer(815301076,1909f56bfc062723c751e8b465ee728b)
Start importing Assets/Cartoon UI/Prefabs/Toggles CheckMark/Toggle CheckMark Green.prefab using Guid(774ba78d17b3fac4b9c62f5495f6a65e) Importer(815301076,1909f56bfc062723c751e8b465ee728b) (PreviewImporter) -> (artifact id: 'dfeaae65076d9ff26cd5f3b3e789cca2') in 0.0031576 seconds
Number of updated asset objects reloaded before import = 0Number of asset objects unloaded after import = 15

========================================================================
Received Import Request.
  Time since last request: 0.000020 seconds.
  path: Assets/Cartoon UI/Prefabs/Toggles CheckMark/Toggle CheckMark Pink.prefab
  artifactKey: Guid(9bd43df6a8b32d545b5fb5f021e9c1b2) Importer(815301076,1909f56bfc062723c751e8b465ee728b)
Start importing Assets/Cartoon UI/Prefabs/Toggles CheckMark/Toggle CheckMark Pink.prefab using Guid(9bd43df6a8b32d545b5fb5f021e9c1b2) Importer(815301076,1909f56bfc062723c751e8b465ee728b) (PreviewImporter) -> (artifact id: '44a1f7f2ce9f1a0789cf1c9aa1fe92e1') in 0.0034584 seconds
Number of updated asset objects reloaded before import = 0Number of asset objects unloaded after import = 15

========================================================================
Received Import Request.
  Time since last request: 0.000059 seconds.
  path: Assets/Cartoon UI/Prefabs/Toggles CheckMark/Toggle CheckMark Red.prefab
  artifactKey: Guid(941d5a91cf0da0949941b79b653e9f77) Importer(815301076,1909f56bfc062723c751e8b465ee728b)
Start importing Assets/Cartoon UI/Prefabs/Toggles CheckMark/Toggle CheckMark Red.prefab using Guid(941d5a91cf0da0949941b79b653e9f77) Importer(815301076,1909f56bfc062723c751e8b465ee728b) (PreviewImporter) -> (artifact id: '54993f762290954222d45be267347ffe') in 0.0033847 seconds
Number of updated asset objects reloaded before import = 0Number of asset objects unloaded after import = 15

========================================================================
Received Import Request.
  Time since last request: 1.936862 seconds.
  path: Assets/Cartoon UI/Prefabs/Sliders/Slider Green.prefab
  artifactKey: Guid(c41bc3e5c8b7c654b9fde80c014d14eb) Importer(815301076,1909f56bfc062723c751e8b465ee728b)
Start importing Assets/Cartoon UI/Prefabs/Sliders/Slider Green.prefab using Guid(c41bc3e5c8b7c654b9fde80c014d14eb) Importer(815301076,1909f56bfc062723c751e8b465ee728b) (PreviewImporter) -> (artifact id: '5cb5bb7e7ffbc4d8d0b3ebbe944b90a8') in 0.0045757 seconds
Number of updated asset objects reloaded before import = 0Number of asset objects unloaded after import = 24

========================================================================
Received Import Request.
  Time since last request: 0.000019 seconds.
  path: Assets/Cartoon UI/Prefabs/Sliders/Slider Pink.prefab
  artifactKey: Guid(6e8ab2d4c6b489d468eed4c0b35e976d) Importer(815301076,1909f56bfc062723c751e8b465ee728b)
Start importing Assets/Cartoon UI/Prefabs/Sliders/Slider Pink.prefab using Guid(6e8ab2d4c6b489d468eed4c0b35e976d) Importer(815301076,1909f56bfc062723c751e8b465ee728b) (PreviewImporter) -> (artifact id: 'ae5341b013147161496911be02cadc72') in 0.0042647 seconds
Number of updated asset objects reloaded before import = 0Number of asset objects unloaded after import = 24

========================================================================
Received Import Request.
  Time since last request: 0.000037 seconds.
  path: Assets/Cartoon UI/Prefabs/Sliders/Slider Red.prefab
  artifactKey: Guid(bb2f028903007cf468d245ae6c9716ed) Importer(815301076,1909f56bfc062723c751e8b465ee728b)
Start importing Assets/Cartoon UI/Prefabs/Sliders/Slider Red.prefab using Guid(bb2f028903007cf468d245ae6c9716ed) Importer(815301076,1909f56bfc062723c751e8b465ee728b) (PreviewImporter) -> (artifact id: '07f52d8c0965a0099de15cd63c2adf58') in 0.0045376 seconds
Number of updated asset objects reloaded before import = 0Number of asset objects unloaded after import = 24

========================================================================
Received Import Request.
  Time since last request: 2.428823 seconds.
  path: Assets/Cartoon UI/Prefabs/Progress Bars/Type 2/ProgressBar 2 Green.prefab
  artifactKey: Guid(c4fc2eeed938eea4a964a6be297e4ea8) Importer(815301076,1909f56bfc062723c751e8b465ee728b)
Start importing Assets/Cartoon UI/Prefabs/Progress Bars/Type 2/ProgressBar 2 Green.prefab using Guid(c4fc2eeed938eea4a964a6be297e4ea8) Importer(815301076,1909f56bfc062723c751e8b465ee728b) (PreviewImporter) -> (artifact id: '03ed090e4788c156ba417a33fa845d53') in 0.0125789 seconds
Number of updated asset objects reloaded before import = 0Number of asset objects unloaded after import = 21

========================================================================
Received Import Request.
  Time since last request: 0.000025 seconds.
  path: Assets/Cartoon UI/Prefabs/Progress Bars/Type 2/ProgressBar 2 Orange.prefab
  artifactKey: Guid(32c4fdc1a1d378a4d9212c37f4b091e5) Importer(815301076,1909f56bfc062723c751e8b465ee728b)
Start importing Assets/Cartoon UI/Prefabs/Progress Bars/Type 2/ProgressBar 2 Orange.prefab using Guid(32c4fdc1a1d378a4d9212c37f4b091e5) Importer(815301076,1909f56bfc062723c751e8b465ee728b) (PreviewImporter) -> (artifact id: '8f2ad8990d2d00ea3633f9aa34844db9') in 0.0125043 seconds
Number of updated asset objects reloaded before import = 0Number of asset objects unloaded after import = 20

========================================================================
Received Import Request.
  Time since last request: 0.000045 seconds.
  path: Assets/Cartoon UI/Prefabs/Progress Bars/Type 2/ProgressBar 2 Skyblue.prefab
  artifactKey: Guid(11a77482dc7691245b408fd532bbdd2d) Importer(815301076,1909f56bfc062723c751e8b465ee728b)
Start importing Assets/Cartoon UI/Prefabs/Progress Bars/Type 2/ProgressBar 2 Skyblue.prefab using Guid(11a77482dc7691245b408fd532bbdd2d) Importer(815301076,1909f56bfc062723c751e8b465ee728b) (PreviewImporter) -> (artifact id: 'd0b3f2127f6a2ac656122b048a365fcf') in 0.0140898 seconds
Number of updated asset objects reloaded before import = 0Number of asset objects unloaded after import = 21

========================================================================
Received Import Request.
  Time since last request: 1.884031 seconds.
  path: Assets/Cartoon UI/Prefabs/Progress Bars/Type 1/ProgressBar Green.prefab
  artifactKey: Guid(f3fecb2c9fbd68f458dc847b77091104) Importer(815301076,1909f56bfc062723c751e8b465ee728b)
Start importing Assets/Cartoon UI/Prefabs/Progress Bars/Type 1/ProgressBar Green.prefab using Guid(f3fecb2c9fbd68f458dc847b77091104) Importer(815301076,1909f56bfc062723c751e8b465ee728b) (PreviewImporter) -> (artifact id: '492e291e8725db36798fba85b983b07b') in 0.010272 seconds
Number of updated asset objects reloaded before import = 0Number of asset objects unloaded after import = 21

========================================================================
Received Import Request.
  Time since last request: 0.000021 seconds.
  path: Assets/Cartoon UI/Prefabs/Progress Bars/Type 1/ProgressBar Pink.prefab
  artifactKey: Guid(958b6aec43599ab47bc6485e344c4d0f) Importer(815301076,1909f56bfc062723c751e8b465ee728b)
Start importing Assets/Cartoon UI/Prefabs/Progress Bars/Type 1/ProgressBar Pink.prefab using Guid(958b6aec43599ab47bc6485e344c4d0f) Importer(815301076,1909f56bfc062723c751e8b465ee728b) (PreviewImporter) -> (artifact id: '16b54a17f72a296cf8e311e933575ba9') in 0.0136586 seconds
Number of updated asset objects reloaded before import = 0Number of asset objects unloaded after import = 21

========================================================================
Received Import Request.
  Time since last request: 0.000020 seconds.
  path: Assets/Cartoon UI/Prefabs/Progress Bars/Type 1/ProgressBar Yellow.prefab
  artifactKey: Guid(c61d776448c73744e8a8b5d17ae2e925) Importer(815301076,1909f56bfc062723c751e8b465ee728b)
Start importing Assets/Cartoon UI/Prefabs/Progress Bars/Type 1/ProgressBar Yellow.prefab using Guid(c61d776448c73744e8a8b5d17ae2e925) Importer(815301076,1909f56bfc062723c751e8b465ee728b) (PreviewImporter) -> (artifact id: '887e7a1991f83f2c3bfe07a7ac67c59e') in 0.012374 seconds
Number of updated asset objects reloaded before import = 0Number of asset objects unloaded after import = 21

Editor requested this worker to shutdown with reason: Scaling down because of idle timeout
AssetImportWorker is now disconnected from the server
Process exiting
Exiting without the bug reporter. Application will terminate with return code 0